标题,源文件相对路径,层级,祖先路径,一级,二级
译者名录,译者名录1.1.htm,1,,译者名录,
前言,前言.htm,1,,前言,
如何使用大不全,如何使用大不全.htm,1,,如何使用大不全,
官方出版物出版顺序,10 附录\出版书籍顺序.htm,1,,官方出版物出版顺序,
速查(内容不完全),,1,,速查(内容不完全),
种族(含亚种和血统),,2,速查(内容不完全),速查(内容不完全),种族(含亚种和血统)
LA+0,,3,速查(内容不完全) / 种族(含亚种和血统),速查(内容不完全),种族(含亚种和血统)
[PHB] 人类,0 核心三宝书\PHB玩家手册\2种族\人类.htm,4,速查(内容不完全) / 种族(含亚种和血统) / LA+0,速查(内容不完全),种族(含亚种和血统)
[Storm] 海灵,5 环境和社会\Storm风暴之书\2海之民\海灵.htm,5,速查(内容不完全) / 种族(含亚种和血统) / LA+0 / [PHB] 人类,速查(内容不完全),种族(含亚种和血统)
[RoD] 徽民,6 种族书\RoD天命族裔\4徽民\描述.htm,5,速查(内容不完全) / 种族(含亚种和血统) / LA+0 / [PHB] 人类,速查(内容不完全),种族(含亚种和血统)
[RoD] 地民,6 种族书\RoD天命族裔\5其他种族\地民.htm,5,速查(内容不完全) / 种族(含亚种和血统) / LA+0 / [PHB] 人类,速查(内容不完全),种族(含亚种和血统)
[RoD] 海亲族,6 种族书\RoD天命族裔\5其他种族\海亲族.htm,5,速查(内容不完全) / 种族(含亚种和血统) / LA+0 / [PHB] 人类,速查(内容不完全),种族(含亚种和血统)
[RoD] 混种人,6 种族书\RoD天命族裔\5其他种族\混种人.htm,5,速查(内容不完全) / 种族(含亚种和血统) / LA+0 / [PHB] 人类,速查(内容不完全),种族(含亚种和血统)
[PHB] 矮人,0 核心三宝书\PHB玩家手册\2种族\矮人.htm,4,速查(内容不完全) / 种族(含亚种和血统) / LA+0,速查(内容不完全),种族(含亚种和血统)
[Sand] 废土矮人,5 环境和社会\Sand沙暴之书\2种族\废土矮人.htm,5,速查(内容不完全) / 种族(含亚种和血统) / LA+0 / [PHB] 矮人,速查(内容不完全),种族(含亚种和血统)
[Storm] 海崖矮人,5 环境和社会\Storm风暴之书\2海之民\矮人.htm,5,速查(内容不完全) / 种族(含亚种和血统) / LA+0 / [PHB] 矮人,速查(内容不完全),种族(含亚种和血统)
[RoS] 梦矮人,6 种族书\RoS石之族裔\4其他种族\梦矮人.htm,5,速查(内容不完全) / 种族(含亚种和血统) / LA+0 / [PHB] 矮人,速查(内容不完全),种族(含亚种和血统)
[PHB] 精灵,0 核心三宝书\PHB玩家手册\2种族\精灵.htm,4,速查(内容不完全) / 种族(含亚种和血统) / LA+0,速查(内容不完全),种族(含亚种和血统)
[Sand] 纹身精灵,5 环境和社会\Sand沙暴之书\2种族\纹身精灵.htm,5,速查(内容不完全) / 种族(含亚种和血统) / LA+0 / [PHB] 精灵,速查(内容不完全),种族(含亚种和血统)
[Storm] 水精灵,5 环境和社会\Storm风暴之书\2海之民\水精灵.htm,5,速查(内容不完全) / 种族(含亚种和血统) / LA+0 / [PHB] 精灵,速查(内容不完全),种族(含亚种和血统)
[PHB] 侏儒,0 核心三宝书\PHB玩家手册\2种族\侏儒.htm,4,速查(内容不完全) / 种族(含亚种和血统) / LA+0,速查(内容不完全),种族(含亚种和血统)
[Storm] 浪尖侏儒,5 环境和社会\Storm风暴之书\2海之民\侏儒.htm,5,速查(内容不完全) / 种族(含亚种和血统) / LA+0 / [PHB] 侏儒,速查(内容不完全),种族(含亚种和血统)
[RoS] 密语侏儒,6 种族书\RoS石之族裔\4其他种族\密语侏儒.htm,5,速查(内容不完全) / 种族(含亚种和血统) / LA+0 / [PHB] 侏儒,速查(内容不完全),种族(含亚种和血统)
[PHB] 半精灵,0 核心三宝书\PHB玩家手册\2种族\半精灵.htm,4,速查(内容不完全) / 种族(含亚种和血统) / LA+0,速查(内容不完全),种族(含亚种和血统)
[Storm] 水生半精灵,5 环境和社会\Storm风暴之书\2海之民\半精灵.htm,5,速查(内容不完全) / 种族(含亚种和血统) / LA+0 / [PHB] 半精灵,速查(内容不完全),种族(含亚种和血统)
[PHB] 半兽人,0 核心三宝书\PHB玩家手册\2种族\半兽人.htm,4,速查(内容不完全) / 种族(含亚种和血统) / LA+0,速查(内容不完全),种族(含亚种和血统)
[Sand] 荒地兽人,5 环境和社会\Sand沙暴之书\2种族\荒地兽人.htm,5,速查(内容不完全) / 种族(含亚种和血统) / LA+0 / [PHB] 半兽人,速查(内容不完全),种族(含亚种和血统)
[PHB] 半身人,0 核心三宝书\PHB玩家手册\2种族\半身人.htm,4,速查(内容不完全) / 种族(含亚种和血统) / LA+0,速查(内容不完全),种族(含亚种和血统)
[Storm] 浅滩半身人,5 环境和社会\Storm风暴之书\2海之民\半身人.htm,5,速查(内容不完全) / 种族(含亚种和血统) / LA+0 / [PHB] 半身人,速查(内容不完全),种族(含亚种和血统)
[XPH] 厄兰,1 核心补充书籍\XPH扩展灵能手册\1种族\厄兰.htm,4,速查(内容不完全) / 种族(含亚种和血统) / LA+0,速查(内容不完全),种族(含亚种和血统)
[XPH] 瑟芬人,1 核心补充书籍\XPH扩展灵能手册\1种族\瑟芬人.htm,4,速查(内容不完全) / 种族(含亚种和血统) / LA+0,速查(内容不完全),种族(含亚种和血统)
[XPH] 美纳德人,1 核心补充书籍\XPH扩展灵能手册\1种族\美纳德人.htm,4,速查(内容不完全) / 种族(含亚种和血统) / LA+0,速查(内容不完全),种族(含亚种和血统)
[PlH] 涅拉蟾,4 阵营和位面\PlH位面手册\1种族\涅拉蟾.htm,4,速查(内容不完全) / 种族(含亚种和血统) / LA+0,速查(内容不完全),种族(含亚种和血统)
[PlH] 刺修罗,4 阵营和位面\PlH位面手册\1种族\刺修罗.htm,4,速查(内容不完全) / 种族(含亚种和血统) / LA+0,速查(内容不完全),种族(含亚种和血统)
[PlH] 玻曼星民,4 阵营和位面\PlH位面手册\1种族\玻曼星民.htm,4,速查(内容不完全) / 种族(含亚种和血统) / LA+0,速查(内容不完全),种族(含亚种和血统)
[FC2] 地狱之子,4 阵营和位面\FC2九狱君王\地狱冒险\种族.htm,4,速查(内容不完全) / 种族(含亚种和血统) / LA+0,速查(内容不完全),种族(含亚种和血统)
[Sand] 沙民,5 环境和社会\Sand沙暴之书\2种族\沙民.htm,4,速查(内容不完全) / 种族(含亚种和血统) / LA+0,速查(内容不完全),种族(含亚种和血统)
[Sand] 荒漠地精,5 环境和社会\Sand沙暴之书\2种族\荒漠地精.htm,4,速查(内容不完全) / 种族(含亚种和血统) / LA+0,速查(内容不完全),种族(含亚种和血统)
[Storm] 虎鲸人,5 环境和社会\Storm风暴之书\2海之民\虎鲸人.htm,4,速查(内容不完全) / 种族(含亚种和血统) / LA+0,速查(内容不完全),种族(含亚种和血统)
[Storm] 翼猩猩,5 环境和社会\Storm风暴之书\2海之民\翼猩猩.htm,4,速查(内容不完全) / 种族(含亚种和血统) / LA+0,速查(内容不完全),种族(含亚种和血统)
[RotW] 枭人,6 种族书\RotW荒野族裔\3枭人\枭人.htm,4,速查(内容不完全) / 种族(含亚种和血统) / LA+0,速查(内容不完全),种族(含亚种和血统)
[RotW] 麒灵,6 种族书\RotW荒野族裔\4其他种族\麒灵.htm,4,速查(内容不完全) / 种族(含亚种和血统) / LA+0,速查(内容不完全),种族(含亚种和血统)
[RotD] 龙裔,6 种族书\RotD龙之族裔\第一章\种族特征.htm,4,速查(内容不完全) / 种族(含亚种和血统) / LA+0,速查(内容不完全),种族(含亚种和血统)
[RotD] 法鳞,6 种族书\RotD龙之族裔\第二章\种族特征.htm,4,速查(内容不完全) / 种族(含亚种和血统) / LA+0,速查(内容不完全),种族(含亚种和血统)
[RotD] 狗头人,6 种族书\RotD龙之族裔\第三章\种族特征.htm,4,速查(内容不完全) / 种族(含亚种和血统) / LA+0,速查(内容不完全),种族(含亚种和血统)
额外特性与武器,6 种族书\RotD龙之族裔\第三章\额外特性与武器.htm,5,速查(内容不完全) / 种族(含亚种和血统) / LA+0 / [RotD] 狗头人,速查(内容不完全),种族(含亚种和血统)
[MM3] 天狗,1 核心补充书籍\MM3怪物图鉴3\玩家可选\Kenku 天狗.htm,4,速查(内容不完全) / 种族(含亚种和血统) / LA+0,速查(内容不完全),种族(含亚种和血统)
[MM3] 半兽化人,1 核心补充书籍\MM3怪物图鉴3\玩家可选\Shifter 半兽化人.htm,4,速查(内容不完全) / 种族(含亚种和血统) / LA+0,速查(内容不完全),种族(含亚种和血统)
[MM3] 半变形怪,1 核心补充书籍\MM3怪物图鉴3\玩家可选\Changeling 半变形怪.htm,4,速查(内容不完全) / 种族(含亚种和血统) / LA+0,速查(内容不完全),种族(含亚种和血统)
[MM3] 战俑/机关人(中小型),1 核心补充书籍\MM3怪物图鉴3\玩家可选\Warforged 机关人.htm,4,速查(内容不完全) / 种族(含亚种和血统) / LA+0,速查(内容不完全),种族(含亚种和血统)
LA+1,,3,速查(内容不完全) / 种族(含亚种和血统),速查(内容不完全),种族(含亚种和血统)
矮人亚种,,4,速查(内容不完全) / 种族(含亚种和血统) / LA+1,速查(内容不完全),种族(含亚种和血统)
[XPH] 灰矮人,1 核心补充书籍\XPH扩展灵能手册\1种族\灰矮人.htm,5,速查(内容不完全) / 种族(含亚种和血统) / LA+1 / 矮人亚种,速查(内容不完全),种族(含亚种和血统)
侏儒亚种,,4,速查(内容不完全) / 种族(含亚种和血统) / LA+1,速查(内容不完全),种族(含亚种和血统)
[RoS] 混沌侏儒,6 种族书\RoS石之族裔\4其他种族\混沌侏儒.htm,5,速查(内容不完全) / 种族(含亚种和血统) / LA+1 / 侏儒亚种,速查(内容不完全),种族(含亚种和血统)
人类亚种/血统,,4,速查(内容不完全) / 种族(含亚种和血统) / LA+1,速查(内容不完全),种族(含亚种和血统)
[RoD] 萨拉金人,6 种族书\RoD天命族裔\5其他种族\萨拉金人.htm,5,速查(内容不完全) / 种族(含亚种和血统) / LA+1 / 人类亚种/血统,速查(内容不完全),种族(含亚种和血统)
巨人亚种/血统,,4,速查(内容不完全) / 种族(含亚种和血统) / LA+1,速查(内容不完全),种族(含亚种和血统)
[XPH] 半巨人,1 核心补充书籍\XPH扩展灵能手册\1种族\半巨人.htm,5,速查(内容不完全) / 种族(含亚种和血统) / LA+1 / 巨人亚种/血统,速查(内容不完全),种族(含亚种和血统)
位面生物后裔,,4,速查(内容不完全) / 种族(含亚种和血统) / LA+1,速查(内容不完全),种族(含亚种和血统)
阿斯莫,,5,速查(内容不完全) / 种族(含亚种和血统) / LA+1 / 位面生物后裔,速查(内容不完全),种族(含亚种和血统)
[PlH] 阿斯莫,4 阵营和位面\PlH位面手册\1种族\阿斯莫.htm,6,速查(内容不完全) / 种族(含亚种和血统) / LA+1 / 位面生物后裔 / 阿斯莫,速查(内容不完全),种族(含亚种和血统)
[RoD] 阿斯莫,6 种族书\RoD天命族裔\5其他种族\阿斯莫.htm,6,速查(内容不完全) / 种族(含亚种和血统) / LA+1 / 位面生物后裔 / 阿斯莫,速查(内容不完全),种族(含亚种和血统)
提夫林,,5,速查(内容不完全) / 种族(含亚种和血统) / LA+1 / 位面生物后裔,速查(内容不完全),种族(含亚种和血统)
[PlH] 提夫林,4 阵营和位面\PlH位面手册\1种族\提夫林.htm,6,速查(内容不完全) / 种族(含亚种和血统) / LA+1 / 位面生物后裔 / 提夫林,速查(内容不完全),种族(含亚种和血统)
[RoD] 提夫林,6 种族书\RoD天命族裔\5其他种族\提夫林.htm,6,速查(内容不完全) / 种族(含亚种和血统) / LA+1 / 位面生物后裔 / 提夫林,速查(内容不完全),种族(含亚种和血统)
[PlH] 迅影裔,4 阵营和位面\PlH位面手册\1种族\迅影裔.htm,5,速查(内容不完全) / 种族(含亚种和血统) / LA+1 / 位面生物后裔,速查(内容不完全),种族(含亚种和血统)
[PlH] 魔蝠人,4 阵营和位面\PlH位面手册\1种族\魔蝠人.htm,5,速查(内容不完全) / 种族(含亚种和血统) / LA+1 / 位面生物后裔,速查(内容不完全),种族(含亚种和血统)
[XPH] 蠹灵,1 核心补充书籍\XPH扩展灵能手册\1种族\蠹灵.htm,4,速查(内容不完全) / 种族(含亚种和血统) / LA+1,速查(内容不完全),种族(含亚种和血统)
[PlH] 蛮獾族,4 阵营和位面\PlH位面手册\1种族\蛮獾族.htm,4,速查(内容不完全) / 种族(含亚种和血统) / LA+1,速查(内容不完全),种族(含亚种和血统)
[RotW] 猫人,6 种族书\RotW荒野族裔\4其他种族\猫人.htm,4,速查(内容不完全) / 种族(含亚种和血统) / LA+1,速查(内容不完全),种族(含亚种和血统)
[MM3] 毒暮蜥人,"1 核心补充书籍\MM3怪物图鉴3\玩家可选\Lizardfolk,Poison Dusk 毒暮蜥人族.htm",4,速查(内容不完全) / 种族(含亚种和血统) / LA+1,速查(内容不完全),种族(含亚种和血统)
[MM3] 林仆地精,1 核心补充书籍\MM3怪物图鉴3\玩家可选\Forestkith Goblin 林仆地精.htm,4,速查(内容不完全) / 种族(含亚种和血统) / LA+1,速查(内容不完全),种族(含亚种和血统)
LA+2,,3,速查(内容不完全) / 种族(含亚种和血统),速查(内容不完全),种族(含亚种和血统)
[XPH] 吉斯洋基人,1 核心补充书籍\XPH扩展灵能手册\1种族\吉斯洋基人.htm,4,速查(内容不完全) / 种族(含亚种和血统) / LA+2,速查(内容不完全),种族(含亚种和血统)
[XPH] 吉斯泽莱人,1 核心补充书籍\XPH扩展灵能手册\1种族\吉斯泽莱人.htm,4,速查(内容不完全) / 种族(含亚种和血统) / LA+2,速查(内容不完全),种族(含亚种和血统)
[RoD] 半食人魔,6 种族书\RoD天命族裔\5其他种族\半食人魔.htm,4,速查(内容不完全) / 种族(含亚种和血统) / LA+2,速查(内容不完全),种族(含亚种和血统)
[DotU] 卓尔/黑暗精灵,6 种族书\DotU幽域卓尔\附录.html,4,速查(内容不完全) / 种族(含亚种和血统) / LA+2,速查(内容不完全),种族(含亚种和血统)
有种族HD,,3,速查(内容不完全) / 种族(含亚种和血统),速查(内容不完全),种族(含亚种和血统)
人类亚种/血统,,4,速查(内容不完全) / 种族(含亚种和血统) / 有种族HD,速查(内容不完全),种族(含亚种和血统)
[RoD] 堕民,6 种族书\RoD天命族裔\5其他种族\堕民.htm,5,速查(内容不完全) / 种族(含亚种和血统) / 有种族HD / 人类亚种/血统,速查(内容不完全),种族(含亚种和血统)
[XPH] 螳螂人,1 核心补充书籍\XPH扩展灵能手册\1种族\螳螂人.htm,4,速查(内容不完全) / 种族(含亚种和血统) / 有种族HD,速查(内容不完全),种族(含亚种和血统)
[PlH] 半人羊,4 阵营和位面\PlH位面手册\1种族\半人羊.htm,4,速查(内容不完全) / 种族(含亚种和血统) / 有种族HD,速查(内容不完全),种族(含亚种和血统)
[PlH] 链魔,4 阵营和位面\PlH位面手册\1种族\链魔.htm,4,速查(内容不完全) / 种族(含亚种和血统) / 有种族HD,速查(内容不完全),种族(含亚种和血统)
[PlH] 小巨灵,4 阵营和位面\PlH位面手册\1种族\小巨灵.htm,4,速查(内容不完全) / 种族(含亚种和血统) / 有种族HD,速查(内容不完全),种族(含亚种和血统)
[PlH] 翼蛇人,4 阵营和位面\PlH位面手册\1种族\翼蛇人.htm,4,速查(内容不完全) / 种族(含亚种和血统) / 有种族HD,速查(内容不完全),种族(含亚种和血统)
[PlH] 鹏羽天使,4 阵营和位面\PlH位面手册\1种族\鹏羽天使.htm,4,速查(内容不完全) / 种族(含亚种和血统) / 有种族HD,速查(内容不完全),种族(含亚种和血统)
[PlH] 獒首神使,4 阵营和位面\PlH位面手册\1种族\獒首神使.htm,4,速查(内容不完全) / 种族(含亚种和血统) / 有种族HD,速查(内容不完全),种族(含亚种和血统)
[RoS] 石之子,6 种族书\RoS石之族裔\4其他种族\石之子.htm,4,速查(内容不完全) / 种族(含亚种和血统) / 有种族HD,速查(内容不完全),种族(含亚种和血统)
[RoS] 加尔贡野人,6 种族书\RoS石之族裔\4其他种族\加尔贡野人.htm,4,速查(内容不完全) / 种族(含亚种和血统) / 有种族HD,速查(内容不完全),种族(含亚种和血统)
[RoD] 变形怪,6 种族书\RoD天命族裔\5其他种族\天命族裔（RoD）.htm,4,速查(内容不完全) / 种族(含亚种和血统) / 有种族HD,速查(内容不完全),种族(含亚种和血统)
[RotW] 人马,6 种族书\RotW荒野族裔\4其他种族\人马.htm,4,速查(内容不完全) / 种族(含亚种和血统) / 有种族HD,速查(内容不完全),种族(含亚种和血统)
[RotW] 豺狼人,6 种族书\RotW荒野族裔\4其他种族\豺狼人.htm,4,速查(内容不完全) / 种族(含亚种和血统) / 有种族HD,速查(内容不完全),种族(含亚种和血统)
[MM3] 巫刃,1 核心补充书籍\MM3怪物图鉴3\玩家可选\Witchknife 巫刃.htm,4,速查(内容不完全) / 种族(含亚种和血统) / 有种族HD,速查(内容不完全),种族(含亚种和血统)
[MM3] 光民,1 核心补充书籍\MM3怪物图鉴3\玩家可选\Lumi 光民.htm,4,速查(内容不完全) / 种族(含亚种和血统) / 有种族HD,速查(内容不完全),种族(含亚种和血统)
[MM3] 沙巨人,"1 核心补充书籍\MM3怪物图鉴3\玩家可选\Giant,sand 沙巨人.htm",4,速查(内容不完全) / 种族(含亚种和血统) / 有种族HD,速查(内容不完全),种族(含亚种和血统)
[MM3] 龙兽人,1 核心补充书籍\MM3怪物图鉴3\玩家可选\Dracotaur 龙兽人.htm,4,速查(内容不完全) / 种族(含亚种和血统) / 有种族HD,速查(内容不完全),种族(含亚种和血统)
[MM3] 山羊人,1 核心补充书籍\MM3怪物图鉴3\玩家可选\Gotafolk(IBIXIAN) 山羊人（伊比西安）.htm,4,速查(内容不完全) / 种族(含亚种和血统) / 有种族HD,速查(内容不完全),种族(含亚种和血统)
[MM3] 豺狼人,"1 核心补充书籍\MM3怪物图鉴3\玩家可选\Gnoll,Flind 弗林得，豺狼人.htm",4,速查(内容不完全) / 种族(含亚种和血统) / 有种族HD,速查(内容不完全),种族(含亚种和血统)
[MM3] 夸拉芬,1 核心补充书籍\MM3怪物图鉴3\玩家可选\Quaraphon 夸拉芬.htm,4,速查(内容不完全) / 种族(含亚种和血统) / 有种族HD,速查(内容不完全),种族(含亚种和血统)
[MM3] 尖刺猎人,1 核心补充书籍\MM3怪物图鉴3\玩家可选\Harssafs 尖刺猎人.htm,4,速查(内容不完全) / 种族(含亚种和血统) / 有种族HD,速查(内容不完全),种族(含亚种和血统)
[MM3] 阿曼德人,1 核心补充书籍\MM3怪物图鉴3\玩家可选\Armand 阿曼德人.htm,4,速查(内容不完全) / 种族(含亚种和血统) / 有种族HD,速查(内容不完全),种族(含亚种和血统)
[MM3] 水晶巨魔,"1 核心补充书籍\MM3怪物图鉴3\玩家可选\Troll,Crystalline 水晶巨魔.htm",4,速查(内容不完全) / 种族(含亚种和血统) / 有种族HD,速查(内容不完全),种族(含亚种和血统)
[MM3] 尼克特蝠人,1 核心补充书籍\MM3怪物图鉴3\玩家可选\Nycter 尼克特蝠人.htm,4,速查(内容不完全) / 种族(含亚种和血统) / 有种族HD,速查(内容不完全),种族(含亚种和血统)
[MM3] 碎颅食人魔,"1 核心补充书籍\MM3怪物图鉴3\玩家可选\Ogre,Skullcrusher 碎颅食人魔.htm",4,速查(内容不完全) / 种族(含亚种和血统) / 有种族HD,速查(内容不完全),种族(含亚种和血统)
[MM3] 纳达鲁恩邪兽鬼,"1 核心补充书籍\MM3怪物图鉴3\玩家可选\Rakshasa,Naztharune 纳达鲁恩邪兽鬼.htm",4,速查(内容不完全) / 种族(含亚种和血统) / 有种族HD,速查(内容不完全),种族(含亚种和血统)
[MM3] 战俑/机关人(大型),1 核心补充书籍\MM3怪物图鉴3\玩家可选\Warforged 机关人.htm,4,速查(内容不完全) / 种族(含亚种和血统) / 有种族HD,速查(内容不完全),种族(含亚种和血统)
基础职业(含替代等级/能力),,2,速查(内容不完全),速查(内容不完全),基础职业(含替代等级/能力)
核心,,3,速查(内容不完全) / 基础职业(含替代等级/能力),速查(内容不完全),基础职业(含替代等级/能力)
[PHB] 野蛮人,0 核心三宝书\PHB玩家手册\3职业\基础职业\野蛮人.htm,4,速查(内容不完全) / 基础职业(含替代等级/能力) / 核心,速查(内容不完全),基础职业(含替代等级/能力)
[PHB2] 狂战士之力,1 核心补充书籍\PHB2玩家手册2\职业替代能力\野蛮人.htm,5,速查(内容不完全) / 基础职业(含替代等级/能力) / 核心 / [PHB] 野蛮人,速查(内容不完全),基础职业(含替代等级/能力)
[UA] 图腾野蛮人,7 扩展全新体系\UA破译奥秘\2职业\变体\野蛮人变体.htm,5,速查(内容不完全) / 基础职业(含替代等级/能力) / 核心 / [PHB] 野蛮人,速查(内容不完全),基础职业(含替代等级/能力)
[UA] 旋风狂暴,7 扩展全新体系\UA破译奥秘\2职业\职业特性变体\狂暴变体：旋风狂暴.htm,5,速查(内容不完全) / 基础职业(含替代等级/能力) / 核心 / [PHB] 野蛮人,速查(内容不完全),基础职业(含替代等级/能力)
[UA] 宿敌、战斗风格,7 扩展全新体系\UA破译奥秘\2职业\变体\无名变体\野蛮人.htm,5,速查(内容不完全) / 基础职业(含替代等级/能力) / 核心 / [PHB] 野蛮人,速查(内容不完全),基础职业(含替代等级/能力)
[PHB] 吟游诗人,0 核心三宝书\PHB玩家手册\3职业\基础职业\吟游诗人.htm,4,速查(内容不完全) / 基础职业(含替代等级/能力) / 核心,速查(内容不完全),基础职业(含替代等级/能力)
[PHB2] 百变花招,1 核心补充书籍\PHB2玩家手册2\职业替代能力\吟游诗人.htm,5,速查(内容不完全) / 基础职业(含替代等级/能力) / 核心 / [PHB] 吟游诗人,速查(内容不完全),基础职业(含替代等级/能力)
[UA] 吟游贤者,7 扩展全新体系\UA破译奥秘\2职业\变体\吟游贤者.htm,5,速查(内容不完全) / 基础职业(含替代等级/能力) / 核心 / [PHB] 吟游诗人,速查(内容不完全),基础职业(含替代等级/能力)
[UA] 神圣吟游诗人,7 扩展全新体系\UA破译奥秘\2职业\变体\神术诗人.htm,5,速查(内容不完全) / 基础职业(含替代等级/能力) / 核心 / [PHB] 吟游诗人,速查(内容不完全),基础职业(含替代等级/能力)
[UA] 野蛮吟游诗人,7 扩展全新体系\UA破译奥秘\2职业\变体\野蛮诗人.htm,5,速查(内容不完全) / 基础职业(含替代等级/能力) / 核心 / [PHB] 吟游诗人,速查(内容不完全),基础职业(含替代等级/能力)
[UA] 德鲁伊能力,7 扩展全新体系\UA破译奥秘\2职业\变体\无名变体\吟游诗人.htm,5,速查(内容不完全) / 基础职业(含替代等级/能力) / 核心 / [PHB] 吟游诗人,速查(内容不完全),基础职业(含替代等级/能力)
[PHB] 牧师,0 核心三宝书\PHB玩家手册\3职业\基础职业\牧师.htm,4,速查(内容不完全) / 基础职业(含替代等级/能力) / 核心,速查(内容不完全),基础职业(含替代等级/能力)
[PHB2] 自发领域法术,1 核心补充书籍\PHB2玩家手册2\职业替代能力\牧师.htm,5,速查(内容不完全) / 基础职业(含替代等级/能力) / 核心 / [PHB] 牧师,速查(内容不完全),基础职业(含替代等级/能力)
[UA] 修道牧师,7 扩展全新体系\UA破译奥秘\2职业\变体\牧师变体.htm,5,速查(内容不完全) / 基础职业(含替代等级/能力) / 核心 / [PHB] 牧师,速查(内容不完全),基础职业(含替代等级/能力)
[UA] 圣武士能力,7 扩展全新体系\UA破译奥秘\2职业\变体\无名变体\牧师.htm,5,速查(内容不完全) / 基础职业(含替代等级/能力) / 核心 / [PHB] 牧师,速查(内容不完全),基础职业(含替代等级/能力)
[UA] 自发施法,7 扩展全新体系\UA破译奥秘\2职业\职业特性变体\自发神术变体.htm,5,速查(内容不完全) / 基础职业(含替代等级/能力) / 核心 / [PHB] 牧师,速查(内容不完全),基础职业(含替代等级/能力)
[PHB] 德鲁伊,0 核心三宝书\PHB玩家手册\3职业\基础职业\德鲁伊.htm,4,速查(内容不完全) / 基础职业(含替代等级/能力) / 核心,速查(内容不完全),基础职业(含替代等级/能力)
[PHB2] 自发回春、自然化身,1 核心补充书籍\PHB2玩家手册2\职业替代能力\德鲁伊.htm,5,速查(内容不完全) / 基础职业(含替代等级/能力) / 核心 / [PHB] 德鲁伊,速查(内容不完全),基础职业(含替代等级/能力)
[UA] 德鲁伊复仇者,7 扩展全新体系\UA破译奥秘\2职业\变体\德鲁伊变体.htm,5,速查(内容不完全) / 基础职业(含替代等级/能力) / 核心 / [PHB] 德鲁伊,速查(内容不完全),基础职业(含替代等级/能力)
[UA] 武僧与游侠能力,7 扩展全新体系\UA破译奥秘\2职业\变体\无名变体\德鲁伊.htm,5,速查(内容不完全) / 基础职业(含替代等级/能力) / 核心 / [PHB] 德鲁伊,速查(内容不完全),基础职业(含替代等级/能力)
[UA] 自发施法,7 扩展全新体系\UA破译奥秘\2职业\职业特性变体\自发神术变体.htm,5,速查(内容不完全) / 基础职业(含替代等级/能力) / 核心 / [PHB] 德鲁伊,速查(内容不完全),基础职业(含替代等级/能力)
[UA] 荒野形态变体：自然特征,7 扩展全新体系\UA破译奥秘\2职业\职业特性变体\荒野形态变体：自然特征.htm,5,速查(内容不完全) / 基础职业(含替代等级/能力) / 核心 / [PHB] 德鲁伊,速查(内容不完全),基础职业(含替代等级/能力)
[PHB] 战士,0 核心三宝书\PHB玩家手册\3职业\基础职业\战士.htm,4,速查(内容不完全) / 基础职业(含替代等级/能力) / 核心,速查(内容不完全),基础职业(含替代等级/能力)
[PHB2] 躲闪攻击、反击、会心一击,1 核心补充书籍\PHB2玩家手册2\职业替代能力\战士.htm,5,速查(内容不完全) / 基础职业(含替代等级/能力) / 核心 / [PHB] 战士,速查(内容不完全),基础职业(含替代等级/能力)
[UA] 暴徒,7 扩展全新体系\UA破译奥秘\2职业\变体\战士变体.htm,5,速查(内容不完全) / 基础职业(含替代等级/能力) / 核心 / [PHB] 战士,速查(内容不完全),基础职业(含替代等级/能力)
[UA] 偷袭,7 扩展全新体系\UA破译奥秘\2职业\变体\无名变体\战士.htm,5,速查(内容不完全) / 基础职业(含替代等级/能力) / 核心 / [PHB] 战士,速查(内容不完全),基础职业(含替代等级/能力)
[PHB] 武僧,0 核心三宝书\PHB玩家手册\3职业\基础职业\武僧.htm,4,速查(内容不完全) / 基础职业(含替代等级/能力) / 核心,速查(内容不完全),基础职业(含替代等级/能力)
[PHB2] 乾坤一击,1 核心补充书籍\PHB2玩家手册2\职业替代能力\武僧.htm,5,速查(内容不完全) / 基础职业(含替代等级/能力) / 核心 / [PHB] 武僧,速查(内容不完全),基础职业(含替代等级/能力)
[UA] 战斗方式,7 扩展全新体系\UA破译奥秘\2职业\变体\武僧变体.htm,5,速查(内容不完全) / 基础职业(含替代等级/能力) / 核心 / [PHB] 武僧,速查(内容不完全),基础职业(含替代等级/能力)
[UA] 伤害减免,7 扩展全新体系\UA破译奥秘\2职业\变体\无名变体\武僧.htm,5,速查(内容不完全) / 基础职业(含替代等级/能力) / 核心 / [PHB] 武僧,速查(内容不完全),基础职业(含替代等级/能力)
[PHB] 圣武士,0 核心三宝书\PHB玩家手册\3职业\基础职业\圣武士.htm,4,速查(内容不完全) / 基础职业(含替代等级/能力) / 核心,速查(内容不完全),基础职业(含替代等级/能力)
[PHB2] 冲锋痛击,1 核心补充书籍\PHB2玩家手册2\职业替代能力\圣武士.htm,5,速查(内容不完全) / 基础职业(含替代等级/能力) / 核心 / [PHB] 圣武士,速查(内容不完全),基础职业(含替代等级/能力)
[UA] 自由圣武士(混乱善良),7 扩展全新体系\UA破译奥秘\2职业\变体\自由圣武士.htm,5,速查(内容不完全) / 基础职业(含替代等级/能力) / 核心 / [PHB] 圣武士,速查(内容不完全),基础职业(含替代等级/能力)
[UA] 杀戮圣武士(混乱邪恶),7 扩展全新体系\UA破译奥秘\2职业\变体\杀戮圣武士.htm,5,速查(内容不完全) / 基础职业(含替代等级/能力) / 核心 / [PHB] 圣武士,速查(内容不完全),基础职业(含替代等级/能力)
[UA] 专制圣武士(守序邪恶),7 扩展全新体系\UA破译奥秘\2职业\变体\专制圣武士.htm,5,速查(内容不完全) / 基础职业(含替代等级/能力) / 核心 / [PHB] 圣武士,速查(内容不完全),基础职业(含替代等级/能力)
[UA] 宿敌,7 扩展全新体系\UA破译奥秘\2职业\变体\无名变体\圣武士.htm,5,速查(内容不完全) / 基础职业(含替代等级/能力) / 核心 / [PHB] 圣武士,速查(内容不完全),基础职业(含替代等级/能力)
[PHB] 巡林客,0 核心三宝书\PHB玩家手册\3职业\基础职业\巡林客.htm,4,速查(内容不完全) / 基础职业(含替代等级/能力) / 核心,速查(内容不完全),基础职业(含替代等级/能力)
[PHB2] 扰乱攻击,1 核心补充书籍\PHB2玩家手册2\职业替代能力\巡林客.htm,5,速查(内容不完全) / 基础职业(含替代等级/能力) / 核心 / [PHB] 巡林客,速查(内容不完全),基础职业(含替代等级/能力)
[UA] 位面巡林客,7 扩展全新体系\UA破译奥秘\2职业\变体\巡林客变体.htm,5,速查(内容不完全) / 基础职业(含替代等级/能力) / 核心 / [PHB] 巡林客,速查(内容不完全),基础职业(含替代等级/能力)
[UA] 城市巡林客,7 扩展全新体系\UA破译奥秘\2职业\变体\城市游侠.htm,5,速查(内容不完全) / 基础职业(含替代等级/能力) / 核心 / [PHB] 巡林客,速查(内容不完全),基础职业(含替代等级/能力)
[UA] 宿敌变体：偏好自然环境,7 扩展全新体系\UA破译奥秘\2职业\职业特性变体\宿敌变体：偏好自然环境.htm,5,速查(内容不完全) / 基础职业(含替代等级/能力) / 核心 / [PHB] 巡林客,速查(内容不完全),基础职业(含替代等级/能力)
[UA] 荒野变形和移速,7 扩展全新体系\UA破译奥秘\2职业\变体\无名变体\巡林客.htm,5,速查(内容不完全) / 基础职业(含替代等级/能力) / 核心 / [PHB] 巡林客,速查(内容不完全),基础职业(含替代等级/能力)
[PHB] 游荡者,0 核心三宝书\PHB玩家手册\3职业\基础职业\游荡者.htm,4,速查(内容不完全) / 基础职业(含替代等级/能力) / 核心,速查(内容不完全),基础职业(含替代等级/能力)
[PHB2] 扰乱攻击,1 核心补充书籍\PHB2玩家手册2\职业替代能力\游荡者.htm,5,速查(内容不完全) / 基础职业(含替代等级/能力) / 核心 / [PHB] 游荡者,速查(内容不完全),基础职业(含替代等级/能力)
[UA] 荒野游荡者,7 扩展全新体系\UA破译奥秘\2职业\变体\游荡者变体.htm,5,速查(内容不完全) / 基础职业(含替代等级/能力) / 核心 / [PHB] 游荡者,速查(内容不完全),基础职业(含替代等级/能力)
[UA] 战士奖励专长,7 扩展全新体系\UA破译奥秘\2职业\变体\无名变体\盗贼.htm,5,速查(内容不完全) / 基础职业(含替代等级/能力) / 核心 / [PHB] 游荡者,速查(内容不完全),基础职业(含替代等级/能力)
[PHB] 术士,0 核心三宝书\PHB玩家手册\3职业\基础职业\术士.htm,4,速查(内容不完全) / 基础职业(含替代等级/能力) / 核心,速查(内容不完全),基础职业(含替代等级/能力)
[PHB2] 超魔专家,1 核心补充书籍\PHB2玩家手册2\职业替代能力\术士.htm,5,速查(内容不完全) / 基础职业(含替代等级/能力) / 核心 / [PHB] 术士,速查(内容不完全),基础职业(含替代等级/能力)
[UA] 战斗术士,7 扩展全新体系\UA破译奥秘\2职业\变体\术士变体.htm,5,速查(内容不完全) / 基础职业(含替代等级/能力) / 核心 / [PHB] 术士,速查(内容不完全),基础职业(含替代等级/能力)
[UA] 动物伙伴,7 扩展全新体系\UA破译奥秘\2职业\变体\无名变体\术士法师.htm,5,速查(内容不完全) / 基础职业(含替代等级/能力) / 核心 / [PHB] 术士,速查(内容不完全),基础职业(含替代等级/能力)
[PHB] 法师,0 核心三宝书\PHB玩家手册\3职业\基础职业\法师.htm,4,速查(内容不完全) / 基础职业(含替代等级/能力) / 核心,速查(内容不完全),基础职业(含替代等级/能力)
[PHB2] 直觉魔法,1 核心补充书籍\PHB2玩家手册2\职业替代能力\法师.htm,5,速查(内容不完全) / 基础职业(含替代等级/能力) / 核心 / [PHB] 法师,速查(内容不完全),基础职业(含替代等级/能力)
[UA] 领域法师,7 扩展全新体系\UA破译奥秘\2职业\变体\法师变体.htm,5,速查(内容不完全) / 基础职业(含替代等级/能力) / 核心 / [PHB] 法师,速查(内容不完全),基础职业(含替代等级/能力)
[UA] 法师专精变体,7 扩展全新体系\UA破译奥秘\2职业\变体\法师专精变体.htm,5,速查(内容不完全) / 基础职业(含替代等级/能力) / 核心 / [PHB] 法师,速查(内容不完全),基础职业(含替代等级/能力)
[UA] 动物伙伴,7 扩展全新体系\UA破译奥秘\2职业\变体\无名变体\术士法师.htm,5,速查(内容不完全) / 基础职业(含替代等级/能力) / 核心 / [PHB] 法师,速查(内容不完全),基础职业(含替代等级/能力)
[UA] 战士奖励专长,7 扩展全新体系\UA破译奥秘\2职业\变体\无名变体\法师.htm,5,速查(内容不完全) / 基础职业(含替代等级/能力) / 核心 / [PHB] 法师,速查(内容不完全),基础职业(含替代等级/能力)
灵能,,3,速查(内容不完全) / 基础职业(含替代等级/能力),速查(内容不完全),基础职业(含替代等级/能力)
[XPH] 心灵术士,1 核心补充书籍\XPH扩展灵能手册\2基础\心灵术士.htm,4,速查(内容不完全) / 基础职业(含替代等级/能力) / 灵能,速查(内容不完全),基础职业(含替代等级/能力)
[CPsi] 心灵学者,3 完美系列\CPsi完美灵能\1.基础\心灵学者.htm,5,速查(内容不完全) / 基础职业(含替代等级/能力) / 灵能 / [XPH] 心灵术士,速查(内容不完全),基础职业(含替代等级/能力)
[XPH] 心灵武士,1 核心补充书籍\XPH扩展灵能手册\2基础\心灵武士.htm,4,速查(内容不完全) / 基础职业(含替代等级/能力) / 灵能,速查(内容不完全),基础职业(含替代等级/能力)
[PHB2] 灵域武士、魂铸武器,1 核心补充书籍\PHB2玩家手册2\职业替代能力\扩展职业.htm,5,速查(内容不完全) / 基础职业(含替代等级/能力) / 灵能 / [XPH] 心灵武士,速查(内容不完全),基础职业(含替代等级/能力)
[XPH] 魂刃者,1 核心补充书籍\XPH扩展灵能手册\2基础\魂刃者.htm,4,速查(内容不完全) / 基础职业(含替代等级/能力) / 灵能,速查(内容不完全),基础职业(含替代等级/能力)
[XPH] 狂念者,1 核心补充书籍\XPH扩展灵能手册\2基础\狂念者.htm,4,速查(内容不完全) / 基础职业(含替代等级/能力) / 灵能,速查(内容不完全),基础职业(含替代等级/能力)
[CPsi] 炽念使,3 完美系列\CPsi完美灵能\1.基础\炽念使.htm,4,速查(内容不完全) / 基础职业(含替代等级/能力) / 灵能,速查(内容不完全),基础职业(含替代等级/能力)
[CPsi] 圣念者,3 完美系列\CPsi完美灵能\1.基础\圣念者.htm,4,速查(内容不完全) / 基础职业(含替代等级/能力) / 灵能,速查(内容不完全),基础职业(含替代等级/能力)
[CPsi] 潜伏者,3 完美系列\CPsi完美灵能\1.基础\潜伏者.htm,4,速查(内容不完全) / 基础职业(含替代等级/能力) / 灵能,速查(内容不完全),基础职业(含替代等级/能力)
完美系列(不含灵能),,3,速查(内容不完全) / 基础职业(含替代等级/能力),速查(内容不完全),基础职业(含替代等级/能力)
[CAd] 忍者,3 完美系列\CAd完美冒险\基础\忍者.htm,4,速查(内容不完全) / 基础职业(含替代等级/能力) / 完美系列(不含灵能),速查(内容不完全),基础职业(含替代等级/能力)
[CAd] 斥候,3 完美系列\CAd完美冒险\基础\斥候.htm,4,速查(内容不完全) / 基础职业(含替代等级/能力) / 完美系列(不含灵能),速查(内容不完全),基础职业(含替代等级/能力)
[PHB2] 地城专家,1 核心补充书籍\PHB2玩家手册2\职业替代能力\斥候.htm,5,速查(内容不完全) / 基础职业(含替代等级/能力) / 完美系列(不含灵能) / [CAd] 斥候,速查(内容不完全),基础职业(含替代等级/能力)
[CAd] 盗法者,3 完美系列\CAd完美冒险\基础\盗法者.htm,4,速查(内容不完全) / 基础职业(含替代等级/能力) / 完美系列(不含灵能),速查(内容不完全),基础职业(含替代等级/能力)
[CAr] 邪术师,3 完美系列\CAr完美奥术\1.基础\邪术师.htm,4,速查(内容不完全) / 基础职业(含替代等级/能力) / 完美系列(不含灵能),速查(内容不完全),基础职业(含替代等级/能力)
[PHB2] 炼狱火环,1 核心补充书籍\PHB2玩家手册2\职业替代能力\邪术师.htm,5,速查(内容不完全) / 基础职业(含替代等级/能力) / 完美系列(不含灵能) / [CAr] 邪术师,速查(内容不完全),基础职业(含替代等级/能力)
[CAr] 战法师,3 完美系列\CAr完美奥术\1.基础\战法师.htm,4,速查(内容不完全) / 基础职业(含替代等级/能力) / 完美系列(不含灵能),速查(内容不完全),基础职业(含替代等级/能力)
[PHB2] 学无定式,1 核心补充书籍\PHB2玩家手册2\职业替代能力\战法师.htm,5,速查(内容不完全) / 基础职业(含替代等级/能力) / 完美系列(不含灵能) / [CAr] 战法师,速查(内容不完全),基础职业(含替代等级/能力)
[CAr] 巫觋,3 完美系列\CAr完美奥术\1.基础\巫觋.htm,4,速查(内容不完全) / 基础职业(含替代等级/能力) / 完美系列(不含灵能),速查(内容不完全),基础职业(含替代等级/能力)
[CD] 天佑者,3 完美系列\CD完美神力\基础职业\天佑者.htm,4,速查(内容不完全) / 基础职业(含替代等级/能力) / 完美系列(不含灵能),速查(内容不完全),基础职业(含替代等级/能力)
[PHB2] 神之惠,1 核心补充书籍\PHB2玩家手册2\职业\天佑者.htm,5,速查(内容不完全) / 基础职业(含替代等级/能力) / 完美系列(不含灵能) / [CD] 天佑者,速查(内容不完全),基础职业(含替代等级/能力)
[CD] 修验者,3 完美系列\CD完美神力\基础职业\修验者（Shugenja）.htm,4,速查(内容不完全) / 基础职业(含替代等级/能力) / 完美系列(不含灵能),速查(内容不完全),基础职业(含替代等级/能力)
[CD] 灵魂萨满,3 完美系列\CD完美神力\基础职业\灵魂萨满（Spirit Shaman）.htm,4,速查(内容不完全) / 基础职业(含替代等级/能力) / 完美系列(不含灵能),速查(内容不完全),基础职业(含替代等级/能力)
[CW] 武士,3 完美系列\CW完美战力\1基础\武士.htm,4,速查(内容不完全) / 基础职业(含替代等级/能力) / 完美系列(不含灵能),速查(内容不完全),基础职业(含替代等级/能力)
[CW] 魔剑客,3 完美系列\CW完美战力\1基础\魔剑客.htm,4,速查(内容不完全) / 基础职业(含替代等级/能力) / 完美系列(不含灵能),速查(内容不完全),基础职业(含替代等级/能力)
[PHB2] 黑暗伙伴,1 核心补充书籍\PHB2玩家手册2\职业\魔剑客.htm,5,速查(内容不完全) / 基础职业(含替代等级/能力) / 完美系列(不含灵能) / [CW] 魔剑客,速查(内容不完全),基础职业(含替代等级/能力)
[CW] 游荡剑客,3 完美系列\CW完美战力\1基础\游荡剑客.htm,4,速查(内容不完全) / 基础职业(含替代等级/能力) / 完美系列(不含灵能),速查(内容不完全),基础职业(含替代等级/能力)
[PHB2] 剑刃之盾,1 核心补充书籍\PHB2玩家手册2\职业替代能力\游荡剑客.htm,5,速查(内容不完全) / 基础职业(含替代等级/能力) / 完美系列(不含灵能) / [CW] 游荡剑客,速查(内容不完全),基础职业(含替代等级/能力)
九剑和魔法,,3,速查(内容不完全) / 基础职业(含替代等级/能力),速查(内容不完全),基础职业(含替代等级/能力)
[ToB] 天诛之剑,7 扩展全新体系\ToB战斗卷册\1基础\天诛之剑.htm,4,速查(内容不完全) / 基础职业(含替代等级/能力) / 九剑和魔法,速查(内容不完全),基础职业(含替代等级/能力)
[ToB] 贤者之剑,7 扩展全新体系\ToB战斗卷册\1基础\贤者之剑.htm,4,速查(内容不完全) / 基础职业(含替代等级/能力) / 九剑和魔法,速查(内容不完全),基础职业(含替代等级/能力)
[ToB] 军道之剑,7 扩展全新体系\ToB战斗卷册\1基础\军道之剑.htm,4,速查(内容不完全) / 基础职业(含替代等级/能力) / 九剑和魔法,速查(内容不完全),基础职业(含替代等级/能力)
[ToM] 灵契师,7 扩展全新体系\ToM魔法卷册\1契约之力\1灵契师\灵契师.htm,4,速查(内容不完全) / 基础职业(含替代等级/能力) / 九剑和魔法,速查(内容不完全),基础职业(含替代等级/能力)
[ToM] 暗影秘使,7 扩展全新体系\ToM魔法卷册\2暗影秘闻\暗影密使\暗影秘使.htm,4,速查(内容不完全) / 基础职业(含替代等级/能力) / 九剑和魔法,速查(内容不完全),基础职业(含替代等级/能力)
[ToM] 真名师,7 扩展全新体系\ToM魔法卷册\3万物真名\真名师.htm,4,速查(内容不完全) / 基础职业(含替代等级/能力) / 九剑和魔法,速查(内容不完全),基础职业(含替代等级/能力)
其他,,3,速查(内容不完全) / 基础职业(含替代等级/能力),速查(内容不完全),基础职业(含替代等级/能力)
[PHB2] 欺愚者,1 核心补充书籍\PHB2玩家手册2\职业\欺愚者.htm,4,速查(内容不完全) / 基础职业(含替代等级/能力) / 其他,速查(内容不完全),基础职业(含替代等级/能力)
[PHB2] 龙之萨满,1 核心补充书籍\PHB2玩家手册2\职业\龙之萨满.htm,4,速查(内容不完全) / 基础职业(含替代等级/能力) / 其他,速查(内容不完全),基础职业(含替代等级/能力)
[PHB2] 暮刃,1 核心补充书籍\PHB2玩家手册2\职业\暮刃.htm,4,速查(内容不完全) / 基础职业(含替代等级/能力) / 其他,速查(内容不完全),基础职业(含替代等级/能力)
[PHB2] 骑士,1 核心补充书籍\PHB2玩家手册2\职业\骑士.htm,4,速查(内容不完全) / 基础职业(含替代等级/能力) / 其他,速查(内容不完全),基础职业(含替代等级/能力)
[DrM] 龙火达人,6 种族书\DrM龙之魔力\第二章\龙火达人.htm,4,速查(内容不完全) / 基础职业(含替代等级/能力) / 其他,速查(内容不完全),基础职业(含替代等级/能力)
[Dungeon] 杂学士,5 环境和社会\Dungeon地城风光\杂学士.htm,4,速查(内容不完全) / 基础职业(含替代等级/能力) / 其他,速查(内容不完全),基础职业(含替代等级/能力)
[HoH] 卷宗学者,7 扩展全新体系\HoH惊骇英雄\基础\卷宗学者.htm,4,速查(内容不完全) / 基础职业(含替代等级/能力) / 其他,速查(内容不完全),基础职业(含替代等级/能力)
[HoH] 恐惧死灵师,7 扩展全新体系\HoH惊骇英雄\基础\恐惧死灵师.htm,4,速查(内容不完全) / 基础职业(含替代等级/能力) / 其他,速查(内容不完全),基础职业(含替代等级/能力)
[MH] 元戎,7 扩展全新体系\MH模型手册\1基础\元戎.htm,4,速查(内容不完全) / 基础职业(含替代等级/能力) / 其他,速查(内容不完全),基础职业(含替代等级/能力)
[PHB2] 底力爆发,1 核心补充书籍\PHB2玩家手册2\职业替代能力\元戎.htm,5,速查(内容不完全) / 基础职业(含替代等级/能力) / 其他 / [MH] 元戎,速查(内容不完全),基础职业(含替代等级/能力)
[MH] 治疗师,7 扩展全新体系\MH模型手册\1基础\治疗师.htm,4,速查(内容不完全) / 基础职业(含替代等级/能力) / 其他,速查(内容不完全),基础职业(含替代等级/能力)
UA,,3,速查(内容不完全) / 基础职业(含替代等级/能力),速查(内容不完全),基础职业(含替代等级/能力)
双重角色,7 扩展全新体系\UA破译奥秘\完型角色.htm,4,速查(内容不完全) / 基础职业(含替代等级/能力) / UA,速查(内容不完全),基础职业(含替代等级/能力)
泛用职业,7 扩展全新体系\UA破译奥秘\2职业\泛用职业\泛用职业.htm,4,速查(内容不完全) / 基础职业(含替代等级/能力) / UA,速查(内容不完全),基础职业(含替代等级/能力)
施法者,7 扩展全新体系\UA破译奥秘\2职业\泛用职业\施法者.htm,5,速查(内容不完全) / 基础职业(含替代等级/能力) / UA / 泛用职业,速查(内容不完全),基础职业(含替代等级/能力)
武者,7 扩展全新体系\UA破译奥秘\2职业\泛用职业\武者.htm,5,速查(内容不完全) / 基础职业(含替代等级/能力) / UA / 泛用职业,速查(内容不完全),基础职业(含替代等级/能力)
专家,7 扩展全新体系\UA破译奥秘\2职业\泛用职业\专家.htm,5,速查(内容不完全) / 基础职业(含替代等级/能力) / UA / 泛用职业,速查(内容不完全),基础职业(含替代等级/能力)
核心三宝书,,1,,核心三宝书,
[PHB] 玩家手册,0 核心三宝书\PHB玩家手册\封面.htm,2,核心三宝书,核心三宝书,[PHB] 玩家手册
前言 (by 苹果园达克),0 核心三宝书\PHB玩家手册\前言.htm,3,核心三宝书 / [PHB] 玩家手册,核心三宝书,[PHB] 玩家手册
译序 (by 奇幻修士会),0 核心三宝书\PHB玩家手册\译序.htm,3,核心三宝书 / [PHB] 玩家手册,核心三宝书,[PHB] 玩家手册
0. 简介,0 核心三宝书\PHB玩家手册\1概述\简介.htm,3,核心三宝书 / [PHB] 玩家手册,核心三宝书,[PHB] 玩家手册
基础规则,0 核心三宝书\PHB玩家手册\1概述\规则.htm,4,核心三宝书 / [PHB] 玩家手册 / 0. 简介,核心三宝书,[PHB] 玩家手册
人物创造入门,0 核心三宝书\PHB玩家手册\1概述\人物创造.htm,4,核心三宝书 / [PHB] 玩家手册 / 0. 简介,核心三宝书,[PHB] 玩家手册
1. 属性,0 核心三宝书\PHB玩家手册\1概述\属性.htm,3,核心三宝书 / [PHB] 玩家手册,核心三宝书,[PHB] 玩家手册
2. 种族,0 核心三宝书\PHB玩家手册\2种族\种族.htm,3,核心三宝书 / [PHB] 玩家手册,核心三宝书,[PHB] 玩家手册
人类,0 核心三宝书\PHB玩家手册\2种族\人类.htm,4,核心三宝书 / [PHB] 玩家手册 / 2. 种族,核心三宝书,[PHB] 玩家手册
矮人,0 核心三宝书\PHB玩家手册\2种族\矮人.htm,4,核心三宝书 / [PHB] 玩家手册 / 2. 种族,核心三宝书,[PHB] 玩家手册
精灵,0 核心三宝书\PHB玩家手册\2种族\精灵.htm,4,核心三宝书 / [PHB] 玩家手册 / 2. 种族,核心三宝书,[PHB] 玩家手册
侏儒,0 核心三宝书\PHB玩家手册\2种族\侏儒.htm,4,核心三宝书 / [PHB] 玩家手册 / 2. 种族,核心三宝书,[PHB] 玩家手册
半精灵,0 核心三宝书\PHB玩家手册\2种族\半精灵.htm,4,核心三宝书 / [PHB] 玩家手册 / 2. 种族,核心三宝书,[PHB] 玩家手册
半兽人,0 核心三宝书\PHB玩家手册\2种族\半兽人.htm,4,核心三宝书 / [PHB] 玩家手册 / 2. 种族,核心三宝书,[PHB] 玩家手册
半身人,0 核心三宝书\PHB玩家手册\2种族\半身人.htm,4,核心三宝书 / [PHB] 玩家手册 / 2. 种族,核心三宝书,[PHB] 玩家手册
3. 职业,0 核心三宝书\PHB玩家手册\3职业\职业.htm,3,核心三宝书 / [PHB] 玩家手册,核心三宝书,[PHB] 玩家手册
基础职业,,4,核心三宝书 / [PHB] 玩家手册 / 3. 职业,核心三宝书,[PHB] 玩家手册
野蛮人,0 核心三宝书\PHB玩家手册\3职业\基础职业\野蛮人.htm,5,核心三宝书 / [PHB] 玩家手册 / 3. 职业 / 基础职业,核心三宝书,[PHB] 玩家手册
吟游诗人,0 核心三宝书\PHB玩家手册\3职业\基础职业\吟游诗人.htm,5,核心三宝书 / [PHB] 玩家手册 / 3. 职业 / 基础职业,核心三宝书,[PHB] 玩家手册
牧师,0 核心三宝书\PHB玩家手册\3职业\基础职业\牧师.htm,5,核心三宝书 / [PHB] 玩家手册 / 3. 职业 / 基础职业,核心三宝书,[PHB] 玩家手册
德鲁伊,0 核心三宝书\PHB玩家手册\3职业\基础职业\德鲁伊.htm,5,核心三宝书 / [PHB] 玩家手册 / 3. 职业 / 基础职业,核心三宝书,[PHB] 玩家手册
战士,0 核心三宝书\PHB玩家手册\3职业\基础职业\战士.htm,5,核心三宝书 / [PHB] 玩家手册 / 3. 职业 / 基础职业,核心三宝书,[PHB] 玩家手册
武僧,0 核心三宝书\PHB玩家手册\3职业\基础职业\武僧.htm,5,核心三宝书 / [PHB] 玩家手册 / 3. 职业 / 基础职业,核心三宝书,[PHB] 玩家手册
圣武士,0 核心三宝书\PHB玩家手册\3职业\基础职业\圣武士.htm,5,核心三宝书 / [PHB] 玩家手册 / 3. 职业 / 基础职业,核心三宝书,[PHB] 玩家手册
巡林客,0 核心三宝书\PHB玩家手册\3职业\基础职业\巡林客.htm,5,核心三宝书 / [PHB] 玩家手册 / 3. 职业 / 基础职业,核心三宝书,[PHB] 玩家手册
游荡者,0 核心三宝书\PHB玩家手册\3职业\基础职业\游荡者.htm,5,核心三宝书 / [PHB] 玩家手册 / 3. 职业 / 基础职业,核心三宝书,[PHB] 玩家手册
法师,0 核心三宝书\PHB玩家手册\3职业\基础职业\法师.htm,5,核心三宝书 / [PHB] 玩家手册 / 3. 职业 / 基础职业,核心三宝书,[PHB] 玩家手册
术士,0 核心三宝书\PHB玩家手册\3职业\基础职业\术士.htm,5,核心三宝书 / [PHB] 玩家手册 / 3. 职业 / 基础职业,核心三宝书,[PHB] 玩家手册
伙伴,,4,核心三宝书 / [PHB] 玩家手册 / 3. 职业,核心三宝书,[PHB] 玩家手册
动物伙伴,0 核心三宝书\PHB玩家手册\3职业\动物伙伴.htm,5,核心三宝书 / [PHB] 玩家手册 / 3. 职业 / 伙伴,核心三宝书,[PHB] 玩家手册
魔宠,0 核心三宝书\PHB玩家手册\3职业\魔宠.htm,5,核心三宝书 / [PHB] 玩家手册 / 3. 职业 / 伙伴,核心三宝书,[PHB] 玩家手册
特殊坐骑,0 核心三宝书\PHB玩家手册\3职业\圣武士坐骑.htm,5,核心三宝书 / [PHB] 玩家手册 / 3. 职业 / 伙伴,核心三宝书,[PHB] 玩家手册
经验值与等级,0 核心三宝书\PHB玩家手册\3职业\经验值与等级.htm,4,核心三宝书 / [PHB] 玩家手册 / 3. 职业,核心三宝书,[PHB] 玩家手册
兼职人物,0 核心三宝书\PHB玩家手册\3职业\兼职人物.htm,4,核心三宝书 / [PHB] 玩家手册 / 3. 职业,核心三宝书,[PHB] 玩家手册
进阶职业,0 核心三宝书\PHB玩家手册\3职业\进阶职业.htm,3,核心三宝书 / [PHB] 玩家手册,核心三宝书,[PHB] 玩家手册
4. 技能,0 核心三宝书\PHB玩家手册\4技能\第四章 技能.htm,3,核心三宝书 / [PHB] 玩家手册,核心三宝书,[PHB] 玩家手册
技能一览表,0 核心三宝书\PHB玩家手册\4技能\技能表.htm,4,核心三宝书 / [PHB] 玩家手册 / 4. 技能,核心三宝书,[PHB] 玩家手册
使用技能,0 核心三宝书\PHB玩家手册\4技能\使用技能.htm,4,核心三宝书 / [PHB] 玩家手册 / 4. 技能,核心三宝书,[PHB] 玩家手册
技能说明,0 核心三宝书\PHB玩家手册\4技能\技能说明.htm,4,核心三宝书 / [PHB] 玩家手册 / 4. 技能,核心三宝书,[PHB] 玩家手册
5. 专长,0 核心三宝书\PHB玩家手册\5专长\第五章 专长.htm,3,核心三宝书 / [PHB] 玩家手册,核心三宝书,[PHB] 玩家手册
专长一览表,0 核心三宝书\PHB玩家手册\5专长\专长表.htm,4,核心三宝书 / [PHB] 玩家手册 / 5. 专长,核心三宝书,[PHB] 玩家手册
专长说明,0 核心三宝书\PHB玩家手册\5专长\专长说明.htm,4,核心三宝书 / [PHB] 玩家手册 / 5. 专长,核心三宝书,[PHB] 玩家手册
一般专长,0 核心三宝书\PHB玩家手册\5专长\一般专长.htm,5,核心三宝书 / [PHB] 玩家手册 / 5. 专长 / 专长说明,核心三宝书,[PHB] 玩家手册
超魔专长,0 核心三宝书\PHB玩家手册\5专长\超魔专长.htm,5,核心三宝书 / [PHB] 玩家手册 / 5. 专长 / 专长说明,核心三宝书,[PHB] 玩家手册
制造物品专长,0 核心三宝书\PHB玩家手册\5专长\制造物品专长.htm,5,核心三宝书 / [PHB] 玩家手册 / 5. 专长 / 专长说明,核心三宝书,[PHB] 玩家手册
6. 背景描述,0 核心三宝书\PHB玩家手册\6背景\第六章 背景描述.htm,3,核心三宝书 / [PHB] 玩家手册,核心三宝书,[PHB] 玩家手册
阵营,0 核心三宝书\PHB玩家手册\6背景\阵营.htm,4,核心三宝书 / [PHB] 玩家手册 / 6. 背景描述,核心三宝书,[PHB] 玩家手册
宗教信仰,0 核心三宝书\PHB玩家手册\6背景\宗教信仰.htm,4,核心三宝书 / [PHB] 玩家手册 / 6. 背景描述,核心三宝书,[PHB] 玩家手册
外表特征,0 核心三宝书\PHB玩家手册\6背景\外表特征.htm,4,核心三宝书 / [PHB] 玩家手册 / 6. 背景描述,核心三宝书,[PHB] 玩家手册
外貌、人格与身世,0 核心三宝书\PHB玩家手册\6背景\外貌.htm,4,核心三宝书 / [PHB] 玩家手册 / 6. 背景描述,核心三宝书,[PHB] 玩家手册
7. 装备,0 核心三宝书\PHB玩家手册\7装备\第七章 装备.htm,3,核心三宝书 / [PHB] 玩家手册,核心三宝书,[PHB] 玩家手册
金钱与财富,0 核心三宝书\PHB玩家手册\7装备\金钱与财富.htm,4,核心三宝书 / [PHB] 玩家手册 / 7. 装备,核心三宝书,[PHB] 玩家手册
武器,0 核心三宝书\PHB玩家手册\7装备\武器.htm,4,核心三宝书 / [PHB] 玩家手册 / 7. 装备,核心三宝书,[PHB] 玩家手册
武器描述,0 核心三宝书\PHB玩家手册\7装备\武器详述.htm,5,核心三宝书 / [PHB] 玩家手册 / 7. 装备 / 武器,核心三宝书,[PHB] 玩家手册
防具,0 核心三宝书\PHB玩家手册\7装备\防具.htm,4,核心三宝书 / [PHB] 玩家手册 / 7. 装备,核心三宝书,[PHB] 玩家手册
防具描述,0 核心三宝书\PHB玩家手册\7装备\防具详述.htm,5,核心三宝书 / [PHB] 玩家手册 / 7. 装备 / 防具,核心三宝书,[PHB] 玩家手册
商品与服务,0 核心三宝书\PHB玩家手册\7装备\商品与服务.htm,4,核心三宝书 / [PHB] 玩家手册 / 7. 装备,核心三宝书,[PHB] 玩家手册
8. 战斗,0 核心三宝书\PHB玩家手册\8战斗\第八章 战斗.htm,3,核心三宝书 / [PHB] 玩家手册,核心三宝书,[PHB] 玩家手册
战斗中的数值,0 核心三宝书\PHB玩家手册\8战斗\战斗数值.htm,4,核心三宝书 / [PHB] 玩家手册 / 8. 战斗,核心三宝书,[PHB] 玩家手册
先攻,0 核心三宝书\PHB玩家手册\8战斗\先攻.htm,4,核心三宝书 / [PHB] 玩家手册 / 8. 战斗,核心三宝书,[PHB] 玩家手册
突袭,0 核心三宝书\PHB玩家手册\8战斗\突袭.htm,4,核心三宝书 / [PHB] 玩家手册 / 8. 战斗,核心三宝书,[PHB] 玩家手册
借机攻击,0 核心三宝书\PHB玩家手册\8战斗\借机攻击.htm,4,核心三宝书 / [PHB] 玩家手册 / 8. 战斗,核心三宝书,[PHB] 玩家手册
战斗基本名词,0 核心三宝书\PHB玩家手册\8战斗\战斗基本名词.htm,4,核心三宝书 / [PHB] 玩家手册 / 8. 战斗,核心三宝书,[PHB] 玩家手册
战斗中的动作,0 核心三宝书\PHB玩家手册\8战斗\战斗中的动作.htm,4,核心三宝书 / [PHB] 玩家手册 / 8. 战斗,核心三宝书,[PHB] 玩家手册
标准动作,0 核心三宝书\PHB玩家手册\8战斗\标准动作.htm,5,核心三宝书 / [PHB] 玩家手册 / 8. 战斗 / 战斗中的动作,核心三宝书,[PHB] 玩家手册
移动动作,0 核心三宝书\PHB玩家手册\8战斗\移动动作.htm,5,核心三宝书 / [PHB] 玩家手册 / 8. 战斗 / 战斗中的动作,核心三宝书,[PHB] 玩家手册
整轮动作,0 核心三宝书\PHB玩家手册\8战斗\整轮动作.htm,5,核心三宝书 / [PHB] 玩家手册 / 8. 战斗 / 战斗中的动作,核心三宝书,[PHB] 玩家手册
自由动作及其他,0 核心三宝书\PHB玩家手册\8战斗\即时动作.htm,5,核心三宝书 / [PHB] 玩家手册 / 8. 战斗 / 战斗中的动作,核心三宝书,[PHB] 玩家手册
受伤与死亡,0 核心三宝书\PHB玩家手册\8战斗\受伤与死亡.htm,4,核心三宝书 / [PHB] 玩家手册 / 8. 战斗,核心三宝书,[PHB] 玩家手册
移动、位置与距离,0 核心三宝书\PHB玩家手册\8战斗\移动.htm,4,核心三宝书 / [PHB] 玩家手册 / 8. 战斗,核心三宝书,[PHB] 玩家手册
战斗调整值,0 核心三宝书\PHB玩家手册\8战斗\战斗调整值.htm,4,核心三宝书 / [PHB] 玩家手册 / 8. 战斗,核心三宝书,[PHB] 玩家手册
特殊攻击,0 核心三宝书\PHB玩家手册\8战斗\特殊攻击.htm,4,核心三宝书 / [PHB] 玩家手册 / 8. 战斗,核心三宝书,[PHB] 玩家手册
特殊先攻动作,0 核心三宝书\PHB玩家手册\8战斗\特殊先攻动作.htm,4,核心三宝书 / [PHB] 玩家手册 / 8. 战斗,核心三宝书,[PHB] 玩家手册
9. 冒险,0 核心三宝书\PHB玩家手册\9冒险\第九章 冒险.htm,3,核心三宝书 / [PHB] 玩家手册,核心三宝书,[PHB] 玩家手册
负重能力,0 核心三宝书\PHB玩家手册\9冒险\负重.htm,4,核心三宝书 / [PHB] 玩家手册 / 9. 冒险,核心三宝书,[PHB] 玩家手册
移动,0 核心三宝书\PHB玩家手册\9冒险\移动.htm,4,核心三宝书 / [PHB] 玩家手册 / 9. 冒险,核心三宝书,[PHB] 玩家手册
探索,0 核心三宝书\PHB玩家手册\9冒险\探索.htm,4,核心三宝书 / [PHB] 玩家手册 / 9. 冒险,核心三宝书,[PHB] 玩家手册
宝藏及其他奖赏,0 核心三宝书\PHB玩家手册\9冒险\宝藏.htm,4,核心三宝书 / [PHB] 玩家手册 / 9. 冒险,核心三宝书,[PHB] 玩家手册
10. 魔法,0 核心三宝书\PHB玩家手册\10魔法\第十章 魔法.htm,3,核心三宝书 / [PHB] 玩家手册,核心三宝书,[PHB] 玩家手册
施法,0 核心三宝书\PHB玩家手册\10魔法\施法.htm,4,核心三宝书 / [PHB] 玩家手册 / 10. 魔法,核心三宝书,[PHB] 玩家手册
法术说明,0 核心三宝书\PHB玩家手册\10魔法\法术说明.htm,4,核心三宝书 / [PHB] 玩家手册 / 10. 魔法,核心三宝书,[PHB] 玩家手册
奥术,0 核心三宝书\PHB玩家手册\10魔法\奥术.htm,4,核心三宝书 / [PHB] 玩家手册 / 10. 魔法,核心三宝书,[PHB] 玩家手册
神术,0 核心三宝书\PHB玩家手册\10魔法\神术.htm,4,核心三宝书 / [PHB] 玩家手册 / 10. 魔法,核心三宝书,[PHB] 玩家手册
特殊能力,0 核心三宝书\PHB玩家手册\10魔法\特殊能力.htm,4,核心三宝书 / [PHB] 玩家手册 / 10. 魔法,核心三宝书,[PHB] 玩家手册
11. 法术,0 核心三宝书\PHB玩家手册\11法术\第十一章 法术.htm,3,核心三宝书 / [PHB] 玩家手册,核心三宝书,[PHB] 玩家手册
吟游诗人的法术,0 核心三宝书\PHB玩家手册\11法术\吟游诗人的法术.htm,4,核心三宝书 / [PHB] 玩家手册 / 11. 法术,核心三宝书,[PHB] 玩家手册
牧师的法术,0 核心三宝书\PHB玩家手册\11法术\牧师的法术.htm,4,核心三宝书 / [PHB] 玩家手册 / 11. 法术,核心三宝书,[PHB] 玩家手册
领域法术,0 核心三宝书\PHB玩家手册\11法术\领域法术.htm,5,核心三宝书 / [PHB] 玩家手册 / 11. 法术 / 牧师的法术,核心三宝书,[PHB] 玩家手册
德鲁伊的法术,0 核心三宝书\PHB玩家手册\11法术\德鲁伊的法术.htm,4,核心三宝书 / [PHB] 玩家手册 / 11. 法术,核心三宝书,[PHB] 玩家手册
圣武士的法术,0 核心三宝书\PHB玩家手册\11法术\圣武士的法术.htm,4,核心三宝书 / [PHB] 玩家手册 / 11. 法术,核心三宝书,[PHB] 玩家手册
巡林客的法术,0 核心三宝书\PHB玩家手册\11法术\游侠的法术.htm,4,核心三宝书 / [PHB] 玩家手册 / 11. 法术,核心三宝书,[PHB] 玩家手册
术士与法师的法术,0 核心三宝书\PHB玩家手册\11法术\术士与法师的法术.htm,4,核心三宝书 / [PHB] 玩家手册 / 11. 法术,核心三宝书,[PHB] 玩家手册
法术描述,0 核心三宝书\PHB玩家手册\11法术\法术描述\法术描述.htm,4,核心三宝书 / [PHB] 玩家手册 / 11. 法术,核心三宝书,[PHB] 玩家手册
A,0 核心三宝书\PHB玩家手册\11法术\法术描述\A.htm,5,核心三宝书 / [PHB] 玩家手册 / 11. 法术 / 法术描述,核心三宝书,[PHB] 玩家手册
B,0 核心三宝书\PHB玩家手册\11法术\法术描述\B.htm,5,核心三宝书 / [PHB] 玩家手册 / 11. 法术 / 法术描述,核心三宝书,[PHB] 玩家手册
C,0 核心三宝书\PHB玩家手册\11法术\法术描述\C.htm,5,核心三宝书 / [PHB] 玩家手册 / 11. 法术 / 法术描述,核心三宝书,[PHB] 玩家手册
D,0 核心三宝书\PHB玩家手册\11法术\法术描述\D.htm,5,核心三宝书 / [PHB] 玩家手册 / 11. 法术 / 法术描述,核心三宝书,[PHB] 玩家手册
E,0 核心三宝书\PHB玩家手册\11法术\法术描述\E.htm,5,核心三宝书 / [PHB] 玩家手册 / 11. 法术 / 法术描述,核心三宝书,[PHB] 玩家手册
F,0 核心三宝书\PHB玩家手册\11法术\法术描述\F.htm,5,核心三宝书 / [PHB] 玩家手册 / 11. 法术 / 法术描述,核心三宝书,[PHB] 玩家手册
G,0 核心三宝书\PHB玩家手册\11法术\法术描述\G.htm,5,核心三宝书 / [PHB] 玩家手册 / 11. 法术 / 法术描述,核心三宝书,[PHB] 玩家手册
H,0 核心三宝书\PHB玩家手册\11法术\法术描述\H.htm,5,核心三宝书 / [PHB] 玩家手册 / 11. 法术 / 法术描述,核心三宝书,[PHB] 玩家手册
I,0 核心三宝书\PHB玩家手册\11法术\法术描述\I.htm,5,核心三宝书 / [PHB] 玩家手册 / 11. 法术 / 法术描述,核心三宝书,[PHB] 玩家手册
J,0 核心三宝书\PHB玩家手册\11法术\法术描述\J.htm,5,核心三宝书 / [PHB] 玩家手册 / 11. 法术 / 法术描述,核心三宝书,[PHB] 玩家手册
K,0 核心三宝书\PHB玩家手册\11法术\法术描述\K.htm,5,核心三宝书 / [PHB] 玩家手册 / 11. 法术 / 法术描述,核心三宝书,[PHB] 玩家手册
L,0 核心三宝书\PHB玩家手册\11法术\法术描述\L.htm,5,核心三宝书 / [PHB] 玩家手册 / 11. 法术 / 法术描述,核心三宝书,[PHB] 玩家手册
M,0 核心三宝书\PHB玩家手册\11法术\法术描述\M.htm,5,核心三宝书 / [PHB] 玩家手册 / 11. 法术 / 法术描述,核心三宝书,[PHB] 玩家手册
N,0 核心三宝书\PHB玩家手册\11法术\法术描述\N.htm,5,核心三宝书 / [PHB] 玩家手册 / 11. 法术 / 法术描述,核心三宝书,[PHB] 玩家手册
O,0 核心三宝书\PHB玩家手册\11法术\法术描述\O.htm,5,核心三宝书 / [PHB] 玩家手册 / 11. 法术 / 法术描述,核心三宝书,[PHB] 玩家手册
P,0 核心三宝书\PHB玩家手册\11法术\法术描述\P.htm,5,核心三宝书 / [PHB] 玩家手册 / 11. 法术 / 法术描述,核心三宝书,[PHB] 玩家手册
Q,0 核心三宝书\PHB玩家手册\11法术\法术描述\Q.htm,5,核心三宝书 / [PHB] 玩家手册 / 11. 法术 / 法术描述,核心三宝书,[PHB] 玩家手册
R,0 核心三宝书\PHB玩家手册\11法术\法术描述\R.htm,5,核心三宝书 / [PHB] 玩家手册 / 11. 法术 / 法术描述,核心三宝书,[PHB] 玩家手册
S,0 核心三宝书\PHB玩家手册\11法术\法术描述\S.htm,5,核心三宝书 / [PHB] 玩家手册 / 11. 法术 / 法术描述,核心三宝书,[PHB] 玩家手册
T,0 核心三宝书\PHB玩家手册\11法术\法术描述\T.htm,5,核心三宝书 / [PHB] 玩家手册 / 11. 法术 / 法术描述,核心三宝书,[PHB] 玩家手册
U,0 核心三宝书\PHB玩家手册\11法术\法术描述\U.htm,5,核心三宝书 / [PHB] 玩家手册 / 11. 法术 / 法术描述,核心三宝书,[PHB] 玩家手册
V,0 核心三宝书\PHB玩家手册\11法术\法术描述\V.htm,5,核心三宝书 / [PHB] 玩家手册 / 11. 法术 / 法术描述,核心三宝书,[PHB] 玩家手册
W,0 核心三宝书\PHB玩家手册\11法术\法术描述\W.htm,5,核心三宝书 / [PHB] 玩家手册 / 11. 法术 / 法术描述,核心三宝书,[PHB] 玩家手册
Z,0 核心三宝书\PHB玩家手册\11法术\法术描述\Z.htm,5,核心三宝书 / [PHB] 玩家手册 / 11. 法术 / 法术描述,核心三宝书,[PHB] 玩家手册
附录,0 核心三宝书\PHB玩家手册\附录.htm,3,核心三宝书 / [PHB] 玩家手册,核心三宝书,[PHB] 玩家手册
后记 (by 狮鹫电力),0 核心三宝书\PHB玩家手册\后记.htm,3,核心三宝书 / [PHB] 玩家手册,核心三宝书,[PHB] 玩家手册
[DMG] 城主指南,0 核心三宝书\DMG城主指南\封面.htm,2,核心三宝书,核心三宝书,[DMG] 城主指南
简介,0 核心三宝书\DMG城主指南\第一章\简介.htm,3,核心三宝书 / [DMG] 城主指南,核心三宝书,[DMG] 城主指南
卷首资料,,4,核心三宝书 / [DMG] 城主指南 / 简介,核心三宝书,[DMG] 城主指南
建议,0 核心三宝书\DMG城主指南\第一章\建议.htm,5,核心三宝书 / [DMG] 城主指南 / 简介 / 卷首资料,核心三宝书,[DMG] 城主指南
为何改版,0 核心三宝书\DMG城主指南\第一章\为何改版.htm,5,核心三宝书 / [DMG] 城主指南 / 简介 / 卷首资料,核心三宝书,[DMG] 城主指南
如何使用本书,0 核心三宝书\DMG城主指南\第一章\如何使用本书.htm,5,核心三宝书 / [DMG] 城主指南 / 简介 / 卷首资料,核心三宝书,[DMG] 城主指南
关于边栏,0 核心三宝书\DMG城主指南\第一章\关于边栏.htm,5,核心三宝书 / [DMG] 城主指南 / 简介 / 卷首资料,核心三宝书,[DMG] 城主指南
地下城主,0 核心三宝书\DMG城主指南\第一章\地下城主.htm,5,核心三宝书 / [DMG] 城主指南 / 简介 / 卷首资料,核心三宝书,[DMG] 城主指南
地下城主2,0 核心三宝书\DMG城主指南\第一章\地下城主2.htm,5,核心三宝书 / [DMG] 城主指南 / 简介 / 卷首资料,核心三宝书,[DMG] 城主指南
第一章：担任地下城主,0 核心三宝书\DMG城主指南\第一章\DM是什么？.htm,3,核心三宝书 / [DMG] 城主指南,核心三宝书,[DMG] 城主指南
设计冒险任务,0 核心三宝书\DMG城主指南\第一章\设计冒险任务.htm,4,核心三宝书 / [DMG] 城主指南 / 第一章：担任地下城主,核心三宝书,[DMG] 城主指南
自创冒险任务,0 核心三宝书\DMG城主指南\第一章\自创冒险任务.htm,4,核心三宝书 / [DMG] 城主指南 / 第一章：担任地下城主,核心三宝书,[DMG] 城主指南
使用预设冒险任务,0 核心三宝书\DMG城主指南\第一章\使用预设冒险任务.htm,4,核心三宝书 / [DMG] 城主指南 / 第一章：担任地下城主,核心三宝书,[DMG] 城主指南
游戏教学,0 核心三宝书\DMG城主指南\第一章\游戏教学.htm,4,核心三宝书 / [DMG] 城主指南 / 第一章：担任地下城主,核心三宝书,[DMG] 城主指南
创造世界,0 核心三宝书\DMG城主指南\第一章\创造世界.htm,4,核心三宝书 / [DMG] 城主指南 / 第一章：担任地下城主,核心三宝书,[DMG] 城主指南
裁判,0 核心三宝书\DMG城主指南\第一章\裁判.htm,4,核心三宝书 / [DMG] 城主指南 / 第一章：担任地下城主,核心三宝书,[DMG] 城主指南
运作游戏,0 核心三宝书\DMG城主指南\第一章\运作游戏.htm,4,核心三宝书 / [DMG] 城主指南 / 第一章：担任地下城主,核心三宝书,[DMG] 城主指南
游戏风格,0 核心三宝书\DMG城主指南\第一章\游戏风格.htm,4,核心三宝书 / [DMG] 城主指南 / 第一章：担任地下城主,核心三宝书,[DMG] 城主指南
破门砍杀型,0 核心三宝书\DMG城主指南\第一章\破门砍杀型.htm,5,核心三宝书 / [DMG] 城主指南 / 第一章：担任地下城主 / 游戏风格,核心三宝书,[DMG] 城主指南
叙事扮演型,0 核心三宝书\DMG城主指南\第一章\叙事扮演型.htm,5,核心三宝书 / [DMG] 城主指南 / 第一章：担任地下城主 / 游戏风格,核心三宝书,[DMG] 城主指南
中间路线,0 核心三宝书\DMG城主指南\第一章\中间路线.htm,5,核心三宝书 / [DMG] 城主指南 / 第一章：担任地下城主 / 游戏风格,核心三宝书,[DMG] 城主指南
其他风格,0 核心三宝书\DMG城主指南\第一章\其他风格.htm,5,核心三宝书 / [DMG] 城主指南 / 第一章：担任地下城主 / 游戏风格,核心三宝书,[DMG] 城主指南
最后,0 核心三宝书\DMG城主指南\第一章\最后.htm,5,核心三宝书 / [DMG] 城主指南 / 第一章：担任地下城主 / 游戏风格,核心三宝书,[DMG] 城主指南
跑团实例,0 核心三宝书\DMG城主指南\第一章\跑团实例.htm,4,核心三宝书 / [DMG] 城主指南 / 第一章：担任地下城主,核心三宝书,[DMG] 城主指南
跑团,0 核心三宝书\DMG城主指南\第一章\跑团.htm,4,核心三宝书 / [DMG] 城主指南 / 第一章：担任地下城主,核心三宝书,[DMG] 城主指南
了解玩家,0 核心三宝书\DMG城主指南\第一章\了解玩家.htm,5,核心三宝书 / [DMG] 城主指南 / 第一章：担任地下城主 / 跑团,核心三宝书,[DMG] 城主指南
即席规则,0 核心三宝书\DMG城主指南\第一章\即席规则.htm,5,核心三宝书 / [DMG] 城主指南 / 第一章：担任地下城主 / 跑团,核心三宝书,[DMG] 城主指南
协调玩家,0 核心三宝书\DMG城主指南\第一章\协调玩家.htm,5,核心三宝书 / [DMG] 城主指南 / 第一章：担任地下城主 / 跑团,核心三宝书,[DMG] 城主指南
游戏外思考,0 核心三宝书\DMG城主指南\第一章\游戏外思考.htm,5,核心三宝书 / [DMG] 城主指南 / 第一章：担任地下城主 / 跑团,核心三宝书,[DMG] 城主指南
了解玩家人物,0 核心三宝书\DMG城主指南\第一章\了解玩家人物.htm,5,核心三宝书 / [DMG] 城主指南 / 第一章：担任地下城主 / 跑团,核心三宝书,[DMG] 城主指南
了解冒险任务与其他资料,0 核心三宝书\DMG城主指南\第一章\了解冒险任务与其他资料.htm,5,核心三宝书 / [DMG] 城主指南 / 第一章：担任地下城主 / 跑团,核心三宝书,[DMG] 城主指南
熟悉规则,0 核心三宝书\DMG城主指南\第一章\熟悉规则.htm,5,核心三宝书 / [DMG] 城主指南 / 第一章：担任地下城主 / 跑团,核心三宝书,[DMG] 城主指南
保持游戏平衡,0 核心三宝书\DMG城主指南\第一章\保持游戏平衡.htm,5,核心三宝书 / [DMG] 城主指南 / 第一章：担任地下城主 / 跑团,核心三宝书,[DMG] 城主指南
处理不平衡的玩家人物,0 核心三宝书\DMG城主指南\第一章\处理不平衡的玩家人物.htm,5,核心三宝书 / [DMG] 城主指南 / 第一章：担任地下城主 / 跑团,核心三宝书,[DMG] 城主指南
改变规则,0 核心三宝书\DMG城主指南\第一章\改变规则.htm,4,核心三宝书 / [DMG] 城主指南 / 第一章：担任地下城主 / 跑团,核心三宝书,[DMG] 城主指南
改得让游戏顺畅,0 核心三宝书\DMG城主指南\第一章\改得让游戏顺畅.htm,5,核心三宝书 / [DMG] 城主指南 / 第一章：担任地下城主 / 改变规则,核心三宝书,[DMG] 城主指南
丰富游戏,0 核心三宝书\DMG城主指南\第一章\丰富游戏.htm,5,核心三宝书 / [DMG] 城主指南 / 第一章：担任地下城主 / 改变规则,核心三宝书,[DMG] 城主指南
犯错,0 核心三宝书\DMG城主指南\第一章\犯错.htm,5,核心三宝书 / [DMG] 城主指南 / 第一章：担任地下城主 / 改变规则,核心三宝书,[DMG] 城主指南
布置舞台,0 核心三宝书\DMG城主指南\第一章\布置舞台.htm,5,核心三宝书 / [DMG] 城主指南 / 第一章：担任地下城主 / 跑团,核心三宝书,[DMG] 城主指南
前情提要,0 核心三宝书\DMG城主指南\第一章\前情提要.htm,5,核心三宝书 / [DMG] 城主指南 / 第一章：担任地下城主 / 改变规则,核心三宝书,[DMG] 城主指南
主持游戏所需的配备,0 核心三宝书\DMG城主指南\第一章\主持游戏所需的配备.htm,5,核心三宝书 / [DMG] 城主指南 / 第一章：担任地下城主 / 改变规则,核心三宝书,[DMG] 城主指南
使用小模型,0 核心三宝书\DMG城主指南\第一章\使用小模型.htm,5,核心三宝书 / [DMG] 城主指南 / 第一章：担任地下城主 / 改变规则,核心三宝书,[DMG] 城主指南
绘制地图,0 核心三宝书\DMG城主指南\第一章\绘制地图.htm,5,核心三宝书 / [DMG] 城主指南 / 第一章：担任地下城主 / 改变规则,核心三宝书,[DMG] 城主指南
掌握节奏,0 核心三宝书\DMG城主指南\第一章\掌握节奏.htm,5,核心三宝书 / [DMG] 城主指南 / 第一章：担任地下城主 / 改变规则,核心三宝书,[DMG] 城主指南
查阅规则,0 核心三宝书\DMG城主指南\第一章\查阅规则.htm,5,核心三宝书 / [DMG] 城主指南 / 第一章：担任地下城主 / 改变规则,核心三宝书,[DMG] 城主指南
发问,0 核心三宝书\DMG城主指南\第一章\发问.htm,5,核心三宝书 / [DMG] 城主指南 / 第一章：担任地下城主 / 改变规则,核心三宝书,[DMG] 城主指南
中场休息,0 核心三宝书\DMG城主指南\第一章\中场休息.htm,5,核心三宝书 / [DMG] 城主指南 / 第一章：担任地下城主 / 改变规则,核心三宝书,[DMG] 城主指南
处理玩家人物与NPC的行动,0 核心三宝书\DMG城主指南\第一章\处理玩家人物的行动.htm,5,核心三宝书 / [DMG] 城主指南 / 第一章：担任地下城主 / 跑团,核心三宝书,[DMG] 城主指南
人物被魔法控制,0 核心三宝书\DMG城主指南\第一章\人物被魔法控制.htm,5,核心三宝书 / [DMG] 城主指南 / 第一章：担任地下城主 / 改变规则,核心三宝书,[DMG] 城主指南
处理NPC的行动,0 核心三宝书\DMG城主指南\第一章\处理NPC的行动.htm,5,核心三宝书 / [DMG] 城主指南 / 第一章：担任地下城主 / 改变规则,核心三宝书,[DMG] 城主指南
叙述动作,0 核心三宝书\DMG城主指南\第一章\叙述动作.htm,5,核心三宝书 / [DMG] 城主指南 / 第一章：担任地下城主 / 改变规则,核心三宝书,[DMG] 城主指南
NPC的动作,0 核心三宝书\DMG城主指南\第一章\NPC的动作.htm,5,核心三宝书 / [DMG] 城主指南 / 第一章：担任地下城主 / 改变规则,核心三宝书,[DMG] 城主指南
让战斗有趣,0 核心三宝书\DMG城主指南\第一章\让战斗有趣.htm,5,核心三宝书 / [DMG] 城主指南 / 第一章：担任地下城主 / 改变规则,核心三宝书,[DMG] 城主指南
决定结果,0 核心三宝书\DMG城主指南\第一章\决定结果.htm,5,核心三宝书 / [DMG] 城主指南 / 第一章：担任地下城主 / 跑团,核心三宝书,[DMG] 城主指南
第二章：运用规则,0 核心三宝书\DMG城主指南\第二章\更多移动规则\前言.htm,3,核心三宝书 / [DMG] 城主指南,核心三宝书,[DMG] 城主指南
更多移动规则,0 核心三宝书\DMG城主指南\第二章\更多移动规则\更多移动规则.htm,4,核心三宝书 / [DMG] 城主指南 / 第二章：运用规则,核心三宝书,[DMG] 城主指南
移动与方格,0 核心三宝书\DMG城主指南\第二章\更多移动规则\移动与方格.htm,5,核心三宝书 / [DMG] 城主指南 / 第二章：运用规则 / 更多移动规则,核心三宝书,[DMG] 城主指南
移动与位置,0 核心三宝书\DMG城主指南\第二章\更多移动规则\移动与位置.htm,5,核心三宝书 / [DMG] 城主指南 / 第二章：运用规则 / 更多移动规则,核心三宝书,[DMG] 城主指南
标准度量,0 核心三宝书\DMG城主指南\第二章\更多移动规则\更多移动规则.htm,5,核心三宝书 / [DMG] 城主指南 / 第二章：运用规则 / 更多移动规则,核心三宝书,[DMG] 城主指南
度量与方格,0 核心三宝书\DMG城主指南\第二章\更多移动规则\度量与方格.htm,5,核心三宝书 / [DMG] 城主指南 / 第二章：运用规则 / 更多移动规则,核心三宝书,[DMG] 城主指南
斜向方格移动,0 核心三宝书\DMG城主指南\第二章\更多移动规则\斜向方格移动.htm,5,核心三宝书 / [DMG] 城主指南 / 第二章：运用规则 / 更多移动规则,核心三宝书,[DMG] 城主指南
防具与负重量,0 核心三宝书\DMG城主指南\第二章\更多移动规则\防具与负重量.htm,5,核心三宝书 / [DMG] 城主指南 / 第二章：运用规则 / 更多移动规则,核心三宝书,[DMG] 城主指南
三维空间的移动,0 核心三宝书\DMG城主指南\第二章\更多移动规则\三维空间的移动.htm,5,核心三宝书 / [DMG] 城主指南 / 第二章：运用规则 / 更多移动规则,核心三宝书,[DMG] 城主指南
空中战术移动,0 核心三宝书\DMG城主指南\第二章\更多移动规则\空中战术移动.htm,5,核心三宝书 / [DMG] 城主指南 / 第二章：运用规则 / 更多移动规则,核心三宝书,[DMG] 城主指南
逃逸与追赶,0 核心三宝书\DMG城主指南\第二章\更多移动规则\逃逸与追赶.htm,5,核心三宝书 / [DMG] 城主指南 / 第二章：运用规则 / 更多移动规则,核心三宝书,[DMG] 城主指南
方格间的活动,0 核心三宝书\DMG城主指南\第二章\更多移动规则\方格间的活动.htm,5,核心三宝书 / [DMG] 城主指南 / 第二章：运用规则 / 更多移动规则,核心三宝书,[DMG] 城主指南
加值种类,0 核心三宝书\DMG城主指南\第二章\加值种类\加值种类.htm,4,核心三宝书 / [DMG] 城主指南 / 第二章：运用规则,核心三宝书,[DMG] 城主指南
战斗,0 核心三宝书\DMG城主指南\第二章\战斗\战斗.htm,4,核心三宝书 / [DMG] 城主指南 / 第二章：运用规则,核心三宝书,[DMG] 城主指南
视线,0 核心三宝书\DMG城主指南\第二章\战斗\视线.htm,5,核心三宝书 / [DMG] 城主指南 / 第二章：运用规则 / 战斗,核心三宝书,[DMG] 城主指南
遭遇开始,0 核心三宝书\DMG城主指南\第二章\战斗\遭遇开始.htm,5,核心三宝书 / [DMG] 城主指南 / 第二章：运用规则 / 战斗,核心三宝书,[DMG] 城主指南
规则变化：每轮都掷先攻权,0 核心三宝书\DMG城主指南\第二章\战斗\规则变化：每轮都掷先攻权.htm,5,核心三宝书 / [DMG] 城主指南 / 第二章：运用规则 / 战斗,核心三宝书,[DMG] 城主指南
规则变化：聪慧的座骑,0 核心三宝书\DMG城主指南\第二章\战斗\规则变化：聪慧的座骑.htm,5,核心三宝书 / [DMG] 城主指南 / 第二章：运用规则 / 战斗,核心三宝书,[DMG] 城主指南
突袭轮,0 核心三宝书\DMG城主指南\第二章\战斗\突袭轮.htm,5,核心三宝书 / [DMG] 城主指南 / 第二章：运用规则 / 战斗,核心三宝书,[DMG] 城主指南
新加入的战斗者,0 核心三宝书\DMG城主指南\第二章\战斗\新加入的战斗者.htm,5,核心三宝书 / [DMG] 城主指南 / 第二章：运用规则 / 战斗,核心三宝书,[DMG] 城主指南
推动游戏,0 核心三宝书\DMG城主指南\第二章\战斗\推动游戏.htm,5,核心三宝书 / [DMG] 城主指南 / 第二章：运用规则 / 战斗,核心三宝书,[DMG] 城主指南
同时行动,0 核心三宝书\DMG城主指南\第二章\战斗\同时行动.htm,5,核心三宝书 / [DMG] 城主指南 / 第二章：运用规则 / 战斗,核心三宝书,[DMG] 城主指南
规则变化：失手时误中掩蔽物,0 核心三宝书\DMG城主指南\第二章\战斗\规则变化：失手时误中掩蔽物.htm,5,核心三宝书 / [DMG] 城主指南 / 第二章：运用规则 / 战斗,核心三宝书,[DMG] 城主指南
战斗动作,0 核心三宝书\DMG城主指南\第二章\战斗\战斗动作.htm,5,核心三宝书 / [DMG] 城主指南 / 第二章：运用规则 / 战斗,核心三宝书,[DMG] 城主指南
判定未被定义过的新动作,0 核心三宝书\DMG城主指南\第二章\战斗\判定未被定义过的新动作.htm,5,核心三宝书 / [DMG] 城主指南 / 第二章：运用规则 / 战斗,核心三宝书,[DMG] 城主指南
战斗以外的战斗动作,0 核心三宝书\DMG城主指南\第二章\战斗\战斗以外的战斗动作.htm,5,核心三宝书 / [DMG] 城主指南 / 第二章：运用规则 / 战斗,核心三宝书,[DMG] 城主指南
规则变化：必然命中与防御检定,0 核心三宝书\DMG城主指南\第二章\战斗\规则变化：必然命中与防御检定.htm,5,核心三宝书 / [DMG] 城主指南 / 第二章：运用规则 / 战斗,核心三宝书,[DMG] 城主指南
判定准备动作,0 核心三宝书\DMG城主指南\第二章\战斗\判定准备动作.htm,5,核心三宝书 / [DMG] 城主指南 / 第二章：运用规则 / 战斗,核心三宝书,[DMG] 城主指南
幕后随谈：重击,0 核心三宝书\DMG城主指南\第二章\战斗\幕后随谈：重击.htm,5,核心三宝书 / [DMG] 城主指南 / 第二章：运用规则 / 战斗,核心三宝书,[DMG] 城主指南
重击,0 核心三宝书\DMG城主指南\第二章\战斗\重击.htm,5,核心三宝书 / [DMG] 城主指南 / 第二章：运用规则 / 战斗,核心三宝书,[DMG] 城主指南
规则变化：依据体型定义巨创(MassiveDamage),0 核心三宝书\DMG城主指南\第二章\战斗\规则变化：依据体型定义巨创（MassiveDamage）.htm,5,核心三宝书 / [DMG] 城主指南 / 第二章：运用规则 / 战斗,核心三宝书,[DMG] 城主指南
规则变化：攻击特定部位,0 核心三宝书\DMG城主指南\第二章\战斗\规则变化：攻击特定部位.htm,5,核心三宝书 / [DMG] 城主指南 / 第二章：运用规则 / 战斗,核心三宝书,[DMG] 城主指南
规则变化：等效武器,0 核心三宝书\DMG城主指南\第二章\战斗\规则变化：等效武器.htm,5,核心三宝书 / [DMG] 城主指南 / 第二章：运用规则 / 战斗,核心三宝书,[DMG] 城主指南
伤害,0 核心三宝书\DMG城主指南\第二章\战斗\伤害.htm,5,核心三宝书 / [DMG] 城主指南 / 第二章：运用规则 / 战斗,核心三宝书,[DMG] 城主指南
武器大小的影响,0 核心三宝书\DMG城主指南\第二章\战斗\武器大小的影响.htm,5,核心三宝书 / [DMG] 城主指南 / 第二章：运用规则 / 战斗,核心三宝书,[DMG] 城主指南
投炸武器,0 核心三宝书\DMG城主指南\第二章\战斗\投炸武器.htm,5,核心三宝书 / [DMG] 城主指南 / 第二章：运用规则 / 战斗,核心三宝书,[DMG] 城主指南
规则变化：一击致死(InstantKill),0 核心三宝书\DMG城主指南\第二章\战斗\规则变化：一击致死（InstantKill）.htm,5,核心三宝书 / [DMG] 城主指南 / 第二章：运用规则 / 战斗,核心三宝书,[DMG] 城主指南
区域型法术,0 核心三宝书\DMG城主指南\第二章\战斗\区域型法术.htm,5,核心三宝书 / [DMG] 城主指南 / 第二章：运用规则 / 战斗,核心三宝书,[DMG] 城主指南
战斗中的生物体型大小,0 核心三宝书\DMG城主指南\第二章\战斗\战斗中的生物体型大小.htm,4,核心三宝书 / [DMG] 城主指南 / 第二章：运用规则,核心三宝书,[DMG] 城主指南
大生物,0 核心三宝书\DMG城主指南\第二章\战斗\大生物.htm,5,核心三宝书 / [DMG] 城主指南 / 第二章：运用规则 / 战斗中的生物体型大小,核心三宝书,[DMG] 城主指南
很小的生物,0 核心三宝书\DMG城主指南\第二章\战斗\很小的生物.htm,5,核心三宝书 / [DMG] 城主指南 / 第二章：运用规则 / 战斗中的生物体型大小,核心三宝书,[DMG] 城主指南
混合,0 核心三宝书\DMG城主指南\第二章\战斗\混合.htm,5,核心三宝书 / [DMG] 城主指南 / 第二章：运用规则 / 战斗中的生物体型大小,核心三宝书,[DMG] 城主指南
挤过,0 核心三宝书\DMG城主指南\第二章\战斗\挤过.htm,5,核心三宝书 / [DMG] 城主指南 / 第二章：运用规则 / 战斗中的生物体型大小,核心三宝书,[DMG] 城主指南
站在狭窄之处,0 核心三宝书\DMG城主指南\第二章\战斗\站在狭窄之处.htm,5,核心三宝书 / [DMG] 城主指南 / 第二章：运用规则 / 战斗中的生物体型大小,核心三宝书,[DMG] 城主指南
技能与属性检定,0 核心三宝书\DMG城主指南\第二章\技能与属性检定\技能与属性检定.htm,4,核心三宝书 / [DMG] 城主指南 / 第二章：运用规则,核心三宝书,[DMG] 城主指南
调整检定结果或是难度等级,0 核心三宝书\DMG城主指南\第二章\技能与属性检定\调整检定结果或是难度等级.htm,5,核心三宝书 / [DMG] 城主指南 / 第二章：运用规则 / 技能与属性检定,核心三宝书,[DMG] 城主指南
地下城主的好伙伴,0 核心三宝书\DMG城主指南\第二章\技能与属性检定\地下城主的好伙伴.htm,5,核心三宝书 / [DMG] 城主指南 / 第二章：运用规则 / 技能与属性检定,核心三宝书,[DMG] 城主指南
处理任务,0 核心三宝书\DMG城主指南\第二章\技能与属性检定\处理任务.htm,5,核心三宝书 / [DMG] 城主指南 / 第二章：运用规则 / 技能与属性检定,核心三宝书,[DMG] 城主指南
笼统描述与明确描述的差异,0 核心三宝书\DMG城主指南\第二章\技能与属性检定\笼统描述与明确描述的差异.htm,5,核心三宝书 / [DMG] 城主指南 / 第二章：运用规则 / 技能与属性检定,核心三宝书,[DMG] 城主指南
成功的程度,0 核心三宝书\DMG城主指南\第二章\技能与属性检定\成功的程度.htm,5,核心三宝书 / [DMG] 城主指南 / 第二章：运用规则 / 技能与属性检定,核心三宝书,[DMG] 城主指南
失败的程度,0 核心三宝书\DMG城主指南\第二章\技能与属性检定\失败的程度.htm,5,核心三宝书 / [DMG] 城主指南 / 第二章：运用规则 / 技能与属性检定,核心三宝书,[DMG] 城主指南
取10,0 核心三宝书\DMG城主指南\第二章\技能与属性检定\取10.htm,5,核心三宝书 / [DMG] 城主指南 / 第二章：运用规则 / 技能与属性检定,核心三宝书,[DMG] 城主指南
属性检定,0 核心三宝书\DMG城主指南\第二章\技能与属性检定\属性检定.htm,5,核心三宝书 / [DMG] 城主指南 / 第二章：运用规则 / 技能与属性检定,核心三宝书,[DMG] 城主指南
豁免检定,0 核心三宝书\DMG城主指南\第二章\技能与属性检定\豁免检定.htm,4,核心三宝书 / [DMG] 城主指南 / 第二章：运用规则,核心三宝书,[DMG] 城主指南
进行哪种豁免检定,0 核心三宝书\DMG城主指南\第二章\技能与属性检定\进行哪种豁免检定.htm,5,核心三宝书 / [DMG] 城主指南 / 第二章：运用规则 / 豁免检定,核心三宝书,[DMG] 城主指南
规则变化：技能与不同属性的结合运用,0 核心三宝书\DMG城主指南\第二章\技能与属性检定\规则变化：技能与不同属性的结合运用.htm,5,核心三宝书 / [DMG] 城主指南 / 第二章：运用规则 / 豁免检定,核心三宝书,[DMG] 城主指南
使用豁免检定还是属性检定,0 核心三宝书\DMG城主指南\第二章\技能与属性检定\使用豁免检定还是属性检定.htm,5,核心三宝书 / [DMG] 城主指南 / 第二章：运用规则 / 豁免检定,核心三宝书,[DMG] 城主指南
难度等级,0 核心三宝书\DMG城主指南\第二章\技能与属性检定\难度等级.htm,5,核心三宝书 / [DMG] 城主指南 / 第二章：运用规则 / 豁免检定,核心三宝书,[DMG] 城主指南
判定魔法,0 核心三宝书\DMG城主指南\第二章\判定魔法\判定魔法.htm,4,核心三宝书 / [DMG] 城主指南 / 第二章：运用规则,核心三宝书,[DMG] 城主指南
描述法术效果,0 核心三宝书\DMG城主指南\第二章\判定魔法\描述法术效果.htm,5,核心三宝书 / [DMG] 城主指南 / 第二章：运用规则 / 判定魔法,核心三宝书,[DMG] 城主指南
处理预言,0 核心三宝书\DMG城主指南\第二章\判定魔法\处理预言.htm,5,核心三宝书 / [DMG] 城主指南 / 第二章：运用规则 / 判定魔法,核心三宝书,[DMG] 城主指南
规则变化：极端成功与极端失败,0 核心三宝书\DMG城主指南\第二章\判定魔法\规则变化：极端成功与极端失败.htm,5,核心三宝书 / [DMG] 城主指南 / 第二章：运用规则 / 判定魔法,核心三宝书,[DMG] 城主指南
创造新法术,0 核心三宝书\DMG城主指南\第二章\判定魔法\创造新法术.htm,5,核心三宝书 / [DMG] 城主指南 / 第二章：运用规则 / 判定魔法,核心三宝书,[DMG] 城主指南
法术伤害值上限,0 核心三宝书\DMG城主指南\第二章\判定魔法\法术伤害值上限.htm,5,核心三宝书 / [DMG] 城主指南 / 第二章：运用规则 / 判定魔法,核心三宝书,[DMG] 城主指南
规则变化：不同属性值的豁免检定,0 核心三宝书\DMG城主指南\第二章\判定魔法\规则变化：不同属性值的豁免检定.htm,5,核心三宝书 / [DMG] 城主指南 / 第二章：运用规则 / 判定魔法,核心三宝书,[DMG] 城主指南
奖赏,0 核心三宝书\DMG城主指南\第二章\奖赏\前言.htm,4,核心三宝书 / [DMG] 城主指南 / 第二章：运用规则,核心三宝书,[DMG] 城主指南
经验值奖赏,0 核心三宝书\DMG城主指南\第二章\奖赏\经验值奖赏.htm,5,核心三宝书 / [DMG] 城主指南 / 第二章：运用规则 / 奖赏,核心三宝书,[DMG] 城主指南
规则变化：法术检定,0 核心三宝书\DMG城主指南\第二章\奖赏\规则变化：法术检定.htm,5,核心三宝书 / [DMG] 城主指南 / 第二章：运用规则 / 奖赏,核心三宝书,[DMG] 城主指南
挑战级数低于1的怪物,0 核心三宝书\DMG城主指南\第二章\奖赏\挑战级数低于1的怪物.htm,5,核心三宝书 / [DMG] 城主指南 / 第二章：运用规则 / 奖赏,核心三宝书,[DMG] 城主指南
NPC的挑战级数,0 核心三宝书\DMG城主指南\第二章\奖赏\NPC的挑战级数.htm,5,核心三宝书 / [DMG] 城主指南 / 第二章：运用规则 / 奖赏,核心三宝书,[DMG] 城主指南
规则变化：召唤特定怪物个体,0 核心三宝书\DMG城主指南\第二章\奖赏\规则变化：召唤特定怪物个体.htm,5,核心三宝书 / [DMG] 城主指南 / 第二章：运用规则 / 奖赏,核心三宝书,[DMG] 城主指南
陷阱的挑战级数,0 核心三宝书\DMG城主指南\第二章\奖赏\陷阱的挑战级数.htm,5,核心三宝书 / [DMG] 城主指南 / 第二章：运用规则 / 奖赏,核心三宝书,[DMG] 城主指南
调整经验值奖赏,0 核心三宝书\DMG城主指南\第二章\奖赏\调整经验值奖赏.htm,5,核心三宝书 / [DMG] 城主指南 / 第二章：运用规则 / 奖赏,核心三宝书,[DMG] 城主指南
特殊经验值奖赏,0 核心三宝书\DMG城主指南\第二章\奖赏\特殊经验值奖赏.htm,5,核心三宝书 / [DMG] 城主指南 / 第二章：运用规则 / 奖赏,核心三宝书,[DMG] 城主指南
规则变化：定额经验值,0 核心三宝书\DMG城主指南\第二章\奖赏\规则变化：定额经验值.htm,5,核心三宝书 / [DMG] 城主指南 / 第二章：运用规则 / 奖赏,核心三宝书,[DMG] 城主指南
剧情奖赏,0 核心三宝书\DMG城主指南\第二章\奖赏\剧情奖赏.htm,5,核心三宝书 / [DMG] 城主指南 / 第二章：运用规则 / 奖赏,核心三宝书,[DMG] 城主指南
非战斗遭遇的挑战级数,0 核心三宝书\DMG城主指南\第二章\奖赏\非战斗遭遇的挑战级数.htm,5,核心三宝书 / [DMG] 城主指南 / 第二章：运用规则 / 奖赏,核心三宝书,[DMG] 城主指南
任务目标,0 核心三宝书\DMG城主指南\第二章\奖赏\任务目标.htm,5,核心三宝书 / [DMG] 城主指南 / 第二章：运用规则 / 奖赏,核心三宝书,[DMG] 城主指南
角色扮演奖赏,0 核心三宝书\DMG城主指南\第二章\奖赏\角色扮演奖赏.htm,5,核心三宝书 / [DMG] 城主指南 / 第二章：运用规则 / 奖赏,核心三宝书,[DMG] 城主指南
规则变化：加快或是减慢给予经验值,0 核心三宝书\DMG城主指南\第二章\奖赏\规则变化：加快或是减慢给予经验值.htm,5,核心三宝书 / [DMG] 城主指南 / 第二章：运用规则 / 奖赏,核心三宝书,[DMG] 城主指南
剧情奖赏与标准奖赏,0 核心三宝书\DMG城主指南\第二章\奖赏\剧情奖赏与标准奖赏.htm,5,核心三宝书 / [DMG] 城主指南 / 第二章：运用规则 / 奖赏,核心三宝书,[DMG] 城主指南
经验值惩罚,0 核心三宝书\DMG城主指南\第二章\奖赏\经验值惩罚.htm,5,核心三宝书 / [DMG] 城主指南 / 第二章：运用规则 / 奖赏,核心三宝书,[DMG] 城主指南
死亡与经验值,0 核心三宝书\DMG城主指南\第二章\奖赏\死亡与经验值.htm,5,核心三宝书 / [DMG] 城主指南 / 第二章：运用规则 / 奖赏,核心三宝书,[DMG] 城主指南
宝藏与其他奖赏,0 核心三宝书\DMG城主指南\第二章\奖赏\宝藏与其他奖赏.htm,5,核心三宝书 / [DMG] 城主指南 / 第二章：运用规则 / 奖赏,核心三宝书,[DMG] 城主指南
幕后随谈：经验值,0 核心三宝书\DMG城主指南\第二章\奖赏\幕后随谈：经验值.htm,5,核心三宝书 / [DMG] 城主指南 / 第二章：运用规则 / 奖赏,核心三宝书,[DMG] 城主指南
人物死亡,0 核心三宝书\DMG城主指南\第二章\人物死亡\人物死亡.htm,4,核心三宝书 / [DMG] 城主指南 / 第二章：运用规则,核心三宝书,[DMG] 城主指南
新人物,0 核心三宝书\DMG城主指南\第二章\人物死亡\新人物.htm,5,核心三宝书 / [DMG] 城主指南 / 第二章：运用规则 / 人物死亡,核心三宝书,[DMG] 城主指南
第三章：冒险,0 核心三宝书\DMG城主指南\第三章\冒险\设计冒险.htm,3,核心三宝书 / [DMG] 城主指南,核心三宝书,[DMG] 城主指南
动机,0 核心三宝书\DMG城主指南\第三章\冒险\动机.htm,4,核心三宝书 / [DMG] 城主指南 / 第三章：冒险,核心三宝书,[DMG] 城主指南
量身特制或预先设计43页,0 核心三宝书\DMG城主指南\第三章\冒险\量身特制或预先设计43页.htm,5,核心三宝书 / [DMG] 城主指南 / 第三章：冒险 / 动机,核心三宝书,[DMG] 城主指南
结构,0 核心三宝书\DMG城主指南\第三章\冒险\结构.htm,4,核心三宝书 / [DMG] 城主指南 / 第三章：冒险,核心三宝书,[DMG] 城主指南
优秀的结构,0 核心三宝书\DMG城主指南\第三章\冒险\优秀的结构.htm,5,核心三宝书 / [DMG] 城主指南 / 第三章：冒险 / 结构,核心三宝书,[DMG] 城主指南
错误的结构,0 核心三宝书\DMG城主指南\第三章\冒险\错误的结构.htm,5,核心三宝书 / [DMG] 城主指南 / 第三章：冒险 / 结构,核心三宝书,[DMG] 城主指南
资讯的掌控,0 核心三宝书\DMG城主指南\第三章\冒险\资讯的掌控.htm,5,核心三宝书 / [DMG] 城主指南 / 第三章：冒险 / 结构,核心三宝书,[DMG] 城主指南
预言系法术,0 核心三宝书\DMG城主指南\第三章\冒险\预言系法术.htm,5,核心三宝书 / [DMG] 城主指南 / 第三章：冒险 / 结构,核心三宝书,[DMG] 城主指南
地点导向式冒险任务,0 核心三宝书\DMG城主指南\第三章\冒险\地点导向式冒险任务.htm,4,核心三宝书 / [DMG] 城主指南 / 第三章：冒险,核心三宝书,[DMG] 城主指南
静态或动态,0 核心三宝书\DMG城主指南\第三章\冒险\静态或动态.htm,5,核心三宝书 / [DMG] 城主指南 / 第三章：冒险 / 地点导向式冒险任务,核心三宝书,[DMG] 城主指南
冒险写作要点,0 核心三宝书\DMG城主指南\第三章\冒险\冒险写作要点.htm,5,核心三宝书 / [DMG] 城主指南 / 第三章：冒险 / 地点导向式冒险任务,核心三宝书,[DMG] 城主指南
情节导向式冒险任务,0 核心三宝书\DMG城主指南\第三章\冒险\情节导向式冒险任务.htm,4,核心三宝书 / [DMG] 城主指南 / 第三章：冒险,核心三宝书,[DMG] 城主指南
终场,0 核心三宝书\DMG城主指南\第三章\冒险\终场.htm,4,核心三宝书 / [DMG] 城主指南 / 第三章：冒险,核心三宝书,[DMG] 城主指南
事件遭遇,,4,核心三宝书 / [DMG] 城主指南 / 第三章：冒险,核心三宝书,[DMG] 城主指南
量身特制或预先设计47页,0 核心三宝书\DMG城主指南\第三章\事件遭遇\量身特制或预先设计47页.htm,5,核心三宝书 / [DMG] 城主指南 / 第三章：冒险 / 事件遭遇,核心三宝书,[DMG] 城主指南
多个怪物的遭遇等级,0 核心三宝书\DMG城主指南\第三章\事件遭遇\多个怪物的遭遇等级.htm,5,核心三宝书 / [DMG] 城主指南 / 第三章：冒险 / 事件遭遇,核心三宝书,[DMG] 城主指南
怎样才算有挑战性,0 核心三宝书\DMG城主指南\第三章\事件遭遇\怎样才算有挑战性.htm,5,核心三宝书 / [DMG] 城主指南 / 第三章：冒险 / 事件遭遇,核心三宝书,[DMG] 城主指南
困难度,0 核心三宝书\DMG城主指南\第三章\事件遭遇\困难度.htm,5,核心三宝书 / [DMG] 城主指南 / 第三章：冒险 / 事件遭遇,核心三宝书,[DMG] 城主指南
困难度附记,0 核心三宝书\DMG城主指南\第三章\事件遭遇\困难度附记.htm,5,核心三宝书 / [DMG] 城主指南 / 第三章：冒险 / 事件遭遇,核心三宝书,[DMG] 城主指南
较强的怪物,0 核心三宝书\DMG城主指南\第三章\事件遭遇\较强的怪物.htm,5,核心三宝书 / [DMG] 城主指南 / 第三章：冒险 / 事件遭遇,核心三宝书,[DMG] 城主指南
地点,0 核心三宝书\DMG城主指南\第三章\事件遭遇\地点.htm,5,核心三宝书 / [DMG] 城主指南 / 第三章：冒险 / 事件遭遇,核心三宝书,[DMG] 城主指南
让事情有趣,0 核心三宝书\DMG城主指南\第三章\事件遭遇\让事情有趣.htm,5,核心三宝书 / [DMG] 城主指南 / 第三章：冒险 / 事件遭遇,核心三宝书,[DMG] 城主指南
调整难度,0 核心三宝书\DMG城主指南\第三章\事件遭遇\调整难度.htm,5,核心三宝书 / [DMG] 城主指南 / 第三章：冒险 / 事件遭遇,核心三宝书,[DMG] 城主指南
行为与鼓励,0 核心三宝书\DMG城主指南\第三章\事件遭遇\行为与鼓励.htm,5,核心三宝书 / [DMG] 城主指南 / 第三章：冒险 / 事件遭遇,核心三宝书,[DMG] 城主指南
宝藏,0 核心三宝书\DMG城主指南\第三章\宝藏\宝藏.htm,4,核心三宝书 / [DMG] 城主指南 / 第三章：冒险,核心三宝书,[DMG] 城主指南
怪物的宝藏,0 核心三宝书\DMG城主指南\第三章\宝藏\怪物的宝藏.htm,5,核心三宝书 / [DMG] 城主指南 / 第三章：冒险 / 宝藏,核心三宝书,[DMG] 城主指南
有职业的怪物,0 核心三宝书\DMG城主指南\第三章\宝藏\有职业的怪物.htm,5,核心三宝书 / [DMG] 城主指南 / 第三章：冒险 / 宝藏,核心三宝书,[DMG] 城主指南
每场遭遇的宝藏,0 核心三宝书\DMG城主指南\第三章\宝藏\每场遭遇的宝藏.htm,5,核心三宝书 / [DMG] 城主指南 / 第三章：冒险 / 宝藏,核心三宝书,[DMG] 城主指南
随机宝藏,0 核心三宝书\DMG城主指南\第三章\宝藏\随机宝藏.htm,5,核心三宝书 / [DMG] 城主指南 / 第三章：冒险 / 宝藏,核心三宝书,[DMG] 城主指南
法师与宝藏,0 核心三宝书\DMG城主指南\第三章\宝藏\法师与宝藏.htm,5,核心三宝书 / [DMG] 城主指南 / 第三章：冒险 / 宝藏,核心三宝书,[DMG] 城主指南
自订宝藏,0 核心三宝书\DMG城主指南\第三章\宝藏\自订宝藏.htm,5,核心三宝书 / [DMG] 城主指南 / 第三章：冒险 / 宝藏,核心三宝书,[DMG] 城主指南
非玩家人物的宝藏,0 核心三宝书\DMG城主指南\第三章\宝藏\非玩家人物的宝藏.htm,5,核心三宝书 / [DMG] 城主指南 / 第三章：冒险 / 宝藏,核心三宝书,[DMG] 城主指南
其他宝藏,0 核心三宝书\DMG城主指南\第三章\宝藏\其他宝藏.htm,5,核心三宝书 / [DMG] 城主指南 / 第三章：冒险 / 宝藏,核心三宝书,[DMG] 城主指南
如何查阅宝藏表,0 核心三宝书\DMG城主指南\第三章\宝藏\如何查阅宝藏表.htm,5,核心三宝书 / [DMG] 城主指南 / 第三章：冒险 / 宝藏,核心三宝书,[DMG] 城主指南
宝藏类别,0 核心三宝书\DMG城主指南\第三章\宝藏\宝藏类别.htm,5,核心三宝书 / [DMG] 城主指南 / 第三章：冒险 / 宝藏,核心三宝书,[DMG] 城主指南
其他奖赏,0 核心三宝书\DMG城主指南\第三章\宝藏\其他奖赏.htm,5,核心三宝书 / [DMG] 城主指南 / 第三章：冒险 / 宝藏,核心三宝书,[DMG] 城主指南
幕后随谈：宝藏价值,0 核心三宝书\DMG城主指南\第三章\宝藏\幕后随谈：宝藏价值.htm,5,核心三宝书 / [DMG] 城主指南 / 第三章：冒险 / 宝藏,核心三宝书,[DMG] 城主指南
整合数场冒险任务,0 核心三宝书\DMG城主指南\第三章\整合数场冒险任务\整合数场冒险任务.htm,4,核心三宝书 / [DMG] 城主指南 / 第三章：冒险,核心三宝书,[DMG] 城主指南
单元或长篇,0 核心三宝书\DMG城主指南\第三章\整合数场冒险任务\单元或长篇.htm,5,核心三宝书 / [DMG] 城主指南 / 第三章：冒险 / 整合数场冒险任务,核心三宝书,[DMG] 城主指南
交织剧情,0 核心三宝书\DMG城主指南\第三章\整合数场冒险任务\交织剧情.htm,5,核心三宝书 / [DMG] 城主指南 / 第三章：冒险 / 整合数场冒险任务,核心三宝书,[DMG] 城主指南
冒险任务之间,0 核心三宝书\DMG城主指南\第三章\冒险任务之间\冒险任务之间.htm,4,核心三宝书 / [DMG] 城主指南 / 第三章：冒险,核心三宝书,[DMG] 城主指南
给予经验值,0 核心三宝书\DMG城主指南\第三章\冒险任务之间\给予经验值.htm,5,核心三宝书 / [DMG] 城主指南 / 第三章：冒险 / 冒险任务之间,核心三宝书,[DMG] 城主指南
更新人物资料,0 核心三宝书\DMG城主指南\第三章\冒险任务之间\更新人物资料.htm,5,核心三宝书 / [DMG] 城主指南 / 第三章：冒险 / 冒险任务之间,核心三宝书,[DMG] 城主指南
制作记录,0 核心三宝书\DMG城主指南\第三章\冒险任务之间\制作记录.htm,5,核心三宝书 / [DMG] 城主指南 / 第三章：冒险 / 冒险任务之间,核心三宝书,[DMG] 城主指南
地下城,0 核心三宝书\DMG城主指南\第三章\地下城\地下城.htm,4,核心三宝书 / [DMG] 城主指南 / 第三章：冒险,核心三宝书,[DMG] 城主指南
冒险设定里的地下城,0 核心三宝书\DMG城主指南\第三章\地下城\冒险设定里的地下城.htm,5,核心三宝书 / [DMG] 城主指南 / 第三章：冒险 / 地下城,核心三宝书,[DMG] 城主指南
地下城类型,0 核心三宝书\DMG城主指南\第三章\地下城\地下城类型.htm,5,核心三宝书 / [DMG] 城主指南 / 第三章：冒险 / 地下城,核心三宝书,[DMG] 城主指南
地下城地形,0 核心三宝书\DMG城主指南\第三章\地下城地形\地下城地形.htm,4,核心三宝书 / [DMG] 城主指南 / 第三章：冒险,核心三宝书,[DMG] 城主指南
墙壁,0 核心三宝书\DMG城主指南\第三章\地下城地形\墙壁.htm,5,核心三宝书 / [DMG] 城主指南 / 第三章：冒险 / 地下城地形,核心三宝书,[DMG] 城主指南
地面,0 核心三宝书\DMG城主指南\第三章\地下城地形\地面.htm,5,核心三宝书 / [DMG] 城主指南 / 第三章：冒险 / 地下城地形,核心三宝书,[DMG] 城主指南
门,0 核心三宝书\DMG城主指南\第三章\地下城地形\门.htm,5,核心三宝书 / [DMG] 城主指南 / 第三章：冒险 / 地下城地形,核心三宝书,[DMG] 城主指南
幕后随谈,0 核心三宝书\DMG城主指南\第三章\地下城地形\幕后随谈.htm,5,核心三宝书 / [DMG] 城主指南 / 第三章：冒险 / 地下城地形,核心三宝书,[DMG] 城主指南
房间,0 核心三宝书\DMG城主指南\第三章\地下城地形\房间.htm,5,核心三宝书 / [DMG] 城主指南 / 第三章：冒险 / 地下城地形,核心三宝书,[DMG] 城主指南
通道,0 核心三宝书\DMG城主指南\第三章\地下城地形\通道.htm,5,核心三宝书 / [DMG] 城主指南 / 第三章：冒险 / 地下城地形,核心三宝书,[DMG] 城主指南
其他特色,0 核心三宝书\DMG城主指南\第三章\地下城地形\其他特色.htm,5,核心三宝书 / [DMG] 城主指南 / 第三章：冒险 / 地下城地形,核心三宝书,[DMG] 城主指南
坍塌与倒塌,0 核心三宝书\DMG城主指南\第三章\地下城地形\坍塌与倒塌.htm,5,核心三宝书 / [DMG] 城主指南 / 第三章：冒险 / 地下城地形,核心三宝书,[DMG] 城主指南
照明,0 核心三宝书\DMG城主指南\第三章\地下城地形\照明.htm,5,核心三宝书 / [DMG] 城主指南 / 第三章：冒险 / 地下城地形,核心三宝书,[DMG] 城主指南
随机特征与摆设,0 核心三宝书\DMG城主指南\第三章\地下城地形\随机特征与摆设.htm,5,核心三宝书 / [DMG] 城主指南 / 第三章：冒险 / 地下城地形,核心三宝书,[DMG] 城主指南
陷阱,0 核心三宝书\DMG城主指南\第三章\陷阱\陷阱.htm,4,核心三宝书 / [DMG] 城主指南 / 第三章：冒险,核心三宝书,[DMG] 城主指南
机关陷阱,0 核心三宝书\DMG城主指南\第三章\陷阱\机关陷阱\机关陷阱.htm,5,核心三宝书 / [DMG] 城主指南 / 第三章：冒险 / 陷阱,核心三宝书,[DMG] 城主指南
魔法陷阱,0 核心三宝书\DMG城主指南\第三章\陷阱\魔法陷阱\魔法陷阱.htm,5,核心三宝书 / [DMG] 城主指南 / 第三章：冒险 / 陷阱,核心三宝书,[DMG] 城主指南
陷阱的要素,0 核心三宝书\DMG城主指南\第三章\陷阱\陷阱的要素\陷阱的要素.htm,5,核心三宝书 / [DMG] 城主指南 / 第三章：冒险 / 陷阱,核心三宝书,[DMG] 城主指南
触发,0 核心三宝书\DMG城主指南\第三章\陷阱\陷阱的要素\触发.htm,5,核心三宝书 / [DMG] 城主指南 / 第三章：冒险 / 陷阱,核心三宝书,[DMG] 城主指南
修复与重新设定机关陷阱,0 核心三宝书\DMG城主指南\第三章\陷阱\陷阱的要素\修复与重新设定机关陷阱.htm,5,核心三宝书 / [DMG] 城主指南 / 第三章：冒险 / 陷阱,核心三宝书,[DMG] 城主指南
回避,0 核心三宝书\DMG城主指南\第三章\陷阱\陷阱的要素\回避.htm,5,核心三宝书 / [DMG] 城主指南 / 第三章：冒险 / 陷阱,核心三宝书,[DMG] 城主指南
"""搜索""及""解除装置""的",0 核心三宝书\DMG城主指南\第三章\陷阱\陷阱的要素\“搜索”及“解除装置”的.htm,5,核心三宝书 / [DMG] 城主指南 / 第三章：冒险 / 陷阱,核心三宝书,[DMG] 城主指南
幕后随谈：陷阱,0 核心三宝书\DMG城主指南\第三章\陷阱\陷阱的要素\幕后随谈：陷阱.htm,5,核心三宝书 / [DMG] 城主指南 / 第三章：冒险 / 陷阱,核心三宝书,[DMG] 城主指南
攻击加值,0 核心三宝书\DMG城主指南\第三章\陷阱\陷阱的要素\攻击加值.htm,5,核心三宝书 / [DMG] 城主指南 / 第三章：冒险 / 陷阱,核心三宝书,[DMG] 城主指南
伤害,0 核心三宝书\DMG城主指南\第三章\陷阱\陷阱的要素\伤害.htm,5,核心三宝书 / [DMG] 城主指南 / 第三章：冒险 / 陷阱,核心三宝书,[DMG] 城主指南
其他陷阱特色,0 核心三宝书\DMG城主指南\第三章\陷阱\陷阱的要素\其他陷阱特色.htm,5,核心三宝书 / [DMG] 城主指南 / 第三章：冒险 / 陷阱,核心三宝书,[DMG] 城主指南
陷阱范例,0 核心三宝书\DMG城主指南\第三章\陷阱\陷阱范例\陷阱范例.htm,5,核心三宝书 / [DMG] 城主指南 / 第三章：冒险 / 陷阱,核心三宝书,[DMG] 城主指南
CR=1陷阱,0 核心三宝书\DMG城主指南\第三章\陷阱\陷阱范例\CR=1陷阱.htm,6,核心三宝书 / [DMG] 城主指南 / 第三章：冒险 / 陷阱 / 陷阱范例,核心三宝书,[DMG] 城主指南
CR=2陷阱,0 核心三宝书\DMG城主指南\第三章\陷阱\陷阱范例\CR=2陷阱.htm,6,核心三宝书 / [DMG] 城主指南 / 第三章：冒险 / 陷阱 / 陷阱范例,核心三宝书,[DMG] 城主指南
CR=3陷阱,0 核心三宝书\DMG城主指南\第三章\陷阱\陷阱范例\CR=3陷阱.htm,6,核心三宝书 / [DMG] 城主指南 / 第三章：冒险 / 陷阱 / 陷阱范例,核心三宝书,[DMG] 城主指南
CR=4陷阱,0 核心三宝书\DMG城主指南\第三章\陷阱\陷阱范例\CR=4陷阱.htm,6,核心三宝书 / [DMG] 城主指南 / 第三章：冒险 / 陷阱 / 陷阱范例,核心三宝书,[DMG] 城主指南
CR=5陷阱,0 核心三宝书\DMG城主指南\第三章\陷阱\陷阱范例\CR=5陷阱.htm,6,核心三宝书 / [DMG] 城主指南 / 第三章：冒险 / 陷阱 / 陷阱范例,核心三宝书,[DMG] 城主指南
CR=6陷阱,0 核心三宝书\DMG城主指南\第三章\陷阱\陷阱范例\CR=6陷阱.htm,6,核心三宝书 / [DMG] 城主指南 / 第三章：冒险 / 陷阱 / 陷阱范例,核心三宝书,[DMG] 城主指南
CR=7陷阱,0 核心三宝书\DMG城主指南\第三章\陷阱\陷阱范例\CR=7陷阱.htm,6,核心三宝书 / [DMG] 城主指南 / 第三章：冒险 / 陷阱 / 陷阱范例,核心三宝书,[DMG] 城主指南
CR=8陷阱,0 核心三宝书\DMG城主指南\第三章\陷阱\陷阱范例\CR=8陷阱.htm,6,核心三宝书 / [DMG] 城主指南 / 第三章：冒险 / 陷阱 / 陷阱范例,核心三宝书,[DMG] 城主指南
CR=9陷阱,0 核心三宝书\DMG城主指南\第三章\陷阱\陷阱范例\CR=9陷阱.htm,6,核心三宝书 / [DMG] 城主指南 / 第三章：冒险 / 陷阱 / 陷阱范例,核心三宝书,[DMG] 城主指南
CR=10陷阱,0 核心三宝书\DMG城主指南\第三章\陷阱\陷阱范例\CR=10陷阱.htm,6,核心三宝书 / [DMG] 城主指南 / 第三章：冒险 / 陷阱 / 陷阱范例,核心三宝书,[DMG] 城主指南
规则变化,0 核心三宝书\DMG城主指南\第三章\陷阱\陷阱范例\规则变化.htm,6,核心三宝书 / [DMG] 城主指南 / 第三章：冒险 / 陷阱 / 陷阱范例,核心三宝书,[DMG] 城主指南
设计陷阱,0 核心三宝书\DMG城主指南\第三章\陷阱\设计陷阱\设计陷阱.htm,5,核心三宝书 / [DMG] 城主指南 / 第三章：冒险 / 陷阱,核心三宝书,[DMG] 城主指南
陷阱的挑战级数,0 核心三宝书\DMG城主指南\第三章\陷阱\设计陷阱\陷阱的挑战级数.htm,5,核心三宝书 / [DMG] 城主指南 / 第三章：冒险 / 陷阱,核心三宝书,[DMG] 城主指南
机关陷阱费用,0 核心三宝书\DMG城主指南\第三章\陷阱\设计陷阱\机关陷阱费用.htm,5,核心三宝书 / [DMG] 城主指南 / 第三章：冒险 / 陷阱,核心三宝书,[DMG] 城主指南
魔法装置陷阱费用,0 核心三宝书\DMG城主指南\第三章\陷阱\设计陷阱\魔法装置陷阱费用.htm,5,核心三宝书 / [DMG] 城主指南 / 第三章：冒险 / 陷阱,核心三宝书,[DMG] 城主指南
法术陷阱费用,0 核心三宝书\DMG城主指南\第三章\陷阱\设计陷阱\法术陷阱费用.htm,5,核心三宝书 / [DMG] 城主指南 / 第三章：冒险 / 陷阱,核心三宝书,[DMG] 城主指南
"制作机关陷阱的""手艺""",0 核心三宝书\DMG城主指南\第三章\陷阱\设计陷阱\制作机关陷阱的“手艺”.htm,5,核心三宝书 / [DMG] 城主指南 / 第三章：冒险 / 陷阱,核心三宝书,[DMG] 城主指南
地下城生态,0 核心三宝书\DMG城主指南\第三章\地下城生态\地下城生态.htm,4,核心三宝书 / [DMG] 城主指南 / 第三章：冒险,核心三宝书,[DMG] 城主指南
地下城的动物,0 核心三宝书\DMG城主指南\第三章\地下城生态\地下城的动物.htm,5,核心三宝书 / [DMG] 城主指南 / 第三章：冒险 / 地下城生态,核心三宝书,[DMG] 城主指南
烂泥、霉菌与蕈类,0 核心三宝书\DMG城主指南\第三章\地下城生态\烂泥、霉菌与蕈类.htm,5,核心三宝书 / [DMG] 城主指南 / 第三章：冒险 / 地下城生态,核心三宝书,[DMG] 城主指南
游荡的怪物,0 核心三宝书\DMG城主指南\第三章\地下城生态\游荡的怪物\游荡怪物.htm,5,核心三宝书 / [DMG] 城主指南 / 第三章：冒险 / 地下城生态,核心三宝书,[DMG] 城主指南
游荡怪物掷骰,0 核心三宝书\DMG城主指南\第三章\地下城生态\游荡的怪物\游荡怪物掷骰.htm,5,核心三宝书 / [DMG] 城主指南 / 第三章：冒险 / 地下城生态,核心三宝书,[DMG] 城主指南
遭遇怪物,0 核心三宝书\DMG城主指南\第三章\地下城生态\游荡的怪物\遭遇怪物.htm,5,核心三宝书 / [DMG] 城主指南 / 第三章：冒险 / 地下城生态,核心三宝书,[DMG] 城主指南
游荡怪物的宝藏,0 核心三宝书\DMG城主指南\第三章\地下城生态\游荡的怪物\游荡怪物的宝藏.htm,5,核心三宝书 / [DMG] 城主指南 / 第三章：冒险 / 地下城生态,核心三宝书,[DMG] 城主指南
随机地下城,0 核心三宝书\DMG城主指南\第三章\随机地下城\随机地下城.htm,4,核心三宝书 / [DMG] 城主指南 / 第三章：冒险,核心三宝书,[DMG] 城主指南
地下城等级,0 核心三宝书\DMG城主指南\第三章\随机地下城\地下城等级.htm,5,核心三宝书 / [DMG] 城主指南 / 第三章：冒险 / 随机地下城,核心三宝书,[DMG] 城主指南
地图与注记,0 核心三宝书\DMG城主指南\第三章\随机地下城\地图与注记.htm,5,核心三宝书 / [DMG] 城主指南 / 第三章：冒险 / 随机地下城,核心三宝书,[DMG] 城主指南
随机地下城事件遭遇,0 核心三宝书\DMG城主指南\第三章\随机地下城\随机地下城事件遭遇.htm,5,核心三宝书 / [DMG] 城主指南 / 第三章：冒险 / 随机地下城,核心三宝书,[DMG] 城主指南
冒险范例,0 核心三宝书\DMG城主指南\第三章\冒险范例\冒险范例.htm,4,核心三宝书 / [DMG] 城主指南 / 第三章：冒险,核心三宝书,[DMG] 城主指南
模组范例,,4,核心三宝书 / [DMG] 城主指南 / 第三章：冒险,核心三宝书,[DMG] 城主指南
模组修道院地窖,0 核心三宝书\DMG城主指南\第三章\冒险范例\模组修道院地窖.htm,5,核心三宝书 / [DMG] 城主指南 / 第三章：冒险 / 模组范例,核心三宝书,[DMG] 城主指南
数据资料栏位,0 核心三宝书\DMG城主指南\第三章\数据资料栏位\数据资料栏位.htm,4,核心三宝书 / [DMG] 城主指南 / 第三章：冒险,核心三宝书,[DMG] 城主指南
野外冒险,0 核心三宝书\DMG城主指南\第三章\野外冒险\野外冒险.htm,4,核心三宝书 / [DMG] 城主指南 / 第三章：冒险,核心三宝书,[DMG] 城主指南
迷路,0 核心三宝书\DMG城主指南\第三章\野外冒险\迷路.htm,5,核心三宝书 / [DMG] 城主指南 / 第三章：冒险 / 野外冒险,核心三宝书,[DMG] 城主指南
森林地形,0 核心三宝书\DMG城主指南\第三章\野外冒险\森林地形.htm,5,核心三宝书 / [DMG] 城主指南 / 第三章：冒险 / 野外冒险,核心三宝书,[DMG] 城主指南
森林火灾,0 核心三宝书\DMG城主指南\第三章\野外冒险\森林火灾.htm,5,核心三宝书 / [DMG] 城主指南 / 第三章：冒险 / 野外冒险,核心三宝书,[DMG] 城主指南
沼泽地形,0 核心三宝书\DMG城主指南\第三章\野外冒险\沼泽地形.htm,5,核心三宝书 / [DMG] 城主指南 / 第三章：冒险 / 野外冒险,核心三宝书,[DMG] 城主指南
山脉地形,0 核心三宝书\DMG城主指南\第三章\野外冒险\山脉地形.htm,5,核心三宝书 / [DMG] 城主指南 / 第三章：冒险 / 野外冒险,核心三宝书,[DMG] 城主指南
雪崩,0 核心三宝书\DMG城主指南\第三章\野外冒险\雪崩.htm,5,核心三宝书 / [DMG] 城主指南 / 第三章：冒险 / 野外冒险,核心三宝书,[DMG] 城主指南
沙漠地形,0 核心三宝书\DMG城主指南\第三章\野外冒险\沙漠地形.htm,5,核心三宝书 / [DMG] 城主指南 / 第三章：冒险 / 野外冒险,核心三宝书,[DMG] 城主指南
平原地形,0 核心三宝书\DMG城主指南\第三章\野外冒险\平原地形.htm,5,核心三宝书 / [DMG] 城主指南 / 第三章：冒险 / 野外冒险,核心三宝书,[DMG] 城主指南
水域地形,0 核心三宝书\DMG城主指南\第三章\野外冒险\水域地形.htm,5,核心三宝书 / [DMG] 城主指南 / 第三章：冒险 / 野外冒险,核心三宝书,[DMG] 城主指南
水中战斗,0 核心三宝书\DMG城主指南\第三章\野外冒险\水中战斗.htm,5,核心三宝书 / [DMG] 城主指南 / 第三章：冒险 / 野外冒险,核心三宝书,[DMG] 城主指南
洪水,0 核心三宝书\DMG城主指南\第三章\野外冒险\洪水.htm,5,核心三宝书 / [DMG] 城主指南 / 第三章：冒险 / 野外冒险,核心三宝书,[DMG] 城主指南
天气,0 核心三宝书\DMG城主指南\第三章\野外冒险\天气.htm,5,核心三宝书 / [DMG] 城主指南 / 第三章：冒险 / 野外冒险,核心三宝书,[DMG] 城主指南
雨、雪、雪雨及冰雹,0 核心三宝书\DMG城主指南\第三章\野外冒险\雨、雪、雪雨及冰雹.htm,5,核心三宝书 / [DMG] 城主指南 / 第三章：冒险 / 野外冒险,核心三宝书,[DMG] 城主指南
风暴,0 核心三宝书\DMG城主指南\第三章\野外冒险\风暴.htm,5,核心三宝书 / [DMG] 城主指南 / 第三章：冒险 / 野外冒险,核心三宝书,[DMG] 城主指南
风,0 核心三宝书\DMG城主指南\第三章\野外冒险\风.htm,5,核心三宝书 / [DMG] 城主指南 / 第三章：冒险 / 野外冒险,核心三宝书,[DMG] 城主指南
随机野外事件遭遇,0 核心三宝书\DMG城主指南\第三章\野外冒险\随机野外事件遭遇.htm,5,核心三宝书 / [DMG] 城主指南 / 第三章：冒险 / 野外冒险,核心三宝书,[DMG] 城主指南
制作野外事件遭遇表,0 核心三宝书\DMG城主指南\第三章\野外冒险\制作野外事件遭遇表.htm,5,核心三宝书 / [DMG] 城主指南 / 第三章：冒险 / 野外冒险,核心三宝书,[DMG] 城主指南
城镇冒险,0 核心三宝书\DMG城主指南\第三章\城镇冒险\城镇冒险.htm,4,核心三宝书 / [DMG] 城主指南 / 第三章：冒险,核心三宝书,[DMG] 城主指南
武器与法术限制,0 核心三宝书\DMG城主指南\第三章\城镇冒险\武器与法术限制.htm,5,核心三宝书 / [DMG] 城主指南 / 第三章：冒险 / 城镇冒险,核心三宝书,[DMG] 城主指南
城镇特征,0 核心三宝书\DMG城主指南\第三章\城镇冒险\城镇特征.htm,5,核心三宝书 / [DMG] 城主指南 / 第三章：冒险 / 城镇冒险,核心三宝书,[DMG] 城主指南
城墙与城门,0 核心三宝书\DMG城主指南\第三章\城镇冒险\城墙与城门.htm,5,核心三宝书 / [DMG] 城主指南 / 第三章：冒险 / 城镇冒险,核心三宝书,[DMG] 城主指南
守卫与士兵,0 核心三宝书\DMG城主指南\第三章\城镇冒险\守卫与士兵.htm,5,核心三宝书 / [DMG] 城主指南 / 第三章：冒险 / 城镇冒险,核心三宝书,[DMG] 城主指南
攻城器,0 核心三宝书\DMG城主指南\第三章\城镇冒险\攻城器.htm,5,核心三宝书 / [DMG] 城主指南 / 第三章：冒险 / 城镇冒险,核心三宝书,[DMG] 城主指南
城市街道,0 核心三宝书\DMG城主指南\第三章\城镇冒险\城市街道.htm,5,核心三宝书 / [DMG] 城主指南 / 第三章：冒险 / 城镇冒险,核心三宝书,[DMG] 城主指南
街道之上与街道之下,0 核心三宝书\DMG城主指南\第三章\城镇冒险\街道之上与街道之下.htm,5,核心三宝书 / [DMG] 城主指南 / 第三章：冒险 / 城镇冒险,核心三宝书,[DMG] 城主指南
城市建筑,0 核心三宝书\DMG城主指南\第三章\城镇冒险\城市建筑.htm,5,核心三宝书 / [DMG] 城主指南 / 第三章：冒险 / 城镇冒险,核心三宝书,[DMG] 城主指南
购买建筑,0 核心三宝书\DMG城主指南\第三章\城镇冒险\购买建筑.htm,5,核心三宝书 / [DMG] 城主指南 / 第三章：冒险 / 城镇冒险,核心三宝书,[DMG] 城主指南
城市灯光,0 核心三宝书\DMG城主指南\第三章\城镇冒险\城市灯光.htm,5,核心三宝书 / [DMG] 城主指南 / 第三章：冒险 / 城镇冒险,核心三宝书,[DMG] 城主指南
城镇事件遭遇,0 核心三宝书\DMG城主指南\第三章\城镇冒险\城镇事件遭遇.htm,5,核心三宝书 / [DMG] 城主指南 / 第三章：冒险 / 城镇冒险,核心三宝书,[DMG] 城主指南
第四章：非玩家人物,0 核心三宝书\DMG城主指南\第四章\引言.htm,3,核心三宝书 / [DMG] 城主指南,核心三宝书,[DMG] 城主指南
芸芸众生,0 核心三宝书\DMG城主指南\第四章\芸芸众生.htm,4,核心三宝书 / [DMG] 城主指南 / 第四章：非玩家人物,核心三宝书,[DMG] 城主指南
敌人,0 核心三宝书\DMG城主指南\第四章\敌人.htm,5,核心三宝书 / [DMG] 城主指南 / 第四章：非玩家人物 / 芸芸众生,核心三宝书,[DMG] 城主指南
反派主角,0 核心三宝书\DMG城主指南\第四章\反派主角.htm,5,核心三宝书 / [DMG] 城主指南 / 第四章：非玩家人物 / 芸芸众生,核心三宝书,[DMG] 城主指南
动物与其他怪物,0 核心三宝书\DMG城主指南\第四章\动物与其他怪物.htm,5,核心三宝书 / [DMG] 城主指南 / 第四章：非玩家人物 / 芸芸众生,核心三宝书,[DMG] 城主指南
朋友,0 核心三宝书\DMG城主指南\第四章\朋友.htm,5,核心三宝书 / [DMG] 城主指南 / 第四章：非玩家人物 / 芸芸众生,核心三宝书,[DMG] 城主指南
盟友,0 核心三宝书\DMG城主指南\第四章\盟友.htm,5,核心三宝书 / [DMG] 城主指南 / 第四章：非玩家人物 / 芸芸众生,核心三宝书,[DMG] 城主指南
部属,0 核心三宝书\DMG城主指南\第四章\部属.htm,5,核心三宝书 / [DMG] 城主指南 / 第四章：非玩家人物 / 芸芸众生,核心三宝书,[DMG] 城主指南
追随者,0 核心三宝书\DMG城主指南\第四章\追随者.htm,5,核心三宝书 / [DMG] 城主指南 / 第四章：非玩家人物 / 芸芸众生,核心三宝书,[DMG] 城主指南
替补部属与追随者,0 核心三宝书\DMG城主指南\第四章\替补部属与追随者.htm,5,核心三宝书 / [DMG] 城主指南 / 第四章：非玩家人物 / 芸芸众生,核心三宝书,[DMG] 城主指南
雇工,0 核心三宝书\DMG城主指南\第四章\雇工.htm,5,核心三宝书 / [DMG] 城主指南 / 第四章：非玩家人物 / 芸芸众生,核心三宝书,[DMG] 城主指南
领导力,0 核心三宝书\DMG城主指南\第四章\领导力.htm,5,核心三宝书 / [DMG] 城主指南 / 第四章：非玩家人物 / 芸芸众生,核心三宝书,[DMG] 城主指南
非玩家人物的职业,0 核心三宝书\DMG城主指南\第四章\非玩家人物的职业.htm,4,核心三宝书 / [DMG] 城主指南 / 第四章：非玩家人物,核心三宝书,[DMG] 城主指南
导师,0 核心三宝书\DMG城主指南\第四章\导师.htm,5,核心三宝书 / [DMG] 城主指南 / 第四章：非玩家人物 / 非玩家人物的职业,核心三宝书,[DMG] 城主指南
望族,0 核心三宝书\DMG城主指南\第四章\望族.htm,5,核心三宝书 / [DMG] 城主指南 / 第四章：非玩家人物 / 非玩家人物的职业,核心三宝书,[DMG] 城主指南
平民,0 核心三宝书\DMG城主指南\第四章\平民.htm,5,核心三宝书 / [DMG] 城主指南 / 第四章：非玩家人物 / 非玩家人物的职业,核心三宝书,[DMG] 城主指南
专家,0 核心三宝书\DMG城主指南\第四章\专家.htm,5,核心三宝书 / [DMG] 城主指南 / 第四章：非玩家人物 / 非玩家人物的职业,核心三宝书,[DMG] 城主指南
武者,0 核心三宝书\DMG城主指南\第四章\武者.htm,5,核心三宝书 / [DMG] 城主指南 / 第四章：非玩家人物 / 非玩家人物的职业,核心三宝书,[DMG] 城主指南
非玩家人物数据资料,0 核心三宝书\DMG城主指南\第四章\非玩家人物数据资料.htm,4,核心三宝书 / [DMG] 城主指南 / 第四章：非玩家人物,核心三宝书,[DMG] 城主指南
野蛮人非玩家人物,0 核心三宝书\DMG城主指南\第四章\野蛮人非玩家人物.htm,5,核心三宝书 / [DMG] 城主指南 / 第四章：非玩家人物 / 非玩家人物数据资料,核心三宝书,[DMG] 城主指南
吟游诗人非玩家人物,0 核心三宝书\DMG城主指南\第四章\吟游诗人非玩家人物.htm,5,核心三宝书 / [DMG] 城主指南 / 第四章：非玩家人物 / 非玩家人物数据资料,核心三宝书,[DMG] 城主指南
牧师非玩家人物,0 核心三宝书\DMG城主指南\第四章\牧师非玩家人物.htm,5,核心三宝书 / [DMG] 城主指南 / 第四章：非玩家人物 / 非玩家人物数据资料,核心三宝书,[DMG] 城主指南
德鲁伊非玩家人物,0 核心三宝书\DMG城主指南\第四章\德鲁伊非玩家人物.htm,5,核心三宝书 / [DMG] 城主指南 / 第四章：非玩家人物 / 非玩家人物数据资料,核心三宝书,[DMG] 城主指南
战士非玩家人物,0 核心三宝书\DMG城主指南\第四章\战士非玩家人物.htm,5,核心三宝书 / [DMG] 城主指南 / 第四章：非玩家人物 / 非玩家人物数据资料,核心三宝书,[DMG] 城主指南
武僧非玩家人物,0 核心三宝书\DMG城主指南\第四章\武僧非玩家人物.htm,5,核心三宝书 / [DMG] 城主指南 / 第四章：非玩家人物 / 非玩家人物数据资料,核心三宝书,[DMG] 城主指南
圣武士非玩家人物,0 核心三宝书\DMG城主指南\第四章\圣武士非玩家人物.htm,5,核心三宝书 / [DMG] 城主指南 / 第四章：非玩家人物 / 非玩家人物数据资料,核心三宝书,[DMG] 城主指南
巡林客非玩家人物,0 核心三宝书\DMG城主指南\第四章\巡林客非玩家人物.htm,5,核心三宝书 / [DMG] 城主指南 / 第四章：非玩家人物 / 非玩家人物数据资料,核心三宝书,[DMG] 城主指南
游荡者非玩家人物,0 核心三宝书\DMG城主指南\第四章\游荡者非玩家人物.htm,5,核心三宝书 / [DMG] 城主指南 / 第四章：非玩家人物 / 非玩家人物数据资料,核心三宝书,[DMG] 城主指南
术士非玩家人物,0 核心三宝书\DMG城主指南\第四章\术士非玩家人物.htm,5,核心三宝书 / [DMG] 城主指南 / 第四章：非玩家人物 / 非玩家人物数据资料,核心三宝书,[DMG] 城主指南
法师非玩家人物,0 核心三宝书\DMG城主指南\第四章\法师非玩家人物.htm,5,核心三宝书 / [DMG] 城主指南 / 第四章：非玩家人物 / 非玩家人物数据资料,核心三宝书,[DMG] 城主指南
人物种族或生物种类的非玩家人物修正值,0 核心三宝书\DMG城主指南\第四章\人物种族或生物种类的非玩家人物修正值.htm,5,核心三宝书 / [DMG] 城主指南 / 第四章：非玩家人物 / 非玩家人物数据资料,核心三宝书,[DMG] 城主指南
非玩家人物修正值的解释与定义,0 核心三宝书\DMG城主指南\第四章\非玩家人物修正值的解释与定义.htm,5,核心三宝书 / [DMG] 城主指南 / 第四章：非玩家人物 / 非玩家人物数据资料,核心三宝书,[DMG] 城主指南
非玩家人物修正值,0 核心三宝书\DMG城主指南\第四章\非玩家人物修正值.htm,5,核心三宝书 / [DMG] 城主指南 / 第四章：非玩家人物 / 非玩家人物数据资料,核心三宝书,[DMG] 城主指南
非玩家人物的态度,0 核心三宝书\DMG城主指南\第四章\非玩家人物的态度.htm,4,核心三宝书 / [DMG] 城主指南 / 第四章：非玩家人物,核心三宝书,[DMG] 城主指南
刻画非玩家人物,0 核心三宝书\DMG城主指南\第四章\刻画非玩家人物.htm,4,核心三宝书 / [DMG] 城主指南 / 第四章：非玩家人物,核心三宝书,[DMG] 城主指南
第五章：战役剧情,0 核心三宝书\DMG城主指南\第五章\战役剧情\前言\战役与世界.htm,3,核心三宝书 / [DMG] 城主指南,核心三宝书,[DMG] 城主指南
前言,0 核心三宝书\DMG城主指南\第五章\战役剧情\前言\战役与世界.htm,4,核心三宝书 / [DMG] 城主指南 / 第五章：战役剧情,核心三宝书,[DMG] 城主指南
设立一个战役,0 核心三宝书\DMG城主指南\第五章\战役剧情\设立一个战役\规则变化：生活支出.htm,4,核心三宝书 / [DMG] 城主指南 / 第五章：战役剧情,核心三宝书,[DMG] 城主指南
设立一个战役,0 核心三宝书\DMG城主指南\第五章\战役剧情\设立一个战役\设立一个战役.htm,5,核心三宝书 / [DMG] 城主指南 / 第五章：战役剧情 / 设立一个战役,核心三宝书,[DMG] 城主指南
维护一个战役,0 核心三宝书\DMG城主指南\第五章\战役剧情\维护一个战役\维护一个战役.htm,5,核心三宝书 / [DMG] 城主指南 / 第五章：战役剧情 / 设立一个战役,核心三宝书,[DMG] 城主指南
人物与周围世界,0 核心三宝书\DMG城主指南\第五章\战役剧情\人物与周围世界\人物与周围世界.htm,4,核心三宝书 / [DMG] 城主指南 / 第五章：战役剧情,核心三宝书,[DMG] 城主指南
战争与灾祸,0 核心三宝书\DMG城主指南\第五章\战役剧情\战争与灾祸\战争与灾祸.htm,4,核心三宝书 / [DMG] 城主指南 / 第五章：战役剧情,核心三宝书,[DMG] 城主指南
其他事项,0 核心三宝书\DMG城主指南\第五章\战役剧情\其他事项\从低级到高级的过渡.htm,4,核心三宝书 / [DMG] 城主指南 / 第五章：战役剧情,核心三宝书,[DMG] 城主指南
低等级人物,0 核心三宝书\DMG城主指南\第五章\战役剧情\其他事项\低等级人物.htm,5,核心三宝书 / [DMG] 城主指南 / 第五章：战役剧情 / 其他事项,核心三宝书,[DMG] 城主指南
订立个人目标,0 核心三宝书\DMG城主指南\第五章\战役剧情\其他事项\订立个人目标.htm,5,核心三宝书 / [DMG] 城主指南 / 第五章：战役剧情 / 其他事项,核心三宝书,[DMG] 城主指南
高等级人物,0 核心三宝书\DMG城主指南\第五章\战役剧情\其他事项\高等级人物.htm,5,核心三宝书 / [DMG] 城主指南 / 第五章：战役剧情 / 其他事项,核心三宝书,[DMG] 城主指南
加入新玩家,0 核心三宝书\DMG城主指南\第五章\战役剧情\其他事项\加入新玩家.htm,5,核心三宝书 / [DMG] 城主指南 / 第五章：战役剧情 / 其他事项,核心三宝书,[DMG] 城主指南
其他事项,0 核心三宝书\DMG城主指南\第五章\战役剧情\其他事项\其他事项.htm,5,核心三宝书 / [DMG] 城主指南 / 第五章：战役剧情 / 其他事项,核心三宝书,[DMG] 城主指南
人物财产,0 核心三宝书\DMG城主指南\第五章\战役剧情\其他事项\人物财产.htm,5,核心三宝书 / [DMG] 城主指南 / 第五章：战役剧情 / 其他事项,核心三宝书,[DMG] 城主指南
人物能力的控制,0 核心三宝书\DMG城主指南\第五章\战役剧情\其他事项\人物能力的控制.htm,5,核心三宝书 / [DMG] 城主指南 / 第五章：战役剧情 / 其他事项,核心三宝书,[DMG] 城主指南
失控的玩家人物,0 核心三宝书\DMG城主指南\第五章\战役剧情\其他事项\失控的玩家人物.htm,5,核心三宝书 / [DMG] 城主指南 / 第五章：战役剧情 / 其他事项,核心三宝书,[DMG] 城主指南
阵营转变,0 核心三宝书\DMG城主指南\第五章\战役剧情\其他事项\阵营转变.htm,5,核心三宝书 / [DMG] 城主指南 / 第五章：战役剧情 / 其他事项,核心三宝书,[DMG] 城主指南
构建世界,0 核心三宝书\DMG城主指南\第五章\战役剧情\构建世界\币制.htm,4,核心三宝书 / [DMG] 城主指南 / 第五章：战役剧情,核心三宝书,[DMG] 城主指南
创造城镇,0 核心三宝书\DMG城主指南\第五章\战役剧情\构建世界\创造城镇.htm,5,核心三宝书 / [DMG] 城主指南 / 第五章：战役剧情 / 构建世界,核心三宝书,[DMG] 城主指南
创造新神祇,0 核心三宝书\DMG城主指南\第五章\战役剧情\构建世界\创造新神祇.htm,5,核心三宝书 / [DMG] 城主指南 / 第五章：战役剧情 / 构建世界,核心三宝书,[DMG] 城主指南
地理,0 核心三宝书\DMG城主指南\第五章\战役剧情\构建世界\地理.htm,5,核心三宝书 / [DMG] 城主指南 / 第五章：战役剧情 / 构建世界,核心三宝书,[DMG] 城主指南
对魔法的限制,0 核心三宝书\DMG城主指南\第五章\战役剧情\构建世界\对魔法的限制.htm,5,核心三宝书 / [DMG] 城主指南 / 第五章：战役剧情 / 构建世界,核心三宝书,[DMG] 城主指南
法律事务,0 核心三宝书\DMG城主指南\第五章\战役剧情\构建世界\法律事务.htm,5,核心三宝书 / [DMG] 城主指南 / 第五章：战役剧情 / 构建世界,核心三宝书,[DMG] 城主指南
赋税与捐款,0 核心三宝书\DMG城主指南\第五章\战役剧情\构建世界\赋税与捐款.htm,5,核心三宝书 / [DMG] 城主指南 / 第五章：战役剧情 / 构建世界,核心三宝书,[DMG] 城主指南
各职业人物总和,0 核心三宝书\DMG城主指南\第五章\战役剧情\构建世界\各职业人物总和.htm,5,核心三宝书 / [DMG] 城主指南 / 第五章：战役剧情 / 构建世界,核心三宝书,[DMG] 城主指南
各种族人口分布,0 核心三宝书\DMG城主指南\第五章\战役剧情\构建世界\各种族人口分布.htm,5,核心三宝书 / [DMG] 城主指南 / 第五章：战役剧情 / 构建世界,核心三宝书,[DMG] 城主指南
供需法则,0 核心三宝书\DMG城主指南\第五章\战役剧情\构建世界\供需法则.htm,5,核心三宝书 / [DMG] 城主指南 / 第五章：战役剧情 / 构建世界,核心三宝书,[DMG] 城主指南
构建世界,0 核心三宝书\DMG城主指南\第五章\战役剧情\构建世界\构建世界.htm,5,核心三宝书 / [DMG] 城主指南 / 第五章：战役剧情 / 构建世界,核心三宝书,[DMG] 城主指南
经济,0 核心三宝书\DMG城主指南\第五章\战役剧情\构建世界\经济.htm,5,核心三宝书 / [DMG] 城主指南 / 第五章：战役剧情 / 构建世界,核心三宝书,[DMG] 城主指南
迷信,0 核心三宝书\DMG城主指南\第五章\战役剧情\构建世界\迷信.htm,5,核心三宝书 / [DMG] 城主指南 / 第五章：战役剧情 / 构建世界,核心三宝书,[DMG] 城主指南
魔法,0 核心三宝书\DMG城主指南\第五章\战役剧情\构建世界\魔法.htm,5,核心三宝书 / [DMG] 城主指南 / 第五章：战役剧情 / 构建世界,核心三宝书,[DMG] 城主指南
魔法物品,0 核心三宝书\DMG城主指南\第五章\战役剧情\构建世界\魔法物品.htm,5,核心三宝书 / [DMG] 城主指南 / 第五章：战役剧情 / 构建世界,核心三宝书,[DMG] 城主指南
幕后随谈,0 核心三宝书\DMG城主指南\第五章\战役剧情\构建世界\幕后随谈.htm,5,核心三宝书 / [DMG] 城主指南 / 第五章：战役剧情 / 构建世界,核心三宝书,[DMG] 城主指南
气候与地形,0 核心三宝书\DMG城主指南\第五章\战役剧情\构建世界\气候与地形.htm,5,核心三宝书 / [DMG] 城主指南 / 第五章：战役剧情 / 构建世界,核心三宝书,[DMG] 城主指南
钱庄,0 核心三宝书\DMG城主指南\第五章\战役剧情\构建世界\钱庄.htm,5,核心三宝书 / [DMG] 城主指南 / 第五章：战役剧情 / 构建世界,核心三宝书,[DMG] 城主指南
权力中心的斗争,0 核心三宝书\DMG城主指南\第五章\战役剧情\构建世界\权力中心的斗争.htm,5,核心三宝书 / [DMG] 城主指南 / 第五章：战役剧情 / 构建世界,核心三宝书,[DMG] 城主指南
权力中心的阵营,0 核心三宝书\DMG城主指南\第五章\战役剧情\构建世界\权力中心的阵营.htm,5,核心三宝书 / [DMG] 城主指南 / 第五章：战役剧情 / 构建世界,核心三宝书,[DMG] 城主指南
人口分布,0 核心三宝书\DMG城主指南\第五章\战役剧情\构建世界\人口分布.htm,5,核心三宝书 / [DMG] 城主指南 / 第五章：战役剧情 / 构建世界,核心三宝书,[DMG] 城主指南
社会阶级,0 核心三宝书\DMG城主指南\第五章\战役剧情\构建世界\社会阶级.htm,5,核心三宝书 / [DMG] 城主指南 / 第五章：战役剧情 / 构建世界,核心三宝书,[DMG] 城主指南
社区财富与人口,0 核心三宝书\DMG城主指南\第五章\战役剧情\构建世界\社区财富与人口.htm,5,核心三宝书 / [DMG] 城主指南 / 第五章：战役剧情 / 构建世界,核心三宝书,[DMG] 城主指南
社区的权力中心,0 核心三宝书\DMG城主指南\第五章\战役剧情\构建世界\社区的权力中心.htm,5,核心三宝书 / [DMG] 城主指南 / 第五章：战役剧情 / 构建世界,核心三宝书,[DMG] 城主指南
社区里的非玩家人物,0 核心三宝书\DMG城主指南\第五章\战役剧情\构建世界\社区里的非玩家人物.htm,5,核心三宝书 / [DMG] 城主指南 / 第五章：战役剧情 / 构建世界,核心三宝书,[DMG] 城主指南
社区中的公权力,0 核心三宝书\DMG城主指南\第五章\战役剧情\构建世界\社区中的公权力.htm,5,核心三宝书 / [DMG] 城主指南 / 第五章：战役剧情 / 构建世界,核心三宝书,[DMG] 城主指南
神系与战役设定,0 核心三宝书\DMG城主指南\第五章\战役剧情\构建世界\神系与战役设定.htm,5,核心三宝书 / [DMG] 城主指南 / 第五章：战役剧情 / 构建世界,核心三宝书,[DMG] 城主指南
世界-高等级人物141p,0 核心三宝书\DMG城主指南\第五章\战役剧情\构建世界\世界-高等级人物141p.htm,5,核心三宝书 / [DMG] 城主指南 / 第五章：战役剧情 / 构建世界,核心三宝书,[DMG] 城主指南
文化倾向,0 核心三宝书\DMG城主指南\第五章\战役剧情\构建世界\文化倾向.htm,5,核心三宝书 / [DMG] 城主指南 / 第五章：战役剧情 / 构建世界,核心三宝书,[DMG] 城主指南
政治,0 核心三宝书\DMG城主指南\第五章\战役剧情\构建世界\政治.htm,5,核心三宝书 / [DMG] 城主指南 / 第五章：战役剧情 / 构建世界,核心三宝书,[DMG] 城主指南
政治体制,0 核心三宝书\DMG城主指南\第五章\战役剧情\构建世界\政治体制.htm,5,核心三宝书 / [DMG] 城主指南 / 第五章：战役剧情 / 构建世界,核心三宝书,[DMG] 城主指南
自然生态,0 核心三宝书\DMG城主指南\第五章\战役剧情\构建世界\自然生态.htm,5,核心三宝书 / [DMG] 城主指南 / 第五章：战役剧情 / 构建世界,核心三宝书,[DMG] 城主指南
宗教,0 核心三宝书\DMG城主指南\第五章\战役剧情\构建世界\宗教.htm,5,核心三宝书 / [DMG] 城主指南 / 第五章：战役剧情 / 构建世界,核心三宝书,[DMG] 城主指南
构建不同的世界,0 核心三宝书\DMG城主指南\第五章\战役剧情\构建不同的世界\构建不同的世界.htm,4,核心三宝书 / [DMG] 城主指南 / 第五章：战役剧情,核心三宝书,[DMG] 城主指南
原始科技,0 核心三宝书\DMG城主指南\第五章\战役剧情\构建不同的世界\原始科技.htm,5,核心三宝书 / [DMG] 城主指南 / 第五章：战役剧情 / 构建不同的世界,核心三宝书,[DMG] 城主指南
亚洲文化,0 核心三宝书\DMG城主指南\第五章\战役剧情\构建不同的世界\亚洲文化.htm,5,核心三宝书 / [DMG] 城主指南 / 第五章：战役剧情 / 构建不同的世界,核心三宝书,[DMG] 城主指南
社会文化,0 核心三宝书\DMG城主指南\第五章\战役剧情\构建不同的世界\社会文化.htm,5,核心三宝书 / [DMG] 城主指南 / 第五章：战役剧情 / 构建不同的世界,核心三宝书,[DMG] 城主指南
科技,0 核心三宝书\DMG城主指南\第五章\战役剧情\构建不同的世界\科技.htm,5,核心三宝书 / [DMG] 城主指南 / 第五章：战役剧情 / 构建不同的世界,核心三宝书,[DMG] 城主指南
增进科技水准,0 核心三宝书\DMG城主指南\第五章\战役剧情\构建不同的世界\增进科技水准.htm,5,核心三宝书 / [DMG] 城主指南 / 第五章：战役剧情 / 构建不同的世界,核心三宝书,[DMG] 城主指南
现代与未来科技,0 核心三宝书\DMG城主指南\第五章\战役剧情\构建不同的世界\现代与未来科技.htm,5,核心三宝书 / [DMG] 城主指南 / 第五章：战役剧情 / 构建不同的世界,核心三宝书,[DMG] 城主指南
异界冒险,0 核心三宝书\DMG城主指南\第五章\战役剧情\异界冒险\什么是位面.htm,4,核心三宝书 / [DMG] 城主指南 / 第五章：战役剧情,核心三宝书,[DMG] 城主指南
异界冒险,0 核心三宝书\DMG城主指南\第五章\战役剧情\异界冒险\异界冒险.htm,5,核心三宝书 / [DMG] 城主指南 / 第五章：战役剧情 / 异界冒险,核心三宝书,[DMG] 城主指南
位面特征,0 核心三宝书\DMG城主指南\第五章\战役剧情\位面特征\分层位面.htm,4,核心三宝书 / [DMG] 城主指南 / 第五章：战役剧情,核心三宝书,[DMG] 城主指南
位面特征,0 核心三宝书\DMG城主指南\第五章\战役剧情\位面特征\位面特征.htm,5,核心三宝书 / [DMG] 城主指南 / 第五章：战役剧情 / 位面特征,核心三宝书,[DMG] 城主指南
龙与地下城的宇宙观,0 核心三宝书\DMG城主指南\第五章\战役剧情\位面特征\龙与地下城的宇宙观.htm,5,核心三宝书 / [DMG] 城主指南 / 第五章：战役剧情 / 位面特征,核心三宝书,[DMG] 城主指南
物理特征,0 核心三宝书\DMG城主指南\第五章\战役剧情\位面特征\物理特征.htm,5,核心三宝书 / [DMG] 城主指南 / 第五章：战役剧情 / 位面特征,核心三宝书,[DMG] 城主指南
元素与能量特征,0 核心三宝书\DMG城主指南\第五章\战役剧情\位面特征\元素与能量特征.htm,5,核心三宝书 / [DMG] 城主指南 / 第五章：战役剧情 / 位面特征,核心三宝书,[DMG] 城主指南
魔法特征,0 核心三宝书\DMG城主指南\第五章\战役剧情\位面特征\魔法特征.htm,5,核心三宝书 / [DMG] 城主指南 / 第五章：战役剧情 / 位面特征,核心三宝书,[DMG] 城主指南
阵营特征,0 核心三宝书\DMG城主指南\第五章\战役剧情\位面特征\阵营特征.htm,5,核心三宝书 / [DMG] 城主指南 / 第五章：战役剧情 / 位面特征,核心三宝书,[DMG] 城主指南
位面关联,0 核心三宝书\DMG城主指南\第五章\战役剧情\位面特征\位面关联.htm,5,核心三宝书 / [DMG] 城主指南 / 第五章：战役剧情 / 位面特征,核心三宝书,[DMG] 城主指南
随机位面目的地,0 核心三宝书\DMG城主指南\第五章\战役剧情\位面特征\随机位面目的地.htm,5,核心三宝书 / [DMG] 城主指南 / 第五章：战役剧情 / 位面特征,核心三宝书,[DMG] 城主指南
位面说明,0 核心三宝书\DMG城主指南\第五章\战役剧情\位面说明\奥林匹亚林地之奔放之野.htm,4,核心三宝书 / [DMG] 城主指南 / 第五章：战役剧情,核心三宝书,[DMG] 城主指南
地狱战场之修罗场,0 核心三宝书\DMG城主指南\第五章\战役剧情\位面说明\地狱战场之修罗场.htm,5,核心三宝书 / [DMG] 城主指南 / 第五章：战役剧情 / 位面说明,核心三宝书,[DMG] 城主指南
风啸深渊之喧嚣空隧,0 核心三宝书\DMG城主指南\第五章\战役剧情\位面说明\风啸深渊之喧嚣空隧.htm,5,核心三宝书 / [DMG] 城主指南 / 第五章：战役剧情 / 位面说明,核心三宝书,[DMG] 城主指南
负能量位面,0 核心三宝书\DMG城主指南\第五章\战役剧情\位面说明\负能量位面.htm,5,核心三宝书 / [DMG] 城主指南 / 第五章：战役剧情 / 位面说明,核心三宝书,[DMG] 城主指南
和平国度之世外桃源,0 核心三宝书\DMG城主指南\第五章\战役剧情\位面说明\和平国度之世外桃源.htm,5,核心三宝书 / [DMG] 城主指南 / 第五章：战役剧情 / 位面说明,核心三宝书,[DMG] 城主指南
和谐领域之外域,0 核心三宝书\DMG城主指南\第五章\战役剧情\位面说明\和谐领域之外域.htm,5,核心三宝书 / [DMG] 城主指南 / 第五章：战役剧情 / 位面说明,核心三宝书,[DMG] 城主指南
灰色荒野之哈迪斯,0 核心三宝书\DMG城主指南\第五章\战役剧情\位面说明\灰色荒野之哈迪斯.htm,5,核心三宝书 / [DMG] 城主指南 / 第五章：战役剧情 / 位面说明,核心三宝书,[DMG] 城主指南
火元素位面,0 核心三宝书\DMG城主指南\第五章\战役剧情\位面说明\火元素位面.htm,5,核心三宝书 / [DMG] 城主指南 / 第五章：战役剧情 / 位面说明,核心三宝书,[DMG] 城主指南
九层地狱之巴托地狱,0 核心三宝书\DMG城主指南\第五章\战役剧情\位面说明\九层地狱之巴托地狱.htm,5,核心三宝书 / [DMG] 城主指南 / 第五章：战役剧情 / 位面说明,核心三宝书,[DMG] 城主指南
流放深渊之卡瑟利,0 核心三宝书\DMG城主指南\第五章\战役剧情\位面说明\流放深渊之卡瑟利.htm,5,核心三宝书 / [DMG] 城主指南 / 第五章：战役剧情 / 位面说明,核心三宝书,[DMG] 城主指南
孪生伊甸之双生天堂,0 核心三宝书\DMG城主指南\第五章\战役剧情\位面说明\孪生伊甸之双生天堂.htm,5,核心三宝书 / [DMG] 城主指南 / 第五章：战役剧情 / 位面说明,核心三宝书,[DMG] 城主指南
七丘天堂之天堂山,0 核心三宝书\DMG城主指南\第五章\战役剧情\位面说明\七丘天堂之天堂山.htm,5,核心三宝书 / [DMG] 城主指南 / 第五章：战役剧情 / 位面说明,核心三宝书,[DMG] 城主指南
气元素位面,0 核心三宝书\DMG城主指南\第五章\战役剧情\位面说明\气元素位面.htm,5,核心三宝书 / [DMG] 城主指南 / 第五章：战役剧情 / 位面说明,核心三宝书,[DMG] 城主指南
水元素位面,0 核心三宝书\DMG城主指南\第五章\战役剧情\位面说明\水元素位面.htm,5,核心三宝书 / [DMG] 城主指南 / 第五章：战役剧情 / 位面说明,核心三宝书,[DMG] 城主指南
土元素位面,0 核心三宝书\DMG城主指南\第五章\战役剧情\位面说明\土元素位面.htm,5,核心三宝书 / [DMG] 城主指南 / 第五章：战役剧情 / 位面说明,核心三宝书,[DMG] 城主指南
外层位面遭遇表,0 核心三宝书\DMG城主指南\第五章\战役剧情\位面说明\外层位面遭遇表.htm,5,核心三宝书 / [DMG] 城主指南 / 第五章：战役剧情 / 位面说明,核心三宝书,[DMG] 城主指南
位面说明,0 核心三宝书\DMG城主指南\第五章\战役剧情\位面说明\位面说明.htm,5,核心三宝书 / [DMG] 城主指南 / 第五章：战役剧情 / 位面说明,核心三宝书,[DMG] 城主指南
无尽荒野之万兽园,0 核心三宝书\DMG城主指南\第五章\战役剧情\位面说明\无尽荒野之万兽园.htm,5,核心三宝书 / [DMG] 城主指南 / 第五章：战役剧情 / 位面说明,核心三宝书,[DMG] 城主指南
无限层面之无底深渊,0 核心三宝书\DMG城主指南\第五章\战役剧情\位面说明\无限层面之无底深渊.htm,5,核心三宝书 / [DMG] 城主指南 / 第五章：战役剧情 / 位面说明,核心三宝书,[DMG] 城主指南
星界,0 核心三宝书\DMG城主指南\第五章\战役剧情\位面说明\星界.htm,5,核心三宝书 / [DMG] 城主指南 / 第五章：战役剧情 / 位面说明,核心三宝书,[DMG] 城主指南
以太界,0 核心三宝书\DMG城主指南\第五章\战役剧情\位面说明\以太界.htm,5,核心三宝书 / [DMG] 城主指南 / 第五章：战役剧情 / 位面说明,核心三宝书,[DMG] 城主指南
英雄领域之约瑟园,0 核心三宝书\DMG城主指南\第五章\战役剧情\位面说明\英雄领域之约瑟园.htm,5,核心三宝书 / [DMG] 城主指南 / 第五章：战役剧情 / 位面说明,核心三宝书,[DMG] 城主指南
永恒荒凉之焦炎地狱,0 核心三宝书\DMG城主指南\第五章\战役剧情\位面说明\永恒荒凉之焦炎地狱.htm,5,核心三宝书 / [DMG] 城主指南 / 第五章：战役剧情 / 位面说明,核心三宝书,[DMG] 城主指南
永恒混乱之混沌海,0 核心三宝书\DMG城主指南\第五章\战役剧情\位面说明\永恒混乱之混沌海.htm,5,核心三宝书 / [DMG] 城主指南 / 第五章：战役剧情 / 位面说明,核心三宝书,[DMG] 城主指南
幽影界,0 核心三宝书\DMG城主指南\第五章\战役剧情\位面说明\幽影界.htm,5,核心三宝书 / [DMG] 城主指南 / 第五章：战役剧情 / 位面说明,核心三宝书,[DMG] 城主指南
正能量位面,0 核心三宝书\DMG城主指南\第五章\战役剧情\位面说明\正能量位面.htm,5,核心三宝书 / [DMG] 城主指南 / 第五章：战役剧情 / 位面说明,核心三宝书,[DMG] 城主指南
钟表涅磐之机械境,0 核心三宝书\DMG城主指南\第五章\战役剧情\位面说明\钟表涅磐之机械境.htm,5,核心三宝书 / [DMG] 城主指南 / 第五章：战役剧情 / 位面说明,核心三宝书,[DMG] 城主指南
祝福地域之极乐境,0 核心三宝书\DMG城主指南\第五章\战役剧情\位面说明\祝福地域之极乐境.htm,5,核心三宝书 / [DMG] 城主指南 / 第五章：战役剧情 / 位面说明,核心三宝书,[DMG] 城主指南
打造宇宙观,0 核心三宝书\DMG城主指南\第五章\战役剧情\打造宇宙观\打造宇宙观.htm,4,核心三宝书 / [DMG] 城主指南 / 第五章：战役剧情,核心三宝书,[DMG] 城主指南
你需要什么位面,0 核心三宝书\DMG城主指南\第五章\战役剧情\打造宇宙观\你需要什么位面.htm,5,核心三宝书 / [DMG] 城主指南 / 第五章：战役剧情 / 打造宇宙观,核心三宝书,[DMG] 城主指南
更多位面特征167,0 核心三宝书\DMG城主指南\第五章\战役剧情\打造宇宙观\更多位面特征167.htm,5,核心三宝书 / [DMG] 城主指南 / 第五章：战役剧情 / 打造宇宙观,核心三宝书,[DMG] 城主指南
位面特征167,0 核心三宝书\DMG城主指南\第五章\战役剧情\打造宇宙观\位面特征167.htm,5,核心三宝书 / [DMG] 城主指南 / 第五章：战役剧情 / 打造宇宙观,核心三宝书,[DMG] 城主指南
第六章：人物,0 核心三宝书\DMG城主指南\第六章\前言.htm,3,核心三宝书 / [DMG] 城主指南,核心三宝书,[DMG] 城主指南
规则变化：本章变体规则不列为边栏,0 核心三宝书\DMG城主指南\第六章\规则变化：本章变体规则不列为边栏.htm,4,核心三宝书 / [DMG] 城主指南 / 第六章：人物,核心三宝书,[DMG] 城主指南
属性值,0 核心三宝书\DMG城主指南\第六章\属性值.htm,4,核心三宝书 / [DMG] 城主指南 / 第六章：人物,核心三宝书,[DMG] 城主指南
RPGA人物及属性值,0 核心三宝书\DMG城主指南\第六章\RPGA人物及属性值.htm,5,核心三宝书 / [DMG] 城主指南 / 第六章：人物 / 属性值,核心三宝书,[DMG] 城主指南
种族、亚种与范例,0 核心三宝书\DMG城主指南\第六章\种族、亚种与范例.htm,4,核心三宝书 / [DMG] 城主指南 / 第六章：人物,核心三宝书,[DMG] 城主指南
调整种族,0 核心三宝书\DMG城主指南\第六章\调整种族.htm,5,核心三宝书 / [DMG] 城主指南 / 第六章：人物 / 种族、亚种与范例,核心三宝书,[DMG] 城主指南
增减调整,0 核心三宝书\DMG城主指南\第六章\增减调整.htm,5,核心三宝书 / [DMG] 城主指南 / 第六章：人物 / 种族、亚种与范例,核心三宝书,[DMG] 城主指南
调整种族范例,0 核心三宝书\DMG城主指南\第六章\调整种族范例.htm,5,核心三宝书 / [DMG] 城主指南 / 第六章：人物 / 种族、亚种与范例,核心三宝书,[DMG] 城主指南
职业与种族的限制,0 核心三宝书\DMG城主指南\第六章\职业与种族的限制.htm,5,核心三宝书 / [DMG] 城主指南 / 第六章：人物 / 种族、亚种与范例,核心三宝书,[DMG] 城主指南
新种族,0 核心三宝书\DMG城主指南\第六章\新种族.htm,5,核心三宝书 / [DMG] 城主指南 / 第六章：人物 / 种族、亚种与范例,核心三宝书,[DMG] 城主指南
以怪物作为人物种族,0 核心三宝书\DMG城主指南\第六章\以怪物作为人物种族.htm,5,核心三宝书 / [DMG] 城主指南 / 第六章：人物 / 种族、亚种与范例,核心三宝书,[DMG] 城主指南
创造新种族,0 核心三宝书\DMG城主指南\第六章\创造新种族.htm,5,核心三宝书 / [DMG] 城主指南 / 第六章：人物 / 种族、亚种与范例,核心三宝书,[DMG] 城主指南
职业,0 核心三宝书\DMG城主指南\第六章\职业.htm,4,核心三宝书 / [DMG] 城主指南 / 第六章：人物,核心三宝书,[DMG] 城主指南
调整人物职业,0 核心三宝书\DMG城主指南\第六章\调整人物职业.htm,5,核心三宝书 / [DMG] 城主指南 / 第六章：人物 / 职业,核心三宝书,[DMG] 城主指南
避免犯错,0 核心三宝书\DMG城主指南\第六章\避免犯错.htm,5,核心三宝书 / [DMG] 城主指南 / 第六章：人物 / 职业,核心三宝书,[DMG] 城主指南
变体的法术列表,0 核心三宝书\DMG城主指南\第六章\变体的法术列表.htm,5,核心三宝书 / [DMG] 城主指南 / 第六章：人物 / 职业,核心三宝书,[DMG] 城主指南
新法术列表范例：女巫(Witch),0 核心三宝书\DMG城主指南\第六章\新法术列表范例：女巫（Witch）.htm,5,核心三宝书 / [DMG] 城主指南 / 第六章：人物 / 职业,核心三宝书,[DMG] 城主指南
创造新职业,0 核心三宝书\DMG城主指南\第六章\创造新职业.htm,5,核心三宝书 / [DMG] 城主指南 / 第六章：人物 / 职业,核心三宝书,[DMG] 城主指南
幕后随谈：为何要修改人物职业？,0 核心三宝书\DMG城主指南\第六章\幕后随谈：为何要修改人物职业？.htm,5,核心三宝书 / [DMG] 城主指南 / 第六章：人物 / 职业,核心三宝书,[DMG] 城主指南
进阶职业,0 核心三宝书\DMG城主指南\第六章\进阶职业.htm,4,核心三宝书 / [DMG] 城主指南 / 第六章：人物,核心三宝书,[DMG] 城主指南
魔射手,0 核心三宝书\DMG城主指南\第六章\魔射手.htm,5,核心三宝书 / [DMG] 城主指南 / 第六章：人物 / 进阶职业,核心三宝书,[DMG] 城主指南
诡术师,0 核心三宝书\DMG城主指南\第六章\诡术师.htm,5,核心三宝书 / [DMG] 城主指南 / 第六章：人物 / 进阶职业,核心三宝书,[DMG] 城主指南
大法师,0 核心三宝书\DMG城主指南\第六章\大法师.htm,5,核心三宝书 / [DMG] 城主指南 / 第六章：人物 / 进阶职业,核心三宝书,[DMG] 城主指南
刺客,0 核心三宝书\DMG城主指南\第六章\刺客.htm,5,核心三宝书 / [DMG] 城主指南 / 第六章：人物 / 进阶职业,核心三宝书,[DMG] 城主指南
暗黑卫士,0 核心三宝书\DMG城主指南\第六章\暗黑卫士.htm,5,核心三宝书 / [DMG] 城主指南 / 第六章：人物 / 进阶职业,核心三宝书,[DMG] 城主指南
龙脉术士,0 核心三宝书\DMG城主指南\第六章\龙脉术士.htm,5,核心三宝书 / [DMG] 城主指南 / 第六章：人物 / 进阶职业,核心三宝书,[DMG] 城主指南
决斗家,0 核心三宝书\DMG城主指南\第六章\决斗家.htm,5,核心三宝书 / [DMG] 城主指南 / 第六章：人物 / 进阶职业,核心三宝书,[DMG] 城主指南
矮人防御者,0 核心三宝书\DMG城主指南\第六章\矮人防御者.htm,5,核心三宝书 / [DMG] 城主指南 / 第六章：人物 / 进阶职业,核心三宝书,[DMG] 城主指南
奥法骑士,0 核心三宝书\DMG城主指南\第六章\奥法骑士.htm,5,核心三宝书 / [DMG] 城主指南 / 第六章：人物 / 进阶职业,核心三宝书,[DMG] 城主指南
大祭司,0 核心三宝书\DMG城主指南\第六章\大祭司.htm,5,核心三宝书 / [DMG] 城主指南 / 第六章：人物 / 进阶职业,核心三宝书,[DMG] 城主指南
大地旅者,0 核心三宝书\DMG城主指南\第六章\大地旅者.htm,5,核心三宝书 / [DMG] 城主指南 / 第六章：人物 / 进阶职业,核心三宝书,[DMG] 城主指南
博学士,0 核心三宝书\DMG城主指南\第六章\博学士.htm,5,核心三宝书 / [DMG] 城主指南 / 第六章：人物 / 进阶职业,核心三宝书,[DMG] 城主指南
秘术士,0 核心三宝书\DMG城主指南\第六章\秘术士.htm,5,核心三宝书 / [DMG] 城主指南 / 第六章：人物 / 进阶职业,核心三宝书,[DMG] 城主指南
红袍法师,0 核心三宝书\DMG城主指南\第六章\红袍法师.htm,5,核心三宝书 / [DMG] 城主指南 / 第六章：人物 / 进阶职业,核心三宝书,[DMG] 城主指南
影舞者,0 核心三宝书\DMG城主指南\第六章\影舞者.htm,5,核心三宝书 / [DMG] 城主指南 / 第六章：人物 / 进阶职业,核心三宝书,[DMG] 城主指南
咒法召唤师,0 核心三宝书\DMG城主指南\第六章\咒法召唤师.htm,5,核心三宝书 / [DMG] 城主指南 / 第六章：人物 / 进阶职业,核心三宝书,[DMG] 城主指南
设计进阶职业,0 核心三宝书\DMG城主指南\第六章\设计进阶职业.htm,5,核心三宝书 / [DMG] 城主指南 / 第六章：人物 / 进阶职业,核心三宝书,[DMG] 城主指南
提升玩家人物的能力,0 核心三宝书\DMG城主指南\第六章\提升玩家人物的能力.htm,4,核心三宝书 / [DMG] 城主指南 / 第六章：人物,核心三宝书,[DMG] 城主指南
学习技能与专长,0 核心三宝书\DMG城主指南\第六章\学习技能与专长.htm,5,核心三宝书 / [DMG] 城主指南 / 第六章：人物 / 提升玩家人物的能力,核心三宝书,[DMG] 城主指南
学习新法术,0 核心三宝书\DMG城主指南\第六章\学习新法术.htm,5,核心三宝书 / [DMG] 城主指南 / 第六章：人物 / 提升玩家人物的能力,核心三宝书,[DMG] 城主指南
钻研新创法术,0 核心三宝书\DMG城主指南\第六章\钻研新创法术.htm,5,核心三宝书 / [DMG] 城主指南 / 第六章：人物 / 提升玩家人物的能力,核心三宝书,[DMG] 城主指南
获得职业能力,0 核心三宝书\DMG城主指南\第六章\获得职业能力.htm,5,核心三宝书 / [DMG] 城主指南 / 第六章：人物 / 提升玩家人物的能力,核心三宝书,[DMG] 城主指南
休整期,0 核心三宝书\DMG城主指南\第六章\休整期.htm,5,核心三宝书 / [DMG] 城主指南 / 第六章：人物 / 提升玩家人物的能力,核心三宝书,[DMG] 城主指南
获得固定生命值,0 核心三宝书\DMG城主指南\第六章\获得固定生命值.htm,5,核心三宝书 / [DMG] 城主指南 / 第六章：人物 / 提升玩家人物的能力,核心三宝书,[DMG] 城主指南
创造较高等级的人物,0 核心三宝书\DMG城主指南\第六章\创造较高等级的人物.htm,4,核心三宝书 / [DMG] 城主指南 / 第六章：人物,核心三宝书,[DMG] 城主指南
魔法物品的限制,0 核心三宝书\DMG城主指南\第六章\魔法物品的限制.htm,5,核心三宝书 / [DMG] 城主指南 / 第六章：人物 / 创造较高等级的人物,核心三宝书,[DMG] 城主指南
特殊部属,0 核心三宝书\DMG城主指南\第六章\特殊部属.htm,4,核心三宝书 / [DMG] 城主指南 / 第六章：人物,核心三宝书,[DMG] 城主指南
领导力和坐骑,0 核心三宝书\DMG城主指南\第六章\领导力和坐骑.htm,5,核心三宝书 / [DMG] 城主指南 / 第六章：人物 / 特殊部属,核心三宝书,[DMG] 城主指南
魔宠,0 核心三宝书\DMG城主指南\第六章\魔宠.htm,4,核心三宝书 / [DMG] 城主指南 / 第六章：人物,核心三宝书,[DMG] 城主指南
特殊体型主人的魔宠,0 核心三宝书\DMG城主指南\第六章\特殊体型主人的魔宠.htm,5,核心三宝书 / [DMG] 城主指南 / 第六章：人物 / 魔宠,核心三宝书,[DMG] 城主指南
超大型或更大的主人,0 核心三宝书\DMG城主指南\第六章\超大型或更大的主人.htm,5,核心三宝书 / [DMG] 城主指南 / 第六章：人物 / 魔宠,核心三宝书,[DMG] 城主指南
坐骑,0 核心三宝书\DMG城主指南\第六章\坐骑.htm,4,核心三宝书 / [DMG] 城主指南 / 第六章：人物,核心三宝书,[DMG] 城主指南
训练特殊坐骑,0 核心三宝书\DMG城主指南\第六章\训练特殊坐骑.htm,5,核心三宝书 / [DMG] 城主指南 / 第六章：人物 / 坐骑,核心三宝书,[DMG] 城主指南
智慧坐骑,0 核心三宝书\DMG城主指南\第六章\智慧坐骑.htm,5,核心三宝书 / [DMG] 城主指南 / 第六章：人物 / 坐骑,核心三宝书,[DMG] 城主指南
动物伙伴,0 核心三宝书\DMG城主指南\第六章\动物伙伴.htm,4,核心三宝书 / [DMG] 城主指南 / 第六章：人物,核心三宝书,[DMG] 城主指南
史诗人物,0 核心三宝书\DMG城主指南\第六章\史诗人物.htm,4,核心三宝书 / [DMG] 城主指南 / 第六章：人物,核心三宝书,[DMG] 城主指南
史诗人物与职业特性,0 核心三宝书\DMG城主指南\第六章\史诗人物与职业特性.htm,5,核心三宝书 / [DMG] 城主指南 / 第六章：人物 / 史诗人物,核心三宝书,[DMG] 城主指南
史诗职业特性,0 核心三宝书\DMG城主指南\第六章\史诗职业特性.htm,4,核心三宝书 / [DMG] 城主指南 / 第六章：人物,核心三宝书,[DMG] 城主指南
幕后随谈：限制攻击加值和豁免检定加值,0 核心三宝书\DMG城主指南\第六章\幕后随谈：限制攻击加值和豁免检定加值.htm,5,核心三宝书 / [DMG] 城主指南 / 第六章：人物 / 史诗职业特性,核心三宝书,[DMG] 城主指南
创造超过20级的人物,0 核心三宝书\DMG城主指南\第六章\创造超过20级的人物.htm,5,核心三宝书 / [DMG] 城主指南 / 第六章：人物 / 史诗职业特性,核心三宝书,[DMG] 城主指南
以怪物作为史诗人物,0 核心三宝书\DMG城主指南\第六章\以怪物作为史诗人物.htm,5,核心三宝书 / [DMG] 城主指南 / 第六章：人物 / 史诗职业特性,核心三宝书,[DMG] 城主指南
史诗专长,0 核心三宝书\DMG城主指南\第六章\史诗专长.htm,5,核心三宝书 / [DMG] 城主指南 / 第六章：人物 / 史诗职业特性,核心三宝书,[DMG] 城主指南
幕后随谈：史诗职业进程,0 核心三宝书\DMG城主指南\第六章\幕后随谈：史诗职业进程.htm,5,核心三宝书 / [DMG] 城主指南 / 第六章：人物 / 史诗职业特性,核心三宝书,[DMG] 城主指南
第七章：魔法物品,0 核心三宝书\DMG城主指南\第七章\魔法物品.htm,3,核心三宝书 / [DMG] 城主指南,核心三宝书,[DMG] 城主指南
处理魔法物品-宝藏中的魔法物品,0 核心三宝书\DMG城主指南\第七章\处理魔法物品-宝藏中的魔法物品.htm,4,核心三宝书 / [DMG] 城主指南 / 第七章：魔法物品,核心三宝书,[DMG] 城主指南
外观,0 核心三宝书\DMG城主指南\第七章\外观.htm,5,核心三宝书 / [DMG] 城主指南 / 第七章：魔法物品 / 处理魔法物品-宝藏中的魔法物品,核心三宝书,[DMG] 城主指南
鉴定物品,0 核心三宝书\DMG城主指南\第七章\鉴定物品.htm,5,核心三宝书 / [DMG] 城主指南 / 第七章：魔法物品 / 处理魔法物品-宝藏中的魔法物品,核心三宝书,[DMG] 城主指南
"魔法物品与""侦测魔法""",0 核心三宝书\DMG城主指南\第七章\魔法物品与“侦测魔法”.htm,5,核心三宝书 / [DMG] 城主指南 / 第七章：魔法物品 / 处理魔法物品-宝藏中的魔法物品,核心三宝书,[DMG] 城主指南
使用魔法物品,0 核心三宝书\DMG城主指南\第七章\使用魔法物品.htm,5,核心三宝书 / [DMG] 城主指南 / 第七章：魔法物品 / 处理魔法物品-宝藏中的魔法物品,核心三宝书,[DMG] 城主指南
体型与魔法物品,0 核心三宝书\DMG城主指南\第七章\体型与魔法物品.htm,5,核心三宝书 / [DMG] 城主指南 / 第七章：魔法物品 / 处理魔法物品-宝藏中的魔法物品,核心三宝书,[DMG] 城主指南
穿戴魔法物品的限制,0 核心三宝书\DMG城主指南\第七章\穿戴魔法物品的限制.htm,5,核心三宝书 / [DMG] 城主指南 / 第七章：魔法物品 / 处理魔法物品-宝藏中的魔法物品,核心三宝书,[DMG] 城主指南
对抗魔法物品的豁免检定,0 核心三宝书\DMG城主指南\第七章\对抗魔法物品的豁免检定.htm,5,核心三宝书 / [DMG] 城主指南 / 第七章：魔法物品 / 处理魔法物品-宝藏中的魔法物品,核心三宝书,[DMG] 城主指南
破坏魔法物品,0 核心三宝书\DMG城主指南\第七章\破坏魔法物品.htm,5,核心三宝书 / [DMG] 城主指南 / 第七章：魔法物品 / 处理魔法物品-宝藏中的魔法物品,核心三宝书,[DMG] 城主指南
修复魔法物品,0 核心三宝书\DMG城主指南\第七章\修复魔法物品.htm,5,核心三宝书 / [DMG] 城主指南 / 第七章：魔法物品 / 处理魔法物品-宝藏中的魔法物品,核心三宝书,[DMG] 城主指南
魔法物品说明,0 核心三宝书\DMG城主指南\第七章\魔法物品说明.htm,4,核心三宝书 / [DMG] 城主指南 / 第七章：魔法物品,核心三宝书,[DMG] 城主指南
随机魔法物品,0 核心三宝书\DMG城主指南\第七章\随机魔法物品.htm,5,核心三宝书 / [DMG] 城主指南 / 第七章：魔法物品 / 魔法物品说明,核心三宝书,[DMG] 城主指南
防具,0 核心三宝书\DMG城主指南\第七章\防具.htm,4,核心三宝书 / [DMG] 城主指南 / 第七章：魔法物品,核心三宝书,[DMG] 城主指南
魔法盔甲与盾牌特殊能力说明,0 核心三宝书\DMG城主指南\第七章\魔法盔甲与盾牌特殊能力说明.htm,5,核心三宝书 / [DMG] 城主指南 / 第七章：魔法物品 / 防具,核心三宝书,[DMG] 城主指南
特殊盔甲,0 核心三宝书\DMG城主指南\第七章\特殊盔甲.htm,5,核心三宝书 / [DMG] 城主指南 / 第七章：魔法物品 / 防具,核心三宝书,[DMG] 城主指南
特殊盾牌,0 核心三宝书\DMG城主指南\第七章\特殊盾牌.htm,5,核心三宝书 / [DMG] 城主指南 / 第七章：魔法物品 / 防具,核心三宝书,[DMG] 城主指南
武器,0 核心三宝书\DMG城主指南\第七章\武器.htm,4,核心三宝书 / [DMG] 城主指南 / 第七章：魔法物品,核心三宝书,[DMG] 城主指南
魔法武器特殊能力说明,0 核心三宝书\DMG城主指南\第七章\魔法武器特殊能力说明.htm,5,核心三宝书 / [DMG] 城主指南 / 第七章：魔法物品 / 武器,核心三宝书,[DMG] 城主指南
特殊武器,0 核心三宝书\DMG城主指南\第七章\特殊武器.htm,5,核心三宝书 / [DMG] 城主指南 / 第七章：魔法物品 / 武器,核心三宝书,[DMG] 城主指南
药水和神油,0 核心三宝书\DMG城主指南\第七章\药水和神油.htm,4,核心三宝书 / [DMG] 城主指南 / 第七章：魔法物品,核心三宝书,[DMG] 城主指南
戒指,0 核心三宝书\DMG城主指南\第七章\戒指.htm,4,核心三宝书 / [DMG] 城主指南 / 第七章：魔法物品,核心三宝书,[DMG] 城主指南
戒指说明,0 核心三宝书\DMG城主指南\第七章\戒指说明.htm,5,核心三宝书 / [DMG] 城主指南 / 第七章：魔法物品 / 戒指,核心三宝书,[DMG] 城主指南
权杖,0 核心三宝书\DMG城主指南\第七章\权杖.htm,4,核心三宝书 / [DMG] 城主指南 / 第七章：魔法物品,核心三宝书,[DMG] 城主指南
权杖说明,0 核心三宝书\DMG城主指南\第七章\权杖说明.htm,5,核心三宝书 / [DMG] 城主指南 / 第七章：魔法物品 / 权杖,核心三宝书,[DMG] 城主指南
卷轴,0 核心三宝书\DMG城主指南\第七章\卷轴.htm,4,核心三宝书 / [DMG] 城主指南 / 第七章：魔法物品,核心三宝书,[DMG] 城主指南
表7-23：奥术卷轴,0 核心三宝书\DMG城主指南\第七章\表7-23：奥术卷轴.htm,5,核心三宝书 / [DMG] 城主指南 / 第七章：魔法物品 / 卷轴,核心三宝书,[DMG] 城主指南
表7-24：神术卷轴,0 核心三宝书\DMG城主指南\第七章\表7-24：神术卷轴.htm,5,核心三宝书 / [DMG] 城主指南 / 第七章：魔法物品 / 卷轴,核心三宝书,[DMG] 城主指南
法杖,0 核心三宝书\DMG城主指南\第七章\法杖.htm,4,核心三宝书 / [DMG] 城主指南 / 第七章：魔法物品,核心三宝书,[DMG] 城主指南
法杖说明,0 核心三宝书\DMG城主指南\第七章\法杖说明.htm,5,核心三宝书 / [DMG] 城主指南 / 第七章：魔法物品 / 法杖,核心三宝书,[DMG] 城主指南
魔杖,0 核心三宝书\DMG城主指南\第七章\魔杖.htm,4,核心三宝书 / [DMG] 城主指南 / 第七章：魔法物品,核心三宝书,[DMG] 城主指南
奇物,0 核心三宝书\DMG城主指南\第七章\奇物.htm,4,核心三宝书 / [DMG] 城主指南 / 第七章：魔法物品,核心三宝书,[DMG] 城主指南
次级奇物,0 核心三宝书\DMG城主指南\第七章\次级奇物.htm,5,核心三宝书 / [DMG] 城主指南 / 第七章：魔法物品 / 奇物,核心三宝书,[DMG] 城主指南
次级奇物分类-宝珠,0 核心三宝书\DMG城主指南\第七章\次级奇物分类-宝珠.htm,6,核心三宝书 / [DMG] 城主指南 / 第七章：魔法物品 / 奇物 / 次级奇物,核心三宝书,[DMG] 城主指南
次级奇物分类-粉尘,0 核心三宝书\DMG城主指南\第七章\次级奇物分类-粉尘.htm,6,核心三宝书 / [DMG] 城主指南 / 第七章：魔法物品 / 奇物 / 次级奇物,核心三宝书,[DMG] 城主指南
次级奇物分类-工具,0 核心三宝书\DMG城主指南\第七章\次级奇物分类-工具.htm,6,核心三宝书 / [DMG] 城主指南 / 第七章：魔法物品 / 奇物 / 次级奇物,核心三宝书,[DMG] 城主指南
次级奇物分类-肩膀,0 核心三宝书\DMG城主指南\第七章\次级奇物分类-肩膀.htm,6,核心三宝书 / [DMG] 城主指南 / 第七章：魔法物品 / 奇物 / 次级奇物,核心三宝书,[DMG] 城主指南
次级奇物分类-颈部,0 核心三宝书\DMG城主指南\第七章\次级奇物分类-颈部.htm,6,核心三宝书 / [DMG] 城主指南 / 第七章：魔法物品 / 奇物 / 次级奇物,核心三宝书,[DMG] 城主指南
次级奇物分类—夸尔的羽符,0 核心三宝书\DMG城主指南\第七章\次级奇物分类—夸尔的羽符.htm,6,核心三宝书 / [DMG] 城主指南 / 第七章：魔法物品 / 奇物 / 次级奇物,核心三宝书,[DMG] 城主指南
次级奇物分类-乐器,0 核心三宝书\DMG城主指南\第七章\次级奇物分类-乐器.htm,6,核心三宝书 / [DMG] 城主指南 / 第七章：魔法物品 / 奇物 / 次级奇物,核心三宝书,[DMG] 城主指南
次级奇物分类-容器,0 核心三宝书\DMG城主指南\第七章\次级奇物分类-容器.htm,6,核心三宝书 / [DMG] 城主指南 / 第七章：魔法物品 / 奇物 / 次级奇物,核心三宝书,[DMG] 城主指南
次级奇物分类-身体,0 核心三宝书\DMG城主指南\第七章\次级奇物分类-身体.htm,6,核心三宝书 / [DMG] 城主指南 / 第七章：魔法物品 / 奇物 / 次级奇物,核心三宝书,[DMG] 城主指南
次级奇物分类-手套,0 核心三宝书\DMG城主指南\第七章\次级奇物分类-手套.htm,6,核心三宝书 / [DMG] 城主指南 / 第七章：魔法物品 / 奇物 / 次级奇物,核心三宝书,[DMG] 城主指南
次级奇物分类-手腕,0 核心三宝书\DMG城主指南\第七章\次级奇物分类-手腕.htm,6,核心三宝书 / [DMG] 城主指南 / 第七章：魔法物品 / 奇物 / 次级奇物,核心三宝书,[DMG] 城主指南
次级奇物分类-头部,0 核心三宝书\DMG城主指南\第七章\次级奇物分类-头部.htm,6,核心三宝书 / [DMG] 城主指南 / 第七章：魔法物品 / 奇物 / 次级奇物,核心三宝书,[DMG] 城主指南
次级奇物分类-无位置,0 核心三宝书\DMG城主指南\第七章\次级奇物分类-无位置.htm,6,核心三宝书 / [DMG] 城主指南 / 第七章：魔法物品 / 奇物 / 次级奇物,核心三宝书,[DMG] 城主指南
次级奇物分类-鞋子,0 核心三宝书\DMG城主指南\第七章\次级奇物分类-鞋子.htm,6,核心三宝书 / [DMG] 城主指南 / 第七章：魔法物品 / 奇物 / 次级奇物,核心三宝书,[DMG] 城主指南
次级奇物分类-眼部,0 核心三宝书\DMG城主指南\第七章\次级奇物分类-眼部.htm,6,核心三宝书 / [DMG] 城主指南 / 第七章：魔法物品 / 奇物 / 次级奇物,核心三宝书,[DMG] 城主指南
次级奇物分类-药水、药剂、药膏与染料,0 核心三宝书\DMG城主指南\第七章\次级奇物分类-药水、药剂、药膏与染料.htm,6,核心三宝书 / [DMG] 城主指南 / 第七章：魔法物品 / 奇物 / 次级奇物,核心三宝书,[DMG] 城主指南
次级奇物分类-召唤类(魔术袋、元素宝石),0 核心三宝书\DMG城主指南\第七章\次级奇物分类-召唤类（魔术袋、元素宝石）.htm,6,核心三宝书 / [DMG] 城主指南 / 第七章：魔法物品 / 奇物 / 次级奇物,核心三宝书,[DMG] 城主指南
次级奇物分类-坐骑奇物,0 核心三宝书\DMG城主指南\第七章\次级奇物分类-坐骑奇物.htm,6,核心三宝书 / [DMG] 城主指南 / 第七章：魔法物品 / 奇物 / 次级奇物,核心三宝书,[DMG] 城主指南
A_-_特殊奇物资料,0 核心三宝书\DMG城主指南\第七章\A_-_特殊奇物资料.htm,6,核心三宝书 / [DMG] 城主指南 / 第七章：魔法物品 / 奇物 / 次级奇物,核心三宝书,[DMG] 城主指南
B_-_奇物资料,0 核心三宝书\DMG城主指南\第七章\B_-_奇物资料.htm,6,核心三宝书 / [DMG] 城主指南 / 第七章：魔法物品 / 奇物 / 次级奇物,核心三宝书,[DMG] 城主指南
C_-_奇物资料,0 核心三宝书\DMG城主指南\第七章\C_-_奇物资料.htm,6,核心三宝书 / [DMG] 城主指南 / 第七章：魔法物品 / 奇物 / 次级奇物,核心三宝书,[DMG] 城主指南
D_-_奇物资料,0 核心三宝书\DMG城主指南\第七章\D_-_奇物资料.htm,6,核心三宝书 / [DMG] 城主指南 / 第七章：魔法物品 / 奇物 / 次级奇物,核心三宝书,[DMG] 城主指南
E_-_奇物资料,0 核心三宝书\DMG城主指南\第七章\E_-_奇物资料.htm,6,核心三宝书 / [DMG] 城主指南 / 第七章：魔法物品 / 奇物 / 次级奇物,核心三宝书,[DMG] 城主指南
F_-_奇物资料,0 核心三宝书\DMG城主指南\第七章\F_-_奇物资料.htm,6,核心三宝书 / [DMG] 城主指南 / 第七章：魔法物品 / 奇物 / 次级奇物,核心三宝书,[DMG] 城主指南
G_-_奇物资料,0 核心三宝书\DMG城主指南\第七章\G_-_奇物资料.htm,6,核心三宝书 / [DMG] 城主指南 / 第七章：魔法物品 / 奇物 / 次级奇物,核心三宝书,[DMG] 城主指南
H_-_奇物资料,0 核心三宝书\DMG城主指南\第七章\H_-_奇物资料.htm,6,核心三宝书 / [DMG] 城主指南 / 第七章：魔法物品 / 奇物 / 次级奇物,核心三宝书,[DMG] 城主指南
I_-_奇物资料,0 核心三宝书\DMG城主指南\第七章\I_-_奇物资料.htm,6,核心三宝书 / [DMG] 城主指南 / 第七章：魔法物品 / 奇物 / 次级奇物,核心三宝书,[DMG] 城主指南
K_-_奇物资料,0 核心三宝书\DMG城主指南\第七章\K_-_奇物资料.htm,6,核心三宝书 / [DMG] 城主指南 / 第七章：魔法物品 / 奇物 / 次级奇物,核心三宝书,[DMG] 城主指南
L_-_奇物资料,0 核心三宝书\DMG城主指南\第七章\L_-_奇物资料.htm,6,核心三宝书 / [DMG] 城主指南 / 第七章：魔法物品 / 奇物 / 次级奇物,核心三宝书,[DMG] 城主指南
M_-_奇物资料,0 核心三宝书\DMG城主指南\第七章\M_-_奇物资料.htm,6,核心三宝书 / [DMG] 城主指南 / 第七章：魔法物品 / 奇物 / 次级奇物,核心三宝书,[DMG] 城主指南
N_-_奇物资料,0 核心三宝书\DMG城主指南\第七章\N_-_奇物资料.htm,6,核心三宝书 / [DMG] 城主指南 / 第七章：魔法物品 / 奇物 / 次级奇物,核心三宝书,[DMG] 城主指南
O_-_奇物资料,0 核心三宝书\DMG城主指南\第七章\O_-_奇物资料.htm,6,核心三宝书 / [DMG] 城主指南 / 第七章：魔法物品 / 奇物 / 次级奇物,核心三宝书,[DMG] 城主指南
P_-_奇物资料,0 核心三宝书\DMG城主指南\第七章\P_-_奇物资料.htm,6,核心三宝书 / [DMG] 城主指南 / 第七章：魔法物品 / 奇物 / 次级奇物,核心三宝书,[DMG] 城主指南
Q_-_奇物资料,0 核心三宝书\DMG城主指南\第七章\Q_-_奇物资料.htm,6,核心三宝书 / [DMG] 城主指南 / 第七章：魔法物品 / 奇物 / 次级奇物,核心三宝书,[DMG] 城主指南
R_-_奇物资料,0 核心三宝书\DMG城主指南\第七章\R_-_奇物资料.htm,6,核心三宝书 / [DMG] 城主指南 / 第七章：魔法物品 / 奇物 / 次级奇物,核心三宝书,[DMG] 城主指南
S_-_奇物资料,0 核心三宝书\DMG城主指南\第七章\S_-_奇物资料.htm,6,核心三宝书 / [DMG] 城主指南 / 第七章：魔法物品 / 奇物 / 次级奇物,核心三宝书,[DMG] 城主指南
T_-_奇物资料,0 核心三宝书\DMG城主指南\第七章\T_-_奇物资料.htm,6,核心三宝书 / [DMG] 城主指南 / 第七章：魔法物品 / 奇物 / 次级奇物,核心三宝书,[DMG] 城主指南
U_-_奇物资料,0 核心三宝书\DMG城主指南\第七章\U_-_奇物资料.htm,6,核心三宝书 / [DMG] 城主指南 / 第七章：魔法物品 / 奇物 / 次级奇物,核心三宝书,[DMG] 城主指南
W_-_奇物资料,0 核心三宝书\DMG城主指南\第七章\W_-_奇物资料.htm,6,核心三宝书 / [DMG] 城主指南 / 第七章：魔法物品 / 奇物 / 次级奇物,核心三宝书,[DMG] 城主指南
智能魔法物品,0 核心三宝书\DMG城主指南\第七章\智能魔法物品.htm,4,核心三宝书 / [DMG] 城主指南 / 第七章：魔法物品,核心三宝书,[DMG] 城主指南
智能魔法物品的阵营,0 核心三宝书\DMG城主指南\第七章\智能魔法物品的阵营.htm,5,核心三宝书 / [DMG] 城主指南 / 第七章：魔法物品 / 智能魔法物品,核心三宝书,[DMG] 城主指南
物品语言,0 核心三宝书\DMG城主指南\第七章\物品语言.htm,5,核心三宝书 / [DMG] 城主指南 / 第七章：魔法物品 / 智能魔法物品,核心三宝书,[DMG] 城主指南
智能物品能力,0 核心三宝书\DMG城主指南\第七章\智能物品能力.htm,5,核心三宝书 / [DMG] 城主指南 / 第七章：魔法物品 / 智能魔法物品,核心三宝书,[DMG] 城主指南
物品的特殊意图,0 核心三宝书\DMG城主指南\第七章\物品的特殊意图.htm,5,核心三宝书 / [DMG] 城主指南 / 第七章：魔法物品 / 智能魔法物品,核心三宝书,[DMG] 城主指南
物品自我意识,0 核心三宝书\DMG城主指南\第七章\物品自我意识.htm,5,核心三宝书 / [DMG] 城主指南 / 第七章：魔法物品 / 智能魔法物品,核心三宝书,[DMG] 城主指南
物品反抗人物,0 核心三宝书\DMG城主指南\第七章\物品反抗人物.htm,5,核心三宝书 / [DMG] 城主指南 / 第七章：魔法物品 / 智能魔法物品,核心三宝书,[DMG] 城主指南
智能魔法物品范例,0 核心三宝书\DMG城主指南\第七章\智能魔法物品范例.htm,5,核心三宝书 / [DMG] 城主指南 / 第七章：魔法物品 / 智能魔法物品,核心三宝书,[DMG] 城主指南
诅咒物品,0 核心三宝书\DMG城主指南\第七章\诅咒物品.htm,4,核心三宝书 / [DMG] 城主指南 / 第七章：魔法物品,核心三宝书,[DMG] 城主指南
特殊诅咒物品,0 核心三宝书\DMG城主指南\第七章\特殊诅咒物品.htm,5,核心三宝书 / [DMG] 城主指南 / 第七章：魔法物品 / 诅咒物品,核心三宝书,[DMG] 城主指南
幕后随谈：在游戏中加入诅咒物品,0 核心三宝书\DMG城主指南\第七章\幕后随谈：在游戏中加入诅咒物品.htm,5,核心三宝书 / [DMG] 城主指南 / 第七章：魔法物品 / 诅咒物品,核心三宝书,[DMG] 城主指南
神器,0 核心三宝书\DMG城主指南\第七章\神器.htm,4,核心三宝书 / [DMG] 城主指南 / 第七章：魔法物品,核心三宝书,[DMG] 城主指南
圣洁之书,0 核心三宝书\DMG城主指南\第七章\圣洁之书.htm,5,核心三宝书 / [DMG] 城主指南 / 第七章：魔法物品 / 神器,核心三宝书,[DMG] 城主指南
万法之书,0 核心三宝书\DMG城主指南\第七章\万法之书.htm,5,核心三宝书 / [DMG] 城主指南 / 第七章：魔法物品 / 神器,核心三宝书,[DMG] 城主指南
秽暗之书,0 核心三宝书\DMG城主指南\第七章\秽暗之书.htm,5,核心三宝书 / [DMG] 城主指南 / 第七章：魔法物品 / 神器,核心三宝书,[DMG] 城主指南
万象无常牌,0 核心三宝书\DMG城主指南\第七章\万象无常牌.htm,5,核心三宝书 / [DMG] 城主指南 / 第七章：魔法物品 / 神器,核心三宝书,[DMG] 城主指南
轰雷锤,0 核心三宝书\DMG城主指南\第七章\轰雷锤.htm,5,核心三宝书 / [DMG] 城主指南 / 第七章：魔法物品 / 神器,核心三宝书,[DMG] 城主指南
炼金石,0 核心三宝书\DMG城主指南\第七章\炼金石.htm,5,核心三宝书 / [DMG] 城主指南 / 第七章：魔法物品 / 神器,核心三宝书,[DMG] 城主指南
毁灭黑洞,0 核心三宝书\DMG城主指南\第七章\毁灭黑洞.htm,5,核心三宝书 / [DMG] 城主指南 / 第七章：魔法物品 / 神器,核心三宝书,[DMG] 城主指南
至高圣符,0 核心三宝书\DMG城主指南\第七章\至高圣符.htm,5,核心三宝书 / [DMG] 城主指南 / 第七章：魔法物品 / 神器,核心三宝书,[DMG] 城主指南
驭洞神符,0 核心三宝书\DMG城主指南\第七章\驭洞神符.htm,5,核心三宝书 / [DMG] 城主指南 / 第七章：魔法物品 / 神器,核心三宝书,[DMG] 城主指南
极恶神符,0 核心三宝书\DMG城主指南\第七章\极恶神符.htm,5,核心三宝书 / [DMG] 城主指南 / 第七章：魔法物品 / 神器,核心三宝书,[DMG] 城主指南
高等神器,0 核心三宝书\DMG城主指南\第七章\高等神器.htm,5,核心三宝书 / [DMG] 城主指南 / 第七章：魔法物品 / 神器,核心三宝书,[DMG] 城主指南
高等神器说明,0 核心三宝书\DMG城主指南\第七章\高等神器说明.htm,6,核心三宝书 / [DMG] 城主指南 / 第七章：魔法物品 / 神器 / 高等神器,核心三宝书,[DMG] 城主指南
维克那法眼魔掌,0 核心三宝书\DMG城主指南\第七章\维克那法眼魔掌.htm,7,核心三宝书 / [DMG] 城主指南 / 第七章：魔法物品 / 神器 / 高等神器 / 高等神器说明,核心三宝书,[DMG] 城主指南
库斯伯特硬头锤,0 核心三宝书\DMG城主指南\第七章\库斯伯特硬头锤.htm,7,核心三宝书 / [DMG] 城主指南 / 第七章：魔法物品 / 神器 / 高等神器 / 高等神器说明,核心三宝书,[DMG] 城主指南
悲啸钻石,0 核心三宝书\DMG城主指南\第七章\悲啸钻石.htm,7,核心三宝书 / [DMG] 城主指南 / 第七章：魔法物品 / 神器 / 高等神器 / 高等神器说明,核心三宝书,[DMG] 城主指南
龙珠,0 核心三宝书\DMG城主指南\第七章\龙珠.htm,7,核心三宝书 / [DMG] 城主指南 / 第七章：魔法物品 / 神器 / 高等神器 / 高等神器说明,核心三宝书,[DMG] 城主指南
幽影法杖,0 核心三宝书\DMG城主指南\第七章\幽影法杖.htm,7,核心三宝书 / [DMG] 城主指南 / 第七章：魔法物品 / 神器 / 高等神器 / 高等神器说明,核心三宝书,[DMG] 城主指南
普瑞特之盾,0 核心三宝书\DMG城主指南\第七章\普瑞特之盾.htm,7,核心三宝书 / [DMG] 城主指南 / 第七章：魔法物品 / 神器 / 高等神器 / 高等神器说明,核心三宝书,[DMG] 城主指南
凯斯之剑,0 核心三宝书\DMG城主指南\第七章\凯斯之剑.htm,7,核心三宝书 / [DMG] 城主指南 / 第七章：魔法物品 / 神器 / 高等神器 / 高等神器说明,核心三宝书,[DMG] 城主指南
萨基神符,0 核心三宝书\DMG城主指南\第七章\萨基神符.htm,7,核心三宝书 / [DMG] 城主指南 / 第七章：魔法物品 / 神器 / 高等神器 / 高等神器说明,核心三宝书,[DMG] 城主指南
幕后随谈：魔法物品的价格,0 核心三宝书\DMG城主指南\第七章\幕后随谈：魔法物品的价格.htm,6,核心三宝书 / [DMG] 城主指南 / 第七章：魔法物品 / 神器 / 高等神器,核心三宝书,[DMG] 城主指南
制造魔法物品,0 核心三宝书\DMG城主指南\第七章\制造魔法物品.htm,4,核心三宝书 / [DMG] 城主指南 / 第七章：魔法物品,核心三宝书,[DMG] 城主指南
精制品,0 核心三宝书\DMG城主指南\第七章\精制品.htm,5,核心三宝书 / [DMG] 城主指南 / 第七章：魔法物品 / 制造魔法物品,核心三宝书,[DMG] 城主指南
特殊原料,0 核心三宝书\DMG城主指南\第七章\特殊原料.htm,5,核心三宝书 / [DMG] 城主指南 / 第七章：魔法物品 / 制造魔法物品,核心三宝书,[DMG] 城主指南
幕后随谈：特殊武器原料,0 核心三宝书\DMG城主指南\第七章\幕后随谈：特殊武器原料.htm,5,核心三宝书 / [DMG] 城主指南 / 第七章：魔法物品 / 制造魔法物品,核心三宝书,[DMG] 城主指南
制造魔法防具,0 核心三宝书\DMG城主指南\第七章\制造魔法防具.htm,5,核心三宝书 / [DMG] 城主指南 / 第七章：魔法物品 / 制造魔法物品,核心三宝书,[DMG] 城主指南
制造魔法武器,0 核心三宝书\DMG城主指南\第七章\制造魔法武器.htm,5,核心三宝书 / [DMG] 城主指南 / 第七章：魔法物品 / 制造魔法物品,核心三宝书,[DMG] 城主指南
制造药水,0 核心三宝书\DMG城主指南\第七章\制造药水.htm,5,核心三宝书 / [DMG] 城主指南 / 第七章：魔法物品 / 制造魔法物品,核心三宝书,[DMG] 城主指南
制造魔法戒指,0 核心三宝书\DMG城主指南\第七章\制造魔法戒指.htm,5,核心三宝书 / [DMG] 城主指南 / 第七章：魔法物品 / 制造魔法物品,核心三宝书,[DMG] 城主指南
制造权杖,0 核心三宝书\DMG城主指南\第七章\制造权杖.htm,5,核心三宝书 / [DMG] 城主指南 / 第七章：魔法物品 / 制造魔法物品,核心三宝书,[DMG] 城主指南
制造卷轴,0 核心三宝书\DMG城主指南\第七章\制造卷轴.htm,5,核心三宝书 / [DMG] 城主指南 / 第七章：魔法物品 / 制造魔法物品,核心三宝书,[DMG] 城主指南
制造法杖,0 核心三宝书\DMG城主指南\第七章\制造法杖.htm,5,核心三宝书 / [DMG] 城主指南 / 第七章：魔法物品 / 制造魔法物品,核心三宝书,[DMG] 城主指南
制造魔杖,0 核心三宝书\DMG城主指南\第七章\制造魔杖.htm,5,核心三宝书 / [DMG] 城主指南 / 第七章：魔法物品 / 制造魔法物品,核心三宝书,[DMG] 城主指南
制造奇物,0 核心三宝书\DMG城主指南\第七章\制造奇物.htm,5,核心三宝书 / [DMG] 城主指南 / 第七章：魔法物品 / 制造魔法物品,核心三宝书,[DMG] 城主指南
制造智能魔法物品,0 核心三宝书\DMG城主指南\第七章\制造智能魔法物品.htm,5,核心三宝书 / [DMG] 城主指南 / 第七章：魔法物品 / 制造魔法物品,核心三宝书,[DMG] 城主指南
附加新能力,0 核心三宝书\DMG城主指南\第七章\附加新能力.htm,5,核心三宝书 / [DMG] 城主指南 / 第七章：魔法物品 / 制造魔法物品,核心三宝书,[DMG] 城主指南
幕后随谈：身体装备栏位,0 核心三宝书\DMG城主指南\第七章\幕后随谈：身体装备栏位.htm,5,核心三宝书 / [DMG] 城主指南 / 第七章：魔法物品 / 制造魔法物品,核心三宝书,[DMG] 城主指南
第八章：名词解释,0 核心三宝书\DMG城主指南\第八章\特殊能力\特殊能力、状态总览与环境危害.htm,3,核心三宝书 / [DMG] 城主指南,核心三宝书,[DMG] 城主指南
特殊能力,0 核心三宝书\DMG城主指南\第八章\特殊能力\变形.htm,4,核心三宝书 / [DMG] 城主指南 / 第八章：名词解释,核心三宝书,[DMG] 城主指南
颤动感知,0 核心三宝书\DMG城主指南\第八章\特殊能力\颤动感知.htm,5,核心三宝书 / [DMG] 城主指南 / 第八章：名词解释 / 特殊能力,核心三宝书,[DMG] 城主指南
等级减少,0 核心三宝书\DMG城主指南\第八章\特殊能力\等级减少.htm,5,核心三宝书 / [DMG] 城主指南 / 第八章：名词解释 / 特殊能力,核心三宝书,[DMG] 城主指南
毒素,0 核心三宝书\DMG城主指南\第八章\特殊能力\毒素.htm,5,核心三宝书 / [DMG] 城主指南 / 第八章：名词解释 / 特殊能力,核心三宝书,[DMG] 城主指南
对毒素免疫,0 核心三宝书\DMG城主指南\第八章\特殊能力\对毒素免疫.htm,5,核心三宝书 / [DMG] 城主指南 / 第八章：名词解释 / 特殊能力,核心三宝书,[DMG] 城主指南
对火焰免疫,0 核心三宝书\DMG城主指南\第八章\特殊能力\对火焰免疫.htm,5,核心三宝书 / [DMG] 城主指南 / 第八章：名词解释 / 特殊能力,核心三宝书,[DMG] 城主指南
夺命攻击,0 核心三宝书\DMG城主指南\第八章\特殊能力\夺命攻击.htm,5,核心三宝书 / [DMG] 城主指南 / 第八章：名词解释 / 特殊能力,核心三宝书,[DMG] 城主指南
法术抗力,0 核心三宝书\DMG城主指南\第八章\特殊能力\法术抗力.htm,5,核心三宝书 / [DMG] 城主指南 / 第八章：名词解释 / 特殊能力,核心三宝书,[DMG] 城主指南
反魔法,0 核心三宝书\DMG城主指南\第八章\特殊能力\反魔法.htm,5,核心三宝书 / [DMG] 城主指南 / 第八章：名词解释 / 特殊能力,核心三宝书,[DMG] 城主指南
反射闪避与精通反射闪避,0 核心三宝书\DMG城主指南\第八章\特殊能力\反射闪避与精通反射闪避.htm,5,核心三宝书 / [DMG] 城主指南 / 第八章：名词解释 / 特殊能力,核心三宝书,[DMG] 城主指南
规则变化,0 核心三宝书\DMG城主指南\第八章\特殊能力\规则变化.htm,5,核心三宝书 / [DMG] 城主指南 / 第八章：名词解释 / 特殊能力,核心三宝书,[DMG] 城主指南
寒冷免疫,0 核心三宝书\DMG城主指南\第八章\特殊能力\寒冷免疫.htm,5,核心三宝书 / [DMG] 城主指南 / 第八章：名词解释 / 特殊能力,核心三宝书,[DMG] 城主指南
黑暗视觉,0 核心三宝书\DMG城主指南\第八章\特殊能力\黑暗视觉.htm,5,核心三宝书 / [DMG] 城主指南 / 第八章：名词解释 / 特殊能力,核心三宝书,[DMG] 城主指南
昏暗视觉,0 核心三宝书\DMG城主指南\第八章\特殊能力\昏暗视觉.htm,5,核心三宝书 / [DMG] 城主指南 / 第八章：名词解释 / 特殊能力,核心三宝书,[DMG] 城主指南
疾病,0 核心三宝书\DMG城主指南\第八章\特殊能力\疾病.htm,5,核心三宝书 / [DMG] 城主指南 / 第八章：名词解释 / 特殊能力,核心三宝书,[DMG] 城主指南
疾病描述,0 核心三宝书\DMG城主指南\第八章\特殊能力\疾病描述.htm,5,核心三宝书 / [DMG] 城主指南 / 第八章：名词解释 / 特殊能力,核心三宝书,[DMG] 城主指南
恐惧,0 核心三宝书\DMG城主指南\第八章\特殊能力\恐惧.htm,5,核心三宝书 / [DMG] 城主指南 / 第八章：名词解释 / 特殊能力,核心三宝书,[DMG] 城主指南
快速医疗,0 核心三宝书\DMG城主指南\第八章\特殊能力\快速医疗.htm,5,核心三宝书 / [DMG] 城主指南 / 第八章：名词解释 / 特殊能力,核心三宝书,[DMG] 城主指南
灵敏嗅觉,0 核心三宝书\DMG城主指南\第八章\特殊能力\灵敏嗅觉.htm,5,核心三宝书 / [DMG] 城主指南 / 第八章：名词解释 / 特殊能力,核心三宝书,[DMG] 城主指南
灵体,0 核心三宝书\DMG城主指南\第八章\特殊能力\灵体.htm,5,核心三宝书 / [DMG] 城主指南 / 第八章：名词解释 / 特殊能力,核心三宝书,[DMG] 城主指南
麻痹,0 核心三宝书\DMG城主指南\第八章\特殊能力\麻痹.htm,5,核心三宝书 / [DMG] 城主指南 / 第八章：名词解释 / 特殊能力,核心三宝书,[DMG] 城主指南
盲视与盲感,0 核心三宝书\DMG城主指南\第八章\特殊能力\盲视与盲感.htm,5,核心三宝书 / [DMG] 城主指南 / 第八章：名词解释 / 特殊能力,核心三宝书,[DMG] 城主指南
魅惑(Charm)与胁迫(Compulsion),0 核心三宝书\DMG城主指南\第八章\特殊能力\魅惑（Charm）与胁迫（Compulsion）.htm,5,核心三宝书 / [DMG] 城主指南 / 第八章：名词解释 / 特殊能力,核心三宝书,[DMG] 城主指南
能量抗力,0 核心三宝书\DMG城主指南\第八章\特殊能力\能量抗力.htm,5,核心三宝书 / [DMG] 城主指南 / 第八章：名词解释 / 特殊能力,核心三宝书,[DMG] 城主指南
能量吸取与负向等级,0 核心三宝书\DMG城主指南\第八章\特殊能力\能量吸取与负向等级.htm,5,核心三宝书 / [DMG] 城主指南 / 第八章：名词解释 / 特殊能力,核心三宝书,[DMG] 城主指南
凝视攻击,0 核心三宝书\DMG城主指南\第八章\特殊能力\凝视攻击.htm,5,核心三宝书 / [DMG] 城主指南 / 第八章：名词解释 / 特殊能力,核心三宝书,[DMG] 城主指南
喷吐攻击,0 核心三宝书\DMG城主指南\第八章\特殊能力\喷吐攻击.htm,5,核心三宝书 / [DMG] 城主指南 / 第八章：名词解释 / 特殊能力,核心三宝书,[DMG] 城主指南
气化形体,0 核心三宝书\DMG城主指南\第八章\特殊能力\气化形体.htm,5,核心三宝书 / [DMG] 城主指南 / 第八章：名词解释 / 特殊能力,核心三宝书,[DMG] 城主指南
驱散抗力,0 核心三宝书\DMG城主指南\第八章\特殊能力\驱散抗力.htm,5,核心三宝书 / [DMG] 城主指南 / 第八章：名词解释 / 特殊能力,核心三宝书,[DMG] 城主指南
伤害减免,0 核心三宝书\DMG城主指南\第八章\特殊能力\伤害减免.htm,5,核心三宝书 / [DMG] 城主指南 / 第八章：名词解释 / 特殊能力,核心三宝书,[DMG] 城主指南
射线,0 核心三宝书\DMG城主指南\第八章\特殊能力\射线.htm,5,核心三宝书 / [DMG] 城主指南 / 第八章：名词解释 / 特殊能力,核心三宝书,[DMG] 城主指南
使用毒物的危险,0 核心三宝书\DMG城主指南\第八章\特殊能力\使用毒物的危险.htm,5,核心三宝书 / [DMG] 城主指南 / 第八章：名词解释 / 特殊能力,核心三宝书,[DMG] 城主指南
属性值减免,0 核心三宝书\DMG城主指南\第八章\特殊能力\属性值减免.htm,5,核心三宝书 / [DMG] 城主指南 / 第八章：名词解释 / 特殊能力,核心三宝书,[DMG] 城主指南
特殊能力、状态总览与环境危害,0 核心三宝书\DMG城主指南\第八章\特殊能力\特殊能力、状态总览与环境危害.htm,5,核心三宝书 / [DMG] 城主指南 / 第八章：名词解释 / 特殊能力,核心三宝书,[DMG] 城主指南
心灵异能,0 核心三宝书\DMG城主指南\第八章\特殊能力\心灵异能.htm,5,核心三宝书 / [DMG] 城主指南 / 第八章：名词解释 / 特殊能力,核心三宝书,[DMG] 城主指南
虚体能力,0 核心三宝书\DMG城主指南\第八章\特殊能力\虚体能力.htm,5,核心三宝书 / [DMG] 城主指南 / 第八章：名词解释 / 特殊能力,核心三宝书,[DMG] 城主指南
隐形,0 核心三宝书\DMG城主指南\第八章\特殊能力\隐形.htm,5,核心三宝书 / [DMG] 城主指南 / 第八章：名词解释 / 特殊能力,核心三宝书,[DMG] 城主指南
再生,0 核心三宝书\DMG城主指南\第八章\特殊能力\再生.htm,5,核心三宝书 / [DMG] 城主指南 / 第八章：名词解释 / 特殊能力,核心三宝书,[DMG] 城主指南
治愈疾病,0 核心三宝书\DMG城主指南\第八章\特殊能力\治愈疾病.htm,5,核心三宝书 / [DMG] 城主指南 / 第八章：名词解释 / 特殊能力,核心三宝书,[DMG] 城主指南
状态总览,0 核心三宝书\DMG城主指南\第八章\状态总览\状态总览.htm,4,核心三宝书 / [DMG] 城主指南 / 第八章：名词解释,核心三宝书,[DMG] 城主指南
环境危害,0 核心三宝书\DMG城主指南\第八章\环境危害\冰.htm,4,核心三宝书 / [DMG] 城主指南 / 第八章：名词解释,核心三宝书,[DMG] 城主指南
寒害,0 核心三宝书\DMG城主指南\第八章\环境危害\寒害.htm,5,核心三宝书 / [DMG] 城主指南 / 第八章：名词解释 / 环境危害,核心三宝书,[DMG] 城主指南
黑暗,0 核心三宝书\DMG城主指南\第八章\环境危害\黑暗.htm,5,核心三宝书 / [DMG] 城主指南 / 第八章：名词解释 / 环境危害,核心三宝书,[DMG] 城主指南
环境危害,0 核心三宝书\DMG城主指南\第八章\环境危害\环境危害.htm,5,核心三宝书 / [DMG] 城主指南 / 第八章：名词解释 / 环境危害,核心三宝书,[DMG] 城主指南
饥饿与干渴,0 核心三宝书\DMG城主指南\第八章\环境危害\饥饿与干渴.htm,5,核心三宝书 / [DMG] 城主指南 / 第八章：名词解释 / 环境危害,核心三宝书,[DMG] 城主指南
溺水,0 核心三宝书\DMG城主指南\第八章\环境危害\溺水.htm,5,核心三宝书 / [DMG] 城主指南 / 第八章：名词解释 / 环境危害,核心三宝书,[DMG] 城主指南
强酸,0 核心三宝书\DMG城主指南\第八章\环境危害\强酸.htm,5,核心三宝书 / [DMG] 城主指南 / 第八章：名词解释 / 环境危害,核心三宝书,[DMG] 城主指南
热害,0 核心三宝书\DMG城主指南\第八章\环境危害\热害.htm,5,核心三宝书 / [DMG] 城主指南 / 第八章：名词解释 / 环境危害,核心三宝书,[DMG] 城主指南
熔岩,0 核心三宝书\DMG城主指南\第八章\环境危害\熔岩.htm,5,核心三宝书 / [DMG] 城主指南 / 第八章：名词解释 / 环境危害,核心三宝书,[DMG] 城主指南
水域危害,0 核心三宝书\DMG城主指南\第八章\环境危害\水域危害.htm,5,核心三宝书 / [DMG] 城主指南 / 第八章：名词解释 / 环境危害,核心三宝书,[DMG] 城主指南
烟雾,0 核心三宝书\DMG城主指南\第八章\环境危害\烟雾.htm,5,核心三宝书 / [DMG] 城主指南 / 第八章：名词解释 / 环境危害,核心三宝书,[DMG] 城主指南
着火,0 核心三宝书\DMG城主指南\第八章\环境危害\着火.htm,5,核心三宝书 / [DMG] 城主指南 / 第八章：名词解释 / 环境危害,核心三宝书,[DMG] 城主指南
窒息,0 核心三宝书\DMG城主指南\第八章\环境危害\窒息.htm,5,核心三宝书 / [DMG] 城主指南 / 第八章：名词解释 / 环境危害,核心三宝书,[DMG] 城主指南
坠落,0 核心三宝书\DMG城主指南\第八章\环境危害\坠落.htm,5,核心三宝书 / [DMG] 城主指南 / 第八章：名词解释 / 环境危害,核心三宝书,[DMG] 城主指南
坠落物,0 核心三宝书\DMG城主指南\第八章\环境危害\坠落物.htm,5,核心三宝书 / [DMG] 城主指南 / 第八章：名词解释 / 环境危害,核心三宝书,[DMG] 城主指南
所有DMG表格,,3,核心三宝书 / [DMG] 城主指南,核心三宝书,[DMG] 城主指南
表2-1：机动性,0 核心三宝书\DMG城主指南\所有DMG表格\表2-1：机动性.htm,4,核心三宝书 / [DMG] 城主指南 / 所有DMG表格,核心三宝书,[DMG] 城主指南
表2-2：武器大小增加的伤害值,0 核心三宝书\DMG城主指南\所有DMG表格\表2-2：武器大小增加的伤害值.htm,4,核心三宝书 / [DMG] 城主指南 / 所有DMG表格,核心三宝书,[DMG] 城主指南
表2-3：武器大小减少的伤害值,0 核心三宝书\DMG城主指南\所有DMG表格\表2-3：武器大小减少的伤害值.htm,4,核心三宝书 / [DMG] 城主指南 / 所有DMG表格,核心三宝书,[DMG] 城主指南
表2-4：生物体型,0 核心三宝书\DMG城主指南\所有DMG表格\表2-4：生物体型.htm,4,核心三宝书 / [DMG] 城主指南 / 所有DMG表格,核心三宝书,[DMG] 城主指南
表2-5：难度等级的范例,0 核心三宝书\DMG城主指南\所有DMG表格\表2-5：难度等级的范例.htm,4,核心三宝书 / [DMG] 城主指南 / 所有DMG表格,核心三宝书,[DMG] 城主指南
表2-6：经验值奖赏(单一怪物),0 核心三宝书\DMG城主指南\所有DMG表格\表2-6：经验值奖赏（单一怪物）.htm,4,核心三宝书 / [DMG] 城主指南 / 所有DMG表格,核心三宝书,[DMG] 城主指南
表3-1：遭遇等级与生物数量,0 核心三宝书\DMG城主指南\所有DMG表格\表3-1：遭遇等级与生物数量.htm,4,核心三宝书 / [DMG] 城主指南 / 所有DMG表格,核心三宝书,[DMG] 城主指南
表3-2：事件遭遇的难度,0 核心三宝书\DMG城主指南\所有DMG表格\表3-2：事件遭遇的难度.htm,4,核心三宝书 / [DMG] 城主指南 / 所有DMG表格,核心三宝书,[DMG] 城主指南
表3-3：每场遭遇可得到的宝藏总值,0 核心三宝书\DMG城主指南\所有DMG表格\表3-3：每场遭遇可得到的宝藏总值.htm,4,核心三宝书 / [DMG] 城主指南 / 所有DMG表格,核心三宝书,[DMG] 城主指南
表3-4：各种宝藏的平均价值,0 核心三宝书\DMG城主指南\所有DMG表格\表3-4：各种宝藏的平均价值.htm,4,核心三宝书 / [DMG] 城主指南 / 所有DMG表格,核心三宝书,[DMG] 城主指南
表3-5：宝藏,0 核心三宝书\DMG城主指南\所有DMG表格\表3-5：宝藏.htm,4,核心三宝书 / [DMG] 城主指南 / 所有DMG表格,核心三宝书,[DMG] 城主指南
表3-6：宝石,0 核心三宝书\DMG城主指南\所有DMG表格\表3-6：宝石.htm,4,核心三宝书 / [DMG] 城主指南 / 所有DMG表格,核心三宝书,[DMG] 城主指南
表3-7：艺术品,0 核心三宝书\DMG城主指南\所有DMG表格\表3-7：艺术品.htm,4,核心三宝书 / [DMG] 城主指南 / 所有DMG表格,核心三宝书,[DMG] 城主指南
表3-8：非魔法物品,0 核心三宝书\DMG城主指南\所有DMG表格\表3-8：非魔法物品.htm,4,核心三宝书 / [DMG] 城主指南 / 所有DMG表格,核心三宝书,[DMG] 城主指南
表3-9：墙,0 核心三宝书\DMG城主指南\所有DMG表格\表3-9：墙.htm,4,核心三宝书 / [DMG] 城主指南 / 所有DMG表格,核心三宝书,[DMG] 城主指南
表3-10：门,0 核心三宝书\DMG城主指南\所有DMG表格\表3-10：门.htm,4,核心三宝书 / [DMG] 城主指南 / 所有DMG表格,核心三宝书,[DMG] 城主指南
表3-11：设置地下城,0 核心三宝书\DMG城主指南\所有DMG表格\表3-11：设置地下城.htm,4,核心三宝书 / [DMG] 城主指南 / 所有DMG表格,核心三宝书,[DMG] 城主指南
表3-12：设置地下城次要特征与摆设,0 核心三宝书\DMG城主指南\所有DMG表格\表3-12：设置地下城次要特征与摆设.htm,4,核心三宝书 / [DMG] 城主指南 / 所有DMG表格,核心三宝书,[DMG] 城主指南
表3-13：机关陷阱CR调整值,0 核心三宝书\DMG城主指南\所有DMG表格\表3-13：机关陷阱CR调整值.htm,4,核心三宝书 / [DMG] 城主指南 / 所有DMG表格,核心三宝书,[DMG] 城主指南
表3-14：魔法陷阱CR调整值,0 核心三宝书\DMG城主指南\所有DMG表格\表3-14：魔法陷阱CR调整值.htm,4,核心三宝书 / [DMG] 城主指南 / 所有DMG表格,核心三宝书,[DMG] 城主指南
表3-15：机关陷阱费用调整值,0 核心三宝书\DMG城主指南\所有DMG表格\表3-15：机关陷阱费用调整值.htm,4,核心三宝书 / [DMG] 城主指南 / 所有DMG表格,核心三宝书,[DMG] 城主指南
表3-17：门的形态,0 核心三宝书\DMG城主指南\所有DMG表格\表3-17：门的形态.htm,4,核心三宝书 / [DMG] 城主指南 / 所有DMG表格,核心三宝书,[DMG] 城主指南
表3-18：房间内容,0 核心三宝书\DMG城主指南\所有DMG表格\表3-18：房间内容.htm,4,核心三宝书 / [DMG] 城主指南 / 所有DMG表格,核心三宝书,[DMG] 城主指南
表3-19：挑战级数为1至3的陷阱,0 核心三宝书\DMG城主指南\所有DMG表格\表3-19：挑战级数为1至3的陷阱.htm,4,核心三宝书 / [DMG] 城主指南 / 所有DMG表格,核心三宝书,[DMG] 城主指南
表3-20：挑战级数为4至6的陷阱,0 核心三宝书\DMG城主指南\所有DMG表格\表3-20：挑战级数为4至6的陷阱.htm,4,核心三宝书 / [DMG] 城主指南 / 所有DMG表格,核心三宝书,[DMG] 城主指南
表3-21：挑战级数为7至10的陷阱,0 核心三宝书\DMG城主指南\所有DMG表格\表3-21：挑战级数为7至10的陷阱.htm,4,核心三宝书 / [DMG] 城主指南 / 所有DMG表格,核心三宝书,[DMG] 城主指南
表3-22：水中战斗修正值,0 核心三宝书\DMG城主指南\所有DMG表格\表3-22：水中战斗修正值.htm,4,核心三宝书 / [DMG] 城主指南 / 所有DMG表格,核心三宝书,[DMG] 城主指南
表3-23：随机天气,0 核心三宝书\DMG城主指南\所有DMG表格\表3-23：随机天气.htm,4,核心三宝书 / [DMG] 城主指南 / 所有DMG表格,核心三宝书,[DMG] 城主指南
表3-24：风力效果,0 核心三宝书\DMG城主指南\所有DMG表格\表3-24：风力效果.htm,4,核心三宝书 / [DMG] 城主指南 / 所有DMG表格,核心三宝书,[DMG] 城主指南
表3-25：野外事件遭遇列表,,4,核心三宝书 / [DMG] 城主指南 / 所有DMG表格,核心三宝书,[DMG] 城主指南
表3-25：野外事件遭遇列表-任何野外环境,0 核心三宝书\DMG城主指南\所有DMG表格\3-25\表3-25：野外事件遭遇列表-任何野外环境.htm,5,核心三宝书 / [DMG] 城主指南 / 所有DMG表格 / 表3-25：野外事件遭遇列表,核心三宝书,[DMG] 城主指南
表3-25：野外事件遭遇列表-寒带丘陵,0 核心三宝书\DMG城主指南\所有DMG表格\3-25\表3-25：野外事件遭遇列表-寒带丘陵.htm,5,核心三宝书 / [DMG] 城主指南 / 所有DMG表格 / 表3-25：野外事件遭遇列表,核心三宝书,[DMG] 城主指南
表3-25：野外事件遭遇列表-寒带山脉,0 核心三宝书\DMG城主指南\所有DMG表格\3-25\表3-25：野外事件遭遇列表-寒带山脉.htm,5,核心三宝书 / [DMG] 城主指南 / 所有DMG表格 / 表3-25：野外事件遭遇列表,核心三宝书,[DMG] 城主指南
表3-25：野外事件遭遇列表-寒带平原,0 核心三宝书\DMG城主指南\所有DMG表格\3-25\表3-25：野外事件遭遇列表-寒带平原.htm,5,核心三宝书 / [DMG] 城主指南 / 所有DMG表格 / 表3-25：野外事件遭遇列表,核心三宝书,[DMG] 城主指南
表3-25：野外事件遭遇列表-寒带森林,0 核心三宝书\DMG城主指南\所有DMG表格\3-25\表3-25：野外事件遭遇列表-寒带森林.htm,5,核心三宝书 / [DMG] 城主指南 / 所有DMG表格 / 表3-25：野外事件遭遇列表,核心三宝书,[DMG] 城主指南
表3-25：野外事件遭遇列表-寒带水域,0 核心三宝书\DMG城主指南\所有DMG表格\3-25\表3-25：野外事件遭遇列表-寒带水域.htm,5,核心三宝书 / [DMG] 城主指南 / 所有DMG表格 / 表3-25：野外事件遭遇列表,核心三宝书,[DMG] 城主指南
表3-25：野外事件遭遇列表-寒带沙漠,0 核心三宝书\DMG城主指南\所有DMG表格\3-25\表3-25：野外事件遭遇列表-寒带沙漠.htm,5,核心三宝书 / [DMG] 城主指南 / 所有DMG表格 / 表3-25：野外事件遭遇列表,核心三宝书,[DMG] 城主指南
表3-25：野外事件遭遇列表-寒带沼泽,0 核心三宝书\DMG城主指南\所有DMG表格\3-25\表3-25：野外事件遭遇列表-寒带沼泽.htm,5,核心三宝书 / [DMG] 城主指南 / 所有DMG表格 / 表3-25：野外事件遭遇列表,核心三宝书,[DMG] 城主指南
表3-25：野外事件遭遇列表-暖带丘陵,0 核心三宝书\DMG城主指南\所有DMG表格\3-25\表3-25：野外事件遭遇列表-暖带丘陵.htm,5,核心三宝书 / [DMG] 城主指南 / 所有DMG表格 / 表3-25：野外事件遭遇列表,核心三宝书,[DMG] 城主指南
表3-25：野外事件遭遇列表-暖带山脉,0 核心三宝书\DMG城主指南\所有DMG表格\3-25\表3-25：野外事件遭遇列表-暖带山脉.htm,5,核心三宝书 / [DMG] 城主指南 / 所有DMG表格 / 表3-25：野外事件遭遇列表,核心三宝书,[DMG] 城主指南
表3-25：野外事件遭遇列表-暖带平原,0 核心三宝书\DMG城主指南\所有DMG表格\3-25\表3-25：野外事件遭遇列表-暖带平原.htm,5,核心三宝书 / [DMG] 城主指南 / 所有DMG表格 / 表3-25：野外事件遭遇列表,核心三宝书,[DMG] 城主指南
表3-25：野外事件遭遇列表-暖带森林,0 核心三宝书\DMG城主指南\所有DMG表格\3-25\表3-25：野外事件遭遇列表-暖带森林.htm,5,核心三宝书 / [DMG] 城主指南 / 所有DMG表格 / 表3-25：野外事件遭遇列表,核心三宝书,[DMG] 城主指南
表3-25：野外事件遭遇列表-暖带水域,0 核心三宝书\DMG城主指南\所有DMG表格\3-25\表3-25：野外事件遭遇列表-暖带水域.htm,5,核心三宝书 / [DMG] 城主指南 / 所有DMG表格 / 表3-25：野外事件遭遇列表,核心三宝书,[DMG] 城主指南
表3-25：野外事件遭遇列表-暖带沙漠,0 核心三宝书\DMG城主指南\所有DMG表格\3-25\表3-25：野外事件遭遇列表-暖带沙漠.htm,5,核心三宝书 / [DMG] 城主指南 / 所有DMG表格 / 表3-25：野外事件遭遇列表,核心三宝书,[DMG] 城主指南
表3-25：野外事件遭遇列表-暖带沼泽,0 核心三宝书\DMG城主指南\所有DMG表格\3-25\表3-25：野外事件遭遇列表-暖带沼泽.htm,5,核心三宝书 / [DMG] 城主指南 / 所有DMG表格 / 表3-25：野外事件遭遇列表,核心三宝书,[DMG] 城主指南
表3-25：野外事件遭遇列表-温带丘陵,0 核心三宝书\DMG城主指南\所有DMG表格\3-25\表3-25：野外事件遭遇列表-温带丘陵.htm,5,核心三宝书 / [DMG] 城主指南 / 所有DMG表格 / 表3-25：野外事件遭遇列表,核心三宝书,[DMG] 城主指南
表3-25：野外事件遭遇列表-温带山脉,0 核心三宝书\DMG城主指南\所有DMG表格\3-25\表3-25：野外事件遭遇列表-温带山脉.htm,5,核心三宝书 / [DMG] 城主指南 / 所有DMG表格 / 表3-25：野外事件遭遇列表,核心三宝书,[DMG] 城主指南
表3-25：野外事件遭遇列表-温带平原,0 核心三宝书\DMG城主指南\所有DMG表格\3-25\表3-25：野外事件遭遇列表-温带平原.htm,5,核心三宝书 / [DMG] 城主指南 / 所有DMG表格 / 表3-25：野外事件遭遇列表,核心三宝书,[DMG] 城主指南
表3-25：野外事件遭遇列表-温带森林,0 核心三宝书\DMG城主指南\所有DMG表格\3-25\表3-25：野外事件遭遇列表-温带森林.htm,5,核心三宝书 / [DMG] 城主指南 / 所有DMG表格 / 表3-25：野外事件遭遇列表,核心三宝书,[DMG] 城主指南
表3-25：野外事件遭遇列表-温带水域,0 核心三宝书\DMG城主指南\所有DMG表格\3-25\表3-25：野外事件遭遇列表-温带水域.htm,5,核心三宝书 / [DMG] 城主指南 / 所有DMG表格 / 表3-25：野外事件遭遇列表,核心三宝书,[DMG] 城主指南
表3-25：野外事件遭遇列表-温带沙漠,0 核心三宝书\DMG城主指南\所有DMG表格\3-25\表3-25：野外事件遭遇列表-温带沙漠.htm,5,核心三宝书 / [DMG] 城主指南 / 所有DMG表格 / 表3-25：野外事件遭遇列表,核心三宝书,[DMG] 城主指南
表3-25：野外事件遭遇列表-温带沼泽,0 核心三宝书\DMG城主指南\所有DMG表格\3-25\表3-25：野外事件遭遇列表-温带沼泽.htm,5,核心三宝书 / [DMG] 城主指南 / 所有DMG表格 / 表3-25：野外事件遭遇列表,核心三宝书,[DMG] 城主指南
表3-26：攻城器,0 核心三宝书\DMG城主指南\所有DMG表格\表3-26：攻城器.htm,4,核心三宝书 / [DMG] 城主指南 / 所有DMG表格,核心三宝书,[DMG] 城主指南
表3-27：建筑物,0 核心三宝书\DMG城主指南\所有DMG表格\表3-27：建筑物.htm,4,核心三宝书 / [DMG] 城主指南 / 所有DMG表格,核心三宝书,[DMG] 城主指南
表3-28：城镇事件遭遇,0 核心三宝书\DMG城主指南\所有DMG表格\表3-28：城镇事件遭遇.htm,4,核心三宝书 / [DMG] 城主指南 / 所有DMG表格,核心三宝书,[DMG] 城主指南
表4-1：雇工的价格,0 核心三宝书\DMG城主指南\所有DMG表格\表4-1：雇工的价格.htm,4,核心三宝书 / [DMG] 城主指南 / 所有DMG表格,核心三宝书,[DMG] 城主指南
表4-2：导师,0 核心三宝书\DMG城主指南\所有DMG表格\表4-2：导师.htm,4,核心三宝书 / [DMG] 城主指南 / 所有DMG表格,核心三宝书,[DMG] 城主指南
表4-3：望族,0 核心三宝书\DMG城主指南\所有DMG表格\表4-3：望族.htm,4,核心三宝书 / [DMG] 城主指南 / 所有DMG表格,核心三宝书,[DMG] 城主指南
表4-4：平民,0 核心三宝书\DMG城主指南\所有DMG表格\表4-4：平民.htm,4,核心三宝书 / [DMG] 城主指南 / 所有DMG表格,核心三宝书,[DMG] 城主指南
表4-5：专家,0 核心三宝书\DMG城主指南\所有DMG表格\表4-5：专家.htm,4,核心三宝书 / [DMG] 城主指南 / 所有DMG表格,核心三宝书,[DMG] 城主指南
表4-6：武者,0 核心三宝书\DMG城主指南\所有DMG表格\表4-6：武者.htm,4,核心三宝书 / [DMG] 城主指南 / 所有DMG表格,核心三宝书,[DMG] 城主指南
表4-7：随机NPC阵营,0 核心三宝书\DMG城主指南\所有DMG表格\表4-7：随机NPC阵营.htm,4,核心三宝书 / [DMG] 城主指南 / 所有DMG表格,核心三宝书,[DMG] 城主指南
表4-8：随机NPC职业,0 核心三宝书\DMG城主指南\所有DMG表格\表4-8：随机NPC职业.htm,4,核心三宝书 / [DMG] 城主指南 / 所有DMG表格,核心三宝书,[DMG] 城主指南
表4-9：善良NPC人类种族或生物种类,0 核心三宝书\DMG城主指南\所有DMG表格\表4-9：善良NPC人类种族或生物种类.htm,4,核心三宝书 / [DMG] 城主指南 / 所有DMG表格,核心三宝书,[DMG] 城主指南
表4-10：中立npc人物种族或生物种类,0 核心三宝书\DMG城主指南\所有DMG表格\表4-10：中立npc人物种族或生物种类.htm,4,核心三宝书 / [DMG] 城主指南 / 所有DMG表格,核心三宝书,[DMG] 城主指南
表4-11：邪恶NPC人物种族或生物种类,0 核心三宝书\DMG城主指南\所有DMG表格\表4-11：邪恶NPC人物种族或生物种类.htm,4,核心三宝书 / [DMG] 城主指南 / 所有DMG表格,核心三宝书,[DMG] 城主指南
表4-12：野蛮人非玩家人物,0 核心三宝书\DMG城主指南\所有DMG表格\表4-12：野蛮人非玩家人物.htm,4,核心三宝书 / [DMG] 城主指南 / 所有DMG表格,核心三宝书,[DMG] 城主指南
表4-13：吟游诗人非玩家人物,0 核心三宝书\DMG城主指南\所有DMG表格\表4-13：吟游诗人非玩家人物.htm,4,核心三宝书 / [DMG] 城主指南 / 所有DMG表格,核心三宝书,[DMG] 城主指南
表4-13各等级可知法术数量(补),0 核心三宝书\DMG城主指南\所有DMG表格\表4-13各等级可知法术数量（补）.htm,4,核心三宝书 / [DMG] 城主指南 / 所有DMG表格,核心三宝书,[DMG] 城主指南
表4-14：牧师非玩家人物,0 核心三宝书\DMG城主指南\所有DMG表格\表4-14：牧师非玩家人物.htm,4,核心三宝书 / [DMG] 城主指南 / 所有DMG表格,核心三宝书,[DMG] 城主指南
表4-15：德鲁伊非玩家人物,0 核心三宝书\DMG城主指南\所有DMG表格\表4-15：德鲁伊非玩家人物.htm,4,核心三宝书 / [DMG] 城主指南 / 所有DMG表格,核心三宝书,[DMG] 城主指南
表4-16：战士非玩家人物,0 核心三宝书\DMG城主指南\所有DMG表格\表4-16：战士非玩家人物.htm,4,核心三宝书 / [DMG] 城主指南 / 所有DMG表格,核心三宝书,[DMG] 城主指南
表4-17：武僧非玩家人物,0 核心三宝书\DMG城主指南\所有DMG表格\表4-17：武僧非玩家人物.htm,4,核心三宝书 / [DMG] 城主指南 / 所有DMG表格,核心三宝书,[DMG] 城主指南
表4-18：圣武士非玩家人物,0 核心三宝书\DMG城主指南\所有DMG表格\表4-18：圣武士非玩家人物.htm,4,核心三宝书 / [DMG] 城主指南 / 所有DMG表格,核心三宝书,[DMG] 城主指南
表4-19：巡林客非玩家人物,0 核心三宝书\DMG城主指南\所有DMG表格\表4-19：巡林客非玩家人物.htm,4,核心三宝书 / [DMG] 城主指南 / 所有DMG表格,核心三宝书,[DMG] 城主指南
表4-20：游荡者非玩家人物,0 核心三宝书\DMG城主指南\所有DMG表格\表4-20：游荡者非玩家人物.htm,4,核心三宝书 / [DMG] 城主指南 / 所有DMG表格,核心三宝书,[DMG] 城主指南
表4-21：术士非玩家人物,0 核心三宝书\DMG城主指南\所有DMG表格\表4-21：术士非玩家人物.htm,4,核心三宝书 / [DMG] 城主指南 / 所有DMG表格,核心三宝书,[DMG] 城主指南
表4-22：法师非玩家人物,0 核心三宝书\DMG城主指南\所有DMG表格\表4-22：法师非玩家人物.htm,4,核心三宝书 / [DMG] 城主指南 / 所有DMG表格,核心三宝书,[DMG] 城主指南
表4-23：非玩家人物携带物品总价,0 核心三宝书\DMG城主指南\所有DMG表格\表4-23：非玩家人物携带物品总价.htm,4,核心三宝书 / [DMG] 城主指南 / 所有DMG表格,核心三宝书,[DMG] 城主指南
表4-24：百种人物特色,0 核心三宝书\DMG城主指南\所有DMG表格\表4-24：百种人物特色.htm,4,核心三宝书 / [DMG] 城主指南 / 所有DMG表格,核心三宝书,[DMG] 城主指南
表5-1：人物等级与平均财产,0 核心三宝书\DMG城主指南\所有DMG表格\表5-1：人物等级与平均财产.htm,4,核心三宝书 / [DMG] 城主指南 / 所有DMG表格,核心三宝书,[DMG] 城主指南
表5-2：随机产生城镇,0 核心三宝书\DMG城主指南\所有DMG表格\表5-2：随机产生城镇.htm,4,核心三宝书 / [DMG] 城主指南 / 所有DMG表格,核心三宝书,[DMG] 城主指南
表5-3：亚洲武器,0 核心三宝书\DMG城主指南\所有DMG表格\表5-3：亚洲武器.htm,4,核心三宝书 / [DMG] 城主指南 / 所有DMG表格,核心三宝书,[DMG] 城主指南
表5-4：文艺复兴时期的武器,0 核心三宝书\DMG城主指南\所有DMG表格\表5-4：文艺复兴时期的武器.htm,4,核心三宝书 / [DMG] 城主指南 / 所有DMG表格,核心三宝书,[DMG] 城主指南
表5-5：现代武器,0 核心三宝书\DMG城主指南\所有DMG表格\表5-5：现代武器.htm,4,核心三宝书 / [DMG] 城主指南 / 所有DMG表格,核心三宝书,[DMG] 城主指南
表5-6：未来武器,0 核心三宝书\DMG城主指南\所有DMG表格\表5-6：未来武器.htm,4,核心三宝书 / [DMG] 城主指南 / 所有DMG表格,核心三宝书,[DMG] 城主指南
表5-7：随机位面目的地,0 核心三宝书\DMG城主指南\所有DMG表格\表5-7：随机位面目的地.htm,4,核心三宝书 / [DMG] 城主指南 / 所有DMG表格,核心三宝书,[DMG] 城主指南
表6-1：魔射手,0 核心三宝书\DMG城主指南\所有DMG表格\表6-1：魔射手.htm,4,核心三宝书 / [DMG] 城主指南 / 所有DMG表格,核心三宝书,[DMG] 城主指南
表6-2：诡术师,0 核心三宝书\DMG城主指南\所有DMG表格\表6-2：诡术师.htm,4,核心三宝书 / [DMG] 城主指南 / 所有DMG表格,核心三宝书,[DMG] 城主指南
表6-3：大法师,0 核心三宝书\DMG城主指南\所有DMG表格\表6-3：大法师.htm,4,核心三宝书 / [DMG] 城主指南 / 所有DMG表格,核心三宝书,[DMG] 城主指南
表6-4：刺客,0 核心三宝书\DMG城主指南\所有DMG表格\表6-4：刺客.htm,4,核心三宝书 / [DMG] 城主指南 / 所有DMG表格,核心三宝书,[DMG] 城主指南
表6-5：刺客可知法术数量,0 核心三宝书\DMG城主指南\所有DMG表格\表6-5：刺客可知法术数量.htm,4,核心三宝书 / [DMG] 城主指南 / 所有DMG表格,核心三宝书,[DMG] 城主指南
表6-6：暗黑卫士,0 核心三宝书\DMG城主指南\所有DMG表格\表6-6：暗黑卫士.htm,4,核心三宝书 / [DMG] 城主指南 / 所有DMG表格,核心三宝书,[DMG] 城主指南
表6-7：龙脉术士,0 核心三宝书\DMG城主指南\所有DMG表格\表6-7：龙脉术士.htm,4,核心三宝书 / [DMG] 城主指南 / 所有DMG表格,核心三宝书,[DMG] 城主指南
表6-8：决斗家,0 核心三宝书\DMG城主指南\所有DMG表格\表6-8：决斗家.htm,4,核心三宝书 / [DMG] 城主指南 / 所有DMG表格,核心三宝书,[DMG] 城主指南
表6-9：矮人防御者,0 核心三宝书\DMG城主指南\所有DMG表格\表6-9：矮人防御者.htm,4,核心三宝书 / [DMG] 城主指南 / 所有DMG表格,核心三宝书,[DMG] 城主指南
表6-10：奥法骑士,0 核心三宝书\DMG城主指南\所有DMG表格\表6-10：奥法骑士.htm,4,核心三宝书 / [DMG] 城主指南 / 所有DMG表格,核心三宝书,[DMG] 城主指南
表6-11：大祭司,0 核心三宝书\DMG城主指南\所有DMG表格\表6-11：大祭司.htm,4,核心三宝书 / [DMG] 城主指南 / 所有DMG表格,核心三宝书,[DMG] 城主指南
表6-12：大地旅者,0 核心三宝书\DMG城主指南\所有DMG表格\表6-12：大地旅者.htm,4,核心三宝书 / [DMG] 城主指南 / 所有DMG表格,核心三宝书,[DMG] 城主指南
表6-13：博学士,0 核心三宝书\DMG城主指南\所有DMG表格\表6-13：博学士.htm,4,核心三宝书 / [DMG] 城主指南 / 所有DMG表格,核心三宝书,[DMG] 城主指南
表6-14：秘术士,0 核心三宝书\DMG城主指南\所有DMG表格\表6-14：秘术士.htm,4,核心三宝书 / [DMG] 城主指南 / 所有DMG表格,核心三宝书,[DMG] 城主指南
表6-15：红袍法师,0 核心三宝书\DMG城主指南\所有DMG表格\表6-15：红袍法师.htm,4,核心三宝书 / [DMG] 城主指南 / 所有DMG表格,核心三宝书,[DMG] 城主指南
表6-16：影舞者,0 核心三宝书\DMG城主指南\所有DMG表格\表6-16：影舞者.htm,4,核心三宝书 / [DMG] 城主指南 / 所有DMG表格,核心三宝书,[DMG] 城主指南
表6-17：咒法召唤师,0 核心三宝书\DMG城主指南\所有DMG表格\表6-17：咒法召唤师.htm,4,核心三宝书 / [DMG] 城主指南 / 所有DMG表格,核心三宝书,[DMG] 城主指南
表6-18：史诗豁免检定及攻击加值,0 核心三宝书\DMG城主指南\所有DMG表格\表6-18：史诗豁免检定及攻击加值.htm,4,核心三宝书 / [DMG] 城主指南 / 所有DMG表格,核心三宝书,[DMG] 城主指南
表6-19：史诗人物经验值及等级相关优势,0 核心三宝书\DMG城主指南\所有DMG表格\表6-19：史诗人物经验值及等级相关优势.htm,4,核心三宝书 / [DMG] 城主指南 / 所有DMG表格,核心三宝书,[DMG] 城主指南
表7-1：随机魔法物品,0 核心三宝书\DMG城主指南\所有DMG表格\表7-1：随机魔法物品.htm,4,核心三宝书 / [DMG] 城主指南 / 所有DMG表格,核心三宝书,[DMG] 城主指南
表7-2：盔甲与盾牌,0 核心三宝书\DMG城主指南\所有DMG表格\表7-2：盔甲与盾牌.htm,4,核心三宝书 / [DMG] 城主指南 / 所有DMG表格,核心三宝书,[DMG] 城主指南
表7-3：随机盔甲类别,0 核心三宝书\DMG城主指南\所有DMG表格\表7-3：随机盔甲类别.htm,4,核心三宝书 / [DMG] 城主指南 / 所有DMG表格,核心三宝书,[DMG] 城主指南
表7-4：随机盾牌类别,0 核心三宝书\DMG城主指南\所有DMG表格\表7-4：随机盾牌类别.htm,4,核心三宝书 / [DMG] 城主指南 / 所有DMG表格,核心三宝书,[DMG] 城主指南
表7-5：盔甲特殊能力,0 核心三宝书\DMG城主指南\所有DMG表格\表7-5：盔甲特殊能力.htm,4,核心三宝书 / [DMG] 城主指南 / 所有DMG表格,核心三宝书,[DMG] 城主指南
表7-6：盾牌特殊能力,0 核心三宝书\DMG城主指南\所有DMG表格\表7-6：盾牌特殊能力.htm,4,核心三宝书 / [DMG] 城主指南 / 所有DMG表格,核心三宝书,[DMG] 城主指南
表7-7：特殊盔甲,0 核心三宝书\DMG城主指南\所有DMG表格\表7-7：特殊盔甲.htm,4,核心三宝书 / [DMG] 城主指南 / 所有DMG表格,核心三宝书,[DMG] 城主指南
表7-8：特殊盾牌,0 核心三宝书\DMG城主指南\所有DMG表格\表7-8：特殊盾牌.htm,4,核心三宝书 / [DMG] 城主指南 / 所有DMG表格,核心三宝书,[DMG] 城主指南
表7-9：武器,0 核心三宝书\DMG城主指南\所有DMG表格\表7-9：武器.htm,4,核心三宝书 / [DMG] 城主指南 / 所有DMG表格,核心三宝书,[DMG] 城主指南
表7-10：武器类别,0 核心三宝书\DMG城主指南\所有DMG表格\表7-10：武器类别.htm,4,核心三宝书 / [DMG] 城主指南 / 所有DMG表格,核心三宝书,[DMG] 城主指南
表7-11：常见近战武器,0 核心三宝书\DMG城主指南\所有DMG表格\表7-11：常见近战武器.htm,4,核心三宝书 / [DMG] 城主指南 / 所有DMG表格,核心三宝书,[DMG] 城主指南
表7-12：罕见武器,0 核心三宝书\DMG城主指南\所有DMG表格\表7-12：罕见武器.htm,4,核心三宝书 / [DMG] 城主指南 / 所有DMG表格,核心三宝书,[DMG] 城主指南
表7-13：常见远程武器,0 核心三宝书\DMG城主指南\所有DMG表格\表7-13：常见远程武器.htm,4,核心三宝书 / [DMG] 城主指南 / 所有DMG表格,核心三宝书,[DMG] 城主指南
表7-14：近战武器特殊能力,0 核心三宝书\DMG城主指南\所有DMG表格\表7-14：近战武器特殊能力.htm,4,核心三宝书 / [DMG] 城主指南 / 所有DMG表格,核心三宝书,[DMG] 城主指南
表7-15：远程武器特殊能力,0 核心三宝书\DMG城主指南\所有DMG表格\表7-15：远程武器特殊能力.htm,4,核心三宝书 / [DMG] 城主指南 / 所有DMG表格,核心三宝书,[DMG] 城主指南
表7-16：特殊武器,0 核心三宝书\DMG城主指南\所有DMG表格\表7-16：特殊武器.htm,4,核心三宝书 / [DMG] 城主指南 / 所有DMG表格,核心三宝书,[DMG] 城主指南
表7-17：药水与神油,0 核心三宝书\DMG城主指南\所有DMG表格\表7-17：药水与神油.htm,4,核心三宝书 / [DMG] 城主指南 / 所有DMG表格,核心三宝书,[DMG] 城主指南
表7-18：戒指,0 核心三宝书\DMG城主指南\所有DMG表格\表7-18：戒指.htm,4,核心三宝书 / [DMG] 城主指南 / 所有DMG表格,核心三宝书,[DMG] 城主指南
表7-19：权杖,0 核心三宝书\DMG城主指南\所有DMG表格\表7-19：权杖.htm,4,核心三宝书 / [DMG] 城主指南 / 所有DMG表格,核心三宝书,[DMG] 城主指南
表7-20：卷轴种类,0 核心三宝书\DMG城主指南\所有DMG表格\表7-20：卷轴种类.htm,4,核心三宝书 / [DMG] 城主指南 / 所有DMG表格,核心三宝书,[DMG] 城主指南
表7-21：卷轴所含法术数目,0 核心三宝书\DMG城主指南\所有DMG表格\表7-21：卷轴所含法术数目.htm,4,核心三宝书 / [DMG] 城主指南 / 所有DMG表格,核心三宝书,[DMG] 城主指南
表7-22：卷轴法术等级,0 核心三宝书\DMG城主指南\所有DMG表格\表7-22：卷轴法术等级.htm,4,核心三宝书 / [DMG] 城主指南 / 所有DMG表格,核心三宝书,[DMG] 城主指南
表7-23：奥术卷轴,0 核心三宝书\DMG城主指南\所有DMG表格\表7-23：奥术卷轴.htm,4,核心三宝书 / [DMG] 城主指南 / 所有DMG表格,核心三宝书,[DMG] 城主指南
表7-24：神术卷轴,0 核心三宝书\DMG城主指南\所有DMG表格\表7-24：神术卷轴.htm,4,核心三宝书 / [DMG] 城主指南 / 所有DMG表格,核心三宝书,[DMG] 城主指南
表7-25：法杖,0 核心三宝书\DMG城主指南\所有DMG表格\表7-25：法杖.htm,4,核心三宝书 / [DMG] 城主指南 / 所有DMG表格,核心三宝书,[DMG] 城主指南
表7-26：魔杖,0 核心三宝书\DMG城主指南\所有DMG表格\表7-26：魔杖.htm,4,核心三宝书 / [DMG] 城主指南 / 所有DMG表格,核心三宝书,[DMG] 城主指南
表7-27：次级奇物,0 核心三宝书\DMG城主指南\所有DMG表格\表7-27：次级奇物.htm,4,核心三宝书 / [DMG] 城主指南 / 所有DMG表格,核心三宝书,[DMG] 城主指南
表7-28：中级奇物,0 核心三宝书\DMG城主指南\所有DMG表格\表7-28：中级奇物.htm,4,核心三宝书 / [DMG] 城主指南 / 所有DMG表格,核心三宝书,[DMG] 城主指南
表7-29：高级奇物,0 核心三宝书\DMG城主指南\所有DMG表格\表7-29：高级奇物.htm,4,核心三宝书 / [DMG] 城主指南 / 所有DMG表格,核心三宝书,[DMG] 城主指南
表7-30：物品智力值、感知值、魅力值及能力数目,0 核心三宝书\DMG城主指南\所有DMG表格\表7-30：物品智力值、感知值、魅力值及能力数目.htm,4,核心三宝书 / [DMG] 城主指南 / 所有DMG表格,核心三宝书,[DMG] 城主指南
表7-30：智能物品特殊意图能力,0 核心三宝书\DMG城主指南\所有DMG表格\表7-30：智能物品特殊意图能力.htm,4,核心三宝书 / [DMG] 城主指南 / 所有DMG表格,核心三宝书,[DMG] 城主指南
表7-31：特殊诅咒物品,0 核心三宝书\DMG城主指南\所有DMG表格\表7-31：特殊诅咒物品.htm,4,核心三宝书 / [DMG] 城主指南 / 所有DMG表格,核心三宝书,[DMG] 城主指南
表7-32：魔法物品制造成本摘要,0 核心三宝书\DMG城主指南\所有DMG表格\表7-32：魔法物品制造成本摘要.htm,4,核心三宝书 / [DMG] 城主指南 / 所有DMG表格,核心三宝书,[DMG] 城主指南
表7-33：计算魔法物品的价值,0 核心三宝书\DMG城主指南\所有DMG表格\表7-33：计算魔法物品的价值.htm,4,核心三宝书 / [DMG] 城主指南 / 所有DMG表格,核心三宝书,[DMG] 城主指南
表8-1：特殊能力分类,0 核心三宝书\DMG城主指南\所有DMG表格\表8-1：特殊能力分类.htm,4,核心三宝书 / [DMG] 城主指南 / 所有DMG表格,核心三宝书,[DMG] 城主指南
表8-2：疾病,0 核心三宝书\DMG城主指南\所有DMG表格\表8-2：疾病.htm,4,核心三宝书 / [DMG] 城主指南 / 所有DMG表格,核心三宝书,[DMG] 城主指南
表8-3：毒素,0 核心三宝书\DMG城主指南\所有DMG表格\表8-3：毒素.htm,4,核心三宝书 / [DMG] 城主指南 / 所有DMG表格,核心三宝书,[DMG] 城主指南
表8-4：坠落物的伤害,0 核心三宝书\DMG城主指南\所有DMG表格\表8-4：坠落物的伤害.htm,4,核心三宝书 / [DMG] 城主指南 / 所有DMG表格,核心三宝书,[DMG] 城主指南
地下城遭遇,,4,核心三宝书 / [DMG] 城主指南 / 所有DMG表格,核心三宝书,[DMG] 城主指南
1级地下城事件遭遇,0 核心三宝书\DMG城主指南\所有DMG表格\地下城遭遇\1级地下城事件遭遇.htm,5,核心三宝书 / [DMG] 城主指南 / 所有DMG表格 / 地下城遭遇,核心三宝书,[DMG] 城主指南
2级地下城事件遭遇,0 核心三宝书\DMG城主指南\所有DMG表格\地下城遭遇\2级地下城事件遭遇.htm,5,核心三宝书 / [DMG] 城主指南 / 所有DMG表格 / 地下城遭遇,核心三宝书,[DMG] 城主指南
3级地下城事件遭遇,0 核心三宝书\DMG城主指南\所有DMG表格\地下城遭遇\3级地下城事件遭遇.htm,5,核心三宝书 / [DMG] 城主指南 / 所有DMG表格 / 地下城遭遇,核心三宝书,[DMG] 城主指南
4级地下城事件遭遇,0 核心三宝书\DMG城主指南\所有DMG表格\地下城遭遇\4级地下城事件遭遇.htm,5,核心三宝书 / [DMG] 城主指南 / 所有DMG表格 / 地下城遭遇,核心三宝书,[DMG] 城主指南
5级地下城事件遭遇,0 核心三宝书\DMG城主指南\所有DMG表格\地下城遭遇\5级地下城事件遭遇.htm,5,核心三宝书 / [DMG] 城主指南 / 所有DMG表格 / 地下城遭遇,核心三宝书,[DMG] 城主指南
6级地下城事件遭遇,0 核心三宝书\DMG城主指南\所有DMG表格\地下城遭遇\6级地下城事件遭遇.htm,5,核心三宝书 / [DMG] 城主指南 / 所有DMG表格 / 地下城遭遇,核心三宝书,[DMG] 城主指南
7级地下城事件遭遇,0 核心三宝书\DMG城主指南\所有DMG表格\地下城遭遇\7级地下城事件遭遇.htm,5,核心三宝书 / [DMG] 城主指南 / 所有DMG表格 / 地下城遭遇,核心三宝书,[DMG] 城主指南
8级地下城事件遭遇,0 核心三宝书\DMG城主指南\所有DMG表格\地下城遭遇\8级地下城事件遭遇.htm,5,核心三宝书 / [DMG] 城主指南 / 所有DMG表格 / 地下城遭遇,核心三宝书,[DMG] 城主指南
9级地下城事件遭遇,0 核心三宝书\DMG城主指南\所有DMG表格\地下城遭遇\9级地下城事件遭遇.htm,5,核心三宝书 / [DMG] 城主指南 / 所有DMG表格 / 地下城遭遇,核心三宝书,[DMG] 城主指南
10级地下城事件遭遇,0 核心三宝书\DMG城主指南\所有DMG表格\地下城遭遇\10级地下城事件遭遇.htm,5,核心三宝书 / [DMG] 城主指南 / 所有DMG表格 / 地下城遭遇,核心三宝书,[DMG] 城主指南
11级地下城事件遭遇,0 核心三宝书\DMG城主指南\所有DMG表格\地下城遭遇\11级地下城事件遭遇.htm,5,核心三宝书 / [DMG] 城主指南 / 所有DMG表格 / 地下城遭遇,核心三宝书,[DMG] 城主指南
12级地下城事件遭遇,0 核心三宝书\DMG城主指南\所有DMG表格\地下城遭遇\12级地下城事件遭遇.htm,5,核心三宝书 / [DMG] 城主指南 / 所有DMG表格 / 地下城遭遇,核心三宝书,[DMG] 城主指南
13级地下城事件遭遇,0 核心三宝书\DMG城主指南\所有DMG表格\地下城遭遇\13级地下城事件遭遇.htm,5,核心三宝书 / [DMG] 城主指南 / 所有DMG表格 / 地下城遭遇,核心三宝书,[DMG] 城主指南
14级地下城事件遭遇,0 核心三宝书\DMG城主指南\所有DMG表格\地下城遭遇\14级地下城事件遭遇.htm,5,核心三宝书 / [DMG] 城主指南 / 所有DMG表格 / 地下城遭遇,核心三宝书,[DMG] 城主指南
15级地下城事件遭遇,0 核心三宝书\DMG城主指南\所有DMG表格\地下城遭遇\15级地下城事件遭遇.htm,5,核心三宝书 / [DMG] 城主指南 / 所有DMG表格 / 地下城遭遇,核心三宝书,[DMG] 城主指南
16级地下城事件遭遇,0 核心三宝书\DMG城主指南\所有DMG表格\地下城遭遇\16级地下城事件遭遇.htm,5,核心三宝书 / [DMG] 城主指南 / 所有DMG表格 / 地下城遭遇,核心三宝书,[DMG] 城主指南
17级地下城事件遭遇,0 核心三宝书\DMG城主指南\所有DMG表格\地下城遭遇\17级地下城事件遭遇.htm,5,核心三宝书 / [DMG] 城主指南 / 所有DMG表格 / 地下城遭遇,核心三宝书,[DMG] 城主指南
18级地下城事件遭遇,0 核心三宝书\DMG城主指南\所有DMG表格\地下城遭遇\18级地下城事件遭遇.htm,5,核心三宝书 / [DMG] 城主指南 / 所有DMG表格 / 地下城遭遇,核心三宝书,[DMG] 城主指南
19级地下城事件遭遇,0 核心三宝书\DMG城主指南\所有DMG表格\地下城遭遇\19级地下城事件遭遇.htm,5,核心三宝书 / [DMG] 城主指南 / 所有DMG表格 / 地下城遭遇,核心三宝书,[DMG] 城主指南
20级地下城事件遭遇,0 核心三宝书\DMG城主指南\所有DMG表格\地下城遭遇\20级地下城事件遭遇.htm,5,核心三宝书 / [DMG] 城主指南 / 所有DMG表格 / 地下城遭遇,核心三宝书,[DMG] 城主指南
[MM] 怪物图鉴,0 核心三宝书\MM怪物图鉴\封面.htm,2,核心三宝书,核心三宝书,[MM] 怪物图鉴
简介,0 核心三宝书\MM怪物图鉴\简介\简介.htm,3,核心三宝书 / [MM] 怪物图鉴,核心三宝书,[MM] 怪物图鉴
怪物种类,0 核心三宝书\MM怪物图鉴\简介\怪物种类.htm,4,核心三宝书 / [MM] 怪物图鉴 / 简介,核心三宝书,[MM] 怪物图鉴
为何改版,0 核心三宝书\MM怪物图鉴\简介\为何改版.htm,4,核心三宝书 / [MM] 怪物图鉴 / 简介,核心三宝书,[MM] 怪物图鉴
第一章：怪物,,3,核心三宝书 / [MM] 怪物图鉴,核心三宝书,[MM] 怪物图鉴
A,,4,核心三宝书 / [MM] 怪物图鉴 / 第一章：怪物,核心三宝书,[MM] 怪物图鉴
变形蛛,0 核心三宝书\MM怪物图鉴\第一章：怪物\A\变形蛛.htm,5,核心三宝书 / [MM] 怪物图鉴 / 第一章：怪物 / A,核心三宝书,[MM] 怪物图鉴
底栖魔鱼,0 核心三宝书\MM怪物图鉴\第一章：怪物\A\底栖魔鱼.htm,5,核心三宝书 / [MM] 怪物图鉴 / 第一章：怪物 / A,核心三宝书,[MM] 怪物图鉴
鹗哥兽,0 核心三宝书\MM怪物图鉴\第一章：怪物\A\鹗哥兽.htm,5,核心三宝书 / [MM] 怪物图鉴 / 第一章：怪物 / A,核心三宝书,[MM] 怪物图鉴
活化物体,0 核心三宝书\MM怪物图鉴\第一章：怪物\A\活化物体.htm,5,核心三宝书 / [MM] 怪物图鉴 / 第一章：怪物 / A,核心三宝书,[MM] 怪物图鉴
火矮人,0 核心三宝书\MM怪物图鉴\第一章：怪物\A\火矮人.htm,5,核心三宝书 / [MM] 怪物图鉴 / 第一章：怪物 / A,核心三宝书,[MM] 怪物图鉴
箭鹰,0 核心三宝书\MM怪物图鉴\第一章：怪物\A\箭鹰.htm,5,核心三宝书 / [MM] 怪物图鉴 / 第一章：怪物 / A,核心三宝书,[MM] 怪物图鉴
掘地虫,0 核心三宝书\MM怪物图鉴\第一章：怪物\A\掘地虫.htm,5,核心三宝书 / [MM] 怪物图鉴 / 第一章：怪物 / A,核心三宝书,[MM] 怪物图鉴
三臂巨怪,0 核心三宝书\MM怪物图鉴\第一章：怪物\A\三臂巨怪.htm,5,核心三宝书 / [MM] 怪物图鉴 / 第一章：怪物 / A,核心三宝书,[MM] 怪物图鉴
杀手藤,0 核心三宝书\MM怪物图鉴\第一章：怪物\A\杀手藤.htm,5,核心三宝书 / [MM] 怪物图鉴 / 第一章：怪物 / A,核心三宝书,[MM] 怪物图鉴
天使,0 核心三宝书\MM怪物图鉴\第一章：怪物\A\天使.htm,5,核心三宝书 / [MM] 怪物图鉴 / 第一章：怪物 / A,核心三宝书,[MM] 怪物图鉴
亚空神族,0 核心三宝书\MM怪物图鉴\第一章：怪物\A\亚空神族.htm,5,核心三宝书 / [MM] 怪物图鉴 / 第一章：怪物 / A,核心三宝书,[MM] 怪物图鉴
怨魂,0 核心三宝书\MM怪物图鉴\第一章：怪物\A\怨魂.htm,5,核心三宝书 / [MM] 怪物图鉴 / 第一章：怪物 / A,核心三宝书,[MM] 怪物图鉴
B,,4,核心三宝书 / [MM] 怪物图鉴 / 第一章：怪物,核心三宝书,[MM] 怪物图鉴
贝克风精,0 核心三宝书\MM怪物图鉴\第一章：怪物\B\贝克风精.htm,5,核心三宝书 / [MM] 怪物图鉴 / 第一章：怪物 / B,核心三宝书,[MM] 怪物图鉴
波达尸,0 核心三宝书\MM怪物图鉴\第一章：怪物\B\波达尸.htm,5,核心三宝书 / [MM] 怪物图鉴 / 第一章：怪物 / B,核心三宝书,[MM] 怪物图鉴
青足龙蛇,0 核心三宝书\MM怪物图鉴\第一章：怪物\B\青足龙蛇.htm,5,核心三宝书 / [MM] 怪物图鉴 / 第一章：怪物 / B,核心三宝书,[MM] 怪物图鉴
犬魔,0 核心三宝书\MM怪物图鉴\第一章：怪物\B\犬魔.htm,5,核心三宝书 / [MM] 怪物图鉴 / 第一章：怪物 / B,核心三宝书,[MM] 怪物图鉴
鲨蜥兽,0 核心三宝书\MM怪物图鉴\第一章：怪物\B\鲨蜥兽.htm,5,核心三宝书 / [MM] 怪物图鉴 / 第一章：怪物 / B,核心三宝书,[MM] 怪物图鉴
闪现犬,0 核心三宝书\MM怪物图鉴\第一章：怪物\B\闪现犬.htm,5,核心三宝书 / [MM] 怪物图鉴 / 第一章：怪物 / B,核心三宝书,[MM] 怪物图鉴
石化蜥蜴,0 核心三宝书\MM怪物图鉴\第一章：怪物\B\石化蜥蜴.htm,5,核心三宝书 / [MM] 怪物图鉴 / 第一章：怪物 / B,核心三宝书,[MM] 怪物图鉴
熊地精,0 核心三宝书\MM怪物图鉴\第一章：怪物\B\熊地精.htm,5,核心三宝书 / [MM] 怪物图鉴 / 第一章：怪物 / B,核心三宝书,[MM] 怪物图鉴
眼魔,0 核心三宝书\MM怪物图鉴\第一章：怪物\B\眼魔.htm,5,核心三宝书 / [MM] 怪物图鉴 / 第一章：怪物 / B,核心三宝书,[MM] 怪物图鉴
C,,4,核心三宝书 / [MM] 怪物图鉴 / 第一章：怪物,核心三宝书,[MM] 怪物图鉴
混沌兽,0 核心三宝书\MM怪物图鉴\第一章：怪物\C\混沌兽.htm,5,核心三宝书 / [MM] 怪物图鉴 / 第一章：怪物 / C,核心三宝书,[MM] 怪物图鉴
甲伏怪,0 核心三宝书\MM怪物图鉴\第一章：怪物\C\甲伏怪.htm,5,核心三宝书 / [MM] 怪物图鉴 / 第一章：怪物 / C,核心三宝书,[MM] 怪物图鉴
奇美拉,0 核心三宝书\MM怪物图鉴\第一章：怪物\C\奇美拉.htm,5,核心三宝书 / [MM] 怪物图鉴 / 第一章：怪物 / C,核心三宝书,[MM] 怪物图鉴
人马,0 核心三宝书\MM怪物图鉴\第一章：怪物\C\人马.htm,5,核心三宝书 / [MM] 怪物图鉴 / 第一章：怪物 / C,核心三宝书,[MM] 怪物图鉴
蛇鸡兽,0 核心三宝书\MM怪物图鉴\第一章：怪物\C\蛇鸡兽.htm,5,核心三宝书 / [MM] 怪物图鉴 / 第一章：怪物 / C,核心三宝书,[MM] 怪物图鉴
食腐虫,0 核心三宝书\MM怪物图鉴\第一章：怪物\C\食腐虫.htm,5,核心三宝书 / [MM] 怪物图鉴 / 第一章：怪物 / C,核心三宝书,[MM] 怪物图鉴
锁喉怪,0 核心三宝书\MM怪物图鉴\第一章：怪物\C\锁喉怪.htm,5,核心三宝书 / [MM] 怪物图鉴 / 第一章：怪物 / C,核心三宝书,[MM] 怪物图鉴
天界生物,0 核心三宝书\MM怪物图鉴\第一章：怪物\C\天界生物.htm,5,核心三宝书 / [MM] 怪物图鉴 / 第一章：怪物 / C,核心三宝书,[MM] 怪物图鉴
羽蛇,0 核心三宝书\MM怪物图鉴\第一章：怪物\C\羽蛇.htm,5,核心三宝书 / [MM] 怪物图鉴 / 第一章：怪物 / C,核心三宝书,[MM] 怪物图鉴
蛰伏伪怪,0 核心三宝书\MM怪物图鉴\第一章：怪物\C\蛰伏伪怪.htm,5,核心三宝书 / [MM] 怪物图鉴 / 第一章：怪物 / C,核心三宝书,[MM] 怪物图鉴
D,,4,核心三宝书 / [MM] 怪物图鉴 / 第一章：怪物,核心三宝书,[MM] 怪物图鉴
矮人,0 核心三宝书\MM怪物图鉴\第一章：怪物\D\矮人.htm,5,核心三宝书 / [MM] 怪物图鉴 / 第一章：怪物 / D,核心三宝书,[MM] 怪物图鉴
暗幕魔兽,0 核心三宝书\MM怪物图鉴\第一章：怪物\D\暗幕魔兽.htm,5,核心三宝书 / [MM] 怪物图鉴 / 第一章：怪物 / D,核心三宝书,[MM] 怪物图鉴
暗音盲怪,0 核心三宝书\MM怪物图鉴\第一章：怪物\D\暗音盲怪.htm,5,核心三宝书 / [MM] 怪物图鉴 / 第一章：怪物 / D,核心三宝书,[MM] 怪物图鉴
变形怪,0 核心三宝书\MM怪物图鉴\第一章：怪物\D\变形怪.htm,5,核心三宝书 / [MM] 怪物图鉴 / 第一章：怪物 / D,核心三宝书,[MM] 怪物图鉴
迪洛矮人,0 核心三宝书\MM怪物图鉴\第一章：怪物\D\迪洛矮人.htm,5,核心三宝书 / [MM] 怪物图鉴 / 第一章：怪物 / D,核心三宝书,[MM] 怪物图鉴
恐兽,0 核心三宝书\MM怪物图鉴\第一章：怪物\D\恐兽.htm,5,核心三宝书 / [MM] 怪物图鉴 / 第一章：怪物 / D,核心三宝书,[MM] 怪物图鉴
龙龟,0 核心三宝书\MM怪物图鉴\第一章：怪物\D\龙龟.htm,5,核心三宝书 / [MM] 怪物图鉴 / 第一章：怪物 / D,核心三宝书,[MM] 怪物图鉴
囚魂尸,0 核心三宝书\MM怪物图鉴\第一章：怪物\D\囚魂尸.htm,5,核心三宝书 / [MM] 怪物图鉴 / 第一章：怪物 / D,核心三宝书,[MM] 怪物图鉴
狮龙,0 核心三宝书\MM怪物图鉴\第一章：怪物\D\狮龙.htm,5,核心三宝书 / [MM] 怪物图鉴 / 第一章：怪物 / D,核心三宝书,[MM] 怪物图鉴
树精,0 核心三宝书\MM怪物图鉴\第一章：怪物\D\树精.htm,5,核心三宝书 / [MM] 怪物图鉴 / 第一章：怪物 / D,核心三宝书,[MM] 怪物图鉴
移位兽,0 核心三宝书\MM怪物图鉴\第一章：怪物\D\移位兽.htm,5,核心三宝书 / [MM] 怪物图鉴 / 第一章：怪物 / D,核心三宝书,[MM] 怪物图鉴
蛛化精灵,0 核心三宝书\MM怪物图鉴\第一章：怪物\D\蛛化精灵.htm,5,核心三宝书 / [MM] 怪物图鉴 / 第一章：怪物 / D,核心三宝书,[MM] 怪物图鉴
钻地掘怪,0 核心三宝书\MM怪物图鉴\第一章：怪物\D\钻地掘怪.htm,5,核心三宝书 / [MM] 怪物图鉴 / 第一章：怪物 / D,核心三宝书,[MM] 怪物图鉴
恶魔,,5,核心三宝书 / [MM] 怪物图鉴 / 第一章：怪物 / D,核心三宝书,[MM] 怪物图鉴
巴创魔,0 核心三宝书\MM怪物图鉴\第一章：怪物\D\恶魔\巴创魔.htm,6,核心三宝书 / [MM] 怪物图鉴 / 第一章：怪物 / D / 恶魔,核心三宝书,[MM] 怪物图鉴
巴洛魔,0 核心三宝书\MM怪物图鉴\第一章：怪物\D\恶魔\巴洛魔.htm,6,核心三宝书 / [MM] 怪物图鉴 / 第一章：怪物 / D / 恶魔,核心三宝书,[MM] 怪物图鉴
恶魔,0 核心三宝书\MM怪物图鉴\第一章：怪物\D\恶魔\恶魔.htm,6,核心三宝书 / [MM] 怪物图鉴 / 第一章：怪物 / D / 恶魔,核心三宝书,[MM] 怪物图鉴
恶魔的挑战级数,0 核心三宝书\MM怪物图鉴\第一章：怪物\D\恶魔\恶魔的挑战级数.htm,6,核心三宝书 / [MM] 怪物图鉴 / 第一章：怪物 / D / 恶魔,核心三宝书,[MM] 怪物图鉴
弗洛魔,0 核心三宝书\MM怪物图鉴\第一章：怪物\D\恶魔\弗洛魔.htm,6,核心三宝书 / [MM] 怪物图鉴 / 第一章：怪物 / D / 恶魔,核心三宝书,[MM] 怪物图鉴
夸塞魔,0 核心三宝书\MM怪物图鉴\第一章：怪物\D\恶魔\夸塞魔.htm,6,核心三宝书 / [MM] 怪物图鉴 / 第一章：怪物 / D / 恶魔,核心三宝书,[MM] 怪物图鉴
狂战魔,0 核心三宝书\MM怪物图鉴\第一章：怪物\D\恶魔\狂战魔.htm,6,核心三宝书 / [MM] 怪物图鉴 / 第一章：怪物 / D / 恶魔,核心三宝书,[MM] 怪物图鉴
猎魔蛛,0 核心三宝书\MM怪物图鉴\第一章：怪物\D\恶魔\猎魔蛛.htm,6,核心三宝书 / [MM] 怪物图鉴 / 第一章：怪物 / D / 恶魔,核心三宝书,[MM] 怪物图鉴
六臂蛇魔,0 核心三宝书\MM怪物图鉴\第一章：怪物\D\恶魔\六臂蛇魔.htm,6,核心三宝书 / [MM] 怪物图鉴 / 第一章：怪物 / D / 恶魔,核心三宝书,[MM] 怪物图鉴
魅魔,0 核心三宝书\MM怪物图鉴\第一章：怪物\D\恶魔\魅魔.htm,6,核心三宝书 / [MM] 怪物图鉴 / 第一章：怪物 / D / 恶魔,核心三宝书,[MM] 怪物图鉴
迷诱魔,0 核心三宝书\MM怪物图鉴\第一章：怪物\D\恶魔\迷诱魔.htm,6,核心三宝书 / [MM] 怪物图鉴 / 第一章：怪物 / D / 恶魔,核心三宝书,[MM] 怪物图鉴
判魂魔,0 核心三宝书\MM怪物图鉴\第一章：怪物\D\恶魔\判魂魔.htm,6,核心三宝书 / [MM] 怪物图鉴 / 第一章：怪物 / D / 恶魔,核心三宝书,[MM] 怪物图鉴
怯魔,0 核心三宝书\MM怪物图鉴\第一章：怪物\D\恶魔\怯魔.htm,6,核心三宝书 / [MM] 怪物图鉴 / 第一章：怪物 / D / 恶魔,核心三宝书,[MM] 怪物图鉴
狩魔蛛,0 核心三宝书\MM怪物图鉴\第一章：怪物\D\恶魔\狩魔蛛.htm,6,核心三宝书 / [MM] 怪物图鉴 / 第一章：怪物 / D / 恶魔,核心三宝书,[MM] 怪物图鉴
恐龙,,5,核心三宝书 / [MM] 怪物图鉴 / 第一章：怪物 / D,核心三宝书,[MM] 怪物图鉴
薄板龙,0 核心三宝书\MM怪物图鉴\第一章：怪物\D\恐龙\薄板龙.htm,6,核心三宝书 / [MM] 怪物图鉴 / 第一章：怪物 / D / 恐龙,核心三宝书,[MM] 怪物图鉴
暴龙,0 核心三宝书\MM怪物图鉴\第一章：怪物\D\恐龙\暴龙.htm,6,核心三宝书 / [MM] 怪物图鉴 / 第一章：怪物 / D / 恐龙,核心三宝书,[MM] 怪物图鉴
恐龙,0 核心三宝书\MM怪物图鉴\第一章：怪物\D\恐龙\恐龙.htm,6,核心三宝书 / [MM] 怪物图鉴 / 第一章：怪物 / D / 恐龙,核心三宝书,[MM] 怪物图鉴
恐爪龙,0 核心三宝书\MM怪物图鉴\第一章：怪物\D\恐龙\恐爪龙.htm,6,核心三宝书 / [MM] 怪物图鉴 / 第一章：怪物 / D / 恐龙,核心三宝书,[MM] 怪物图鉴
猛禽龙,0 核心三宝书\MM怪物图鉴\第一章：怪物\D\恐龙\猛禽龙.htm,6,核心三宝书 / [MM] 怪物图鉴 / 第一章：怪物 / D / 恐龙,核心三宝书,[MM] 怪物图鉴
三角龙,0 核心三宝书\MM怪物图鉴\第一章：怪物\D\恐龙\三角龙.htm,6,核心三宝书 / [MM] 怪物图鉴 / 第一章：怪物 / D / 恐龙,核心三宝书,[MM] 怪物图鉴
魔鬼,,5,核心三宝书 / [MM] 怪物图鉴 / 第一章：怪物 / D,核心三宝书,[MM] 怪物图鉴
地狱猫,0 核心三宝书\MM怪物图鉴\第一章：怪物\D\魔鬼\地狱猫.htm,6,核心三宝书 / [MM] 怪物图鉴 / 第一章：怪物 / D / 魔鬼,核心三宝书,[MM] 怪物图鉴
棘魔,0 核心三宝书\MM怪物图鉴\第一章：怪物\D\魔鬼\棘魔.htm,6,核心三宝书 / [MM] 怪物图鉴 / 第一章：怪物 / D / 魔鬼,核心三宝书,[MM] 怪物图鉴
角魔,0 核心三宝书\MM怪物图鉴\第一章：怪物\D\魔鬼\角魔.htm,6,核心三宝书 / [MM] 怪物图鉴 / 第一章：怪物 / D / 魔鬼,核心三宝书,[MM] 怪物图鉴
炼魔,0 核心三宝书\MM怪物图鉴\第一章：怪物\D\魔鬼\炼魔.htm,6,核心三宝书 / [MM] 怪物图鉴 / 第一章：怪物 / D / 魔鬼,核心三宝书,[MM] 怪物图鉴
劣魔,0 核心三宝书\MM怪物图鉴\第一章：怪物\D\魔鬼\劣魔.htm,6,核心三宝书 / [MM] 怪物图鉴 / 第一章：怪物 / D / 魔鬼,核心三宝书,[MM] 怪物图鉴
魔鬼,0 核心三宝书\MM怪物图鉴\第一章：怪物\D\魔鬼\魔鬼.htm,6,核心三宝书 / [MM] 怪物图鉴 / 第一章：怪物 / D / 魔鬼,核心三宝书,[MM] 怪物图鉴
魔鬼的挑战级数,0 核心三宝书\MM怪物图鉴\第一章：怪物\D\魔鬼\魔鬼的挑战级数.htm,6,核心三宝书 / [MM] 怪物图鉴 / 第一章：怪物 / D / 魔鬼,核心三宝书,[MM] 怪物图鉴
髯魔,0 核心三宝书\MM怪物图鉴\第一章：怪物\D\魔鬼\髯魔.htm,6,核心三宝书 / [MM] 怪物图鉴 / 第一章：怪物 / D / 魔鬼,核心三宝书,[MM] 怪物图鉴
深狱炼魔,0 核心三宝书\MM怪物图鉴\第一章：怪物\D\魔鬼\深狱炼魔.htm,6,核心三宝书 / [MM] 怪物图鉴 / 第一章：怪物 / D / 魔鬼,核心三宝书,[MM] 怪物图鉴
小魔鬼,0 核心三宝书\MM怪物图鉴\第一章：怪物\D\魔鬼\小魔鬼.htm,6,核心三宝书 / [MM] 怪物图鉴 / 第一章：怪物 / D / 魔鬼,核心三宝书,[MM] 怪物图鉴
欲魔,0 核心三宝书\MM怪物图鉴\第一章：怪物\D\魔鬼\欲魔.htm,6,核心三宝书 / [MM] 怪物图鉴 / 第一章：怪物 / D / 魔鬼,核心三宝书,[MM] 怪物图鉴
凶暴动物,,5,核心三宝书 / [MM] 怪物图鉴 / 第一章：怪物 / D,核心三宝书,[MM] 怪物图鉴
凶暴动物,0 核心三宝书\MM怪物图鉴\第一章：怪物\D\凶暴动物\凶暴动物.htm,6,核心三宝书 / [MM] 怪物图鉴 / 第一章：怪物 / D / 凶暴动物,核心三宝书,[MM] 怪物图鉴
凶暴虎,0 核心三宝书\MM怪物图鉴\第一章：怪物\D\凶暴动物\凶暴虎.htm,6,核心三宝书 / [MM] 怪物图鉴 / 第一章：怪物 / D / 凶暴动物,核心三宝书,[MM] 怪物图鉴
凶暴獾,0 核心三宝书\MM怪物图鉴\第一章：怪物\D\凶暴动物\凶暴獾.htm,6,核心三宝书 / [MM] 怪物图鉴 / 第一章：怪物 / D / 凶暴动物,核心三宝书,[MM] 怪物图鉴
凶暴狼,0 核心三宝书\MM怪物图鉴\第一章：怪物\D\凶暴动物\凶暴狼.htm,6,核心三宝书 / [MM] 怪物图鉴 / 第一章：怪物 / D / 凶暴动物,核心三宝书,[MM] 怪物图鉴
凶暴狼獾,0 核心三宝书\MM怪物图鉴\第一章：怪物\D\凶暴动物\凶暴狼獾.htm,6,核心三宝书 / [MM] 怪物图鉴 / 第一章：怪物 / D / 凶暴动物,核心三宝书,[MM] 怪物图鉴
凶暴鲨,0 核心三宝书\MM怪物图鉴\第一章：怪物\D\凶暴动物\凶暴鲨.htm,6,核心三宝书 / [MM] 怪物图鉴 / 第一章：怪物 / D / 凶暴动物,核心三宝书,[MM] 怪物图鉴
凶暴狮,0 核心三宝书\MM怪物图鉴\第一章：怪物\D\凶暴动物\凶暴狮.htm,6,核心三宝书 / [MM] 怪物图鉴 / 第一章：怪物 / D / 凶暴动物,核心三宝书,[MM] 怪物图鉴
凶暴鼠,0 核心三宝书\MM怪物图鉴\第一章：怪物\D\凶暴动物\凶暴鼠.htm,6,核心三宝书 / [MM] 怪物图鉴 / 第一章：怪物 / D / 凶暴动物,核心三宝书,[MM] 怪物图鉴
凶暴熊,0 核心三宝书\MM怪物图鉴\第一章：怪物\D\凶暴动物\凶暴熊.htm,6,核心三宝书 / [MM] 怪物图鉴 / 第一章：怪物 / D / 凶暴动物,核心三宝书,[MM] 怪物图鉴
凶暴野猪,0 核心三宝书\MM怪物图鉴\第一章：怪物\D\凶暴动物\凶暴野猪.htm,6,核心三宝书 / [MM] 怪物图鉴 / 第一章：怪物 / D / 凶暴动物,核心三宝书,[MM] 怪物图鉴
凶暴鼬,0 核心三宝书\MM怪物图鉴\第一章：怪物\D\凶暴动物\凶暴鼬.htm,6,核心三宝书 / [MM] 怪物图鉴 / 第一章：怪物 / D / 凶暴动物,核心三宝书,[MM] 怪物图鉴
凶暴猿,0 核心三宝书\MM怪物图鉴\第一章：怪物\D\凶暴动物\凶暴猿.htm,6,核心三宝书 / [MM] 怪物图鉴 / 第一章：怪物 / D / 凶暴动物,核心三宝书,[MM] 怪物图鉴
真龙,,5,核心三宝书 / [MM] 怪物图鉴 / 第一章：怪物 / D,核心三宝书,[MM] 怪物图鉴
真龙,0 核心三宝书\MM怪物图鉴\第一章：怪物\D\真龙\真龙.htm,6,核心三宝书 / [MM] 怪物图鉴 / 第一章：怪物 / D / 真龙,核心三宝书,[MM] 怪物图鉴
金属龙,,6,核心三宝书 / [MM] 怪物图鉴 / 第一章：怪物 / D / 真龙,核心三宝书,[MM] 怪物图鉴
赤铜龙,0 核心三宝书\MM怪物图鉴\第一章：怪物\D\真龙\金属龙\赤铜龙.htm,7,核心三宝书 / [MM] 怪物图鉴 / 第一章：怪物 / D / 真龙 / 金属龙,核心三宝书,[MM] 怪物图鉴
黄铜龙,0 核心三宝书\MM怪物图鉴\第一章：怪物\D\真龙\金属龙\黄铜龙.htm,7,核心三宝书 / [MM] 怪物图鉴 / 第一章：怪物 / D / 真龙 / 金属龙,核心三宝书,[MM] 怪物图鉴
金龙,0 核心三宝书\MM怪物图鉴\第一章：怪物\D\真龙\金属龙\金龙.htm,7,核心三宝书 / [MM] 怪物图鉴 / 第一章：怪物 / D / 真龙 / 金属龙,核心三宝书,[MM] 怪物图鉴
金属龙,0 核心三宝书\MM怪物图鉴\第一章：怪物\D\真龙\金属龙\金属龙.htm,7,核心三宝书 / [MM] 怪物图鉴 / 第一章：怪物 / D / 真龙 / 金属龙,核心三宝书,[MM] 怪物图鉴
青铜龙,0 核心三宝书\MM怪物图鉴\第一章：怪物\D\真龙\金属龙\青铜龙.htm,7,核心三宝书 / [MM] 怪物图鉴 / 第一章：怪物 / D / 真龙 / 金属龙,核心三宝书,[MM] 怪物图鉴
银龙,0 核心三宝书\MM怪物图鉴\第一章：怪物\D\真龙\金属龙\银龙.htm,7,核心三宝书 / [MM] 怪物图鉴 / 第一章：怪物 / D / 真龙 / 金属龙,核心三宝书,[MM] 怪物图鉴
五色龙,,6,核心三宝书 / [MM] 怪物图鉴 / 第一章：怪物 / D / 真龙,核心三宝书,[MM] 怪物图鉴
白龙,0 核心三宝书\MM怪物图鉴\第一章：怪物\D\真龙\五色龙\白龙.htm,7,核心三宝书 / [MM] 怪物图鉴 / 第一章：怪物 / D / 真龙 / 五色龙,核心三宝书,[MM] 怪物图鉴
黑龙,0 核心三宝书\MM怪物图鉴\第一章：怪物\D\真龙\五色龙\黑龙.htm,7,核心三宝书 / [MM] 怪物图鉴 / 第一章：怪物 / D / 真龙 / 五色龙,核心三宝书,[MM] 怪物图鉴
红龙,0 核心三宝书\MM怪物图鉴\第一章：怪物\D\真龙\五色龙\红龙.htm,7,核心三宝书 / [MM] 怪物图鉴 / 第一章：怪物 / D / 真龙 / 五色龙,核心三宝书,[MM] 怪物图鉴
蓝龙,0 核心三宝书\MM怪物图鉴\第一章：怪物\D\真龙\五色龙\蓝龙.htm,7,核心三宝书 / [MM] 怪物图鉴 / 第一章：怪物 / D / 真龙 / 五色龙,核心三宝书,[MM] 怪物图鉴
绿龙,0 核心三宝书\MM怪物图鉴\第一章：怪物\D\真龙\五色龙\绿龙.htm,7,核心三宝书 / [MM] 怪物图鉴 / 第一章：怪物 / D / 真龙 / 五色龙,核心三宝书,[MM] 怪物图鉴
五色龙,0 核心三宝书\MM怪物图鉴\第一章：怪物\D\真龙\五色龙\五色龙.htm,7,核心三宝书 / [MM] 怪物图鉴 / 第一章：怪物 / D / 真龙 / 五色龙,核心三宝书,[MM] 怪物图鉴
E,,4,核心三宝书 / [MM] 怪物图鉴 / 第一章：怪物,核心三宝书,[MM] 怪物图鉴
爱莅天族,0 核心三宝书\MM怪物图鉴\第一章：怪物\E\爱莅天族.htm,5,核心三宝书 / [MM] 怪物图鉴 / 第一章：怪物 / E,核心三宝书,[MM] 怪物图鉴
迦勒神使,0 核心三宝书\MM怪物图鉴\第一章：怪物\E\迦勒神使.htm,5,核心三宝书 / [MM] 怪物图鉴 / 第一章：怪物 / E,核心三宝书,[MM] 怪物图鉴
精灵,0 核心三宝书\MM怪物图鉴\第一章：怪物\E\精灵.htm,5,核心三宝书 / [MM] 怪物图鉴 / 第一章：怪物 / E,核心三宝书,[MM] 怪物图鉴
巨鹰,0 核心三宝书\MM怪物图鉴\第一章：怪物\E\巨鹰.htm,5,核心三宝书 / [MM] 怪物图鉴 / 第一章：怪物 / E,核心三宝书,[MM] 怪物图鉴
灵褫兽,0 核心三宝书\MM怪物图鉴\第一章：怪物\E\灵褫兽.htm,5,核心三宝书 / [MM] 怪物图鉴 / 第一章：怪物 / E,核心三宝书,[MM] 怪物图鉴
灵窃怪,0 核心三宝书\MM怪物图鉴\第一章：怪物\E\灵窃怪.htm,5,核心三宝书 / [MM] 怪物图鉴 / 第一章：怪物 / E,核心三宝书,[MM] 怪物图鉴
双头巨人,0 核心三宝书\MM怪物图鉴\第一章：怪物\E\双头巨人.htm,5,核心三宝书 / [MM] 怪物图鉴 / 第一章：怪物 / E,核心三宝书,[MM] 怪物图鉴
伊特怪,0 核心三宝书\MM怪物图鉴\第一章：怪物\E\伊特怪.htm,5,核心三宝书 / [MM] 怪物图鉴 / 第一章：怪物 / E,核心三宝书,[MM] 怪物图鉴
元素,,5,核心三宝书 / [MM] 怪物图鉴 / 第一章：怪物 / E,核心三宝书,[MM] 怪物图鉴
火元素,0 核心三宝书\MM怪物图鉴\第一章：怪物\E\元素\火元素.htm,6,核心三宝书 / [MM] 怪物图鉴 / 第一章：怪物 / E / 元素,核心三宝书,[MM] 怪物图鉴
水元素,0 核心三宝书\MM怪物图鉴\第一章：怪物\E\元素\水元素.htm,6,核心三宝书 / [MM] 怪物图鉴 / 第一章：怪物 / E / 元素,核心三宝书,[MM] 怪物图鉴
土元素,0 核心三宝书\MM怪物图鉴\第一章：怪物\E\元素\土元素.htm,6,核心三宝书 / [MM] 怪物图鉴 / 第一章：怪物 / E / 元素,核心三宝书,[MM] 怪物图鉴
元素-风元素,0 核心三宝书\MM怪物图鉴\第一章：怪物\E\元素\元素-风元素.htm,6,核心三宝书 / [MM] 怪物图鉴 / 第一章：怪物 / E / 元素,核心三宝书,[MM] 怪物图鉴
F,,4,核心三宝书 / [MM] 怪物图鉴 / 第一章：怪物,核心三宝书,[MM] 怪物图鉴
弗米蚁族,0 核心三宝书\MM怪物图鉴\第一章：怪物\F\弗米蚁族.htm,5,核心三宝书 / [MM] 怪物图鉴 / 第一章：怪物 / F,核心三宝书,[MM] 怪物图鉴
炼狱生物,0 核心三宝书\MM怪物图鉴\第一章：怪物\F\炼狱生物.htm,5,核心三宝书 / [MM] 怪物图鉴 / 第一章：怪物 / F,核心三宝书,[MM] 怪物图鉴
霜虫,0 核心三宝书\MM怪物图鉴\第一章：怪物\F\霜虫.htm,5,核心三宝书 / [MM] 怪物图鉴 / 第一章：怪物 / F,核心三宝书,[MM] 怪物图鉴
G,,4,核心三宝书 / [MM] 怪物图鉴 / 第一章：怪物,核心三宝书,[MM] 怪物图鉴
豺狼人,0 核心三宝书\MM怪物图鉴\第一章：怪物\G\豺狼人.htm,5,核心三宝书 / [MM] 怪物图鉴 / 第一章：怪物 / G,核心三宝书,[MM] 怪物图鉴
地精,0 核心三宝书\MM怪物图鉴\第一章：怪物\G\地精.htm,5,核心三宝书 / [MM] 怪物图鉴 / 第一章：怪物 / G,核心三宝书,[MM] 怪物图鉴
盖丁天族,0 核心三宝书\MM怪物图鉴\第一章：怪物\G\盖丁天族.htm,5,核心三宝书 / [MM] 怪物图鉴 / 第一章：怪物 / G,核心三宝书,[MM] 怪物图鉴
狮鬃神侍,0 核心三宝书\MM怪物图鉴\第一章：怪物\G\盖丁天族-狮鬃神侍.htm,6,核心三宝书 / [MM] 怪物图鉴 / 第一章：怪物 / G / 盖丁天族,核心三宝书,[MM] 怪物图鉴
灰袋兽,0 核心三宝书\MM怪物图鉴\第一章：怪物\G\灰袋兽.htm,5,核心三宝书 / [MM] 怪物图鉴 / 第一章：怪物 / G,核心三宝书,[MM] 怪物图鉴
吉斯扬基,0 核心三宝书\MM怪物图鉴\第一章：怪物\G\吉斯扬基.htm,5,核心三宝书 / [MM] 怪物图鉴 / 第一章：怪物 / G,核心三宝书,[MM] 怪物图鉴
吉斯泽莱,0 核心三宝书\MM怪物图鉴\第一章：怪物\G\吉斯泽莱.htm,5,核心三宝书 / [MM] 怪物图鉴 / 第一章：怪物 / G,核心三宝书,[MM] 怪物图鉴
巨灵,0 核心三宝书\MM怪物图鉴\第一章：怪物\G\巨灵.htm,5,核心三宝书 / [MM] 怪物图鉴 / 第一章：怪物 / G,核心三宝书,[MM] 怪物图鉴
惧噬体,0 核心三宝书\MM怪物图鉴\第一章：怪物\G\惧噬体.htm,5,核心三宝书 / [MM] 怪物图鉴 / 第一章：怪物 / G,核心三宝书,[MM] 怪物图鉴
狮鹫,0 核心三宝书\MM怪物图鉴\第一章：怪物\G\狮鹫.htm,5,核心三宝书 / [MM] 怪物图鉴 / 第一章：怪物 / G,核心三宝书,[MM] 怪物图鉴
石化牛,0 核心三宝书\MM怪物图鉴\第一章：怪物\G\石化牛.htm,5,核心三宝书 / [MM] 怪物图鉴 / 第一章：怪物 / G,核心三宝书,[MM] 怪物图鉴
石盲蛮族,0 核心三宝书\MM怪物图鉴\第一章：怪物\G\石盲蛮族.htm,5,核心三宝书 / [MM] 怪物图鉴 / 第一章：怪物 / G,核心三宝书,[MM] 怪物图鉴
石魔像,0 核心三宝书\MM怪物图鉴\第一章：怪物\G\石魔像.htm,5,核心三宝书 / [MM] 怪物图鉴 / 第一章：怪物 / G,核心三宝书,[MM] 怪物图鉴
高等石魔像,0 核心三宝书\MM怪物图鉴\第一章：怪物\G\石魔像-高等石魔像.htm,6,核心三宝书 / [MM] 怪物图鉴 / 第一章：怪物 / G / 石魔像,核心三宝书,[MM] 怪物图鉴
石像鬼,0 核心三宝书\MM怪物图鉴\第一章：怪物\G\石像鬼.htm,5,核心三宝书 / [MM] 怪物图鉴 / 第一章：怪物 / G,核心三宝书,[MM] 怪物图鉴
食尸鬼,0 核心三宝书\MM怪物图鉴\第一章：怪物\G\食尸鬼.htm,5,核心三宝书 / [MM] 怪物图鉴 / 第一章：怪物 / G,核心三宝书,[MM] 怪物图鉴
四臂猩,0 核心三宝书\MM怪物图鉴\第一章：怪物\G\四臂猩.htm,5,核心三宝书 / [MM] 怪物图鉴 / 第一章：怪物 / G,核心三宝书,[MM] 怪物图鉴
穴居攫怪,0 核心三宝书\MM怪物图鉴\第一章：怪物\G\穴居攫怪.htm,5,核心三宝书 / [MM] 怪物图鉴 / 第一章：怪物 / G,核心三宝书,[MM] 怪物图鉴
蕈,0 核心三宝书\MM怪物图鉴\第一章：怪物\G\蕈.htm,5,核心三宝书 / [MM] 怪物图鉴 / 第一章：怪物 / G,核心三宝书,[MM] 怪物图鉴
幽魂,0 核心三宝书\MM怪物图鉴\第一章：怪物\G\幽魂.htm,5,核心三宝书 / [MM] 怪物图鉴 / 第一章：怪物 / G,核心三宝书,[MM] 怪物图鉴
侏儒,0 核心三宝书\MM怪物图鉴\第一章：怪物\G\侏儒.htm,5,核心三宝书 / [MM] 怪物图鉴 / 第一章：怪物 / G,核心三宝书,[MM] 怪物图鉴
巨人,,5,核心三宝书 / [MM] 怪物图鉴 / 第一章：怪物 / G,核心三宝书,[MM] 怪物图鉴
风暴巨人,0 核心三宝书\MM怪物图鉴\第一章：怪物\G\巨人\风暴巨人.htm,6,核心三宝书 / [MM] 怪物图鉴 / 第一章：怪物 / G / 巨人,核心三宝书,[MM] 怪物图鉴
火巨人,0 核心三宝书\MM怪物图鉴\第一章：怪物\G\巨人\火巨人.htm,6,核心三宝书 / [MM] 怪物图鉴 / 第一章：怪物 / G / 巨人,核心三宝书,[MM] 怪物图鉴
巨人,0 核心三宝书\MM怪物图鉴\第一章：怪物\G\巨人\巨人.htm,6,核心三宝书 / [MM] 怪物图鉴 / 第一章：怪物 / G / 巨人,核心三宝书,[MM] 怪物图鉴
山丘巨人,0 核心三宝书\MM怪物图鉴\第一章：怪物\G\巨人\山丘巨人.htm,6,核心三宝书 / [MM] 怪物图鉴 / 第一章：怪物 / G / 巨人,核心三宝书,[MM] 怪物图鉴
石巨人,0 核心三宝书\MM怪物图鉴\第一章：怪物\G\巨人\石巨人.htm,6,核心三宝书 / [MM] 怪物图鉴 / 第一章：怪物 / G / 巨人,核心三宝书,[MM] 怪物图鉴
霜巨人,0 核心三宝书\MM怪物图鉴\第一章：怪物\G\巨人\霜巨人.htm,6,核心三宝书 / [MM] 怪物图鉴 / 第一章：怪物 / G / 巨人,核心三宝书,[MM] 怪物图鉴
云巨人,0 核心三宝书\MM怪物图鉴\第一章：怪物\G\巨人\云巨人.htm,6,核心三宝书 / [MM] 怪物图鉴 / 第一章：怪物 / G / 巨人,核心三宝书,[MM] 怪物图鉴
魔像,,5,核心三宝书 / [MM] 怪物图鉴 / 第一章：怪物 / G,核心三宝书,[MM] 怪物图鉴
魔像,0 核心三宝书\MM怪物图鉴\第一章：怪物\G\魔像\魔像.htm,6,核心三宝书 / [MM] 怪物图鉴 / 第一章：怪物 / G / 魔像,核心三宝书,[MM] 怪物图鉴
黏土魔像,0 核心三宝书\MM怪物图鉴\第一章：怪物\G\魔像\黏土魔像.htm,6,核心三宝书 / [MM] 怪物图鉴 / 第一章：怪物 / G / 魔像,核心三宝书,[MM] 怪物图鉴
肉身魔像,0 核心三宝书\MM怪物图鉴\第一章：怪物\G\魔像\肉身魔像.htm,6,核心三宝书 / [MM] 怪物图鉴 / 第一章：怪物 / G / 魔像,核心三宝书,[MM] 怪物图鉴
铁魔像,0 核心三宝书\MM怪物图鉴\第一章：怪物\G\魔像\铁魔像.htm,6,核心三宝书 / [MM] 怪物图鉴 / 第一章：怪物 / G / 魔像,核心三宝书,[MM] 怪物图鉴
H,,4,核心三宝书 / [MM] 怪物图鉴 / 第一章：怪物,核心三宝书,[MM] 怪物图鉴
半炼狱生物,0 核心三宝书\MM怪物图鉴\第一章：怪物\H\半炼狱生物.htm,5,核心三宝书 / [MM] 怪物图鉴 / 第一章：怪物 / H,核心三宝书,[MM] 怪物图鉴
半龙,0 核心三宝书\MM怪物图鉴\第一章：怪物\H\半龙.htm,5,核心三宝书 / [MM] 怪物图鉴 / 第一章：怪物 / H,核心三宝书,[MM] 怪物图鉴
半身人,0 核心三宝书\MM怪物图鉴\第一章：怪物\H\半身人.htm,5,核心三宝书 / [MM] 怪物图鉴 / 第一章：怪物 / H,核心三宝书,[MM] 怪物图鉴
高半身人,0 核心三宝书\MM怪物图鉴\第一章：怪物\H\半身人-高半身人.htm,6,核心三宝书 / [MM] 怪物图鉴 / 第一章：怪物 / H / 半身人,核心三宝书,[MM] 怪物图鉴
深半身人,0 核心三宝书\MM怪物图鉴\第一章：怪物\H\半身人-深半身人.htm,6,核心三宝书 / [MM] 怪物图鉴 / 第一章：怪物 / H / 半身人,核心三宝书,[MM] 怪物图鉴
半天界生物,0 核心三宝书\MM怪物图鉴\第一章：怪物\H\半天界生物.htm,5,核心三宝书 / [MM] 怪物图鉴 / 第一章：怪物 / H,核心三宝书,[MM] 怪物图鉴
大地精,0 核心三宝书\MM怪物图鉴\第一章：怪物\H\大地精.htm,5,核心三宝书 / [MM] 怪物图鉴 / 第一章：怪物 / H,核心三宝书,[MM] 怪物图鉴
地狱犬,0 核心三宝书\MM怪物图鉴\第一章：怪物\H\地狱犬.htm,5,核心三宝书 / [MM] 怪物图鉴 / 第一章：怪物 / H,核心三宝书,[MM] 怪物图鉴
多头蛇蜥,0 核心三宝书\MM怪物图鉴\第一章：怪物\H\多头蛇蜥.htm,5,核心三宝书 / [MM] 怪物图鉴 / 第一章：怪物 / H,核心三宝书,[MM] 怪物图鉴
多头炎蛇蜥,0 核心三宝书\MM怪物图鉴\第一章：怪物\H\多头蛇蜥-多头炎蛇蜥.htm,6,核心三宝书 / [MM] 怪物图鉴 / 第一章：怪物 / H / 多头蛇蜥,核心三宝书,[MM] 怪物图鉴
多头寒蛇蜥,0 核心三宝书\MM怪物图鉴\第一章：怪物\H\多头蛇蜥-多头寒蛇蜥.htm,6,核心三宝书 / [MM] 怪物图鉴 / 第一章：怪物 / H / 多头蛇蜥,核心三宝书,[MM] 怪物图鉴
鬼婆,0 核心三宝书\MM怪物图鉴\第一章：怪物\H\鬼婆.htm,5,核心三宝书 / [MM] 怪物图鉴 / 第一章：怪物 / H,核心三宝书,[MM] 怪物图鉴
嚎兽,0 核心三宝书\MM怪物图鉴\第一章：怪物\H\嚎兽.htm,5,核心三宝书 / [MM] 怪物图鉴 / 第一章：怪物 / H,核心三宝书,[MM] 怪物图鉴
鹫马,0 核心三宝书\MM怪物图鉴\第一章：怪物\H\鹫马.htm,5,核心三宝书 / [MM] 怪物图鉴 / 第一章：怪物 / H,核心三宝书,[MM] 怪物图鉴
魔造仆役,0 核心三宝书\MM怪物图鉴\第一章：怪物\H\魔造仆役.htm,5,核心三宝书 / [MM] 怪物图鉴 / 第一章：怪物 / H,核心三宝书,[MM] 怪物图鉴
鸟妖,0 核心三宝书\MM怪物图鉴\第一章：怪物\H\鸟妖.htm,5,核心三宝书 / [MM] 怪物图鉴 / 第一章：怪物 / H,核心三宝书,[MM] 怪物图鉴
I,,4,核心三宝书 / [MM] 怪物图鉴 / 第一章：怪物,核心三宝书,[MM] 怪物图鉴
猎背信使,0 核心三宝书\MM怪物图鉴\第一章：怪物\I\猎背信使.htm,5,核心三宝书 / [MM] 怪物图鉴 / 第一章：怪物 / I,核心三宝书,[MM] 怪物图鉴
猎偷生使,0 核心三宝书\MM怪物图鉴\第一章：怪物\I\猎背信使-猎偷生使.htm,6,核心三宝书 / [MM] 怪物图鉴 / 第一章：怪物 / I / 猎背信使,核心三宝书,[MM] 怪物图鉴
猎不义使,0 核心三宝书\MM怪物图鉴\第一章：怪物\I\猎背信使-猎不义使.htm,6,核心三宝书 / [MM] 怪物图鉴 / 第一章：怪物 / I / 猎背信使,核心三宝书,[MM] 怪物图鉴
隐形潜伏怪,0 核心三宝书\MM怪物图鉴\第一章：怪物\I\隐形潜伏怪.htm,5,核心三宝书 / [MM] 怪物图鉴 / 第一章：怪物 / I,核心三宝书,[MM] 怪物图鉴
K,,4,核心三宝书 / [MM] 怪物图鉴 / 第一章：怪物,核心三宝书,[MM] 怪物图鉴
狗头人,0 核心三宝书\MM怪物图鉴\第一章：怪物\K\狗头人.htm,5,核心三宝书 / [MM] 怪物图鉴 / 第一章：怪物 / K,核心三宝书,[MM] 怪物图鉴
骨面斑兽,0 核心三宝书\MM怪物图鉴\第一章：怪物\K\骨面斑兽.htm,5,核心三宝书 / [MM] 怪物图鉴 / 第一章：怪物 / K,核心三宝书,[MM] 怪物图鉴
寇涛鱼人,0 核心三宝书\MM怪物图鉴\第一章：怪物\K\寇涛鱼人.htm,5,核心三宝书 / [MM] 怪物图鉴 / 第一章：怪物 / K,核心三宝书,[MM] 怪物图鉴
深海乌贼,0 核心三宝书\MM怪物图鉴\第一章：怪物\K\深海乌贼.htm,5,核心三宝书 / [MM] 怪物图鉴 / 第一章：怪物 / K,核心三宝书,[MM] 怪物图鉴
L,,4,核心三宝书 / [MM] 怪物图鉴 / 第一章：怪物,核心三宝书,[MM] 怪物图鉴
人身狮,0 核心三宝书\MM怪物图鉴\第一章：怪物\L\人身狮.htm,5,核心三宝书 / [MM] 怪物图鉴 / 第一章：怪物 / L,核心三宝书,[MM] 怪物图鉴
兽化人,0 核心三宝书\MM怪物图鉴\第一章：怪物\L\兽化人.htm,5,核心三宝书 / [MM] 怪物图鉴 / 第一章：怪物 / L,核心三宝书,[MM] 怪物图鉴
熊人,0 核心三宝书\MM怪物图鉴\第一章：怪物\L\兽化人-熊人.htm,6,核心三宝书 / [MM] 怪物图鉴 / 第一章：怪物 / L / 兽化人,核心三宝书,[MM] 怪物图鉴
野猪人,0 核心三宝书\MM怪物图鉴\第一章：怪物\L\兽化人-野猪人.htm,6,核心三宝书 / [MM] 怪物图鉴 / 第一章：怪物 / L / 兽化人,核心三宝书,[MM] 怪物图鉴
鼠人,0 核心三宝书\MM怪物图鉴\第一章：怪物\L\兽化人-鼠人.htm,6,核心三宝书 / [MM] 怪物图鉴 / 第一章：怪物 / L / 兽化人,核心三宝书,[MM] 怪物图鉴
虎人,0 核心三宝书\MM怪物图鉴\第一章：怪物\L\兽化人-虎人.htm,6,核心三宝书 / [MM] 怪物图鉴 / 第一章：怪物 / L / 兽化人,核心三宝书,[MM] 怪物图鉴
狼人,0 核心三宝书\MM怪物图鉴\第一章：怪物\L\兽化人-狼人.htm,6,核心三宝书 / [MM] 怪物图鉴 / 第一章：怪物 / L / 兽化人,核心三宝书,[MM] 怪物图鉴
狼人王,0 核心三宝书\MM怪物图鉴\第一章：怪物\L\兽化人-狼人王.htm,6,核心三宝书 / [MM] 怪物图鉴 / 第一章：怪物 / L / 兽化人,核心三宝书,[MM] 怪物图鉴
凶暴野猪巨人,0 核心三宝书\MM怪物图鉴\第一章：怪物\L\兽化人-凶暴野猪巨人.htm,6,核心三宝书 / [MM] 怪物图鉴 / 第一章：怪物 / L / 兽化人,核心三宝书,[MM] 怪物图鉴
巫妖,0 核心三宝书\MM怪物图鉴\第一章：怪物\L\巫妖.htm,5,核心三宝书 / [MM] 怪物图鉴 / 第一章：怪物 / L,核心三宝书,[MM] 怪物图鉴
蜥人族,0 核心三宝书\MM怪物图鉴\第一章：怪物\L\蜥人族.htm,5,核心三宝书 / [MM] 怪物图鉴 / 第一章：怪物 / L,核心三宝书,[MM] 怪物图鉴
翼蛇人,0 核心三宝书\MM怪物图鉴\第一章：怪物\L\翼蛇人.htm,5,核心三宝书 / [MM] 怪物图鉴 / 第一章：怪物 / L,核心三宝书,[MM] 怪物图鉴
翼狮,0 核心三宝书\MM怪物图鉴\第一章：怪物\L\翼狮.htm,5,核心三宝书 / [MM] 怪物图鉴 / 第一章：怪物 / L,核心三宝书,[MM] 怪物图鉴
M,,4,核心三宝书 / [MM] 怪物图鉴 / 第一章：怪物,核心三宝书,[MM] 怪物图鉴
刺尾狮,0 核心三宝书\MM怪物图鉴\第一章：怪物\M\刺尾狮.htm,5,核心三宝书 / [MM] 怪物图鉴 / 第一章：怪物 / M,核心三宝书,[MM] 怪物图鉴
夺心魔,0 核心三宝书\MM怪物图鉴\第一章：怪物\M\夺心魔.htm,5,核心三宝书 / [MM] 怪物图鉴 / 第一章：怪物 / M,核心三宝书,[MM] 怪物图鉴
夺心魔术士,0 核心三宝书\MM怪物图鉴\第一章：怪物\M\夺心魔-夺心魔术士.htm,6,核心三宝书 / [MM] 怪物图鉴 / 第一章：怪物 / M / 夺心魔,核心三宝书,[MM] 怪物图鉴
火童,0 核心三宝书\MM怪物图鉴\第一章：怪物\M\火童.htm,5,核心三宝书 / [MM] 怪物图鉴 / 第一章：怪物 / M,核心三宝书,[MM] 怪物图鉴
梅杜莎,0 核心三宝书\MM怪物图鉴\第一章：怪物\M\梅杜莎.htm,5,核心三宝书 / [MM] 怪物图鉴 / 第一章：怪物 / M,核心三宝书,[MM] 怪物图鉴
魔蝠,0 核心三宝书\MM怪物图鉴\第一章：怪物\M\魔蝠.htm,5,核心三宝书 / [MM] 怪物图鉴 / 第一章：怪物 / M,核心三宝书,[MM] 怪物图鉴
土系魔蝠,0 核心三宝书\MM怪物图鉴\第一章：怪物\M\魔蝠-土系魔蝠.htm,6,核心三宝书 / [MM] 怪物图鉴 / 第一章：怪物 / M / 魔蝠,核心三宝书,[MM] 怪物图鉴
火系魔蝠,0 核心三宝书\MM怪物图鉴\第一章：怪物\M\魔蝠-火系魔蝠.htm,6,核心三宝书 / [MM] 怪物图鉴 / 第一章：怪物 / M / 魔蝠,核心三宝书,[MM] 怪物图鉴
水系魔蝠,0 核心三宝书\MM怪物图鉴\第一章：怪物\M\魔蝠-水系魔蝠.htm,6,核心三宝书 / [MM] 怪物图鉴 / 第一章：怪物 / M / 魔蝠,核心三宝书,[MM] 怪物图鉴
木乃伊,0 核心三宝书\MM怪物图鉴\第一章：怪物\M\木乃伊.htm,5,核心三宝书 / [MM] 怪物图鉴 / 第一章：怪物 / M,核心三宝书,[MM] 怪物图鉴
木乃伊王,0 核心三宝书\MM怪物图鉴\第一章：怪物\M\木乃伊-木乃伊王.htm,6,核心三宝书 / [MM] 怪物图鉴 / 第一章：怪物 / M / 木乃伊,核心三宝书,[MM] 怪物图鉴
拟身怪,0 核心三宝书\MM怪物图鉴\第一章：怪物\M\拟身怪.htm,5,核心三宝书 / [MM] 怪物图鉴 / 第一章：怪物 / M,核心三宝书,[MM] 怪物图鉴
牛头人,0 核心三宝书\MM怪物图鉴\第一章：怪物\M\牛头人.htm,5,核心三宝书 / [MM] 怪物图鉴 / 第一章：怪物 / M,核心三宝书,[MM] 怪物图鉴
人鱼族,0 核心三宝书\MM怪物图鉴\第一章：怪物\M\人鱼族.htm,5,核心三宝书 / [MM] 怪物图鉴 / 第一章：怪物 / M,核心三宝书,[MM] 怪物图鉴
N,,4,核心三宝书 / [MM] 怪物图鉴 / 第一章：怪物,核心三宝书,[MM] 怪物图鉴
老鬼婆,0 核心三宝书\MM怪物图鉴\第一章：怪物\N\老鬼婆.htm,5,核心三宝书 / [MM] 怪物图鉴 / 第一章：怪物 / N,核心三宝书,[MM] 怪物图鉴
梦魇,0 核心三宝书\MM怪物图鉴\第一章：怪物\N\梦魇.htm,5,核心三宝书 / [MM] 怪物图鉴 / 第一章：怪物 / N,核心三宝书,[MM] 怪物图鉴
寇克马,0 核心三宝书\MM怪物图鉴\第一章：怪物\N\梦魇-寇克马.htm,6,核心三宝书 / [MM] 怪物图鉴 / 第一章：怪物 / N / 梦魇,核心三宝书,[MM] 怪物图鉴
纳迦,0 核心三宝书\MM怪物图鉴\第一章：怪物\N\纳迦.htm,5,核心三宝书 / [MM] 怪物图鉴 / 第一章：怪物 / N,核心三宝书,[MM] 怪物图鉴
暗纳迦,0 核心三宝书\MM怪物图鉴\第一章：怪物\N\纳迦-暗纳迦.htm,6,核心三宝书 / [MM] 怪物图鉴 / 第一章：怪物 / N / 纳迦,核心三宝书,[MM] 怪物图鉴
巡守纳迦,0 核心三宝书\MM怪物图鉴\第一章：怪物\N\纳迦-巡守纳迦.htm,6,核心三宝书 / [MM] 怪物图鉴 / 第一章：怪物 / N / 纳迦,核心三宝书,[MM] 怪物图鉴
幽魂纳迦,0 核心三宝书\MM怪物图鉴\第一章：怪物\N\纳迦-幽魂纳迦.htm,6,核心三宝书 / [MM] 怪物图鉴 / 第一章：怪物 / N / 纳迦,核心三宝书,[MM] 怪物图鉴
水纳迦,0 核心三宝书\MM怪物图鉴\第一章：怪物\N\纳迦-水纳迦.htm,6,核心三宝书 / [MM] 怪物图鉴 / 第一章：怪物 / N / 纳迦,核心三宝书,[MM] 怪物图鉴
水妖精,0 核心三宝书\MM怪物图鉴\第一章：怪物\N\水妖精.htm,5,核心三宝书 / [MM] 怪物图鉴 / 第一章：怪物 / N,核心三宝书,[MM] 怪物图鉴
夜影,0 核心三宝书\MM怪物图鉴\第一章：怪物\N\夜影.htm,5,核心三宝书 / [MM] 怪物图鉴 / 第一章：怪物 / N,核心三宝书,[MM] 怪物图鉴
伏行夜影,0 核心三宝书\MM怪物图鉴\第一章：怪物\N\夜影-伏行夜影.htm,6,核心三宝书 / [MM] 怪物图鉴 / 第一章：怪物 / N / 夜影,核心三宝书,[MM] 怪物图鉴
自走夜影,0 核心三宝书\MM怪物图鉴\第一章：怪物\N\夜影-自走夜影.htm,6,核心三宝书 / [MM] 怪物图鉴 / 第一章：怪物 / N / 夜影,核心三宝书,[MM] 怪物图鉴
飞翼夜影,0 核心三宝书\MM怪物图鉴\第一章：怪物\N\夜影-飞翼夜影.htm,6,核心三宝书 / [MM] 怪物图鉴 / 第一章：怪物 / N / 夜影,核心三宝书,[MM] 怪物图鉴
O,,4,核心三宝书 / [MM] 怪物图鉴 / 第一章：怪物,核心三宝书,[MM] 怪物图鉴
巨枭,0 核心三宝书\MM怪物图鉴\第一章：怪物\O\巨枭.htm,5,核心三宝书 / [MM] 怪物图鉴 / 第一章：怪物 / O,核心三宝书,[MM] 怪物图鉴
泥形怪,0 核心三宝书\MM怪物图鉴\第一章：怪物\O\泥形怪.htm,5,核心三宝书 / [MM] 怪物图鉴 / 第一章：怪物 / O,核心三宝书,[MM] 怪物图鉴
黑布丁怪,0 核心三宝书\MM怪物图鉴\第一章：怪物\O\泥形怪-黑布丁怪.htm,6,核心三宝书 / [MM] 怪物图鉴 / 第一章：怪物 / O / 泥形怪,核心三宝书,[MM] 怪物图鉴
黑布丁怪长老,0 核心三宝书\MM怪物图鉴\第一章：怪物\O\泥形怪-黑布丁怪长老.htm,6,核心三宝书 / [MM] 怪物图鉴 / 第一章：怪物 / O / 泥形怪,核心三宝书,[MM] 怪物图鉴
胶质怪,0 核心三宝书\MM怪物图鉴\第一章：怪物\O\泥形怪-胶质怪.htm,6,核心三宝书 / [MM] 怪物图鉴 / 第一章：怪物 / O / 泥形怪,核心三宝书,[MM] 怪物图鉴
灰泥怪,0 核心三宝书\MM怪物图鉴\第一章：怪物\O\泥形怪-灰泥怪.htm,6,核心三宝书 / [MM] 怪物图鉴 / 第一章：怪物 / O / 泥形怪,核心三宝书,[MM] 怪物图鉴
赭冻怪,0 核心三宝书\MM怪物图鉴\第一章：怪物\O\泥形怪-赭冻怪.htm,6,核心三宝书 / [MM] 怪物图鉴 / 第一章：怪物 / O / 泥形怪,核心三宝书,[MM] 怪物图鉴
食腐兽,0 核心三宝书\MM怪物图鉴\第一章：怪物\O\食腐兽.htm,5,核心三宝书 / [MM] 怪物图鉴 / 第一章：怪物 / O,核心三宝书,[MM] 怪物图鉴
食人魔,0 核心三宝书\MM怪物图鉴\第一章：怪物\O\食人魔.htm,5,核心三宝书 / [MM] 怪物图鉴 / 第一章：怪物 / O,核心三宝书,[MM] 怪物图鉴
食人魔野蛮人,0 核心三宝书\MM怪物图鉴\第一章：怪物\O\食人魔-食人魔野蛮人.htm,6,核心三宝书 / [MM] 怪物图鉴 / 第一章：怪物 / O / 食人魔,核心三宝书,[MM] 怪物图鉴
数据对比,0 核心三宝书\MM怪物图鉴\第一章：怪物\O\食人魔-数据对比.htm,6,核心三宝书 / [MM] 怪物图鉴 / 第一章：怪物 / O / 食人魔,核心三宝书,[MM] 怪物图鉴
食人魔巫师,0 核心三宝书\MM怪物图鉴\第一章：怪物\O\食人魔巫师.htm,5,核心三宝书 / [MM] 怪物图鉴 / 第一章：怪物 / O,核心三宝书,[MM] 怪物图鉴
兽人,0 核心三宝书\MM怪物图鉴\第一章：怪物\O\兽人.htm,5,核心三宝书 / [MM] 怪物图鉴 / 第一章：怪物 / O,核心三宝书,[MM] 怪物图鉴
半兽人,0 核心三宝书\MM怪物图鉴\第一章：怪物\O\兽人-半兽人.htm,6,核心三宝书 / [MM] 怪物图鉴 / 第一章：怪物 / O / 兽人,核心三宝书,[MM] 怪物图鉴
枭头熊,0 核心三宝书\MM怪物图鉴\第一章：怪物\O\枭头熊.htm,5,核心三宝书 / [MM] 怪物图鉴 / 第一章：怪物 / O,核心三宝书,[MM] 怪物图鉴
P,,4,核心三宝书 / [MM] 怪物图鉴 / 第一章：怪物,核心三宝书,[MM] 怪物图鉴
魅影蕈,0 核心三宝书\MM怪物图鉴\第一章：怪物\P\魅影蕈.htm,5,核心三宝书 / [MM] 怪物图鉴 / 第一章：怪物 / P,核心三宝书,[MM] 怪物图鉴
神魔裔,0 核心三宝书\MM怪物图鉴\第一章：怪物\P\神魔裔.htm,5,核心三宝书 / [MM] 怪物图鉴 / 第一章：怪物 / P,核心三宝书,[MM] 怪物图鉴
伪龙,0 核心三宝书\MM怪物图鉴\第一章：怪物\P\伪龙.htm,5,核心三宝书 / [MM] 怪物图鉴 / 第一章：怪物 / P,核心三宝书,[MM] 怪物图鉴
邪兽鬼,0 核心三宝书\MM怪物图鉴\第一章：怪物\P\邪兽鬼.htm,5,核心三宝书 / [MM] 怪物图鉴 / 第一章：怪物 / P,核心三宝书,[MM] 怪物图鉴
原变体,0 核心三宝书\MM怪物图鉴\第一章：怪物\P\原变体.htm,5,核心三宝书 / [MM] 怪物图鉴 / 第一章：怪物 / P,核心三宝书,[MM] 怪物图鉴
紫虫,0 核心三宝书\MM怪物图鉴\第一章：怪物\P\紫虫.htm,5,核心三宝书 / [MM] 怪物图鉴 / 第一章：怪物 / P,核心三宝书,[MM] 怪物图鉴
R,,4,核心三宝书 / [MM] 怪物图鉴 / 第一章：怪物,核心三宝书,[MM] 怪物图鉴
百足魔兽,0 核心三宝书\MM怪物图鉴\第一章：怪物\R\百足魔兽.htm,5,核心三宝书 / [MM] 怪物图鉴 / 第一章：怪物 / R,核心三宝书,[MM] 怪物图鉴
独爪蜃,0 核心三宝书\MM怪物图鉴\第一章：怪物\R\独爪蜃.htm,5,核心三宝书 / [MM] 怪物图鉴 / 第一章：怪物 / R,核心三宝书,[MM] 怪物图鉴
火螨,0 核心三宝书\MM怪物图鉴\第一章：怪物\R\火螨.htm,5,核心三宝书 / [MM] 怪物图鉴 / 第一章：怪物 / R,核心三宝书,[MM] 怪物图鉴
鹏鸟,0 核心三宝书\MM怪物图鉴\第一章：怪物\R\鹏鸟.htm,5,核心三宝书 / [MM] 怪物图鉴 / 第一章：怪物 / R,核心三宝书,[MM] 怪物图鉴
树绳妖,0 核心三宝书\MM怪物图鉴\第一章：怪物\R\树绳妖.htm,5,核心三宝书 / [MM] 怪物图鉴 / 第一章：怪物 / R,核心三宝书,[MM] 怪物图鉴
锈蚀怪,0 核心三宝书\MM怪物图鉴\第一章：怪物\R\锈蚀怪.htm,5,核心三宝书 / [MM] 怪物图鉴 / 第一章：怪物 / R,核心三宝书,[MM] 怪物图鉴
S,,4,核心三宝书 / [MM] 怪物图鉴 / 第一章：怪物,核心三宝书,[MM] 怪物图鉴
半羊人,0 核心三宝书\MM怪物图鉴\第一章：怪物\S\半羊人.htm,5,核心三宝书 / [MM] 怪物图鉴 / 第一章：怪物 / S,核心三宝书,[MM] 怪物图鉴
电蜥蜴,0 核心三宝书\MM怪物图鉴\第一章：怪物\S\电蜥蜴.htm,5,核心三宝书 / [MM] 怪物图鉴 / 第一章：怪物 / S,核心三宝书,[MM] 怪物图鉴
盾卫,0 核心三宝书\MM怪物图鉴\第一章：怪物\S\盾卫.htm,5,核心三宝书 / [MM] 怪物图鉴 / 第一章：怪物 / S,核心三宝书,[MM] 怪物图鉴
海猫,0 核心三宝书\MM怪物图鉴\第一章：怪物\S\海猫.htm,5,核心三宝书 / [MM] 怪物图鉴 / 第一章：怪物 / S,核心三宝书,[MM] 怪物图鉴
火蜥蜴,0 核心三宝书\MM怪物图鉴\第一章：怪物\S\火蜥蜴.htm,5,核心三宝书 / [MM] 怪物图鉴 / 第一章：怪物 / S,核心三宝书,[MM] 怪物图鉴
骷髅,0 核心三宝书\MM怪物图鉴\第一章：怪物\S\骷髅.htm,5,核心三宝书 / [MM] 怪物图鉴 / 第一章：怪物 / S,核心三宝书,[MM] 怪物图鉴
蔓生怪,0 核心三宝书\MM怪物图鉴\第一章：怪物\S\蔓生怪.htm,5,核心三宝书 / [MM] 怪物图鉴 / 第一章：怪物 / S,核心三宝书,[MM] 怪物图鉴
沙华鱼人,0 核心三宝书\MM怪物图鉴\第一章：怪物\S\沙华鱼人.htm,5,核心三宝书 / [MM] 怪物图鉴 / 第一章：怪物 / S,核心三宝书,[MM] 怪物图鉴
玛兰缇,0 核心三宝书\MM怪物图鉴\第一章：怪物\S\沙华鱼人-玛兰缇.htm,6,核心三宝书 / [MM] 怪物图鉴 / 第一章：怪物 / S / 沙华鱼人,核心三宝书,[MM] 怪物图鉴
生物群,0 核心三宝书\MM怪物图鉴\第一章：怪物\S\生物群.htm,5,核心三宝书 / [MM] 怪物图鉴 / 第一章：怪物 / S,核心三宝书,[MM] 怪物图鉴
蝙蝠群,0 核心三宝书\MM怪物图鉴\第一章：怪物\S\生物群-蝙蝠群.htm,6,核心三宝书 / [MM] 怪物图鉴 / 第一章：怪物 / S / 生物群,核心三宝书,[MM] 怪物图鉴
蜈蚣群,0 核心三宝书\MM怪物图鉴\第一章：怪物\S\生物群-蜈蚣群.htm,6,核心三宝书 / [MM] 怪物图鉴 / 第一章：怪物 / S / 生物群,核心三宝书,[MM] 怪物图鉴
地狱胡蜂群,0 核心三宝书\MM怪物图鉴\第一章：怪物\S\生物群-地狱胡蜂群.htm,6,核心三宝书 / [MM] 怪物图鉴 / 第一章：怪物 / S / 生物群,核心三宝书,[MM] 怪物图鉴
蝗虫群,0 核心三宝书\MM怪物图鉴\第一章：怪物\S\生物群-蝗虫群.htm,6,核心三宝书 / [MM] 怪物图鉴 / 第一章：怪物 / S / 生物群,核心三宝书,[MM] 怪物图鉴
鼠群,0 核心三宝书\MM怪物图鉴\第一章：怪物\S\生物群-鼠群.htm,6,核心三宝书 / [MM] 怪物图鉴 / 第一章：怪物 / S / 生物群,核心三宝书,[MM] 怪物图鉴
蜘蛛群,0 核心三宝书\MM怪物图鉴\第一章：怪物\S\生物群-蜘蛛群.htm,6,核心三宝书 / [MM] 怪物图鉴 / 第一章：怪物 / S / 生物群,核心三宝书,[MM] 怪物图鉴
食蛛兽,0 核心三宝书\MM怪物图鉴\第一章：怪物\S\食蛛兽.htm,5,核心三宝书 / [MM] 怪物图鉴 / 第一章：怪物 / S,核心三宝书,[MM] 怪物图鉴
蚊蝠,0 核心三宝书\MM怪物图鉴\第一章：怪物\S\蚊蝠.htm,5,核心三宝书 / [MM] 怪物图鉴 / 第一章：怪物 / S,核心三宝书,[MM] 怪物图鉴
翔狮兽,0 核心三宝书\MM怪物图鉴\第一章：怪物\S\翔狮兽.htm,5,核心三宝书 / [MM] 怪物图鉴 / 第一章：怪物 / S,核心三宝书,[MM] 怪物图鉴
小妖精,0 核心三宝书\MM怪物图鉴\第一章：怪物\S\小妖精.htm,5,核心三宝书 / [MM] 怪物图鉴 / 第一章：怪物 / S,核心三宝书,[MM] 怪物图鉴
幽灵,0 核心三宝书\MM怪物图鉴\第一章：怪物\S\幽灵.htm,5,核心三宝书 / [MM] 怪物图鉴 / 第一章：怪物 / S,核心三宝书,[MM] 怪物图鉴
幽影,0 核心三宝书\MM怪物图鉴\第一章：怪物\S\幽影.htm,5,核心三宝书 / [MM] 怪物图鉴 / 第一章：怪物 / S,核心三宝书,[MM] 怪物图鉴
幽影獒犬,0 核心三宝书\MM怪物图鉴\第一章：怪物\S\幽影獒犬.htm,5,核心三宝书 / [MM] 怪物图鉴 / 第一章：怪物 / S,核心三宝书,[MM] 怪物图鉴
鱼魔怪,0 核心三宝书\MM怪物图鉴\第一章：怪物\S\鱼魔怪.htm,5,核心三宝书 / [MM] 怪物图鉴 / 第一章：怪物 / S,核心三宝书,[MM] 怪物图鉴
T,,4,核心三宝书 / [MM] 怪物图鉴 / 第一章：怪物,核心三宝书,[MM] 怪物图鉴
触手魔藤,0 核心三宝书\MM怪物图鉴\第一章：怪物\T\触手魔藤.htm,5,核心三宝书 / [MM] 怪物图鉴 / 第一章：怪物 / T,核心三宝书,[MM] 怪物图鉴
巨魔,0 核心三宝书\MM怪物图鉴\第一章：怪物\T\巨魔.htm,5,核心三宝书 / [MM] 怪物图鉴 / 第一章：怪物 / T,核心三宝书,[MM] 怪物图鉴
树人,0 核心三宝书\MM怪物图鉴\第一章：怪物\T\树人.htm,5,核心三宝书 / [MM] 怪物图鉴 / 第一章：怪物 / T,核心三宝书,[MM] 怪物图鉴
梭螺鱼人,0 核心三宝书\MM怪物图鉴\第一章：怪物\T\梭螺鱼人.htm,5,核心三宝书 / [MM] 怪物图鉴 / 第一章：怪物 / T,核心三宝书,[MM] 怪物图鉴
泰拉斯奎巨兽,0 核心三宝书\MM怪物图鉴\第一章：怪物\T\泰拉斯奎巨兽.htm,5,核心三宝书 / [MM] 怪物图鉴 / 第一章：怪物 / T,核心三宝书,[MM] 怪物图鉴
泰坦,0 核心三宝书\MM怪物图鉴\第一章：怪物\T\泰坦.htm,5,核心三宝书 / [MM] 怪物图鉴 / 第一章：怪物 / T,核心三宝书,[MM] 怪物图鉴
突蟹龟,0 核心三宝书\MM怪物图鉴\第一章：怪物\T\突蟹龟.htm,5,核心三宝书 / [MM] 怪物图鉴 / 第一章：怪物 / T,核心三宝书,[MM] 怪物图鉴
土蛴虫,0 核心三宝书\MM怪物图鉴\第一章：怪物\T\土蛴虫.htm,5,核心三宝书 / [MM] 怪物图鉴 / 第一章：怪物 / T,核心三宝书,[MM] 怪物图鉴
战蜥人,0 核心三宝书\MM怪物图鉴\第一章：怪物\T\战蜥人.htm,5,核心三宝书 / [MM] 怪物图鉴 / 第一章：怪物 / T,核心三宝书,[MM] 怪物图鉴
U,,4,核心三宝书 / [MM] 怪物图鉴 / 第一章：怪物,核心三宝书,[MM] 怪物图鉴
独角兽,0 核心三宝书\MM怪物图鉴\第一章：怪物\U\独角兽.htm,5,核心三宝书 / [MM] 怪物图鉴 / 第一章：怪物 / U,核心三宝书,[MM] 怪物图鉴
土巨怪,0 核心三宝书\MM怪物图鉴\第一章：怪物\U\土巨怪.htm,5,核心三宝书 / [MM] 怪物图鉴 / 第一章：怪物 / U,核心三宝书,[MM] 怪物图鉴
V,,4,核心三宝书 / [MM] 怪物图鉴 / 第一章：怪物,核心三宝书,[MM] 怪物图鉴
吸血鬼,0 核心三宝书\MM怪物图鉴\第一章：怪物\V\吸血鬼.htm,5,核心三宝书 / [MM] 怪物图鉴 / 第一章：怪物 / V,核心三宝书,[MM] 怪物图鉴
吸血衍体,0 核心三宝书\MM怪物图鉴\第一章：怪物\V\吸血衍体.htm,5,核心三宝书 / [MM] 怪物图鉴 / 第一章：怪物 / V,核心三宝书,[MM] 怪物图鉴
W,,4,核心三宝书 / [MM] 怪物图鉴 / 第一章：怪物,核心三宝书,[MM] 怪物图鉴
冬狼,0 核心三宝书\MM怪物图鉴\第一章：怪物\W\冬狼.htm,5,核心三宝书 / [MM] 怪物图鉴 / 第一章：怪物 / W,核心三宝书,[MM] 怪物图鉴
缚灵,0 核心三宝书\MM怪物图鉴\第一章：怪物\W\缚灵.htm,5,核心三宝书 / [MM] 怪物图鉴 / 第一章：怪物 / W,核心三宝书,[MM] 怪物图鉴
惧栗缚灵,0 核心三宝书\MM怪物图鉴\第一章：怪物\W\缚灵-惧栗缚灵.htm,6,核心三宝书 / [MM] 怪物图鉴 / 第一章：怪物 / W / 缚灵,核心三宝书,[MM] 怪物图鉴
鬼火,0 核心三宝书\MM怪物图鉴\第一章：怪物\W\鬼火.htm,5,核心三宝书 / [MM] 怪物图鉴 / 第一章：怪物 / W,核心三宝书,[MM] 怪物图鉴
尸妖,0 核心三宝书\MM怪物图鉴\第一章：怪物\W\尸妖.htm,5,核心三宝书 / [MM] 怪物图鉴 / 第一章：怪物 / W,核心三宝书,[MM] 怪物图鉴
翼龙,0 核心三宝书\MM怪物图鉴\第一章：怪物\W\翼龙.htm,5,核心三宝书 / [MM] 怪物图鉴 / 第一章：怪物 / W,核心三宝书,[MM] 怪物图鉴
座狼,0 核心三宝书\MM怪物图鉴\第一章：怪物\W\座狼.htm,5,核心三宝书 / [MM] 怪物图鉴 / 第一章：怪物 / W,核心三宝书,[MM] 怪物图鉴
X,,4,核心三宝书 / [MM] 怪物图鉴 / 第一章：怪物,核心三宝书,[MM] 怪物图鉴
索尔石怪(石鼎兽),0 核心三宝书\MM怪物图鉴\第一章：怪物\X\索尔石怪（石鼎兽）.htm,5,核心三宝书 / [MM] 怪物图鉴 / 第一章：怪物 / X,核心三宝书,[MM] 怪物图鉴
锡尔族,0 核心三宝书\MM怪物图鉴\第一章：怪物\X\锡尔族.htm,5,核心三宝书 / [MM] 怪物图鉴 / 第一章：怪物 / X,核心三宝书,[MM] 怪物图鉴
Y,,4,核心三宝书 / [MM] 怪物图鉴 / 第一章：怪物,核心三宝书,[MM] 怪物图鉴
角翼魔兽,0 核心三宝书\MM怪物图鉴\第一章：怪物\Y\角翼魔兽.htm,5,核心三宝书 / [MM] 怪物图鉴 / 第一章：怪物 / Y,核心三宝书,[MM] 怪物图鉴
蛇人族,0 核心三宝书\MM怪物图鉴\第一章：怪物\Y\蛇人族.htm,5,核心三宝书 / [MM] 怪物图鉴 / 第一章：怪物 / Y,核心三宝书,[MM] 怪物图鉴
夜嘶猎犬,0 核心三宝书\MM怪物图鉴\第一章：怪物\Y\夜嘶猎犬.htm,5,核心三宝书 / [MM] 怪物图鉴 / 第一章：怪物 / Y,核心三宝书,[MM] 怪物图鉴
Z,,4,核心三宝书 / [MM] 怪物图鉴 / 第一章：怪物,核心三宝书,[MM] 怪物图鉴
僵尸,0 核心三宝书\MM怪物图鉴\第一章：怪物\Z\僵尸.htm,5,核心三宝书 / [MM] 怪物图鉴 / 第一章：怪物 / Z,核心三宝书,[MM] 怪物图鉴
第二章：动物,0 核心三宝书\MM怪物图鉴\第二章：动物\第二章动物.htm,3,核心三宝书 / [MM] 怪物图鉴,核心三宝书,[MM] 怪物图鉴
蝙蝠,0 核心三宝书\MM怪物图鉴\第二章：动物\蝙蝠.htm,4,核心三宝书 / [MM] 怪物图鉴 / 第二章：动物,核心三宝书,[MM] 怪物图鉴
毒蛇,0 核心三宝书\MM怪物图鉴\第二章：动物\毒蛇.htm,4,核心三宝书 / [MM] 怪物图鉴 / 第二章：动物,核心三宝书,[MM] 怪物图鉴
鳄,0 核心三宝书\MM怪物图鉴\第二章：动物\鳄.htm,4,核心三宝书 / [MM] 怪物图鉴 / 第二章：动物,核心三宝书,[MM] 怪物图鉴
狒狒,0 核心三宝书\MM怪物图鉴\第二章：动物\狒狒.htm,4,核心三宝书 / [MM] 怪物图鉴 / 第二章：动物,核心三宝书,[MM] 怪物图鉴
黑熊,0 核心三宝书\MM怪物图鉴\第二章：动物\黑熊.htm,4,核心三宝书 / [MM] 怪物图鉴 / 第二章：动物,核心三宝书,[MM] 怪物图鉴
獾,0 核心三宝书\MM怪物图鉴\第二章：动物\獾.htm,4,核心三宝书 / [MM] 怪物图鉴 / 第二章：动物,核心三宝书,[MM] 怪物图鉴
极地熊,0 核心三宝书\MM怪物图鉴\第二章：动物\极地熊.htm,4,核心三宝书 / [MM] 怪物图鉴 / 第二章：动物,核心三宝书,[MM] 怪物图鉴
巨鳄,0 核心三宝书\MM怪物图鉴\第二章：动物\巨鳄.htm,4,核心三宝书 / [MM] 怪物图鉴 / 第二章：动物,核心三宝书,[MM] 怪物图鉴
猎豹,0 核心三宝书\MM怪物图鉴\第二章：动物\猎豹.htm,4,核心三宝书 / [MM] 怪物图鉴 / 第二章：动物,核心三宝书,[MM] 怪物图鉴
骆驼,0 核心三宝书\MM怪物图鉴\第二章：动物\骆驼.htm,4,核心三宝书 / [MM] 怪物图鉴 / 第二章：动物,核心三宝书,[MM] 怪物图鉴
驴,0 核心三宝书\MM怪物图鉴\第二章：动物\驴.htm,4,核心三宝书 / [MM] 怪物图鉴 / 第二章：动物,核心三宝书,[MM] 怪物图鉴
猫,0 核心三宝书\MM怪物图鉴\第二章：动物\猫.htm,4,核心三宝书 / [MM] 怪物图鉴 / 第二章：动物,核心三宝书,[MM] 怪物图鉴
骑乘用犬,0 核心三宝书\MM怪物图鉴\第二章：动物\骑乘用犬.htm,4,核心三宝书 / [MM] 怪物图鉴 / 第二章：动物,核心三宝书,[MM] 怪物图鉴
犬,0 核心三宝书\MM怪物图鉴\第二章：动物\犬.htm,4,核心三宝书 / [MM] 怪物图鉴 / 第二章：动物,核心三宝书,[MM] 怪物图鉴
鲨,0 核心三宝书\MM怪物图鉴\第二章：动物\鲨.htm,4,核心三宝书 / [MM] 怪物图鉴 / 第二章：动物,核心三宝书,[MM] 怪物图鉴
野牛,0 核心三宝书\MM怪物图鉴\第二章：动物\野牛.htm,4,核心三宝书 / [MM] 怪物图鉴 / 第二章：动物,核心三宝书,[MM] 怪物图鉴
野猪,0 核心三宝书\MM怪物图鉴\第二章：动物\野猪.htm,4,核心三宝书 / [MM] 怪物图鉴 / 第二章：动物,核心三宝书,[MM] 怪物图鉴
猿,0 核心三宝书\MM怪物图鉴\第二章：动物\猿.htm,4,核心三宝书 / [MM] 怪物图鉴 / 第二章：动物,核心三宝书,[MM] 怪物图鉴
棕熊,0 核心三宝书\MM怪物图鉴\第二章：动物\棕熊.htm,4,核心三宝书 / [MM] 怪物图鉴 / 第二章：动物,核心三宝书,[MM] 怪物图鉴
动物图鉴剩余部分,0 核心三宝书\MM怪物图鉴\第二章：动物\动物图鉴剩余部分.htm,4,核心三宝书 / [MM] 怪物图鉴 / 第二章：动物,核心三宝书,[MM] 怪物图鉴
第三章：虫类生物,0 核心三宝书\MM怪物图鉴\第三章：虫类生物\虫类生物.htm,3,核心三宝书 / [MM] 怪物图鉴,核心三宝书,[MM] 怪物图鉴
变种蜈蚣,0 核心三宝书\MM怪物图鉴\第三章：虫类生物\变种蜈蚣.htm,4,核心三宝书 / [MM] 怪物图鉴 / 第三章：虫类生物,核心三宝书,[MM] 怪物图鉴
变种蝎,0 核心三宝书\MM怪物图鉴\第三章：虫类生物\变种蝎.htm,4,核心三宝书 / [MM] 怪物图鉴 / 第三章：虫类生物,核心三宝书,[MM] 怪物图鉴
变种蜘蛛,0 核心三宝书\MM怪物图鉴\第三章：虫类生物\变种蜘蛛.htm,4,核心三宝书 / [MM] 怪物图鉴 / 第三章：虫类生物,核心三宝书,[MM] 怪物图鉴
巨蜂,0 核心三宝书\MM怪物图鉴\第三章：虫类生物\巨蜂.htm,4,核心三宝书 / [MM] 怪物图鉴 / 第三章：虫类生物,核心三宝书,[MM] 怪物图鉴
巨胡蜂,0 核心三宝书\MM怪物图鉴\第三章：虫类生物\巨胡蜂.htm,4,核心三宝书 / [MM] 怪物图鉴 / 第三章：虫类生物,核心三宝书,[MM] 怪物图鉴
巨火甲虫,0 核心三宝书\MM怪物图鉴\第三章：虫类生物\巨火甲虫.htm,4,核心三宝书 / [MM] 怪物图鉴 / 第三章：虫类生物,核心三宝书,[MM] 怪物图鉴
巨锹甲虫,0 核心三宝书\MM怪物图鉴\第三章：虫类生物\巨锹甲虫.htm,4,核心三宝书 / [MM] 怪物图鉴 / 第三章：虫类生物,核心三宝书,[MM] 怪物图鉴
巨螳螂,0 核心三宝书\MM怪物图鉴\第三章：虫类生物\巨螳螂.htm,4,核心三宝书 / [MM] 怪物图鉴 / 第三章：虫类生物,核心三宝书,[MM] 怪物图鉴
巨投弹甲虫,0 核心三宝书\MM怪物图鉴\第三章：虫类生物\巨投弹甲虫.htm,4,核心三宝书 / [MM] 怪物图鉴 / 第三章：虫类生物,核心三宝书,[MM] 怪物图鉴
巨蚁,0 核心三宝书\MM怪物图鉴\第三章：虫类生物\巨蚁.htm,4,核心三宝书 / [MM] 怪物图鉴 / 第三章：虫类生物,核心三宝书,[MM] 怪物图鉴
第四章：改造动物,0 核心三宝书\MM怪物图鉴\第四章：改造动物\第四章改造怪物-1.htm,3,核心三宝书 / [MM] 怪物图鉴,核心三宝书,[MM] 怪物图鉴
增加生命骰、体型增大与范本,0 核心三宝书\MM怪物图鉴\第四章：改造动物\增加生命骰、体型增大与范本-2.htm,4,核心三宝书 / [MM] 怪物图鉴 / 第四章：改造动物,核心三宝书,[MM] 怪物图鉴
怪物进化范例,0 核心三宝书\MM怪物图鉴\第四章：改造动物\怪物进化范例-3.htm,4,核心三宝书 / [MM] 怪物图鉴 / 第四章：改造动物,核心三宝书,[MM] 怪物图鉴
套用范本与挑战级数,0 核心三宝书\MM怪物图鉴\第四章：改造动物\套用范本与挑战级数-4.htm,4,核心三宝书 / [MM] 怪物图鉴 / 第四章：改造动物,核心三宝书,[MM] 怪物图鉴
提升职业等级与调整挑战级数,0 核心三宝书\MM怪物图鉴\第四章：改造动物\提升职业等级与调整挑战级数-5.htm,4,核心三宝书 / [MM] 怪物图鉴 / 第四章：改造动物,核心三宝书,[MM] 怪物图鉴
第五章：制作怪物,0 核心三宝书\MM怪物图鉴\第五章：制作怪物\第五章制作怪物-1.htm,3,核心三宝书 / [MM] 怪物图鉴,核心三宝书,[MM] 怪物图鉴
预估挑战级数,0 核心三宝书\MM怪物图鉴\第五章：制作怪物\预估挑战级数-2.htm,4,核心三宝书 / [MM] 怪物图鉴 / 第五章：制作怪物,核心三宝书,[MM] 怪物图鉴
亚种与生命骰,0 核心三宝书\MM怪物图鉴\第五章：制作怪物\亚种与生命骰-3.htm,4,核心三宝书 / [MM] 怪物图鉴 / 第五章：制作怪物,核心三宝书,[MM] 怪物图鉴
属性、先攻权、速度及防御,0 核心三宝书\MM怪物图鉴\第五章：制作怪物\属性、先攻权、速度及防御-4.htm,4,核心三宝书 / [MM] 怪物图鉴 / 第五章：制作怪物,核心三宝书,[MM] 怪物图鉴
全力攻击、特殊攻击与豁免,0 核心三宝书\MM怪物图鉴\第五章：制作怪物\全力攻击、特殊攻击与豁免-5.htm,4,核心三宝书 / [MM] 怪物图鉴 / 第五章：制作怪物,核心三宝书,[MM] 怪物图鉴
豁免检定、技能、专长与各项属性,0 核心三宝书\MM怪物图鉴\第五章：制作怪物\豁免检定、技能、专长与各项属性-6.htm,4,核心三宝书 / [MM] 怪物图鉴 / 第五章：制作怪物,核心三宝书,[MM] 怪物图鉴
挑战级数,0 核心三宝书\MM怪物图鉴\第五章：制作怪物\挑战级数-7.htm,4,核心三宝书 / [MM] 怪物图鉴 / 第五章：制作怪物,核心三宝书,[MM] 怪物图鉴
怪物功能定位与挑战级数,0 核心三宝书\MM怪物图鉴\第五章：制作怪物\怪物功能定位与挑战级数-8.htm,4,核心三宝书 / [MM] 怪物图鉴 / 第五章：制作怪物,核心三宝书,[MM] 怪物图鉴
第六章：怪物技能与专长,0 核心三宝书\MM怪物图鉴\第六章：怪物技能与专长\第六章怪物技能与专长.htm,3,核心三宝书 / [MM] 怪物图鉴,核心三宝书,[MM] 怪物图鉴
第七章：名词解释,,3,核心三宝书 / [MM] 怪物图鉴,核心三宝书,[MM] 怪物图鉴
爱拉亚种,0 核心三宝书\MM怪物图鉴\第七章：名词解释\爱拉亚种.htm,4,核心三宝书 / [MM] 怪物图鉴 / 第七章：名词解释,核心三宝书,[MM] 怪物图鉴
耙抓,0 核心三宝书\MM怪物图鉴\第七章：名词解释\耙抓.htm,4,核心三宝书 / [MM] 怪物图鉴 / 第七章：名词解释,核心三宝书,[MM] 怪物图鉴
变形亚种,0 核心三宝书\MM怪物图鉴\第七章：名词解释\变形亚种.htm,4,核心三宝书 / [MM] 怪物图鉴 / 第七章：名词解释,核心三宝书,[MM] 怪物图鉴
地精亚种,0 核心三宝书\MM怪物图鉴\第七章：名词解释\地精亚种.htm,4,核心三宝书 / [MM] 怪物图鉴 / 第七章：名词解释,核心三宝书,[MM] 怪物图鉴
等级修正值,0 核心三宝书\MM怪物图鉴\第七章：名词解释\等级修正值.htm,4,核心三宝书 / [MM] 怪物图鉴 / 第七章：名词解释,核心三宝书,[MM] 怪物图鉴
动物类,0 核心三宝书\MM怪物图鉴\第七章：名词解释\动物类.htm,4,核心三宝书 / [MM] 怪物图鉴 / 第七章：名词解释,核心三宝书,[MM] 怪物图鉴
毒素,0 核心三宝书\MM怪物图鉴\第七章：名词解释\毒素.htm,4,核心三宝书 / [MM] 怪物图鉴 / 第七章：名词解释,核心三宝书,[MM] 怪物图鉴
飞行,0 核心三宝书\MM怪物图鉴\第七章：名词解释\飞行.htm,4,核心三宝书 / [MM] 怪物图鉴 / 第七章：名词解释,核心三宝书,[MM] 怪物图鉴
盖丁亚种,0 核心三宝书\MM怪物图鉴\第七章：名词解释\盖丁亚种.htm,4,核心三宝书 / [MM] 怪物图鉴 / 第七章：名词解释,核心三宝书,[MM] 怪物图鉴
构装生物,0 核心三宝书\MM怪物图鉴\第七章：名词解释\构装生物.htm,4,核心三宝书 / [MM] 怪物图鉴 / 第七章：名词解释,核心三宝书,[MM] 怪物图鉴
寒系亚种,0 核心三宝书\MM怪物图鉴\第七章：名词解释\寒系亚种.htm,4,核心三宝书 / [MM] 怪物图鉴 / 第七章：名词解释,核心三宝书,[MM] 怪物图鉴
环境,0 核心三宝书\MM怪物图鉴\第七章：名词解释\环境.htm,4,核心三宝书 / [MM] 怪物图鉴 / 第七章：名词解释,核心三宝书,[MM] 怪物图鉴
昏暗视觉,0 核心三宝书\MM怪物图鉴\第七章：名词解释\昏暗视觉.htm,4,核心三宝书 / [MM] 怪物图鉴 / 第七章：名词解释,核心三宝书,[MM] 怪物图鉴
混乱亚种,0 核心三宝书\MM怪物图鉴\第七章：名词解释\混乱亚种.htm,4,核心三宝书 / [MM] 怪物图鉴 / 第七章：名词解释,核心三宝书,[MM] 怪物图鉴
火系亚种,0 核心三宝书\MM怪物图鉴\第七章：名词解释\火系亚种.htm,4,核心三宝书 / [MM] 怪物图鉴 / 第七章：名词解释,核心三宝书,[MM] 怪物图鉴
紧勒,0 核心三宝书\MM怪物图鉴\第七章：名词解释\紧勒.htm,4,核心三宝书 / [MM] 怪物图鉴 / 第七章：名词解释,核心三宝书,[MM] 怪物图鉴
精类生物,0 核心三宝书\MM怪物图鉴\第七章：名词解释\精类生物.htm,4,核心三宝书 / [MM] 怪物图鉴 / 第七章：名词解释,核心三宝书,[MM] 怪物图鉴
精通攫抓,0 核心三宝书\MM怪物图鉴\第七章：名词解释\精通攫抓.htm,4,核心三宝书 / [MM] 怪物图鉴 / 第七章：名词解释,核心三宝书,[MM] 怪物图鉴
巨人,0 核心三宝书\MM怪物图鉴\第七章：名词解释\巨人.htm,4,核心三宝书 / [MM] 怪物图鉴 / 第七章：名词解释,核心三宝书,[MM] 怪物图鉴
掘穴,0 核心三宝书\MM怪物图鉴\第七章：名词解释\掘穴.htm,4,核心三宝书 / [MM] 怪物图鉴 / 第七章：名词解释,核心三宝书,[MM] 怪物图鉴
恐惧,0 核心三宝书\MM怪物图鉴\第七章：名词解释\恐惧.htm,4,核心三宝书 / [MM] 怪物图鉴 / 第七章：名词解释,核心三宝书,[MM] 怪物图鉴
快速医疗,0 核心三宝书\MM怪物图鉴\第七章：名词解释\快速医疗.htm,4,核心三宝书 / [MM] 怪物图鉴 / 第七章：名词解释,核心三宝书,[MM] 怪物图鉴
灵敏嗅觉,0 核心三宝书\MM怪物图鉴\第七章：名词解释\灵敏嗅觉.htm,4,核心三宝书 / [MM] 怪物图鉴 / 第七章：名词解释,核心三宝书,[MM] 怪物图鉴
灵能,0 核心三宝书\MM怪物图鉴\第七章：名词解释\灵能.htm,4,核心三宝书 / [MM] 怪物图鉴 / 第七章：名词解释,核心三宝书,[MM] 怪物图鉴
龙类生物,0 核心三宝书\MM怪物图鉴\第七章：名词解释\龙类生物.htm,4,核心三宝书 / [MM] 怪物图鉴 / 第七章：名词解释,核心三宝书,[MM] 怪物图鉴
麻痹,0 核心三宝书\MM怪物图鉴\第七章：名词解释\麻痹.htm,4,核心三宝书 / [MM] 怪物图鉴 / 第七章：名词解释,核心三宝书,[MM] 怪物图鉴
猛扑,0 核心三宝书\MM怪物图鉴\第七章：名词解释\猛扑.htm,4,核心三宝书 / [MM] 怪物图鉴 / 第七章：名词解释,核心三宝书,[MM] 怪物图鉴
名词解释续,0 核心三宝书\MM怪物图鉴\第七章：名词解释\名词解释续.htm,4,核心三宝书 / [MM] 怪物图鉴 / 第七章：名词解释,核心三宝书,[MM] 怪物图鉴
魔法兽类,0 核心三宝书\MM怪物图鉴\第七章：名词解释\魔法兽类.htm,4,核心三宝书 / [MM] 怪物图鉴 / 第七章：名词解释,核心三宝书,[MM] 怪物图鉴
能量抗力,0 核心三宝书\MM怪物图鉴\第七章：名词解释\能量抗力.htm,4,核心三宝书 / [MM] 怪物图鉴 / 第七章：名词解释,核心三宝书,[MM] 怪物图鉴
泥形生物,0 核心三宝书\MM怪物图鉴\第七章：名词解释\泥形生物.htm,4,核心三宝书 / [MM] 怪物图鉴 / 第七章：名词解释,核心三宝书,[MM] 怪物图鉴
爬行亚种,0 核心三宝书\MM怪物图鉴\第七章：名词解释\爬行亚种.htm,4,核心三宝书 / [MM] 怪物图鉴 / 第七章：名词解释,核心三宝书,[MM] 怪物图鉴
攀爬,0 核心三宝书\MM怪物图鉴\第七章：名词解释\攀爬.htm,4,核心三宝书 / [MM] 怪物图鉴 / 第七章：名词解释,核心三宝书,[MM] 怪物图鉴
强力冲刺,0 核心三宝书\MM怪物图鉴\第七章：名词解释\强力冲刺.htm,4,核心三宝书 / [MM] 怪物图鉴 / 第七章：名词解释,核心三宝书,[MM] 怪物图鉴
强力亚种,0 核心三宝书\MM怪物图鉴\第七章：名词解释\强力亚种.htm,4,核心三宝书 / [MM] 怪物图鉴 / 第七章：名词解释,核心三宝书,[MM] 怪物图鉴
人形生物,0 核心三宝书\MM怪物图鉴\第七章：名词解释\人形生物.htm,4,核心三宝书 / [MM] 怪物图鉴 / 第七章：名词解释,核心三宝书,[MM] 怪物图鉴
善良亚种,0 核心三宝书\MM怪物图鉴\第七章：名词解释\善良亚种.htm,4,核心三宝书 / [MM] 怪物图鉴 / 第七章：名词解释,核心三宝书,[MM] 怪物图鉴
伤害减免,0 核心三宝书\MM怪物图鉴\第七章：名词解释\伤害减免.htm,4,核心三宝书 / [MM] 怪物图鉴 / 第七章：名词解释,核心三宝书,[MM] 怪物图鉴
射线,0 核心三宝书\MM怪物图鉴\第七章：名词解释\射线.htm,4,核心三宝书 / [MM] 怪物图鉴 / 第七章：名词解释,核心三宝书,[MM] 怪物图鉴
守序亚种,0 核心三宝书\MM怪物图鉴\第七章：名词解释\守序亚种.htm,4,核心三宝书 / [MM] 怪物图鉴 / 第七章：名词解释,核心三宝书,[MM] 怪物图鉴
属性吸取,0 核心三宝书\MM怪物图鉴\第七章：名词解释\属性吸取.htm,4,核心三宝书 / [MM] 怪物图鉴 / 第七章：名词解释,核心三宝书,[MM] 怪物图鉴
属性值减少,0 核心三宝书\MM怪物图鉴\第七章：名词解释\属性值减少.htm,4,核心三宝书 / [MM] 怪物图鉴 / 第七章：名词解释,核心三宝书,[MM] 怪物图鉴
水栖亚种,0 核心三宝书\MM怪物图鉴\第七章：名词解释\水栖亚种.htm,4,核心三宝书 / [MM] 怪物图鉴 / 第七章：名词解释,核心三宝书,[MM] 怪物图鉴
体型,0 核心三宝书\MM怪物图鉴\第七章：名词解释\体型.htm,4,核心三宝书 / [MM] 怪物图鉴 / 第七章：名词解释,核心三宝书,[MM] 怪物图鉴
天然武器,0 核心三宝书\MM怪物图鉴\第七章：名词解释\天然武器.htm,4,核心三宝书 / [MM] 怪物图鉴 / 第七章：名词解释,核心三宝书,[MM] 怪物图鉴
天使亚种,0 核心三宝书\MM怪物图鉴\第七章：名词解释\天使亚种.htm,4,核心三宝书 / [MM] 怪物图鉴 / 第七章：名词解释,核心三宝书,[MM] 怪物图鉴
土系亚种,0 核心三宝书\MM怪物图鉴\第七章：名词解释\土系亚种.htm,4,核心三宝书 / [MM] 怪物图鉴 / 第七章：名词解释,核心三宝书,[MM] 怪物图鉴
外界亚种,0 核心三宝书\MM怪物图鉴\第七章：名词解释\外界亚种.htm,4,核心三宝书 / [MM] 怪物图鉴 / 第七章：名词解释,核心三宝书,[MM] 怪物图鉴
威势,0 核心三宝书\MM怪物图鉴\第七章：名词解释\威势.htm,4,核心三宝书 / [MM] 怪物图鉴 / 第七章：名词解释,核心三宝书,[MM] 怪物图鉴
无属性,0 核心三宝书\MM怪物图鉴\第七章：名词解释\无属性.htm,4,核心三宝书 / [MM] 怪物图鉴 / 第七章：名词解释,核心三宝书,[MM] 怪物图鉴
吸能,0 核心三宝书\MM怪物图鉴\第七章：名词解释\吸能.htm,4,核心三宝书 / [MM] 怪物图鉴 / 第七章：名词解释,核心三宝书,[MM] 怪物图鉴
邪恶亚种,0 核心三宝书\MM怪物图鉴\第七章：名词解释\邪恶亚种.htm,4,核心三宝书 / [MM] 怪物图鉴 / 第七章：名词解释,核心三宝书,[MM] 怪物图鉴
虚体亚种,0 核心三宝书\MM怪物图鉴\第七章：名词解释\虚体亚种.htm,4,核心三宝书 / [MM] 怪物图鉴 / 第七章：名词解释,核心三宝书,[MM] 怪物图鉴
亚空亚种,0 核心三宝书\MM怪物图鉴\第七章：名词解释\亚空亚种.htm,4,核心三宝书 / [MM] 怪物图鉴 / 第七章：名词解释,核心三宝书,[MM] 怪物图鉴
异怪类,0 核心三宝书\MM怪物图鉴\第七章：名词解释\异怪类.htm,4,核心三宝书 / [MM] 怪物图鉴 / 第七章：名词解释,核心三宝书,[MM] 怪物图鉴
异界生物,0 核心三宝书\MM怪物图鉴\第七章：名词解释\异界生物.htm,4,核心三宝书 / [MM] 怪物图鉴 / 第七章：名词解释,核心三宝书,[MM] 怪物图鉴
有效人物等级,0 核心三宝书\MM怪物图鉴\第七章：名词解释\有效人物等级.htm,4,核心三宝书 / [MM] 怪物图鉴 / 第七章：名词解释,核心三宝书,[MM] 怪物图鉴
元素生物,0 核心三宝书\MM怪物图鉴\第七章：名词解释\元素生物.htm,4,核心三宝书 / [MM] 怪物图鉴 / 第七章：名词解释,核心三宝书,[MM] 怪物图鉴
原生亚种,0 核心三宝书\MM怪物图鉴\第七章：名词解释\原生亚种.htm,4,核心三宝书 / [MM] 怪物图鉴 / 第七章：名词解释,核心三宝书,[MM] 怪物图鉴
再生,0 核心三宝书\MM怪物图鉴\第七章：名词解释\再生.htm,4,核心三宝书 / [MM] 怪物图鉴 / 第七章：名词解释,核心三宝书,[MM] 怪物图鉴
植物类,0 核心三宝书\MM怪物图鉴\第七章：名词解释\植物类.htm,4,核心三宝书 / [MM] 怪物图鉴 / 第七章：名词解释,核心三宝书,[MM] 怪物图鉴
种族生命骰,0 核心三宝书\MM怪物图鉴\第七章：名词解释\种族生命骰.htm,4,核心三宝书 / [MM] 怪物图鉴 / 第七章：名词解释,核心三宝书,[MM] 怪物图鉴
核心补充书籍,,1,,核心补充书籍,
[XPH] 扩展灵能手册,1 核心补充书籍\XPH扩展灵能手册\1种族\扩展灵能（XPH）.htm,2,核心补充书籍,核心补充书籍,[XPH] 扩展灵能手册
前言,1 核心补充书籍\XPH扩展灵能手册\1种族\前言1.htm,3,核心补充书籍 / [XPH] 扩展灵能手册,核心补充书籍,[XPH] 扩展灵能手册
1. 种族,1 核心补充书籍\XPH扩展灵能手册\1种族\种族.htm,3,核心补充书籍 / [XPH] 扩展灵能手册,核心补充书籍,[XPH] 扩展灵能手册
蠹灵,1 核心补充书籍\XPH扩展灵能手册\1种族\蠹灵.htm,4,核心补充书籍 / [XPH] 扩展灵能手册 / 1. 种族,核心补充书籍,[XPH] 扩展灵能手册
厄兰,1 核心补充书籍\XPH扩展灵能手册\1种族\厄兰.htm,4,核心补充书籍 / [XPH] 扩展灵能手册 / 1. 种族,核心补充书籍,[XPH] 扩展灵能手册
半巨人,1 核心补充书籍\XPH扩展灵能手册\1种族\半巨人.htm,4,核心补充书籍 / [XPH] 扩展灵能手册 / 1. 种族,核心补充书籍,[XPH] 扩展灵能手册
灰矮人,1 核心补充书籍\XPH扩展灵能手册\1种族\灰矮人.htm,4,核心补充书籍 / [XPH] 扩展灵能手册 / 1. 种族,核心补充书籍,[XPH] 扩展灵能手册
瑟芬人,1 核心补充书籍\XPH扩展灵能手册\1种族\瑟芬人.htm,4,核心补充书籍 / [XPH] 扩展灵能手册 / 1. 种族,核心补充书籍,[XPH] 扩展灵能手册
螳螂人,1 核心补充书籍\XPH扩展灵能手册\1种族\螳螂人.htm,4,核心补充书籍 / [XPH] 扩展灵能手册 / 1. 种族,核心补充书籍,[XPH] 扩展灵能手册
美纳德人,1 核心补充书籍\XPH扩展灵能手册\1种族\美纳德人.htm,4,核心补充书籍 / [XPH] 扩展灵能手册 / 1. 种族,核心补充书籍,[XPH] 扩展灵能手册
吉斯洋基人,1 核心补充书籍\XPH扩展灵能手册\1种族\吉斯洋基人.htm,4,核心补充书籍 / [XPH] 扩展灵能手册 / 1. 种族,核心补充书籍,[XPH] 扩展灵能手册
吉斯泽莱人,1 核心补充书籍\XPH扩展灵能手册\1种族\吉斯泽莱人.htm,4,核心补充书籍 / [XPH] 扩展灵能手册 / 1. 种族,核心补充书籍,[XPH] 扩展灵能手册
年龄，身高，及体重,1 核心补充书籍\XPH扩展灵能手册\1种族\年龄，身高，及体重.htm,4,核心补充书籍 / [XPH] 扩展灵能手册 / 1. 种族,核心补充书籍,[XPH] 扩展灵能手册
2. 基础职业,1 核心补充书籍\XPH扩展灵能手册\2基础\职业.htm,3,核心补充书籍 / [XPH] 扩展灵能手册,核心补充书籍,[XPH] 扩展灵能手册
心灵术士,1 核心补充书籍\XPH扩展灵能手册\2基础\心灵术士.htm,4,核心补充书籍 / [XPH] 扩展灵能手册 / 2. 基础职业,核心补充书籍,[XPH] 扩展灵能手册
心灵武士,1 核心补充书籍\XPH扩展灵能手册\2基础\心灵武士.htm,4,核心补充书籍 / [XPH] 扩展灵能手册 / 2. 基础职业,核心补充书籍,[XPH] 扩展灵能手册
魂刃者,1 核心补充书籍\XPH扩展灵能手册\2基础\魂刃者.htm,4,核心补充书籍 / [XPH] 扩展灵能手册 / 2. 基础职业,核心补充书籍,[XPH] 扩展灵能手册
狂念者,1 核心补充书籍\XPH扩展灵能手册\2基础\狂念者.htm,4,核心补充书籍 / [XPH] 扩展灵能手册 / 2. 基础职业,核心补充书籍,[XPH] 扩展灵能手册
传奇灵能角色,1 核心补充书籍\XPH扩展灵能手册\2基础\传奇等级的灵能角色.htm,4,核心补充书籍 / [XPH] 扩展灵能手册 / 2. 基础职业,核心补充书籍,[XPH] 扩展灵能手册
3. 技能和专长,1 核心补充书籍\XPH扩展灵能手册\4技能专长\技能和专长.htm,3,核心补充书籍 / [XPH] 扩展灵能手册,核心补充书籍,[XPH] 扩展灵能手册
技能和灵能,1 核心补充书籍\XPH扩展灵能手册\4技能专长\技能和灵能.htm,4,核心补充书籍 / [XPH] 扩展灵能手册 / 3. 技能和专长,核心补充书籍,[XPH] 扩展灵能手册
技能说明,1 核心补充书籍\XPH扩展灵能手册\4技能专长\技能说明.htm,4,核心补充书籍 / [XPH] 扩展灵能手册 / 3. 技能和专长,核心补充书籍,[XPH] 扩展灵能手册
专长和灵能,1 核心补充书籍\XPH扩展灵能手册\4技能专长\专长和灵能.htm,4,核心补充书籍 / [XPH] 扩展灵能手册 / 3. 技能和专长,核心补充书籍,[XPH] 扩展灵能手册
专长描述,1 核心补充书籍\XPH扩展灵能手册\4技能专长\专长描述.htm,4,核心补充书籍 / [XPH] 扩展灵能手册 / 3. 技能和专长,核心补充书籍,[XPH] 扩展灵能手册
传奇专长,1 核心补充书籍\XPH扩展灵能手册\4技能专长\传奇专长.htm,4,核心补充书籍 / [XPH] 扩展灵能手册 / 3. 技能和专长,核心补充书籍,[XPH] 扩展灵能手册
4. 灵能 (Psionic),1 核心补充书籍\XPH扩展灵能手册\5灵能\灵能.htm,3,核心补充书籍 / [XPH] 扩展灵能手册,核心补充书籍,[XPH] 扩展灵能手册
展现异能,1 核心补充书籍\XPH扩展灵能手册\5灵能\展现异能.htm,4,核心补充书籍 / [XPH] 扩展灵能手册 / 4. 灵能 (Psionic),核心补充书籍,[XPH] 扩展灵能手册
异能描述,1 核心补充书籍\XPH扩展灵能手册\5灵能\异能描述.htm,4,核心补充书籍 / [XPH] 扩展灵能手册 / 4. 灵能 (Psionic),核心补充书籍,[XPH] 扩展灵能手册
异能和灵能点,1 核心补充书籍\XPH扩展灵能手册\5灵能\异能和灵能点.htm,4,核心补充书籍 / [XPH] 扩展灵能手册 / 4. 灵能 (Psionic),核心补充书籍,[XPH] 扩展灵能手册
变体规则：灵能异于魔法,1 核心补充书籍\XPH扩展灵能手册\5灵能\变体规则：灵能异于魔法.htm,4,核心补充书籍 / [XPH] 扩展灵能手册 / 4. 灵能 (Psionic),核心补充书籍,[XPH] 扩展灵能手册
灵能战役,1 核心补充书籍\XPH扩展灵能手册\5灵能\灵能战役.htm,4,核心补充书籍 / [XPH] 扩展灵能手册 / 4. 灵能 (Psionic),核心补充书籍,[XPH] 扩展灵能手册
5. 异能 (Powers),1 核心补充书籍\XPH扩展灵能手册\6显能\异能.htm,3,核心补充书籍 / [XPH] 扩展灵能手册,核心补充书籍,[XPH] 扩展灵能手册
心灵术士/狂念者异能,1 核心补充书籍\XPH扩展灵能手册\6显能\心灵术士_狂念者异能.htm,4,核心补充书籍 / [XPH] 扩展灵能手册 / 5. 异能 (Powers),核心补充书籍,[XPH] 扩展灵能手册
心灵术士能系异能,1 核心补充书籍\XPH扩展灵能手册\6显能\心灵术士能系异能.htm,4,核心补充书籍 / [XPH] 扩展灵能手册 / 5. 异能 (Powers),核心补充书籍,[XPH] 扩展灵能手册
心灵武士的异能,1 核心补充书籍\XPH扩展灵能手册\6显能\心灵武士的异能.htm,4,核心补充书籍 / [XPH] 扩展灵能手册 / 5. 异能 (Powers),核心补充书籍,[XPH] 扩展灵能手册
异能描述,1 核心补充书籍\XPH扩展灵能手册\6显能\异能描述__.htm,4,核心补充书籍 / [XPH] 扩展灵能手册 / 5. 异能 (Powers),核心补充书籍,[XPH] 扩展灵能手册
A,1 核心补充书籍\XPH扩展灵能手册\6显能\A.htm,5,核心补充书籍 / [XPH] 扩展灵能手册 / 5. 异能 (Powers) / 异能描述,核心补充书籍,[XPH] 扩展灵能手册
B,1 核心补充书籍\XPH扩展灵能手册\6显能\B.htm,5,核心补充书籍 / [XPH] 扩展灵能手册 / 5. 异能 (Powers) / 异能描述,核心补充书籍,[XPH] 扩展灵能手册
C,1 核心补充书籍\XPH扩展灵能手册\6显能\C.htm,5,核心补充书籍 / [XPH] 扩展灵能手册 / 5. 异能 (Powers) / 异能描述,核心补充书籍,[XPH] 扩展灵能手册
D,1 核心补充书籍\XPH扩展灵能手册\6显能\D.htm,5,核心补充书籍 / [XPH] 扩展灵能手册 / 5. 异能 (Powers) / 异能描述,核心补充书籍,[XPH] 扩展灵能手册
E,1 核心补充书籍\XPH扩展灵能手册\6显能\E.htm,5,核心补充书籍 / [XPH] 扩展灵能手册 / 5. 异能 (Powers) / 异能描述,核心补充书籍,[XPH] 扩展灵能手册
F,1 核心补充书籍\XPH扩展灵能手册\6显能\F.htm,5,核心补充书籍 / [XPH] 扩展灵能手册 / 5. 异能 (Powers) / 异能描述,核心补充书籍,[XPH] 扩展灵能手册
G,1 核心补充书籍\XPH扩展灵能手册\6显能\G.htm,5,核心补充书籍 / [XPH] 扩展灵能手册 / 5. 异能 (Powers) / 异能描述,核心补充书籍,[XPH] 扩展灵能手册
H,1 核心补充书籍\XPH扩展灵能手册\6显能\H.htm,5,核心补充书籍 / [XPH] 扩展灵能手册 / 5. 异能 (Powers) / 异能描述,核心补充书籍,[XPH] 扩展灵能手册
I,1 核心补充书籍\XPH扩展灵能手册\6显能\I.htm,5,核心补充书籍 / [XPH] 扩展灵能手册 / 5. 异能 (Powers) / 异能描述,核心补充书籍,[XPH] 扩展灵能手册
K,1 核心补充书籍\XPH扩展灵能手册\6显能\K.htm,5,核心补充书籍 / [XPH] 扩展灵能手册 / 5. 异能 (Powers) / 异能描述,核心补充书籍,[XPH] 扩展灵能手册
L,1 核心补充书籍\XPH扩展灵能手册\6显能\L.htm,5,核心补充书籍 / [XPH] 扩展灵能手册 / 5. 异能 (Powers) / 异能描述,核心补充书籍,[XPH] 扩展灵能手册
M,1 核心补充书籍\XPH扩展灵能手册\6显能\M.htm,5,核心补充书籍 / [XPH] 扩展灵能手册 / 5. 异能 (Powers) / 异能描述,核心补充书籍,[XPH] 扩展灵能手册
N,1 核心补充书籍\XPH扩展灵能手册\6显能\N.htm,5,核心补充书籍 / [XPH] 扩展灵能手册 / 5. 异能 (Powers) / 异能描述,核心补充书籍,[XPH] 扩展灵能手册
O,1 核心补充书籍\XPH扩展灵能手册\6显能\O.htm,5,核心补充书籍 / [XPH] 扩展灵能手册 / 5. 异能 (Powers) / 异能描述,核心补充书籍,[XPH] 扩展灵能手册
P,1 核心补充书籍\XPH扩展灵能手册\6显能\P.htm,5,核心补充书籍 / [XPH] 扩展灵能手册 / 5. 异能 (Powers) / 异能描述,核心补充书籍,[XPH] 扩展灵能手册
Q,1 核心补充书籍\XPH扩展灵能手册\6显能\Q.htm,5,核心补充书籍 / [XPH] 扩展灵能手册 / 5. 异能 (Powers) / 异能描述,核心补充书籍,[XPH] 扩展灵能手册
R,1 核心补充书籍\XPH扩展灵能手册\6显能\R.htm,5,核心补充书籍 / [XPH] 扩展灵能手册 / 5. 异能 (Powers) / 异能描述,核心补充书籍,[XPH] 扩展灵能手册
S,1 核心补充书籍\XPH扩展灵能手册\6显能\S.htm,5,核心补充书籍 / [XPH] 扩展灵能手册 / 5. 异能 (Powers) / 异能描述,核心补充书籍,[XPH] 扩展灵能手册
T,1 核心补充书籍\XPH扩展灵能手册\6显能\T.htm,5,核心补充书籍 / [XPH] 扩展灵能手册 / 5. 异能 (Powers) / 异能描述,核心补充书籍,[XPH] 扩展灵能手册
U,1 核心补充书籍\XPH扩展灵能手册\6显能\U.htm,5,核心补充书籍 / [XPH] 扩展灵能手册 / 5. 异能 (Powers) / 异能描述,核心补充书籍,[XPH] 扩展灵能手册
V,1 核心补充书籍\XPH扩展灵能手册\6显能\V.htm,5,核心补充书籍 / [XPH] 扩展灵能手册 / 5. 异能 (Powers) / 异能描述,核心补充书籍,[XPH] 扩展灵能手册
W,1 核心补充书籍\XPH扩展灵能手册\6显能\W.htm,5,核心补充书籍 / [XPH] 扩展灵能手册 / 5. 异能 (Powers) / 异能描述,核心补充书籍,[XPH] 扩展灵能手册
6. 进阶职业,1 核心补充书籍\XPH扩展灵能手册\3进阶\进阶.htm,3,核心补充书籍 / [XPH] 扩展灵能手册,核心补充书籍,[XPH] 扩展灵能手册
奥灵师,1 核心补充书籍\XPH扩展灵能手册\3进阶\奥灵师.htm,4,核心补充书籍 / [XPH] 扩展灵能手册 / 6. 进阶职业,核心补充书籍,[XPH] 扩展灵能手册
转位者,1 核心补充书籍\XPH扩展灵能手册\3进阶\转位者.htm,4,核心补充书籍 / [XPH] 扩展灵能手册 / 6. 进阶职业,核心补充书籍,[XPH] 扩展灵能手册
汝欧肯之拳,1 核心补充书籍\XPH扩展灵能手册\3进阶\汝欧肯之拳.htm,4,核心补充书籍 / [XPH] 扩展灵能手册 / 6. 进阶职业,核心补充书籍,[XPH] 扩展灵能手册
灵吸怪杀手,1 核心补充书籍\XPH扩展灵能手册\3进阶\灵吸怪杀手.htm,4,核心补充书籍 / [XPH] 扩展灵能手册 / 6. 进阶职业,核心补充书籍,[XPH] 扩展灵能手册
超念者,1 核心补充书籍\XPH扩展灵能手册\3进阶\超念者.htm,4,核心补充书籍 / [XPH] 扩展灵能手册 / 6. 进阶职业,核心补充书籍,[XPH] 扩展灵能手册
虚灵师,1 核心补充书籍\XPH扩展灵能手册\3进阶\虚灵师.htm,4,核心补充书籍 / [XPH] 扩展灵能手册 / 6. 进阶职业,核心补充书籍,[XPH] 扩展灵能手册
操焰者,1 核心补充书籍\XPH扩展灵能手册\3进阶\操焰者.htm,4,核心补充书籍 / [XPH] 扩展灵能手册 / 6. 进阶职业,核心补充书籍,[XPH] 扩展灵能手册
奴役者,1 核心补充书籍\XPH扩展灵能手册\3进阶\奴役者.htm,4,核心补充书籍 / [XPH] 扩展灵能手册 / 6. 进阶职业,核心补充书籍,[XPH] 扩展灵能手册
战魂,1 核心补充书籍\XPH扩展灵能手册\3进阶\战魂.htm,4,核心补充书籍 / [XPH] 扩展灵能手册 / 6. 进阶职业,核心补充书籍,[XPH] 扩展灵能手册
7. 灵能物品,1 核心补充书籍\XPH扩展灵能手册\7装备\灵能物品.htm,3,核心补充书籍 / [XPH] 扩展灵能手册,核心补充书籍,[XPH] 扩展灵能手册
灵晶仆,1 核心补充书籍\XPH扩展灵能手册\7装备\灵晶仆.htm,4,核心补充书籍 / [XPH] 扩展灵能手册 / 7. 灵能物品,核心补充书籍,[XPH] 扩展灵能手册
使用物品,1 核心补充书籍\XPH扩展灵能手册\7装备\使用物品.htm,4,核心补充书籍 / [XPH] 扩展灵能手册 / 7. 灵能物品,核心补充书籍,[XPH] 扩展灵能手册
灵能物品说明,1 核心补充书籍\XPH扩展灵能手册\7装备\灵能物品说明.htm,4,核心补充书籍 / [XPH] 扩展灵能手册 / 7. 灵能物品,核心补充书籍,[XPH] 扩展灵能手册
武器,1 核心补充书籍\XPH扩展灵能手册\7装备\武器.htm,5,核心补充书籍 / [XPH] 扩展灵能手册 / 7. 灵能物品 / 灵能物品说明,核心补充书籍,[XPH] 扩展灵能手册
盔甲与盾牌,1 核心补充书籍\XPH扩展灵能手册\7装备\防具.htm,5,核心补充书籍 / [XPH] 扩展灵能手册 / 7. 灵能物品 / 灵能物品说明,核心补充书籍,[XPH] 扩展灵能手册
灵冠,1 核心补充书籍\XPH扩展灵能手册\7装备\灵冠.htm,5,核心补充书籍 / [XPH] 扩展灵能手册 / 7. 灵能物品 / 灵能物品说明,核心补充书籍,[XPH] 扩展灵能手册
灵容,1 核心补充书籍\XPH扩展灵能手册\7装备\灵容.htm,5,核心补充书籍 / [XPH] 扩展灵能手册 / 7. 灵能物品 / 灵能物品说明,核心补充书籍,[XPH] 扩展灵能手册
灵纹,1 核心补充书籍\XPH扩展灵能手册\7装备\灵纹.htm,5,核心补充书籍 / [XPH] 扩展灵能手册 / 7. 灵能物品 / 灵能物品说明,核心补充书籍,[XPH] 扩展灵能手册
灵物,1 核心补充书籍\XPH扩展灵能手册\7装备\灵物.htm,5,核心补充书籍 / [XPH] 扩展灵能手册 / 7. 灵能物品 / 灵能物品说明,核心补充书籍,[XPH] 扩展灵能手册
灵杖,1 核心补充书籍\XPH扩展灵能手册\7装备\灵杖.htm,5,核心补充书籍 / [XPH] 扩展灵能手册 / 7. 灵能物品 / 灵能物品说明,核心补充书籍,[XPH] 扩展灵能手册
灵能石,1 核心补充书籍\XPH扩展灵能手册\7装备\灵能石.htm,5,核心补充书籍 / [XPH] 扩展灵能手册 / 7. 灵能物品 / 灵能物品说明,核心补充书籍,[XPH] 扩展灵能手册
灵能神器,1 核心补充书籍\XPH扩展灵能手册\7装备\灵能神器.htm,5,核心补充书籍 / [XPH] 扩展灵能手册 / 7. 灵能物品 / 灵能物品说明,核心补充书籍,[XPH] 扩展灵能手册
诅咒物品,1 核心补充书籍\XPH扩展灵能手册\7装备\诅咒物品.htm,5,核心补充书籍 / [XPH] 扩展灵能手册 / 7. 灵能物品 / 灵能物品说明,核心补充书籍,[XPH] 扩展灵能手册
创造灵能物品,1 核心补充书籍\XPH扩展灵能手册\7装备\创造灵能物品.htm,5,核心补充书籍 / [XPH] 扩展灵能手册 / 7. 灵能物品 / 灵能物品说明,核心补充书籍,[XPH] 扩展灵能手册
特殊材料,1 核心补充书籍\XPH扩展灵能手册\7装备\特殊材料.htm,5,核心补充书籍 / [XPH] 扩展灵能手册 / 7. 灵能物品 / 灵能物品说明,核心补充书籍,[XPH] 扩展灵能手册
8. 怪物,1 核心补充书籍\XPH扩展灵能手册\8怪物\怪物.htm,3,核心补充书籍 / [XPH] 扩展灵能手册,核心补充书籍,[XPH] 扩展灵能手册
半巨人,1 核心补充书籍\XPH扩展灵能手册\8怪物\半巨人1.htm,4,核心补充书籍 / [XPH] 扩展灵能手册 / 8. 怪物,核心补充书籍,[XPH] 扩展灵能手册
蠹灵,1 核心补充书籍\XPH扩展灵能手册\8怪物\蠹灵1.htm,4,核心补充书籍 / [XPH] 扩展灵能手册 / 8. 怪物,核心补充书籍,[XPH] 扩展灵能手册
夺心巨虫,1 核心补充书籍\XPH扩展灵能手册\8怪物\夺心巨虫.htm,4,核心补充书籍 / [XPH] 扩展灵能手册 / 8. 怪物,核心补充书籍,[XPH] 扩展灵能手册
厄兰,1 核心补充书籍\XPH扩展灵能手册\8怪物\厄兰1.htm,4,核心补充书籍 / [XPH] 扩展灵能手册 / 8. 怪物,核心补充书籍,[XPH] 扩展灵能手册
黑暗呼唤者,1 核心补充书籍\XPH扩展灵能手册\8怪物\黑暗呼唤者.htm,4,核心补充书籍 / [XPH] 扩展灵能手册 / 8. 怪物,核心补充书籍,[XPH] 扩展灵能手册
灰黑贪食者,1 核心补充书籍\XPH扩展灵能手册\8怪物\灰黑贪食者.htm,4,核心补充书籍 / [XPH] 扩展灵能手册 / 8. 怪物,核心补充书籍,[XPH] 扩展灵能手册
畸念,1 核心补充书籍\XPH扩展灵能手册\8怪物\畸念.htm,4,核心补充书籍 / [XPH] 扩展灵能手册 / 8. 怪物,核心补充书籍,[XPH] 扩展灵能手册
傀儡虫，血肉撕裂者,1 核心补充书籍\XPH扩展灵能手册\8怪物\傀儡虫，血肉撕裂者.htm,4,核心补充书籍 / [XPH] 扩展灵能手册 / 8. 怪物,核心补充书籍,[XPH] 扩展灵能手册
傀儡虫,1 核心补充书籍\XPH扩展灵能手册\8怪物\傀儡虫.htm,4,核心补充书籍 / [XPH] 扩展灵能手册 / 8. 怪物,核心补充书籍,[XPH] 扩展灵能手册
蓝地精,1 核心补充书籍\XPH扩展灵能手册\8怪物\蓝地精.htm,4,核心补充书籍 / [XPH] 扩展灵能手册 / 8. 怪物,核心补充书籍,[XPH] 扩展灵能手册
灵晶仆,1 核心补充书籍\XPH扩展灵能手册\8怪物\灵晶仆1.htm,4,核心补充书籍 / [XPH] 扩展灵能手册 / 8. 怪物,核心补充书籍,[XPH] 扩展灵能手册
灵能底栖魔鱼,1 核心补充书籍\XPH扩展灵能手册\8怪物\灵能底栖魔鱼.htm,4,核心补充书籍 / [XPH] 扩展灵能手册 / 8. 怪物,核心补充书籍,[XPH] 扩展灵能手册
灵能灰矮人,1 核心补充书籍\XPH扩展灵能手册\8怪物\灵能灰矮人.htm,4,核心补充书籍 / [XPH] 扩展灵能手册 / 8. 怪物,核心补充书籍,[XPH] 扩展灵能手册
灵能吉斯洋基人,1 核心补充书籍\XPH扩展灵能手册\8怪物\灵能吉斯洋基人.htm,4,核心补充书籍 / [XPH] 扩展灵能手册 / 8. 怪物,核心补充书籍,[XPH] 扩展灵能手册
灵能吉斯泽莱人,1 核心补充书籍\XPH扩展灵能手册\8怪物\灵能吉斯泽莱人.htm,4,核心补充书籍 / [XPH] 扩展灵能手册 / 8. 怪物,核心补充书籍,[XPH] 扩展灵能手册
灵能灵吸怪,1 核心补充书籍\XPH扩展灵能手册\8怪物\灵能灵吸怪.htm,4,核心补充书籍 / [XPH] 扩展灵能手册 / 8. 怪物,核心补充书籍,[XPH] 扩展灵能手册
灵能蛇人,1 核心补充书籍\XPH扩展灵能手册\8怪物\灵能蛇人.htm,4,核心补充书籍 / [XPH] 扩展灵能手册 / 8. 怪物,核心补充书籍,[XPH] 扩展灵能手册
灵能羽蛇,1 核心补充书籍\XPH扩展灵能手册\8怪物\灵能羽蛇.htm,4,核心补充书籍 / [XPH] 扩展灵能手册 / 8. 怪物,核心补充书籍,[XPH] 扩展灵能手册
灵能子类别,1 核心补充书籍\XPH扩展灵能手册\8怪物\灵能子类别.htm,4,核心补充书籍 / [XPH] 扩展灵能手册 / 8. 怪物,核心补充书籍,[XPH] 扩展灵能手册
美纳德人,1 核心补充书籍\XPH扩展灵能手册\8怪物\美纳德人1.htm,4,核心补充书籍 / [XPH] 扩展灵能手册 / 8. 怪物,核心补充书籍,[XPH] 扩展灵能手册
脑魔,1 核心补充书籍\XPH扩展灵能手册\8怪物\脑魔.htm,4,核心补充书籍 / [XPH] 扩展灵能手册 / 8. 怪物,核心补充书籍,[XPH] 扩展灵能手册
脑鼹,1 核心补充书籍\XPH扩展灵能手册\8怪物\脑鼹.htm,4,核心补充书籍 / [XPH] 扩展灵能手册 / 8. 怪物,核心补充书籍,[XPH] 扩展灵能手册
念力生物,1 核心补充书籍\XPH扩展灵能手册\8怪物\念力生物.htm,4,核心补充书籍 / [XPH] 扩展灵能手册 / 8. 怪物,核心补充书籍,[XPH] 扩展灵能手册
溶晶怪,1 核心补充书籍\XPH扩展灵能手册\8怪物\溶晶怪.htm,4,核心补充书籍 / [XPH] 扩展灵能手册 / 8. 怪物,核心补充书籍,[XPH] 扩展灵能手册
瑟芬人,1 核心补充书籍\XPH扩展灵能手册\8怪物\瑟芬人1.htm,4,核心补充书籍 / [XPH] 扩展灵能手册 / 8. 怪物,核心补充书籍,[XPH] 扩展灵能手册
时窃怪,1 核心补充书籍\XPH扩展灵能手册\8怪物\时窃怪.htm,4,核心补充书籍 / [XPH] 扩展灵能手册 / 8. 怪物,核心补充书籍,[XPH] 扩展灵能手册
食念怪,1 核心补充书籍\XPH扩展灵能手册\8怪物\食念怪.htm,4,核心补充书籍 / [XPH] 扩展灵能手册 / 8. 怪物,核心补充书籍,[XPH] 扩展灵能手册
弑念怪,1 核心补充书籍\XPH扩展灵能手册\8怪物\弑念怪.htm,4,核心补充书籍 / [XPH] 扩展灵能手册 / 8. 怪物,核心补充书籍,[XPH] 扩展灵能手册
噬脑怪,1 核心补充书籍\XPH扩展灵能手册\8怪物\噬脑怪.htm,4,核心补充书籍 / [XPH] 扩展灵能手册 / 8. 怪物,核心补充书籍,[XPH] 扩展灵能手册
水晶元素,1 核心补充书籍\XPH扩展灵能手册\8怪物\水晶元素.htm,4,核心补充书籍 / [XPH] 扩展灵能手册 / 8. 怪物,核心补充书籍,[XPH] 扩展灵能手册
螳螂人,1 核心补充书籍\XPH扩展灵能手册\8怪物\螳螂人1.htm,4,核心补充书籍 / [XPH] 扩展灵能手册 / 8. 怪物,核心补充书籍,[XPH] 扩展灵能手册
土当归根,1 核心补充书籍\XPH扩展灵能手册\8怪物\土当归根.htm,4,核心补充书籍 / [XPH] 扩展灵能手册 / 8. 怪物,核心补充书籍,[XPH] 扩展灵能手册
无体者,1 核心补充书籍\XPH扩展灵能手册\8怪物\无体者.htm,4,核心补充书籍 / [XPH] 扩展灵能手册 / 8. 怪物,核心补充书籍,[XPH] 扩展灵能手册
心灵术士杀手,1 核心补充书籍\XPH扩展灵能手册\8怪物\心灵术士杀手.htm,4,核心补充书籍 / [XPH] 扩展灵能手册 / 8. 怪物,核心补充书籍,[XPH] 扩展灵能手册
星质构装体,1 核心补充书籍\XPH扩展灵能手册\8怪物\星质构装体.htm,4,核心补充书籍 / [XPH] 扩展灵能手册 / 8. 怪物,核心补充书籍,[XPH] 扩展灵能手册
附录: 法术和神祇,1 核心补充书籍\XPH扩展灵能手册\9附录\附录：法术和神祇.htm,3,核心补充书籍 / [XPH] 扩展灵能手册,核心补充书籍,[XPH] 扩展灵能手册
法术,1 核心补充书籍\XPH扩展灵能手册\9附录\法术.htm,4,核心补充书籍 / [XPH] 扩展灵能手册 / 附录: 法术和神祇,核心补充书籍,[XPH] 扩展灵能手册
神明,1 核心补充书籍\XPH扩展灵能手册\9附录\神明.htm,4,核心补充书籍 / [XPH] 扩展灵能手册 / 附录: 法术和神祇,核心补充书籍,[XPH] 扩展灵能手册
[PHB2] 玩家手册2,1 核心补充书籍\PHB2玩家手册2\玩家手册2.htm,2,核心补充书籍,核心补充书籍,[PHB2] 玩家手册2
1. 新职业,,3,核心补充书籍 / [PHB2] 玩家手册2,核心补充书籍,[PHB2] 玩家手册2
欺愚者,1 核心补充书籍\PHB2玩家手册2\职业\欺愚者.htm,4,核心补充书籍 / [PHB2] 玩家手册2 / 1. 新职业,核心补充书籍,[PHB2] 玩家手册2
龙之萨满,1 核心补充书籍\PHB2玩家手册2\职业\龙之萨满.htm,4,核心补充书籍 / [PHB2] 玩家手册2 / 1. 新职业,核心补充书籍,[PHB2] 玩家手册2
暮刃,1 核心补充书籍\PHB2玩家手册2\职业\暮刃.htm,4,核心补充书籍 / [PHB2] 玩家手册2 / 1. 新职业,核心补充书籍,[PHB2] 玩家手册2
骑士,1 核心补充书籍\PHB2玩家手册2\职业\骑士.htm,4,核心补充书籍 / [PHB2] 玩家手册2 / 1. 新职业,核心补充书籍,[PHB2] 玩家手册2
2. 职业拓展(替代能力、角色主题和新起始包),1 核心补充书籍\PHB2玩家手册2\职业替代能力\核心职业.htm,3,核心补充书籍 / [PHB2] 玩家手册2,核心补充书籍,[PHB2] 玩家手册2
野蛮人,1 核心补充书籍\PHB2玩家手册2\职业替代能力\野蛮人.htm,4,核心补充书籍 / [PHB2] 玩家手册2 / 2. 职业拓展(替代能力、角色主题和新起始包),核心补充书籍,[PHB2] 玩家手册2
吟游诗人,1 核心补充书籍\PHB2玩家手册2\职业替代能力\吟游诗人.htm,4,核心补充书籍 / [PHB2] 玩家手册2 / 2. 职业拓展(替代能力、角色主题和新起始包),核心补充书籍,[PHB2] 玩家手册2
牧师,1 核心补充书籍\PHB2玩家手册2\职业替代能力\牧师.htm,4,核心补充书籍 / [PHB2] 玩家手册2 / 2. 职业拓展(替代能力、角色主题和新起始包),核心补充书籍,[PHB2] 玩家手册2
德鲁伊,1 核心补充书籍\PHB2玩家手册2\职业替代能力\德鲁伊.htm,4,核心补充书籍 / [PHB2] 玩家手册2 / 2. 职业拓展(替代能力、角色主题和新起始包),核心补充书籍,[PHB2] 玩家手册2
天佑者 (完美神力CD),1 核心补充书籍\PHB2玩家手册2\职业\天佑者.htm,4,核心补充书籍 / [PHB2] 玩家手册2 / 2. 职业拓展(替代能力、角色主题和新起始包),核心补充书籍,[PHB2] 玩家手册2
战士,1 核心补充书籍\PHB2玩家手册2\职业替代能力\战士.htm,4,核心补充书籍 / [PHB2] 玩家手册2 / 2. 职业拓展(替代能力、角色主题和新起始包),核心补充书籍,[PHB2] 玩家手册2
魔剑客 (完美战力CW),1 核心补充书籍\PHB2玩家手册2\职业\魔剑客.htm,4,核心补充书籍 / [PHB2] 玩家手册2 / 2. 职业拓展(替代能力、角色主题和新起始包),核心补充书籍,[PHB2] 玩家手册2
元戎 (模型手册MH),1 核心补充书籍\PHB2玩家手册2\职业替代能力\元戎.htm,4,核心补充书籍 / [PHB2] 玩家手册2 / 2. 职业拓展(替代能力、角色主题和新起始包),核心补充书籍,[PHB2] 玩家手册2
武僧,1 核心补充书籍\PHB2玩家手册2\职业替代能力\武僧.htm,4,核心补充书籍 / [PHB2] 玩家手册2 / 2. 职业拓展(替代能力、角色主题和新起始包),核心补充书籍,[PHB2] 玩家手册2
圣武士,1 核心补充书籍\PHB2玩家手册2\职业替代能力\圣武士.htm,4,核心补充书籍 / [PHB2] 玩家手册2 / 2. 职业拓展(替代能力、角色主题和新起始包),核心补充书籍,[PHB2] 玩家手册2
巡林客,1 核心补充书籍\PHB2玩家手册2\职业替代能力\巡林客.htm,4,核心补充书籍 / [PHB2] 玩家手册2 / 2. 职业拓展(替代能力、角色主题和新起始包),核心补充书籍,[PHB2] 玩家手册2
游荡者,1 核心补充书籍\PHB2玩家手册2\职业替代能力\游荡者.htm,4,核心补充书籍 / [PHB2] 玩家手册2 / 2. 职业拓展(替代能力、角色主题和新起始包),核心补充书籍,[PHB2] 玩家手册2
斥候 (完美冒险CAd),1 核心补充书籍\PHB2玩家手册2\职业替代能力\斥候.htm,4,核心补充书籍 / [PHB2] 玩家手册2 / 2. 职业拓展(替代能力、角色主题和新起始包),核心补充书籍,[PHB2] 玩家手册2
术士,1 核心补充书籍\PHB2玩家手册2\职业替代能力\术士.htm,4,核心补充书籍 / [PHB2] 玩家手册2 / 2. 职业拓展(替代能力、角色主题和新起始包),核心补充书籍,[PHB2] 玩家手册2
游荡剑客 (完美战力CW),1 核心补充书籍\PHB2玩家手册2\职业替代能力\游荡剑客.htm,4,核心补充书籍 / [PHB2] 玩家手册2 / 2. 职业拓展(替代能力、角色主题和新起始包),核心补充书籍,[PHB2] 玩家手册2
邪术师 (完美奥术CAr),1 核心补充书籍\PHB2玩家手册2\职业替代能力\邪术师.htm,4,核心补充书籍 / [PHB2] 玩家手册2 / 2. 职业拓展(替代能力、角色主题和新起始包),核心补充书籍,[PHB2] 玩家手册2
战法师 (完美奥术CAr),1 核心补充书籍\PHB2玩家手册2\职业替代能力\战法师.htm,4,核心补充书籍 / [PHB2] 玩家手册2 / 2. 职业拓展(替代能力、角色主题和新起始包),核心补充书籍,[PHB2] 玩家手册2
法师,1 核心补充书籍\PHB2玩家手册2\职业替代能力\法师.htm,4,核心补充书籍 / [PHB2] 玩家手册2 / 2. 职业拓展(替代能力、角色主题和新起始包),核心补充书籍,[PHB2] 玩家手册2
3. 新专长,,3,核心补充书籍 / [PHB2] 玩家手册2,核心补充书籍,[PHB2] 玩家手册2
一般专长,1 核心补充书籍\PHB2玩家手册2\专长\一般专长.htm,4,核心补充书籍 / [PHB2] 玩家手册2 / 3. 新专长,核心补充书籍,[PHB2] 玩家手册2
仪式专长,1 核心补充书籍\PHB2玩家手册2\专长\仪式专长.htm,4,核心补充书籍 / [PHB2] 玩家手册2 / 3. 新专长,核心补充书籍,[PHB2] 玩家手册2
战术专长,1 核心补充书籍\PHB2玩家手册2\专长\战术专长.htm,4,核心补充书籍 / [PHB2] 玩家手册2 / 3. 新专长,核心补充书籍,[PHB2] 玩家手册2
超魔专长,1 核心补充书籍\PHB2玩家手册2\专长\超魔专长.htm,4,核心补充书籍 / [PHB2] 玩家手册2 / 3. 新专长,核心补充书籍,[PHB2] 玩家手册2
神圣专长,1 核心补充书籍\PHB2玩家手册2\专长\神圣专长.htm,4,核心补充书籍 / [PHB2] 玩家手册2 / 3. 新专长,核心补充书籍,[PHB2] 玩家手册2
战士专注专长,1 核心补充书籍\PHB2玩家手册2\专长\战士专注专长.htm,4,核心补充书籍 / [PHB2] 玩家手册2 / 3. 新专长,核心补充书籍,[PHB2] 玩家手册2
术士血统专长,1 核心补充书籍\PHB2玩家手册2\专长\术士血统专长.htm,4,核心补充书籍 / [PHB2] 玩家手册2 / 3. 新专长,核心补充书籍,[PHB2] 玩家手册2
4. 新法术,1 核心补充书籍\PHB2玩家手册2\法术\法术.htm,3,核心补充书籍 / [PHB2] 玩家手册2,核心补充书籍,[PHB2] 玩家手册2
法术列表,1 核心补充书籍\PHB2玩家手册2\法术\法术列表.htm,4,核心补充书籍 / [PHB2] 玩家手册2 / 4. 新法术,核心补充书籍,[PHB2] 玩家手册2
法术详述,1 核心补充书籍\PHB2玩家手册2\法术\法术详述.htm,4,核心补充书籍 / [PHB2] 玩家手册2 / 4. 新法术,核心补充书籍,[PHB2] 玩家手册2
灰鹰学院,9 世设\灰鹰\灰鹰学院.html,3,核心补充书籍 / [PHB2] 玩家手册2,核心补充书籍,[PHB2] 玩家手册2
5. [暂缺]角色身份塑造,10 附录\填充页面.htm,3,核心补充书籍 / [PHB2] 玩家手册2,核心补充书籍,[PHB2] 玩家手册2
6. 冒险团队,,3,核心补充书籍 / [PHB2] 玩家手册2,核心补充书籍,[PHB2] 玩家手册2
团队协作收益,1 核心补充书籍\PHB2玩家手册2\其他\团队协作收益.htm,4,核心补充书籍 / [PHB2] 玩家手册2 / 6. 冒险团队,核心补充书籍,[PHB2] 玩家手册2
7. 组织,1 核心补充书籍\PHB2玩家手册2\其他\组织.htm,3,核心补充书籍 / [PHB2] 玩家手册2,核心补充书籍,[PHB2] 玩家手册2
运作组织,1 核心补充书籍\PHB2玩家手册2\其他\运作组织.htm,4,核心补充书籍 / [PHB2] 玩家手册2 / 7. 组织,核心补充书籍,[PHB2] 玩家手册2
创建你自己的组织,1 核心补充书籍\PHB2玩家手册2\其他\创建你的组织.htm,4,核心补充书籍 / [PHB2] 玩家手册2 / 7. 组织,核心补充书籍,[PHB2] 玩家手册2
范例组织,1 核心补充书籍\PHB2玩家手册2\其他\范例组织.htm,4,核心补充书籍 / [PHB2] 玩家手册2 / 7. 组织,核心补充书籍,[PHB2] 玩家手册2
8. 重构你的角色,,3,核心补充书籍 / [PHB2] 玩家手册2,核心补充书籍,[PHB2] 玩家手册2
重训,1 核心补充书籍\PHB2玩家手册2\其他\人物重训.htm,4,核心补充书籍 / [PHB2] 玩家手册2 / 8. 重构你的角色,核心补充书籍,[PHB2] 玩家手册2
重建,1 核心补充书籍\PHB2玩家手册2\其他\重建.htm,4,核心补充书籍 / [PHB2] 玩家手册2 / 8. 重构你的角色,核心补充书籍,[PHB2] 玩家手册2
附录: 快速创建人物,1 核心补充书籍\PHB2玩家手册2\其他\快速创建人物.htm,3,核心补充书籍 / [PHB2] 玩家手册2,核心补充书籍,[PHB2] 玩家手册2
[DMG2] 城主指南2,1 核心补充书籍\DMG2城主指南2\封面.htm,2,核心补充书籍,核心补充书籍,[DMG2] 城主指南2
1. [暂缺]游戏运作,10 附录\填充页面.htm,3,核心补充书籍 / [DMG2] 城主指南2,核心补充书籍,[DMG2] 城主指南2
2. 冒险,,3,核心补充书籍 / [DMG2] 城主指南2,核心补充书籍,[DMG2] 城主指南2
典型环境,1 核心补充书籍\DMG2城主指南2\环境.htm,4,核心补充书籍 / [DMG2] 城主指南2 / 2. 冒险,核心补充书籍,[DMG2] 城主指南2
空中作战,1 核心补充书籍\DMG2城主指南2\空中作战.htm,5,核心补充书籍 / [DMG2] 城主指南2 / 2. 冒险 / 典型环境,核心补充书籍,[DMG2] 城主指南2
燃烧的建筑物,1 核心补充书籍\DMG2城主指南2\燃烧的建筑物.htm,5,核心补充书籍 / [DMG2] 城主指南2 / 2. 冒险 / 典型环境,核心补充书籍,[DMG2] 城主指南2
邪恶地穴,1 核心补充书籍\DMG2城主指南2\邪恶地穴.htm,5,核心补充书籍 / [DMG2] 城主指南2 / 2. 冒险 / 典型环境,核心补充书籍,[DMG2] 城主指南2
熔岩,1 核心补充书籍\DMG2城主指南2\熔岩.htm,5,核心补充书籍 / [DMG2] 城主指南2 / 2. 冒险 / 典型环境,核心补充书籍,[DMG2] 城主指南2
冰桥,1 核心补充书籍\DMG2城主指南2\冰桥.htm,5,核心补充书籍 / [DMG2] 城主指南2 / 2. 冒险 / 典型环境,核心补充书籍,[DMG2] 城主指南2
限制性隧道,1 核心补充书籍\DMG2城主指南2\限制性隧道.htm,5,核心补充书籍 / [DMG2] 城主指南2 / 2. 冒险 / 典型环境,核心补充书籍,[DMG2] 城主指南2
树屋,1 核心补充书籍\DMG2城主指南2\树屋.htm,5,核心补充书籍 / [DMG2] 城主指南2 / 2. 冒险 / 典型环境,核心补充书籍,[DMG2] 城主指南2
洪水地城,1 核心补充书籍\DMG2城主指南2\洪水地城.htm,4,核心补充书籍 / [DMG2] 城主指南2 / 2. 冒险,核心补充书籍,[DMG2] 城主指南2
特殊遭遇,1 核心补充书籍\DMG2城主指南2\群体模板.htm,4,核心补充书籍 / [DMG2] 城主指南2 / 2. 冒险,核心补充书籍,[DMG2] 城主指南2
陷阱,,4,核心补充书籍 / [DMG2] 城主指南2 / 2. 冒险,核心补充书籍,[DMG2] 城主指南2
简易陷阱,1 核心补充书籍\DMG2城主指南2\新物品\简易陷阱.htm,5,核心补充书籍 / [DMG2] 城主指南2 / 2. 冒险 / 陷阱,核心补充书籍,[DMG2] 城主指南2
更多陷阱,1 核心补充书籍\DMG2城主指南2\新物品\陷阱补丁.html,5,核心补充书籍 / [DMG2] 城主指南2 / 2. 冒险 / 陷阱,核心补充书籍,[DMG2] 城主指南2
咒文炮塔,1 核心补充书籍\DMG2城主指南2\新物品\咒文炮塔.htm,5,核心补充书籍 / [DMG2] 城主指南2 / 2. 冒险 / 陷阱,核心补充书籍,[DMG2] 城主指南2
3. 战役,,3,核心补充书籍 / [DMG2] 城主指南2,核心补充书籍,[DMG2] 城主指南2
法律与刑罚,1 核心补充书籍\DMG2城主指南2\法律与刑法.htm,4,核心补充书籍 / [DMG2] 城主指南2 / 3. 战役,核心补充书籍,[DMG2] 城主指南2
魔法事件,1 核心补充书籍\DMG2城主指南2\魔法事件.html,4,核心补充书籍 / [DMG2] 城主指南2 / 3. 战役,核心补充书籍,[DMG2] 城主指南2
4. [暂缺]盐沼镇 Saltmarsh,10 附录\填充页面.htm,3,核心补充书籍 / [DMG2] 城主指南2,核心补充书籍,[DMG2] 城主指南2
5. 非玩家角色,,3,核心补充书籍 / [DMG2] 城主指南2,核心补充书籍,[DMG2] 城主指南2
NPC的独特能力,1 核心补充书籍\DMG2城主指南2\NPC特性.html,4,核心补充书籍 / [DMG2] 城主指南2 / 5. 非玩家角色,核心补充书籍,[DMG2] 城主指南2
数据资料格式,1 核心补充书籍\DMG2城主指南2\数据资料格式.htm,4,核心补充书籍 / [DMG2] 城主指南2 / 5. 非玩家角色,核心补充书籍,[DMG2] 城主指南2
6. 玩家角色,,3,核心补充书籍 / [DMG2] 城主指南2,核心补充书籍,[DMG2] 城主指南2
导师与学徒,1 核心补充书籍\DMG2城主指南2\导师与学徒.htm,4,核心补充书籍 / [DMG2] 城主指南2 / 6. 玩家角色,核心补充书籍,[DMG2] 城主指南2
运作商业,1 核心补充书籍\DMG2城主指南2\运作商业.htm,4,核心补充书籍 / [DMG2] 城主指南2 / 6. 玩家角色,核心补充书籍,[DMG2] 城主指南2
团队之魂,1 核心补充书籍\DMG2城主指南2\团队之魂.htm,4,核心补充书籍 / [DMG2] 城主指南2 / 6. 玩家角色,核心补充书籍,[DMG2] 城主指南2
7. 魔法物品,,3,核心补充书籍 / [DMG2] 城主指南2,核心补充书籍,[DMG2] 城主指南2
新增魔法物品,1 核心补充书籍\DMG2城主指南2\新物品\新增魔法物品.htm,4,核心补充书籍 / [DMG2] 城主指南2 / 7. 魔法物品,核心补充书籍,[DMG2] 城主指南2
契约魔法物品,1 核心补充书籍\DMG2城主指南2\新物品\契约魔法物品.htm,4,核心补充书籍 / [DMG2] 城主指南2 / 7. 魔法物品,核心补充书籍,[DMG2] 城主指南2
武器及盔甲模版,1 核心补充书籍\DMG2城主指南2\新物品\武器及盔甲模版.htm,4,核心补充书籍 / [DMG2] 城主指南2 / 7. 魔法物品,核心补充书籍,[DMG2] 城主指南2
[MM3] 怪物图鉴3,1 核心补充书籍\MM3怪物图鉴3\0插图\怪物图鉴3(MM3).htm,2,核心补充书籍,核心补充书籍,[MM3] 怪物图鉴3
怪物专长,1 核心补充书籍\MM3怪物图鉴3\怪物专长.htm,3,核心补充书籍 / [MM3] 怪物图鉴3,核心补充书籍,[MM3] 怪物图鉴3
挑战等级表,1 核心补充书籍\MM3怪物图鉴3\挑战等级表.htm,3,核心补充书籍 / [MM3] 怪物图鉴3,核心补充书籍,[MM3] 怪物图鉴3
怪物ECL速查表,1 核心补充书籍\MM3怪物图鉴3\怪物ECL速查表.htm,3,核心补充书籍 / [MM3] 怪物图鉴3,核心补充书籍,[MM3] 怪物图鉴3
模板,,3,核心补充书籍 / [MM3] 怪物图鉴3,核心补充书籍,[MM3] 怪物图鉴3
活化咒语,1 核心补充书籍\MM3怪物图鉴3\模板\Living Spell 活化咒语.htm,4,核心补充书籍 / [MM3] 怪物图鉴3 / 模板,核心补充书籍,[MM3] 怪物图鉴3
法曲生物,1 核心补充书籍\MM3怪物图鉴3\模板\Spellwarped Creature 法曲生物.htm,4,核心补充书籍 / [MM3] 怪物图鉴3 / 模板,核心补充书籍,[MM3] 怪物图鉴3
漠心生物,1 核心补充书籍\MM3怪物图鉴3\模板\Voidmind Creature 漠心生物.htm,4,核心补充书籍 / [MM3] 怪物图鉴3 / 模板,核心补充书籍,[MM3] 怪物图鉴3
树化生物,1 核心补充书籍\MM3怪物图鉴3\模板\Woodling 树化生物.htm,4,核心补充书籍 / [MM3] 怪物图鉴3 / 模板,核心补充书籍,[MM3] 怪物图鉴3
怪物,,3,核心补充书籍 / [MM3] 怪物图鉴3,核心补充书籍,[MM3] 怪物图鉴3
炼金术魔像,1 核心补充书籍\MM3怪物图鉴3\怪物\Alchemical Golem 炼金术魔像.htm,4,核心补充书籍 / [MM3] 怪物图鉴3 / 怪物,核心补充书籍,[MM3] 怪物图鉴3
伏龙兽,1 核心补充书籍\MM3怪物图鉴3\怪物\Ambush Drake 伏龙兽.htm,4,核心补充书籍 / [MM3] 怪物图鉴3 / 怪物,核心补充书籍,[MM3] 怪物图鉴3
奥法泥形怪,1 核心补充书籍\MM3怪物图鉴3\怪物\Arcane Ooze 奥法泥形怪.htm,4,核心补充书籍 / [MM3] 怪物图鉴3 / 怪物,核心补充书籍,[MM3] 怪物图鉴3
星界伏击者,1 核心补充书籍\MM3怪物图鉴3\怪物\Astral Stalker 星界伏击者.htm,4,核心补充书籍 / [MM3] 怪物图鉴3 / 怪物,核心补充书籍,[MM3] 怪物图鉴3
崩塌兽,1 核心补充书籍\MM3怪物图鉴3\怪物\Avalancher 崩塌兽.htm,4,核心补充书籍 / [MM3] 怪物图鉴3 / 怪物,核心补充书籍,[MM3] 怪物图鉴3
战地石楠,1 核心补充书籍\MM3怪物图鉴3\怪物\Battlebriar 战地石南.htm,4,核心补充书籍 / [MM3] 怪物图鉴3 / 怪物,核心补充书籍,[MM3] 怪物图鉴3
熊猎犬,1 核心补充书籍\MM3怪物图鉴3\怪物\Bearhound 熊猎犬.htm,4,核心补充书籍 / [MM3] 怪物图鉴3 / 怪物,核心补充书籍,[MM3] 怪物图鉴3
骨爪,1 核心补充书籍\MM3怪物图鉴3\怪物\Boneclaw 骨爪.htm,4,核心补充书籍 / [MM3] 怪物图鉴3 / 怪物,核心补充书籍,[MM3] 怪物图鉴3
吸骨者,1 核心补充书籍\MM3怪物图鉴3\怪物\BoneDrinker 吸骨者.htm,4,核心补充书籍 / [MM3] 怪物图鉴3 / 怪物,核心补充书籍,[MM3] 怪物图鉴3
航母虫,1 核心补充书籍\MM3怪物图鉴3\怪物\Brood Keeper 航母虫.htm,4,核心补充书籍 / [MM3] 怪物图鉴3 / 怪物,核心补充书籍,[MM3] 怪物图鉴3
掮尸者,1 核心补充书籍\MM3怪物图鉴3\怪物\Cadaver Collector 掮尸者.htm,4,核心补充书籍 / [MM3] 怪物图鉴3 / 怪物,核心补充书籍,[MM3] 怪物图鉴3
尸骸猎犬,1 核心补充书籍\MM3怪物图鉴3\怪物\Charnel Hound 尸骸猎犬.htm,4,核心补充书籍 / [MM3] 怪物图鉴3 / 怪物,核心补充书籍,[MM3] 怪物图鉴3
拟音血蛛,1 核心补充书籍\MM3怪物图鉴3\怪物\Chelicera 拟音血蛛.htm,4,核心补充书籍 / [MM3] 怪物图鉴3 / 怪物,核心补充书籍,[MM3] 怪物图鉴3
寒冷复仇者,1 核心补充书籍\MM3怪物图鉴3\怪物\Chraal 寒冷复仇者.htm,4,核心补充书籍 / [MM3] 怪物图鉴3 / 怪物,核心补充书籍,[MM3] 怪物图鉴3
火渣集群,1 核心补充书籍\MM3怪物图鉴3\怪物\Cinder swarm 火渣集群.htm,4,核心补充书籍 / [MM3] 怪物图鉴3 / 怪物,核心补充书籍,[MM3] 怪物图鉴3
火灾泥怪,"1 核心补充书籍\MM3怪物图鉴3\怪物\Conflagration Ooze,Infernal 火灾泥怪.htm",4,核心补充书籍 / [MM3] 怪物图鉴3 / 怪物,核心补充书籍,[MM3] 怪物图鉴3
死亡尖叫者,1 核心补充书籍\MM3怪物图鉴3\怪物\DeathShriker 死亡尖叫者.htm,4,核心补充书籍 / [MM3] 怪物图鉴3 / 怪物,核心补充书籍,[MM3] 怪物图鉴3
哀咒魔,1 核心补充书籍\MM3怪物图鉴3\怪物\Demon sorrowsworn 哀咒魔.htm,4,核心补充书籍 / [MM3] 怪物图鉴3 / 怪物,核心补充书籍,[MM3] 怪物图鉴3
箭魔,"1 核心补充书籍\MM3怪物图鉴3\怪物\Demon,Arrow 箭魔.htm",4,核心补充书籍 / [MM3] 怪物图鉴3 / 怪物,核心补充书籍,[MM3] 怪物图鉴3
龙鳗,1 核心补充书籍\MM3怪物图鉴3\怪物\DRAGON EEL 龙镘.htm,4,核心补充书籍 / [MM3] 怪物图鉴3 / 怪物,核心补充书籍,[MM3] 怪物图鉴3
魔宫玫瑰,1 核心补充书籍\MM3怪物图鉴3\怪物\Dread Blossom Swarm 魔宫玫瑰.htm,4,核心补充书籍 / [MM3] 怪物图鉴3 / 怪物,核心补充书籍,[MM3] 怪物图鉴3
溺死鬼,1 核心补充书籍\MM3怪物图鉴3\怪物\Drowned 溺死鬼.htm,4,核心补充书籍 / [MM3] 怪物图鉴3 / 怪物,核心补充书籍,[MM3] 怪物图鉴3
沙尘恶灵,1 核心补充书籍\MM3怪物图鉴3\怪物\Dust Wight 沙尘恶灵.htm,4,核心补充书籍 / [MM3] 怪物图鉴3 / 怪物,核心补充书籍,[MM3] 怪物图鉴3
浮游灵群,1 核心补充书籍\MM3怪物图鉴3\怪物\Ephemeral Swarm 浮游灵群.htm,4,核心补充书籍 / [MM3] 怪物图鉴3 / 怪物,核心补充书籍,[MM3] 怪物图鉴3
野嚎,1 核心补充书籍\MM3怪物图鉴3\怪物\Feral Yowler 野嚎.htm,4,核心补充书籍 / [MM3] 怪物图鉴3 / 怪物,核心补充书籍,[MM3] 怪物图鉴3
多臂巨人,1 核心补充书籍\MM3怪物图鉴3\怪物\Geribiar 多臂巨人.htm,4,核心补充书籍 / [MM3] 怪物图鉴3 / 怪物,核心补充书籍,[MM3] 怪物图鉴3
死亡巨人,"1 核心补充书籍\MM3怪物图鉴3\怪物\Giant,Death 死亡巨人.htm",4,核心补充书籍 / [MM3] 怪物图鉴3 / 怪物,核心补充书籍,[MM3] 怪物图鉴3
邪术巨人,"1 核心补充书籍\MM3怪物图鉴3\怪物\Giant,Eldritch 邪术巨人.htm",4,核心补充书籍 / [MM3] 怪物图鉴3 / 怪物,核心补充书籍,[MM3] 怪物图鉴3
湖精,1 核心补充书籍\MM3怪物图鉴3\怪物\Glaistig 湖精.htm,4,核心补充书籍 / [MM3] 怪物图鉴3 / 怪物,核心补充书籍,[MM3] 怪物图鉴3
深黯魔像,1 核心补充书籍\MM3怪物图鉴3\怪物\Gloom Golem 深黯魔像.htm,4,核心补充书籍 / [MM3] 怪物图鉴3 / 怪物,核心补充书籍,[MM3] 怪物图鉴3
阴森恶鬼,1 核心补充书籍\MM3怪物图鉴3\怪物\Grimweird 阴森恶鬼.htm,4,核心补充书籍 / [MM3] 怪物图鉴3 / 怪物,核心补充书籍,[MM3] 怪物图鉴3
卷匣魔像,1 核心补充书籍\MM3怪物图鉴3\怪物\Grisgol 卷匣魔像.htm,4,核心补充书籍 / [MM3] 怪物图鉴3 / 怪物,核心补充书籍,[MM3] 怪物图鉴3
土晶人,1 核心补充书籍\MM3怪物图鉴3\怪物\Gulgar 土晶人.htm,4,核心补充书籍 / [MM3] 怪物图鉴3 / 怪物,核心补充书籍,[MM3] 怪物图鉴3
绞杀魔像,1 核心补充书籍\MM3怪物图鉴3\怪物\Hangman Golem 绞杀魔像.htm,4,核心补充书籍 / [MM3] 怪物图鉴3 / 怪物,核心补充书籍,[MM3] 怪物图鉴3
死刺蜘蛛,1 核心补充书籍\MM3怪物图鉴3\怪物\HarpoonSpider_DreadHarpoonSpider 死刺蜘蛛_恐惧死刺蜘蛛.htm,4,核心补充书籍 / [MM3] 怪物图鉴3 / 怪物,核心补充书籍,[MM3] 怪物图鉴3
装甲暴熊,1 核心补充书籍\MM3怪物图鉴3\怪物\Ironclad Mauler 装甲暴熊.htm,4,核心补充书籍 / [MM3] 怪物图鉴3 / 怪物,核心补充书籍,[MM3] 怪物图鉴3
审判天使,1 核心补充书籍\MM3怪物图鉴3\怪物\Justicator 审判者.htm,4,核心补充书籍 / [MM3] 怪物图鉴3 / 怪物,核心补充书籍,[MM3] 怪物图鉴3
丧钟甲虫,1 核心补充书籍\MM3怪物图鉴3\怪物\Knell Beetle 丧钟甲虫.htm,4,核心补充书籍 / [MM3] 怪物图鉴3 / 怪物,核心补充书籍,[MM3] 怪物图鉴3
蛛化人猿,1 核心补充书籍\MM3怪物图鉴3\怪物\LHOSK 蛛化人猿.htm,4,核心补充书籍 / [MM3] 怪物图鉴3 / 怪物,核心补充书籍,[MM3] 怪物图鉴3
黑鳞蜥人族,"1 核心补充书籍\MM3怪物图鉴3\怪物\Lizardfolk,blackscale 黑鳞蜥人族.htm",4,核心补充书籍 / [MM3] 怪物图鉴3 / 怪物,核心补充书籍,[MM3] 怪物图鉴3
扼喉潜伏怪,1 核心补充书籍\MM3怪物图鉴3\怪物\Lurking Strangler 扼喉潜伏怪.htm,4,核心补充书籍 / [MM3] 怪物图鉴3 / 怪物,核心补充书籍,[MM3] 怪物图鉴3
裂心魔,1 核心补充书籍\MM3怪物图鉴3\怪物\Mindshredder 裂心魔.htm,4,核心补充书籍 / [MM3] 怪物图鉴3 / 怪物,核心补充书籍,[MM3] 怪物图鉴3
象獒,1 核心补充书籍\MM3怪物图鉴3\怪物\Mivilorn 象獒.htm,4,核心补充书籍 / [MM3] 怪物图鉴3 / 怪物,核心补充书籍,[MM3] 怪物图鉴3
山脉巨魔,1 核心补充书籍\MM3怪物图鉴3\怪物\Mountain Troll 山脉巨魔.htm,4,核心补充书籍 / [MM3] 怪物图鉴3 / 怪物,核心补充书籍,[MM3] 怪物图鉴3
泥土魔像,1 核心补充书籍\MM3怪物图鉴3\怪物\Mud Golem 泥土魔像.htm,4,核心补充书籍 / [MM3] 怪物图鉴3 / 怪物,核心补充书籍,[MM3] 怪物图鉴3
死亡巡猎者,1 核心补充书籍\MM3怪物图鉴3\怪物\Necronaut 死亡巡猎者.htm,4,核心补充书籍 / [MM3] 怪物图鉴3 / 怪物,核心补充书籍,[MM3] 怪物图鉴3
腐败亡君,1 核心补充书籍\MM3怪物图鉴3\怪物\Necrothane 腐败亡君.htm,4,核心补充书籍 / [MM3] 怪物图鉴3 / 怪物,核心补充书籍,[MM3] 怪物图鉴3
针齿龙群,1 核心补充书籍\MM3怪物图鉴3\怪物\Needletooth Swarm 针齿龙群.htm,4,核心补充书籍 / [MM3] 怪物图鉴3 / 怪物,核心补充书籍,[MM3] 怪物图鉴3
远古鸮木,1 核心补充书籍\MM3怪物图鉴3\怪物\Night Twist 远古鸮木.htm,4,核心补充书籍 / [MM3] 怪物图鉴3 / 怪物,核心补充书籍,[MM3] 怪物图鉴3
百目鬼,1 核心补充书籍\MM3怪物图鉴3\怪物\Odopi 百目鬼.htm,4,核心补充书籍 / [MM3] 怪物图鉴3 / 怪物,核心补充书籍,[MM3] 怪物图鉴3
巨型元素,1 核心补充书籍\MM3怪物图鉴3\怪物\Omnimental 巨型元素.htm,4,核心补充书籍 / [MM3] 怪物图鉴3 / 怪物,核心补充书籍,[MM3] 怪物图鉴3
汲能食腐怪,"1 核心补充书籍\MM3怪物图鉴3\怪物\Otyugh, Lifeleech 汲能食腐怪.htm",4,核心补充书籍 / [MM3] 怪物图鉴3 / 怪物,核心补充书籍,[MM3] 怪物图鉴3
花精,1 核心补充书籍\MM3怪物图鉴3\怪物\Petal 花精.htm,4,核心补充书籍 / [MM3] 怪物图鉴3 / 怪物,核心补充书籍,[MM3] 怪物图鉴3
凤凰蛹(凤羽人和凤翼鸟),1 核心补充书籍\MM3怪物图鉴3\怪物\Phoelarch_Phoelarch 凤凰蛹再版~包括凤羽人和凤翼鸟.htm,4,核心补充书籍 / [MM3] 怪物图鉴3 / 怪物,核心补充书籍,[MM3] 怪物图鉴3
瘟疫藤球,1 核心补充书籍\MM3怪物图鉴3\怪物\Plague Brush 瘟疫藤球.htm,4,核心补充书籍 / [MM3] 怪物图鉴3 / 怪物,核心补充书籍,[MM3] 怪物图鉴3
瘟疫呕吐怪,1 核心补充书籍\MM3怪物图鉴3\怪物\Plague Spewer 瘟疫呕吐怪.htm,4,核心补充书籍 / [MM3] 怪物图鉴3 / 怪物,核心补充书籍,[MM3] 怪物图鉴3
虹光魔像,1 核心补充书籍\MM3怪物图鉴3\怪物\Prismatic Golem 虹光魔像.htm,4,核心补充书籍 / [MM3] 怪物图鉴3 / 怪物,核心补充书籍,[MM3] 怪物图鉴3
诡变灾魔,1 核心补充书籍\MM3怪物图鉴3\怪物\Protean Scourge 诡变灾魔.htm,4,核心补充书籍 / [MM3] 怪物图鉴3 / 怪物,核心补充书籍,[MM3] 怪物图鉴3
战舞精,1 核心补充书籍\MM3怪物图鉴3\怪物\Ragewalker 战舞精.htm,4,核心补充书籍 / [MM3] 怪物图鉴3 / 怪物,核心补充书籍,[MM3] 怪物图鉴3
阿克查扎邪兽鬼,1 核心补充书籍\MM3怪物图鉴3\怪物\Rakshasa Akchazar 阿克查扎邪兽鬼.htm,4,核心补充书籍 / [MM3] 怪物图鉴3 / 怪物,核心补充书籍,[MM3] 怪物图鉴3
红帽子,1 核心补充书籍\MM3怪物图鉴3\怪物\Redcap 红帽子.htm,4,核心补充书籍 / [MM3] 怪物图鉴3 / 怪物,核心补充书籍,[MM3] 怪物图鉴3
寒鹿,1 核心补充书籍\MM3怪物图鉴3\怪物\Rejkar 寒鹿.htm,4,核心补充书籍 / [MM3] 怪物图鉴3 / 怪物,核心补充书籍,[MM3] 怪物图鉴3
虹光树绳妖,1 核心补充书籍\MM3怪物图鉴3\怪物\Roper Prismatic 虹光树绳妖.htm,4,核心补充书籍 / [MM3] 怪物图鉴3 / 怪物,核心补充书籍,[MM3] 怪物图鉴3
腐败掠夺者,1 核心补充书籍\MM3怪物图鉴3\怪物\Rot Reaver 腐败掠夺者.htm,4,核心补充书籍 / [MM3] 怪物图鉴3 / 怪物,核心补充书籍,[MM3] 怪物图鉴3
符文猎犬,1 核心补充书籍\MM3怪物图鉴3\怪物\Runehound 符文猎犬.htm,4,核心补充书籍 / [MM3] 怪物图鉴3 / 怪物,核心补充书籍,[MM3] 怪物图鉴3
盐渍木乃伊,1 核心补充书籍\MM3怪物图鉴3\怪物\Salt Mummy 盐渍木乃伊.htm,4,核心补充书籍 / [MM3] 怪物图鉴3 / 怪物,核心补充书籍,[MM3] 怪物图鉴3
海蛞蝓,1 核心补充书籍\MM3怪物图鉴3\怪物\Seryilin 海蛞蝓.htm,4,核心补充书籍 / [MM3] 怪物图鉴3 / 怪物,核心补充书籍,[MM3] 怪物图鉴3
影钢魔像,1 核心补充书籍\MM3怪物图鉴3\怪物\Shadestell Golem 影钢魔像.htm,4,核心补充书籍 / [MM3] 怪物图鉴3 / 怪物,核心补充书籍,[MM3] 怪物图鉴3
光灵聚落,1 核心补充书籍\MM3怪物图鉴3\怪物\Shimmerling Swarm 光灵聚落.htm,4,核心补充书籍 / [MM3] 怪物图鉴3 / 怪物,核心补充书籍,[MM3] 怪物图鉴3
嘶鸣骇鬼,1 核心补充书籍\MM3怪物图鉴3\怪物\Shrieking Terror 嘶鸣骇鬼.htm,4,核心补充书籍 / [MM3] 怪物图鉴3 / 怪物,核心补充书籍,[MM3] 怪物图鉴3
攻城蟹,1 核心补充书籍\MM3怪物图鉴3\怪物\Siege Crab and Greater Siege Crab 攻城蟹.htm,4,核心补充书籍 / [MM3] 怪物图鉴3 / 怪物,核心补充书籍,[MM3] 怪物图鉴3
皮舞者,1 核心补充书籍\MM3怪物图鉴3\怪物\Skindancer 皮舞者.htm,4,核心补充书籍 / [MM3] 怪物图鉴3 / 怪物,核心补充书籍,[MM3] 怪物图鉴3
泥形雪怪,1 核心补充书籍\MM3怪物图鉴3\怪物\Snowflake Ooze 泥形雪怪.htm,4,核心补充书籍 / [MM3] 怪物图鉴3 / 怪物,核心补充书籍,[MM3] 怪物图鉴3
刺怪,1 核心补充书籍\MM3怪物图鉴3\怪物\Splinterwaif 刺怪.htm,4,核心补充书籍 / [MM3] 怪物图鉴3 / 怪物,核心补充书籍,[MM3] 怪物图鉴3
翼蛇龙,1 核心补充书籍\MM3怪物图鉴3\怪物\Ssvaklor 翼蛇龙.htm,4,核心补充书籍 / [MM3] 怪物图鉴3 / 怪物,核心补充书籍,[MM3] 怪物图鉴3
石歌者,1 核心补充书籍\MM3怪物图鉴3\怪物\StoneSinger 石歌者.htm,4,核心补充书籍 / [MM3] 怪物图鉴3 / 怪物,核心补充书籍,[MM3] 怪物图鉴3
风暴元素,1 核心补充书籍\MM3怪物图鉴3\怪物\Storm Elemental 风暴元素.htm,4,核心补充书籍 / [MM3] 怪物图鉴3 / 怪物,核心补充书籍,[MM3] 怪物图鉴3
泥形召唤怪,1 核心补充书籍\MM3怪物图鉴3\怪物\Summoning Ooze 泥形召唤怪.htm,4,核心补充书籍 / [MM3] 怪物图鉴3 / 怪物,核心补充书籍,[MM3] 怪物图鉴3
碎音咏者,1 核心补充书籍\MM3怪物图鉴3\怪物\Susurrus 碎音咏者.htm,4,核心补充书籍 / [MM3] 怪物图鉴3 / 怪物,核心补充书籍,[MM3] 怪物图鉴3
水沼蛛集群,1 核心补充书籍\MM3怪物图鉴3\怪物\Swamp Strider Swarm 水沼蛛集群.htm,4,核心补充书籍 / [MM3] 怪物图鉴3 / 怪物,核心补充书籍,[MM3] 怪物图鉴3
刺精,1 核心补充书籍\MM3怪物图鉴3\怪物\Thorn 刺精.htm,4,核心补充书籍 / [MM3] 怪物图鉴3 / 怪物,核心补充书籍,[MM3] 怪物图鉴3
植园守卫,1 核心补充书籍\MM3怪物图鉴3\怪物\Topiary Guardian 植园守卫.htm,4,核心补充书籍 / [MM3] 怪物图鉴3 / 怪物,核心补充书籍,[MM3] 怪物图鉴3
三叶游灵,1 核心补充书籍\MM3怪物图鉴3\怪物\Trilloch 三叶游灵.htm,4,核心补充书籍 / [MM3] 怪物图鉴3 / 怪物,核心补充书籍,[MM3] 怪物图鉴3
洞穴巨魔,1 核心补充书籍\MM3怪物图鉴3\怪物\Troll，Cave 洞穴巨魔.htm,4,核心补充书籍 / [MM3] 怪物图鉴3 / 怪物,核心补充书籍,[MM3] 怪物图鉴3
森林巨魔,"1 核心补充书籍\MM3怪物图鉴3\怪物\Troll,Forest 森林巨魔.htm",4,核心补充书籍 / [MM3] 怪物图鉴3 / 怪物,核心补充书籍,[MM3] 怪物图鉴3
战争巨魔,1 核心补充书籍\MM3怪物图鉴3\怪物\Troll，War 战争巨魔.htm,4,核心补充书籍 / [MM3] 怪物图鉴3 / 怪物,核心补充书籍,[MM3] 怪物图鉴3
黑洞怪,1 核心补充书籍\MM3怪物图鉴3\怪物\Vasuthunt 黑洞怪.htm,4,核心补充书籍 / [MM3] 怪物图鉴3 / 怪物,核心补充书籍,[MM3] 怪物图鉴3
昆虫领主,1 核心补充书籍\MM3怪物图鉴3\怪物\Vermin Lord 昆虫领主.htm,4,核心补充书籍 / [MM3] 怪物图鉴3 / 怪物,核心补充书籍,[MM3] 怪物图鉴3
维斯光体,1 核心补充书籍\MM3怪物图鉴3\怪物\Visilight 维斯光体.htm,4,核心补充书籍 / [MM3] 怪物图鉴3 / 怪物,核心补充书籍,[MM3] 怪物图鉴3
蛛网魔像,1 核心补充书籍\MM3怪物图鉴3\怪物\Web Golem 蛛网魔像.htm,4,核心补充书籍 / [MM3] 怪物图鉴3 / 怪物,核心补充书籍,[MM3] 怪物图鉴3
菘蓝树人,1 核心补充书籍\MM3怪物图鉴3\怪物\Wood Woad 菘蓝树人.htm,4,核心补充书籍 / [MM3] 怪物图鉴3 / 怪物,核心补充书籍,[MM3] 怪物图鉴3
尤格罗斯魔,1 核心补充书籍\MM3怪物图鉴3\怪物\Yugoloth 尤格罗斯魔.htm,4,核心补充书籍 / [MM3] 怪物图鉴3 / 怪物,核心补充书籍,[MM3] 怪物图鉴3
玩家可选怪物,,3,核心补充书籍 / [MM3] 怪物图鉴3,核心补充书籍,[MM3] 怪物图鉴3
巫刃,1 核心补充书籍\MM3怪物图鉴3\玩家可选\Witchknife 巫刃.htm,4,核心补充书籍 / [MM3] 怪物图鉴3 / 玩家可选怪物,核心补充书籍,[MM3] 怪物图鉴3
天狗,1 核心补充书籍\MM3怪物图鉴3\玩家可选\Kenku 天狗.htm,4,核心补充书籍 / [MM3] 怪物图鉴3 / 玩家可选怪物,核心补充书籍,[MM3] 怪物图鉴3
光民,1 核心补充书籍\MM3怪物图鉴3\玩家可选\Lumi 光民.htm,4,核心补充书籍 / [MM3] 怪物图鉴3 / 玩家可选怪物,核心补充书籍,[MM3] 怪物图鉴3
机关人,1 核心补充书籍\MM3怪物图鉴3\玩家可选\Warforged 机关人.htm,4,核心补充书籍 / [MM3] 怪物图鉴3 / 玩家可选怪物,核心补充书籍,[MM3] 怪物图鉴3
沙巨人,"1 核心补充书籍\MM3怪物图鉴3\玩家可选\Giant,sand 沙巨人.htm",4,核心补充书籍 / [MM3] 怪物图鉴3 / 玩家可选怪物,核心补充书籍,[MM3] 怪物图鉴3
龙兽人,1 核心补充书籍\MM3怪物图鉴3\玩家可选\Dracotaur 龙兽人.htm,4,核心补充书籍 / [MM3] 怪物图鉴3 / 玩家可选怪物,核心补充书籍,[MM3] 怪物图鉴3
山羊人,1 核心补充书籍\MM3怪物图鉴3\玩家可选\Gotafolk(IBIXIAN) 山羊人（伊比西安）.htm,4,核心补充书籍 / [MM3] 怪物图鉴3 / 玩家可选怪物,核心补充书籍,[MM3] 怪物图鉴3
豺狼人,"1 核心补充书籍\MM3怪物图鉴3\玩家可选\Gnoll,Flind 弗林得，豺狼人.htm",4,核心补充书籍 / [MM3] 怪物图鉴3 / 玩家可选怪物,核心补充书籍,[MM3] 怪物图鉴3
夸拉芬,1 核心补充书籍\MM3怪物图鉴3\玩家可选\Quaraphon 夸拉芬.htm,4,核心补充书籍 / [MM3] 怪物图鉴3 / 玩家可选怪物,核心补充书籍,[MM3] 怪物图鉴3
尖刺猎人,1 核心补充书籍\MM3怪物图鉴3\玩家可选\Harssafs 尖刺猎人.htm,4,核心补充书籍 / [MM3] 怪物图鉴3 / 玩家可选怪物,核心补充书籍,[MM3] 怪物图鉴3
半兽化人,1 核心补充书籍\MM3怪物图鉴3\玩家可选\Shifter 半兽化人.htm,4,核心补充书籍 / [MM3] 怪物图鉴3 / 玩家可选怪物,核心补充书籍,[MM3] 怪物图鉴3
阿曼德人,1 核心补充书籍\MM3怪物图鉴3\玩家可选\Armand 阿曼德人.htm,4,核心补充书籍 / [MM3] 怪物图鉴3 / 玩家可选怪物,核心补充书籍,[MM3] 怪物图鉴3
水晶巨魔,"1 核心补充书籍\MM3怪物图鉴3\玩家可选\Troll,Crystalline 水晶巨魔.htm",4,核心补充书籍 / [MM3] 怪物图鉴3 / 玩家可选怪物,核心补充书籍,[MM3] 怪物图鉴3
毒暮蜥人,"1 核心补充书籍\MM3怪物图鉴3\玩家可选\Lizardfolk,Poison Dusk 毒暮蜥人族.htm",4,核心补充书籍 / [MM3] 怪物图鉴3 / 玩家可选怪物,核心补充书籍,[MM3] 怪物图鉴3
林仆地精,1 核心补充书籍\MM3怪物图鉴3\玩家可选\Forestkith Goblin 林仆地精.htm,4,核心补充书籍 / [MM3] 怪物图鉴3 / 玩家可选怪物,核心补充书籍,[MM3] 怪物图鉴3
半变形怪,1 核心补充书籍\MM3怪物图鉴3\玩家可选\Changeling 半变形怪.htm,4,核心补充书籍 / [MM3] 怪物图鉴3 / 玩家可选怪物,核心补充书籍,[MM3] 怪物图鉴3
尼克特蝠人,1 核心补充书籍\MM3怪物图鉴3\玩家可选\Nycter 尼克特蝠人.htm,4,核心补充书籍 / [MM3] 怪物图鉴3 / 玩家可选怪物,核心补充书籍,[MM3] 怪物图鉴3
碎颅食人魔,"1 核心补充书籍\MM3怪物图鉴3\玩家可选\Ogre,Skullcrusher 碎颅食人魔.htm",4,核心补充书籍 / [MM3] 怪物图鉴3 / 玩家可选怪物,核心补充书籍,[MM3] 怪物图鉴3
纳达鲁恩邪兽鬼,"1 核心补充书籍\MM3怪物图鉴3\玩家可选\Rakshasa,Naztharune 纳达鲁恩邪兽鬼.htm",4,核心补充书籍 / [MM3] 怪物图鉴3 / 玩家可选怪物,核心补充书籍,[MM3] 怪物图鉴3
动物伙伴与乘骑,,3,核心补充书籍 / [MM3] 怪物图鉴3,核心补充书籍,[MM3] 怪物图鉴3
恐龙,1 核心补充书籍\MM3怪物图鉴3\动物伙伴与乘骑\Dinosaur 恐龙.htm,4,核心补充书籍 / [MM3] 怪物图鉴3 / 动物伙伴与乘骑,核心补充书籍,[MM3] 怪物图鉴3
海虎,1 核心补充书籍\MM3怪物图鉴3\动物伙伴与乘骑\Sea Tiger 海虎.htm,4,核心补充书籍 / [MM3] 怪物图鉴3 / 动物伙伴与乘骑,核心补充书籍,[MM3] 怪物图鉴3
乳齿巨象,1 核心补充书籍\MM3怪物图鉴3\动物伙伴与乘骑\Mastodon 乳齿巨象.htm,4,核心补充书籍 / [MM3] 怪物图鉴3 / 动物伙伴与乘骑,核心补充书籍,[MM3] 怪物图鉴3
狂暴龙兽,1 核心补充书籍\MM3怪物图鉴3\动物伙伴与乘骑\Rage Drake 狂暴龍獸.htm,4,核心补充书籍 / [MM3] 怪物图鉴3 / 动物伙伴与乘骑,核心补充书籍,[MM3] 怪物图鉴3
翻译名表,1 核心补充书籍\MM3怪物图鉴3\怪物\mm3列表.htm,3,核心补充书籍 / [MM3] 怪物图鉴3,核心补充书籍,[MM3] 怪物图鉴3
[MM4] 怪物图鉴4,1 核心补充书籍\MM4怪物图鉴4\封面.htm,2,核心补充书籍,核心补充书籍,[MM4] 怪物图鉴4
怪物专长,1 核心补充书籍\MM4怪物图鉴4\怪物专长.htm,3,核心补充书籍 / [MM4] 怪物图鉴4,核心补充书籍,[MM4] 怪物图鉴4
怪物,1 核心补充书籍\MM4怪物图鉴4\怪物\怪物.htm,3,核心补充书籍 / [MM4] 怪物图鉴4,核心补充书籍,[MM4] 怪物图鉴4
云帆蛇,1 核心补充书籍\MM4怪物图鉴4\怪物\云帆蛇.htm,4,核心补充书籍 / [MM4] 怪物图鉴4 / 怪物,核心补充书籍,[MM4] 怪物图鉴4
利牙魔像,1 核心补充书籍\MM4怪物图鉴4\怪物\利牙魔像.htm,4,核心补充书籍 / [MM4] 怪物图鉴4 / 怪物,核心补充书籍,[MM4] 怪物图鉴4
发条修理匠,1 核心补充书籍\MM4怪物图鉴4\怪物\发条修理匠.htm,4,核心补充书籍 / [MM4] 怪物图鉴4 / 怪物,核心补充书籍,[MM4] 怪物图鉴4
发条战马,1 核心补充书籍\MM4怪物图鉴4\怪物\发条战马.htm,4,核心补充书籍 / [MM4] 怪物图鉴4 / 怪物,核心补充书籍,[MM4] 怪物图鉴4
地狱蛛,1 核心补充书籍\MM4怪物图鉴4\怪物\地狱蛛.htm,4,核心补充书籍 / [MM4] 怪物图鉴4 / 怪物,核心补充书籍,[MM4] 怪物图鉴4
均衡杀手,1 核心补充书籍\MM4怪物图鉴4\怪物\均衡杀手.htm,4,核心补充书籍 / [MM4] 怪物图鉴4 / 怪物,核心补充书籍,[MM4] 怪物图鉴4
墓穴蛛,1 核心补充书籍\MM4怪物图鉴4\怪物\墓穴蛛.htm,4,核心补充书籍 / [MM4] 怪物图鉴4 / 怪物,核心补充书籍,[MM4] 怪物图鉴4
夸葛兰巨人,1 核心补充书籍\MM4怪物图鉴4\怪物\夸葛兰巨人.htm,4,核心补充书籍 / [MM4] 怪物图鉴4 / 怪物,核心补充书籍,[MM4] 怪物图鉴4
尖啸魔蜂,1 核心补充书籍\MM4怪物图鉴4\怪物\尖啸魔蜂.htm,4,核心补充书籍 / [MM4] 怪物图鉴4 / 怪物,核心补充书籍,[MM4] 怪物图鉴4
屠法者集群(原驱法虫群),1 核心补充书籍\MM4怪物图鉴4\怪物\屠法者集群.htm,4,核心补充书籍 / [MM4] 怪物图鉴4 / 怪物,核心补充书籍,[MM4] 怪物图鉴4
巨角牛头人,1 核心补充书籍\MM4怪物图鉴4\怪物\巨角牛头人.htm,4,核心补充书籍 / [MM4] 怪物图鉴4 / 怪物,核心补充书籍,[MM4] 怪物图鉴4
愤怒荆棘,1 核心补充书籍\MM4怪物图鉴4\怪物\愤怒荆棘.htm,4,核心补充书籍 / [MM4] 怪物图鉴4 / 怪物,核心补充书籍,[MM4] 怪物图鉴4
时械蟑螂,1 核心补充书籍\MM4怪物图鉴4\怪物\时械蟑螂.htm,4,核心补充书籍 / [MM4] 怪物图鉴4 / 怪物,核心补充书籍,[MM4] 怪物图鉴4
正义神使,1 核心补充书籍\MM4怪物图鉴4\怪物\正义神使.htm,4,核心补充书籍 / [MM4] 怪物图鉴4 / 怪物,核心补充书籍,[MM4] 怪物图鉴4
炎血泥怪,1 核心补充书籍\MM4怪物图鉴4\怪物\炎血泥怪.htm,4,核心补充书籍 / [MM4] 怪物图鉴4 / 怪物,核心补充书籍,[MM4] 怪物图鉴4
狩魔伪怪(原潜猎兽),1 核心补充书籍\MM4怪物图鉴4\怪物\潜猎兽.htm,4,核心补充书籍 / [MM4] 怪物图鉴4 / 怪物,核心补充书籍,[MM4] 怪物图鉴4
狼地精,1 核心补充书籍\MM4怪物图鉴4\怪物\狼地精.htm,4,核心补充书籍 / [MM4] 怪物图鉴4 / 怪物,核心补充书籍,[MM4] 怪物图鉴4
矮人始祖,1 核心补充书籍\MM4怪物图鉴4\怪物\矮人始祖.htm,4,核心补充书籍 / [MM4] 怪物图鉴4 / 怪物,核心补充书籍,[MM4] 怪物图鉴4
破败衍体,1 核心补充书籍\MM4怪物图鉴4\怪物\破败衍体.htm,4,核心补充书籍 / [MM4] 怪物图鉴4 / 怪物,核心补充书籍,[MM4] 怪物图鉴4
窃颜者,1 核心补充书籍\MM4怪物图鉴4\怪物\窃颜者.htm,4,核心补充书籍 / [MM4] 怪物图鉴4 / 怪物,核心补充书籍,[MM4] 怪物图鉴4
翠绿王子(原林翠之子),1 核心补充书籍\MM4怪物图鉴4\怪物\[MM4] 林翠之子.htm,4,核心补充书籍 / [MM4] 怪物图鉴4 / 怪物,核心补充书籍,[MM4] 怪物图鉴4
腐烂泥怪,1 核心补充书籍\MM4怪物图鉴4\怪物\腐烂泥怪.htm,4,核心补充书籍 / [MM4] 怪物图鉴4 / 怪物,核心补充书籍,[MM4] 怪物图鉴4
血丝蜘蛛,1 核心补充书籍\MM4怪物图鉴4\怪物\血丝蜘蛛.htm,4,核心补充书籍 / [MM4] 怪物图鉴4 / 怪物,核心补充书籍,[MM4] 怪物图鉴4
血躯壮汉,1 核心补充书籍\MM4怪物图鉴4\怪物\血躯壮汉.htm,4,核心补充书籍 / [MM4] 怪物图鉴4 / 怪物,核心补充书籍,[MM4] 怪物图鉴4
吉斯洋基人,1 核心补充书籍\MM4怪物图鉴4\怪物\吉斯洋基人\吉斯洋基人.htm,4,核心补充书籍 / [MM4] 怪物图鉴4 / 怪物,核心补充书籍,[MM4] 怪物图鉴4
吉什,1 核心补充书籍\MM4怪物图鉴4\怪物\吉斯洋基人\吉什.htm,5,核心补充书籍 / [MM4] 怪物图鉴4 / 怪物 / 吉斯洋基人,核心补充书籍,[MM4] 怪物图鉴4
吉斯洋基士兵,1 核心补充书籍\MM4怪物图鉴4\怪物\吉斯洋基人\吉斯洋基士兵.htm,5,核心补充书籍 / [MM4] 怪物图鉴4 / 怪物 / 吉斯洋基人,核心补充书籍,[MM4] 怪物图鉴4
吉斯洋基队长,1 核心补充书籍\MM4怪物图鉴4\怪物\吉斯洋基人\吉斯洋基队长.htm,5,核心补充书籍 / [MM4] 怪物图鉴4 / 怪物 / 吉斯洋基人,核心补充书籍,[MM4] 怪物图鉴4
恶魔,1 核心补充书籍\MM4怪物图鉴4\怪物\恶魔\恶魔.htm,4,核心补充书籍 / [MM4] 怪物图鉴4 / 怪物,核心补充书籍,[MM4] 怪物图鉴4
卡斯特库尔魔,1 核心补充书籍\MM4怪物图鉴4\怪物\恶魔\卡斯特库尔魔.htm,5,核心补充书籍 / [MM4] 怪物图鉴4 / 怪物 / 恶魔,核心补充书籍,[MM4] 怪物图鉴4
密语恶魔,1 核心补充书籍\MM4怪物图鉴4\怪物\恶魔\密语恶魔.htm,5,核心补充书籍 / [MM4] 怪物图鉴4 / 怪物 / 恶魔,核心补充书籍,[MM4] 怪物图鉴4
扭躯魔,1 核心补充书籍\MM4怪物图鉴4\怪物\恶魔\扭躯魔.htm,5,核心补充书籍 / [MM4] 怪物图鉴4 / 怪物 / 恶魔,核心补充书籍,[MM4] 怪物图鉴4
死亡饮者,1 核心补充书籍\MM4怪物图鉴4\怪物\恶魔\死亡饮者.htm,5,核心补充书籍 / [MM4] 怪物图鉴4 / 怪物 / 恶魔,核心补充书籍,[MM4] 怪物图鉴4
提亚玛特的邪龙末裔,1 核心补充书籍\MM4怪物图鉴4\怪物\提亚玛特的邪龙末裔\提亚玛特的邪龙末裔.htm,4,核心补充书籍 / [MM4] 怪物图鉴4 / 怪物,核心补充书籍,[MM4] 怪物图鉴4
白龙末裔寒冰游弋者,1 核心补充书籍\MM4怪物图鉴4\怪物\提亚玛特的邪龙末裔\白龙末裔寒冰游弋者.htm,5,核心补充书籍 / [MM4] 怪物图鉴4 / 怪物 / 提亚玛特的邪龙末裔,核心补充书籍,[MM4] 怪物图鉴4
白龙末裔流浪者,1 核心补充书籍\MM4怪物图鉴4\怪物\提亚玛特的邪龙末裔\白龙末裔流浪者.htm,5,核心补充书籍 / [MM4] 怪物图鉴4 / 怪物 / 提亚玛特的邪龙末裔,核心补充书籍,[MM4] 怪物图鉴4
白龙末裔狩猎者,1 核心补充书籍\MM4怪物图鉴4\怪物\提亚玛特的邪龙末裔\白龙末裔狩猎者.htm,5,核心补充书籍 / [MM4] 怪物图鉴4 / 怪物 / 提亚玛特的邪龙末裔,核心补充书籍,[MM4] 怪物图鉴4
红龙末裔秘法者,1 核心补充书籍\MM4怪物图鉴4\怪物\提亚玛特的邪龙末裔\红龙末裔秘法者.htm,5,核心补充书籍 / [MM4] 怪物图鉴4 / 怪物 / 提亚玛特的邪龙末裔,核心补充书籍,[MM4] 怪物图鉴4
红龙末裔织火者,1 核心补充书籍\MM4怪物图鉴4\怪物\提亚玛特的邪龙末裔\红龙末裔织火者.htm,5,核心补充书籍 / [MM4] 怪物图鉴4 / 怪物 / 提亚玛特的邪龙末裔,核心补充书籍,[MM4] 怪物图鉴4
绿龙末裔剃刀恶魔,1 核心补充书籍\MM4怪物图鉴4\怪物\提亚玛特的邪龙末裔\绿龙末裔剃刀恶魔.htm,5,核心补充书籍 / [MM4] 怪物图鉴4 / 怪物 / 提亚玛特的邪龙末裔,核心补充书籍,[MM4] 怪物图鉴4
绿龙末裔潜行者,1 核心补充书籍\MM4怪物图鉴4\怪物\提亚玛特的邪龙末裔\绿龙末裔潜行者.htm,5,核心补充书籍 / [MM4] 怪物图鉴4 / 怪物 / 提亚玛特的邪龙末裔,核心补充书籍,[MM4] 怪物图鉴4
绿龙末裔跳跃者,1 核心补充书籍\MM4怪物图鉴4\怪物\提亚玛特的邪龙末裔\绿龙末裔跳跃者.htm,5,核心补充书籍 / [MM4] 怪物图鉴4 / 怪物 / 提亚玛特的邪龙末裔,核心补充书籍,[MM4] 怪物图鉴4
蓝龙末裔伏击者,1 核心补充书籍\MM4怪物图鉴4\怪物\提亚玛特的邪龙末裔\蓝龙末裔伏击者.htm,5,核心补充书籍 / [MM4] 怪物图鉴4 / 怪物 / 提亚玛特的邪龙末裔,核心补充书籍,[MM4] 怪物图鉴4
蓝龙末裔弑神者,1 核心补充书籍\MM4怪物图鉴4\怪物\提亚玛特的邪龙末裔\蓝龙末裔弑神者.htm,5,核心补充书籍 / [MM4] 怪物图鉴4 / 怪物 / 提亚玛特的邪龙末裔,核心补充书籍,[MM4] 怪物图鉴4
蓝龙末裔风暴蜥蜴,1 核心补充书籍\MM4怪物图鉴4\怪物\提亚玛特的邪龙末裔\蓝龙末裔风暴蜥蜴.htm,5,核心补充书籍 / [MM4] 怪物图鉴4 / 怪物 / 提亚玛特的邪龙末裔,核心补充书籍,[MM4] 怪物图鉴4
黑龙末裔袭击者,1 核心补充书籍\MM4怪物图鉴4\怪物\提亚玛特的邪龙末裔\黑龙末裔袭击者.htm,5,核心补充书籍 / [MM4] 怪物图鉴4 / 怪物 / 提亚玛特的邪龙末裔,核心补充书籍,[MM4] 怪物图鉴4
黑龙末裔追猎者,1 核心补充书籍\MM4怪物图鉴4\怪物\提亚玛特的邪龙末裔\黑龙末裔追猎者.htm,5,核心补充书籍 / [MM4] 怪物图鉴4 / 怪物 / 提亚玛特的邪龙末裔,核心补充书籍,[MM4] 怪物图鉴4
精灵，卓尔,"1 核心补充书籍\MM4怪物图鉴4\怪物\精灵,卓尔\精灵,卓尔.htm",4,核心补充书籍 / [MM4] 怪物图鉴4 / 怪物,核心补充书籍,[MM4] 怪物图鉴4
奥术守卫,"1 核心补充书籍\MM4怪物图鉴4\怪物\精灵,卓尔\奥术守卫.htm",5,核心补充书籍 / [MM4] 怪物图鉴4 / 怪物 / 精灵，卓尔,核心补充书籍,[MM4] 怪物图鉴4
新建项目,"1 核心补充书籍\MM4怪物图鉴4\怪物\精灵,卓尔\新建项目.htm",5,核心补充书籍 / [MM4] 怪物图鉴4 / 怪物 / 精灵，卓尔,核心补充书籍,[MM4] 怪物图鉴4
罗丝宠儿,"1 核心补充书籍\MM4怪物图鉴4\怪物\精灵,卓尔\罗丝宠儿.htm",5,核心补充书籍 / [MM4] 怪物图鉴4 / 怪物 / 精灵，卓尔,核心补充书籍,[MM4] 怪物图鉴4
罗斯的毒刺,"1 核心补充书籍\MM4怪物图鉴4\怪物\精灵,卓尔\罗斯的毒刺.htm",5,核心补充书籍 / [MM4] 怪物图鉴4 / 怪物 / 精灵，卓尔,核心补充书籍,[MM4] 怪物图鉴4
黑暗狙击手,"1 核心补充书籍\MM4怪物图鉴4\怪物\精灵,卓尔\黑暗狙击手.htm",5,核心补充书籍 / [MM4] 怪物图鉴4 / 怪物 / 精灵，卓尔,核心补充书籍,[MM4] 怪物图鉴4
豺狼人,1 核心补充书籍\MM4怪物图鉴4\怪物\豺狼人\豺狼人.htm,4,核心补充书籍 / [MM4] 怪物图鉴4 / 怪物,核心补充书籍,[MM4] 怪物图鉴4
半炼狱豺狼人邪术师,1 核心补充书籍\MM4怪物图鉴4\怪物\豺狼人\半炼狱豺狼人邪术师.htm,5,核心补充书籍 / [MM4] 怪物图鉴4 / 怪物 / 豺狼人,核心补充书籍,[MM4] 怪物图鉴4
捕奴者,1 核心补充书籍\MM4怪物图鉴4\怪物\豺狼人\捕奴者.htm,5,核心补充书籍 / [MM4] 怪物图鉴4 / 怪物 / 豺狼人,核心补充书籍,[MM4] 怪物图鉴4
耶诺古的炼狱牧师,1 核心补充书籍\MM4怪物图鉴4\怪物\豺狼人\耶诺古的炼狱牧师.htm,5,核心补充书籍 / [MM4] 怪物图鉴4 / 怪物 / 豺狼人,核心补充书籍,[MM4] 怪物图鉴4
邪恶元素化身,1 核心补充书籍\MM4怪物图鉴4\怪物\邪恶元素化身\邪恶元素化身.htm,4,核心补充书籍 / [MM4] 怪物图鉴4 / 怪物,核心补充书籍,[MM4] 怪物图鉴4
水纱刺客(水之化身),1 核心补充书籍\MM4怪物图鉴4\怪物\邪恶元素化身\水纱刺客（水之化身）.htm,5,核心补充书籍 / [MM4] 怪物图鉴4 / 怪物 / 邪恶元素化身,核心补充书籍,[MM4] 怪物图鉴4
燔祭狂信者(火之化身),1 核心补充书籍\MM4怪物图鉴4\怪物\邪恶元素化身\燔祭狂信者（火之化身）.htm,5,核心补充书籍 / [MM4] 怪物图鉴4 / 怪物 / 邪恶元素化身,核心补充书籍,[MM4] 怪物图鉴4
飓风破坏者(气之化身),1 核心补充书籍\MM4怪物图鉴4\怪物\邪恶元素化身\飓风破坏者（气之化身）.htm,5,核心补充书籍 / [MM4] 怪物图鉴4 / 怪物 / 邪恶元素化身,核心补充书籍,[MM4] 怪物图鉴4
黑岩棱柱(地之化身),1 核心补充书籍\MM4怪物图鉴4\怪物\邪恶元素化身\黑岩棱柱（地之化身）.htm,5,核心补充书籍 / [MM4] 怪物图鉴4 / 怪物 / 邪恶元素化身,核心补充书籍,[MM4] 怪物图鉴4
恶魔蜂巢,1 核心补充书籍\MM4怪物图鉴4\怪物\恶魔蜂巢\恶魔蜂巢.htm,4,核心补充书籍 / [MM4] 怪物图鉴4 / 怪物,核心补充书籍,[MM4] 怪物图鉴4
恶魔虫群,1 核心补充书籍\MM4怪物图鉴4\怪物\恶魔蜂巢\恶魔虫群.htm,5,核心补充书籍 / [MM4] 怪物图鉴4 / 怪物 / 恶魔蜂巢,核心补充书籍,[MM4] 怪物图鉴4
恶魔蜂巢侍从,1 核心补充书籍\MM4怪物图鉴4\怪物\恶魔蜂巢\恶魔蜂巢侍从.htm,5,核心补充书籍 / [MM4] 怪物图鉴4 / 怪物 / 恶魔蜂巢,核心补充书籍,[MM4] 怪物图鉴4
恶魔蜂巢女王,1 核心补充书籍\MM4怪物图鉴4\怪物\恶魔蜂巢\恶魔蜂巢女王.htm,5,核心补充书籍 / [MM4] 怪物图鉴4 / 怪物 / 恶魔蜂巢,核心补充书籍,[MM4] 怪物图鉴4
暗爪蜥蜴人,1 核心补充书籍\MM4怪物图鉴4\怪物\暗爪蜥蜴人\蜥蜴人.htm,4,核心补充书籍 / [MM4] 怪物图鉴4 / 怪物,核心补充书籍,[MM4] 怪物图鉴4
亚沙格(暗爪之王),1 核心补充书籍\MM4怪物图鉴4\怪物\暗爪蜥蜴人\亚沙格.htm,5,核心补充书籍 / [MM4] 怪物图鉴4 / 怪物 / 暗爪蜥蜴人,核心补充书籍,[MM4] 怪物图鉴4
暗爪士兵与冠军,1 核心补充书籍\MM4怪物图鉴4\怪物\暗爪蜥蜴人\暗爪士兵与冠军.htm,5,核心补充书籍 / [MM4] 怪物图鉴4 / 怪物 / 暗爪蜥蜴人,核心补充书籍,[MM4] 怪物图鉴4
暗爪胡蜂骑士,1 核心补充书籍\MM4怪物图鉴4\怪物\暗爪蜥蜴人\暗爪胡蜂骑士.htm,5,核心补充书籍 / [MM4] 怪物图鉴4 / 怪物 / 暗爪蜥蜴人,核心补充书籍,[MM4] 怪物图鉴4
暗爪萨满,1 核心补充书籍\MM4怪物图鉴4\怪物\暗爪蜥蜴人\暗爪萨满.htm,5,核心补充书籍 / [MM4] 怪物图鉴4 / 怪物 / 暗爪蜥蜴人,核心补充书籍,[MM4] 怪物图鉴4
蛇人,1 核心补充书籍\MM4怪物图鉴4\怪物\蛇人\蛇人.htm,4,核心补充书籍 / [MM4] 怪物图鉴4 / 怪物,核心补充书籍,[MM4] 怪物图鉴4
妖蛇邪首,1 核心补充书籍\MM4怪物图鉴4\怪物\蛇人\妖蛇邪首.htm,5,核心补充书籍 / [MM4] 怪物图鉴4 / 怪物 / 蛇人,核心补充书籍,[MM4] 怪物图鉴4
混血欺诈者,1 核心补充书籍\MM4怪物图鉴4\怪物\蛇人\混血欺诈者.htm,5,核心补充书籍 / [MM4] 怪物图鉴4 / 怪物 / 蛇人,核心补充书籍,[MM4] 怪物图鉴4
火鳞蛇人,1 核心补充书籍\MM4怪物图鉴4\怪物\蛇人\火鳞蛇人.htm,5,核心补充书籍 / [MM4] 怪物图鉴4 / 怪物 / 蛇人,核心补充书籍,[MM4] 怪物图鉴4
纯血袭杀者,1 核心补充书籍\MM4怪物图鉴4\怪物\蛇人\纯血袭杀者.htm,5,核心补充书籍 / [MM4] 怪物图鉴4 / 怪物 / 蛇人,核心补充书籍,[MM4] 怪物图鉴4
风刃,1 核心补充书籍\MM4怪物图鉴4\怪物\风刃\风刃族.htm,4,核心补充书籍 / [MM4] 怪物图鉴4 / 怪物,核心补充书籍,[MM4] 怪物图鉴4
风刃兽,1 核心补充书籍\MM4怪物图鉴4\怪物\风刃\风刃兽.htm,5,核心补充书籍 / [MM4] 怪物图鉴4 / 怪物 / 风刃,核心补充书籍,[MM4] 怪物图鉴4
风镰,1 核心补充书籍\MM4怪物图鉴4\怪物\风刃\风镰.htm,5,核心补充书籍 / [MM4] 怪物图鉴4 / 怪物 / 风刃,核心补充书籍,[MM4] 怪物图鉴4
魔鬼(尤格罗斯魔),1 核心补充书籍\MM4怪物图鉴4\怪物\魔鬼（尤格罗斯魔）\尤格罗斯魔.htm,4,核心补充书籍 / [MM4] 怪物图鉴4 / 怪物,核心补充书籍,[MM4] 怪物图鉴4
命运腐化者,1 核心补充书籍\MM4怪物图鉴4\怪物\魔鬼（尤格罗斯魔）\命运腐化者.htm,5,核心补充书籍 / [MM4] 怪物图鉴4 / 怪物 / 魔鬼(尤格罗斯魔),核心补充书籍,[MM4] 怪物图鉴4
沃尔,1 核心补充书籍\MM4怪物图鉴4\怪物\魔鬼（尤格罗斯魔）\沃尔.htm,5,核心补充书籍 / [MM4] 怪物图鉴4 / 怪物 / 魔鬼(尤格罗斯魔),核心补充书籍,[MM4] 怪物图鉴4
其它新增怪物,1 核心补充书籍\MM4怪物图鉴4\怪物\其它新增怪物\其它新增怪物.htm,4,核心补充书籍 / [MM4] 怪物图鉴4 / 怪物,核心补充书籍,[MM4] 怪物图鉴4
噬心毒蜂,1 核心补充书籍\MM4怪物图鉴4\怪物\其它新增怪物\噬心毒蜂.htm,5,核心补充书籍 / [MM4] 怪物图鉴4 / 怪物 / 其它新增怪物,核心补充书籍,[MM4] 怪物图鉴4
娜迦萨,1 核心补充书籍\MM4怪物图鉴4\怪物\其它新增怪物\娜迦萨.htm,5,核心补充书籍 / [MM4] 怪物图鉴4 / 怪物 / 其它新增怪物,核心补充书籍,[MM4] 怪物图鉴4
影栗鼠,1 核心补充书籍\MM4怪物图鉴4\怪物\其它新增怪物\影栗鼠.htm,5,核心补充书籍 / [MM4] 怪物图鉴4 / 怪物 / 其它新增怪物,核心补充书籍,[MM4] 怪物图鉴4
愉悦妖,1 核心补充书籍\MM4怪物图鉴4\怪物\其它新增怪物\愉悦妖.htm,5,核心补充书籍 / [MM4] 怪物图鉴4 / 怪物 / 其它新增怪物,核心补充书籍,[MM4] 怪物图鉴4
月光掠杀者,1 核心补充书籍\MM4怪物图鉴4\怪物\其它新增怪物\月光掠杀者.htm,5,核心补充书籍 / [MM4] 怪物图鉴4 / 怪物 / 其它新增怪物,核心补充书籍,[MM4] 怪物图鉴4
橡木守卫,1 核心补充书籍\MM4怪物图鉴4\怪物\其它新增怪物\橡木守卫.htm,5,核心补充书籍 / [MM4] 怪物图鉴4 / 怪物 / 其它新增怪物,核心补充书籍,[MM4] 怪物图鉴4
狼地精猎群首领,1 核心补充书籍\MM4怪物图鉴4\怪物\其它新增怪物\狼地精猎群首领.htm,5,核心补充书籍 / [MM4] 怪物图鉴4 / 怪物 / 其它新增怪物,核心补充书籍,[MM4] 怪物图鉴4
疫病行尸,1 核心补充书籍\MM4怪物图鉴4\怪物\其它新增怪物\疫病行尸.htm,5,核心补充书籍 / [MM4] 怪物图鉴4 / 怪物 / 其它新增怪物,核心补充书籍,[MM4] 怪物图鉴4
磁石掠夺者,1 核心补充书籍\MM4怪物图鉴4\怪物\其它新增怪物\磁石掠夺者.htm,5,核心补充书籍 / [MM4] 怪物图鉴4 / 怪物 / 其它新增怪物,核心补充书籍,[MM4] 怪物图鉴4
窃眼者,1 核心补充书籍\MM4怪物图鉴4\怪物\其它新增怪物\窃眼者.htm,5,核心补充书籍 / [MM4] 怪物图鉴4 / 怪物 / 其它新增怪物,核心补充书籍,[MM4] 怪物图鉴4
老树精,1 核心补充书籍\MM4怪物图鉴4\怪物\其它新增怪物\老树精.htm,5,核心补充书籍 / [MM4] 怪物图鉴4 / 怪物 / 其它新增怪物,核心补充书籍,[MM4] 怪物图鉴4
腐尸缝合怪,1 核心补充书籍\MM4怪物图鉴4\怪物\其它新增怪物\腐尸缝合怪.htm,5,核心补充书籍 / [MM4] 怪物图鉴4 / 怪物 / 其它新增怪物,核心补充书籍,[MM4] 怪物图鉴4
蓝龙末裔掘地者,1 核心补充书籍\MM4怪物图鉴4\怪物\其它新增怪物\蓝龙末裔掘地者.htm,5,核心补充书籍 / [MM4] 怪物图鉴4 / 怪物 / 其它新增怪物,核心补充书籍,[MM4] 怪物图鉴4
泽恩相关,1 核心补充书籍\MM4怪物图鉴4\怪物\泽恩相关\泽恩相关.htm,4,核心补充书籍 / [MM4] 怪物图鉴4 / 怪物,核心补充书籍,[MM4] 怪物图鉴4
泽恩,1 核心补充书籍\MM4怪物图鉴4\怪物\泽恩.htm,5,核心补充书籍 / [MM4] 怪物图鉴4 / 怪物 / 泽恩相关,核心补充书籍,[MM4] 怪物图鉴4
泽恩刃奴,1 核心补充书籍\MM4怪物图鉴4\怪物\[MM4]为死而生-泽恩刃奴.htm,5,核心补充书籍 / [MM4] 怪物图鉴4 / 怪物 / 泽恩相关,核心补充书籍,[MM4] 怪物图鉴4
泽恩噬法者(原泽恩噬魔体),1 核心补充书籍\MM4怪物图鉴4\怪物\[MM4]施法者之咒-泽恩噬魔体.htm,5,核心补充书籍 / [MM4] 怪物图鉴4 / 怪物 / 泽恩相关,核心补充书籍,[MM4] 怪物图鉴4
[MM5] 怪物图鉴5,1 核心补充书籍\MM5怪物图鉴5\封面.htm,2,核心补充书籍,核心补充书籍,[MM5] 怪物图鉴5
模板,,3,核心补充书籍 / [MM5] 怪物图鉴5,核心补充书籍,[MM5] 怪物图鉴5
魅影,1 核心补充书籍\MM5怪物图鉴5\怪物\模板\魅影.htm,4,核心补充书籍 / [MM5] 怪物图鉴5 / 模板,核心补充书籍,[MM5] 怪物图鉴5
神血生物,1 核心补充书籍\MM5怪物图鉴5\怪物\模板\神血生物.htm,4,核心补充书籍 / [MM5] 怪物图鉴5 / 模板,核心补充书籍,[MM5] 怪物图鉴5
苏恩的奴隶,1 核心补充书籍\MM5怪物图鉴5\怪物\模板\苏恩的奴隶.htm,4,核心补充书籍 / [MM5] 怪物图鉴5 / 模板,核心补充书籍,[MM5] 怪物图鉴5
怪物,,3,核心补充书籍 / [MM5] 怪物图鉴5,核心补充书籍,[MM5] 怪物图鉴5
加布林,1 核心补充书籍\MM5怪物图鉴5\怪物\加布林.htm,4,核心补充书籍 / [MM5] 怪物图鉴5 / 怪物,核心补充书籍,[MM5] 怪物图鉴5
腐臭真菌,1 核心补充书籍\MM5怪物图鉴5\怪物\腐臭真菌.htm,4,核心补充书籍 / [MM5] 怪物图鉴5 / 怪物,核心补充书籍,[MM5] 怪物图鉴5
宝石甲虫,1 核心补充书籍\MM5怪物图鉴5\怪物\宝石甲虫.htm,4,核心补充书籍 / [MM5] 怪物图鉴5 / 怪物,核心补充书籍,[MM5] 怪物图鉴5
沙德灵,1 核心补充书籍\MM5怪物图鉴5\怪物\沙德灵.htm,4,核心补充书籍 / [MM5] 怪物图鉴5 / 怪物,核心补充书籍,[MM5] 怪物图鉴5
墓地泥怪,1 核心补充书籍\MM5怪物图鉴5\怪物\墓地泥怪.htm,4,核心补充书籍 / [MM5] 怪物图鉴5 / 怪物,核心补充书籍,[MM5] 怪物图鉴5
解剖者,1 核心补充书籍\MM5怪物图鉴5\怪物\解剖者.htm,4,核心补充书籍 / [MM5] 怪物图鉴5 / 怪物,核心补充书籍,[MM5] 怪物图鉴5
恶魔荆棘曼德拉,1 核心补充书籍\MM5怪物图鉴5\怪物\恶魔荆棘曼德拉.htm,4,核心补充书籍 / [MM5] 怪物图鉴5 / 怪物,核心补充书籍,[MM5] 怪物图鉴5
绿龙末裔狂热者,1 核心补充书籍\MM5怪物图鉴5\怪物\绿龙末裔狂热者.htm,4,核心补充书籍 / [MM5] 怪物图鉴5 / 怪物,核心补充书籍,[MM5] 怪物图鉴5
血污饮者,1 核心补充书籍\MM5怪物图鉴5\怪物\血污饮者.htm,4,核心补充书籍 / [MM5] 怪物图鉴5 / 怪物,核心补充书籍,[MM5] 怪物图鉴5
碎魂杀手,1 核心补充书籍\MM5怪物图鉴5\怪物\碎魂杀手.htm,4,核心补充书籍 / [MM5] 怪物图鉴5 / 怪物,核心补充书籍,[MM5] 怪物图鉴5
苍翠掠夺者,1 核心补充书籍\MM5怪物图鉴5\怪物\苍翠掠夺者.htm,4,核心补充书籍 / [MM5] 怪物图鉴5 / 怪物,核心补充书籍,[MM5] 怪物图鉴5
阿卡狄亚复仇者,1 核心补充书籍\MM5怪物图鉴5\怪物\阿卡狄亚复仇者.htm,4,核心补充书籍 / [MM5] 怪物图鉴5 / 怪物,核心补充书籍,[MM5] 怪物图鉴5
藤蔓衍体,1 核心补充书籍\MM5怪物图鉴5\怪物\藤蔓衍体.htm,4,核心补充书籍 / [MM5] 怪物图鉴5 / 怪物,核心补充书籍,[MM5] 怪物图鉴5
大地精,1 核心补充书籍\MM5怪物图鉴5\怪物\大地精.htm,4,核心补充书籍 / [MM5] 怪物图鉴5 / 怪物,核心补充书籍,[MM5] 怪物图鉴5
寇涛鱼人,1 核心补充书籍\MM5怪物图鉴5\怪物\寇涛鱼人.htm,4,核心补充书籍 / [MM5] 怪物图鉴5 / 怪物,核心补充书籍,[MM5] 怪物图鉴5
报丧女妖,1 核心补充书籍\MM5怪物图鉴5\怪物\报丧女妖.htm,4,核心补充书籍 / [MM5] 怪物图鉴5 / 怪物,核心补充书籍,[MM5] 怪物图鉴5
黑翼,1 核心补充书籍\MM5怪物图鉴5\怪物\黑翼.htm,4,核心补充书籍 / [MM5] 怪物图鉴5 / 怪物,核心补充书籍,[MM5] 怪物图鉴5
掘穴根蔓,1 核心补充书籍\MM5怪物图鉴5\怪物\掘穴根蔓.htm,4,核心补充书籍 / [MM5] 怪物图鉴5 / 怪物,核心补充书籍,[MM5] 怪物图鉴5
死骸鹫,1 核心补充书籍\MM5怪物图鉴5\怪物\死骸鹫.htm,4,核心补充书籍 / [MM5] 怪物图鉴5 / 怪物,核心补充书籍,[MM5] 怪物图鉴5
恐牙猪,1 核心补充书籍\MM5怪物图鉴5\怪物\恐牙猪.htm,4,核心补充书籍 / [MM5] 怪物图鉴5 / 怪物,核心补充书籍,[MM5] 怪物图鉴5
刀刃狂暴巨魔,1 核心补充书籍\MM5怪物图鉴5\怪物\刀刃狂暴巨魔.htm,4,核心补充书籍 / [MM5] 怪物图鉴5 / 怪物,核心补充书籍,[MM5] 怪物图鉴5
废墟元素,1 核心补充书籍\MM5怪物图鉴5\怪物\废墟元素.htm,4,核心补充书籍 / [MM5] 怪物图鉴5 / 怪物,核心补充书籍,[MM5] 怪物图鉴5
索列姆之犬,1 核心补充书籍\MM5怪物图鉴5\怪物\索列姆之犬.htm,4,核心补充书籍 / [MM5] 怪物图鉴5 / 怪物,核心补充书籍,[MM5] 怪物图鉴5
余烬守卫,1 核心补充书籍\MM5怪物图鉴5\怪物\余烬守卫.htm,4,核心补充书籍 / [MM5] 怪物图鉴5 / 怪物,核心补充书籍,[MM5] 怪物图鉴5
古佛格座狼,1 核心补充书籍\MM5怪物图鉴5\怪物\古佛格座狼.htm,4,核心补充书籍 / [MM5] 怪物图鉴5 / 怪物,核心补充书籍,[MM5] 怪物图鉴5
废墟歌者,1 核心补充书籍\MM5怪物图鉴5\怪物\废墟歌者.htm,4,核心补充书籍 / [MM5] 怪物图鉴5 / 怪物,核心补充书籍,[MM5] 怪物图鉴5
铁翼,1 核心补充书籍\MM5怪物图鉴5\怪物\铁翼.htm,4,核心补充书籍 / [MM5] 怪物图鉴5 / 怪物,核心补充书籍,[MM5] 怪物图鉴5
伊萝琳,1 核心补充书籍\MM5怪物图鉴5\怪物\伊萝琳.htm,4,核心补充书籍 / [MM5] 怪物图鉴5 / 怪物,核心补充书籍,[MM5] 怪物图鉴5
以太污染者,1 核心补充书籍\MM5怪物图鉴5\怪物\以太污染者.htm,4,核心补充书籍 / [MM5] 怪物图鉴5 / 怪物,核心补充书籍,[MM5] 怪物图鉴5
马拉斯托兽,1 核心补充书籍\MM5怪物图鉴5\怪物\马拉斯托兽.htm,4,核心补充书籍 / [MM5] 怪物图鉴5 / 怪物,核心补充书籍,[MM5] 怪物图鉴5
霜风魔女,1 核心补充书籍\MM5怪物图鉴5\怪物\霜风魔女.htm,4,核心补充书籍 / [MM5] 怪物图鉴5 / 怪物,核心补充书籍,[MM5] 怪物图鉴5
攻城甲虫,1 核心补充书籍\MM5怪物图鉴5\怪物\攻城甲虫.htm,4,核心补充书籍 / [MM5] 怪物图鉴5 / 怪物,核心补充书籍,[MM5] 怪物图鉴5
戴莫斯,1 核心补充书籍\MM5怪物图鉴5\怪物\戴莫斯.htm,4,核心补充书籍 / [MM5] 怪物图鉴5 / 怪物,核心补充书籍,[MM5] 怪物图鉴5
墨丘林水银巨像,1 核心补充书籍\MM5怪物图鉴5\怪物\墨丘林水银巨像.htm,4,核心补充书籍 / [MM5] 怪物图鉴5 / 怪物,核心补充书籍,[MM5] 怪物图鉴5
斯帕莱克斯怪,1 核心补充书籍\MM5怪物图鉴5\怪物\斯帕莱克斯怪.htm,4,核心补充书籍 / [MM5] 怪物图鉴5 / 怪物,核心补充书籍,[MM5] 怪物图鉴5
加恩格拉斯巨兽,1 核心补充书籍\MM5怪物图鉴5\怪物\加恩格拉斯巨兽.htm,4,核心补充书籍 / [MM5] 怪物图鉴5 / 怪物,核心补充书籍,[MM5] 怪物图鉴5
狂猎,1 核心补充书籍\MM5怪物图鉴5\怪物\狂猎.htm,4,核心补充书籍 / [MM5] 怪物图鉴5 / 怪物,核心补充书籍,[MM5] 怪物图鉴5
恶魔,1 核心补充书籍\MM5怪物图鉴5\怪物\恶魔\恶魔.htm,4,核心补充书籍 / [MM5] 怪物图鉴5 / 怪物,核心补充书籍,[MM5] 怪物图鉴5
暴食魔,1 核心补充书籍\MM5怪物图鉴5\怪物\恶魔\暴食魔.htm,5,核心补充书籍 / [MM5] 怪物图鉴5 / 怪物 / 恶魔,核心补充书籍,[MM5] 怪物图鉴5
千足魔,1 核心补充书籍\MM5怪物图鉴5\怪物\恶魔\千足魔.htm,5,核心补充书籍 / [MM5] 怪物图鉴5 / 怪物 / 恶魔,核心补充书籍,[MM5] 怪物图鉴5
肉钩魔,1 核心补充书籍\MM5怪物图鉴5\怪物\恶魔\肉钩魔.htm,5,核心补充书籍 / [MM5] 怪物图鉴5 / 怪物 / 恶魔,核心补充书籍,[MM5] 怪物图鉴5
屠杀魔,1 核心补充书籍\MM5怪物图鉴5\怪物\恶魔\屠杀魔.htm,5,核心补充书籍 / [MM5] 怪物图鉴5 / 怪物 / 恶魔,核心补充书籍,[MM5] 怪物图鉴5
游荡魔,1 核心补充书籍\MM5怪物图鉴5\怪物\恶魔\游荡魔.htm,5,核心补充书籍 / [MM5] 怪物图鉴5 / 怪物 / 恶魔,核心补充书籍,[MM5] 怪物图鉴5
魔鬼,1 核心补充书籍\MM5怪物图鉴5\怪物\魔鬼\魔鬼.htm,4,核心补充书籍 / [MM5] 怪物图鉴5 / 怪物,核心补充书籍,[MM5] 怪物图鉴5
缝合魔,1 核心补充书籍\MM5怪物图鉴5\怪物\魔鬼\缝合魔.htm,5,核心补充书籍 / [MM5] 怪物图鉴5 / 怪物 / 魔鬼,核心补充书籍,[MM5] 怪物图鉴5
加瑟魔,1 核心补充书籍\MM5怪物图鉴5\怪物\魔鬼\加瑟魔.htm,5,核心补充书籍 / [MM5] 怪物图鉴5 / 怪物 / 魔鬼,核心补充书籍,[MM5] 怪物图鉴5
瑞曼魔,1 核心补充书籍\MM5怪物图鉴5\怪物\魔鬼\瑞曼魔.htm,5,核心补充书籍 / [MM5] 怪物图鉴5 / 怪物 / 魔鬼,核心补充书籍,[MM5] 怪物图鉴5
瑞卡地鼠,1 核心补充书籍\MM5怪物图鉴5\怪物\瑞卡地鼠\瑞卡地鼠.htm,4,核心补充书籍 / [MM5] 怪物图鉴5 / 怪物,核心补充书籍,[MM5] 怪物图鉴5
瑞卡狂爪,1 核心补充书籍\MM5怪物图鉴5\怪物\瑞卡地鼠\瑞卡狂爪.htm,5,核心补充书籍 / [MM5] 怪物图鉴5 / 怪物 / 瑞卡地鼠,核心补充书籍,[MM5] 怪物图鉴5
瑞卡鼠后,1 核心补充书籍\MM5怪物图鉴5\怪物\瑞卡地鼠\瑞卡鼠后.htm,5,核心补充书籍 / [MM5] 怪物图鉴5 / 怪物 / 瑞卡地鼠,核心补充书籍,[MM5] 怪物图鉴5
瑞卡鼠群,1 核心补充书籍\MM5怪物图鉴5\怪物\瑞卡地鼠\瑞卡鼠群.htm,5,核心补充书籍 / [MM5] 怪物图鉴5 / 怪物 / 瑞卡地鼠,核心补充书籍,[MM5] 怪物图鉴5
瑞卡折磨者,1 核心补充书籍\MM5怪物图鉴5\怪物\瑞卡地鼠\瑞卡折磨者.htm,5,核心补充书籍 / [MM5] 怪物图鉴5 / 怪物 / 瑞卡地鼠,核心补充书籍,[MM5] 怪物图鉴5
蒂尔巴纳虫族,1 核心补充书籍\MM5怪物图鉴5\怪物\蒂尔巴纳\蒂尔巴纳.html,4,核心补充书籍 / [MM5] 怪物图鉴5 / 怪物,核心补充书籍,[MM5] 怪物图鉴5
蒂尔巴纳产卵者,1 核心补充书籍\MM5怪物图鉴5\怪物\蒂尔巴纳\蒂尔巴纳产卵虫.html,5,核心补充书籍 / [MM5] 怪物图鉴5 / 怪物 / 蒂尔巴纳虫族,核心补充书籍,[MM5] 怪物图鉴5
蒂尔巴纳瞌睡者,1 核心补充书籍\MM5怪物图鉴5\怪物\蒂尔巴纳\蒂尔巴纳昏睡虫.html,5,核心补充书籍 / [MM5] 怪物图鉴5 / 怪物 / 蒂尔巴纳虫族,核心补充书籍,[MM5] 怪物图鉴5
蒂尔巴纳杀戮者,1 核心补充书籍\MM5怪物图鉴5\怪物\蒂尔巴纳\蒂尔巴纳杀戮虫.html,5,核心补充书籍 / [MM5] 怪物图鉴5 / 怪物 / 蒂尔巴纳虫族,核心补充书籍,[MM5] 怪物图鉴5
蒂尔巴纳眼翼,1 核心补充书籍\MM5怪物图鉴5\怪物\蒂尔巴纳\蒂尔巴纳眼蜓.html,5,核心补充书籍 / [MM5] 怪物图鉴5 / 怪物 / 蒂尔巴纳虫族,核心补充书籍,[MM5] 怪物图鉴5
木贼草构装体,1 核心补充书籍\MM5怪物图鉴5\怪物\木贼草构装体\木贼草构装体.htm,4,核心补充书籍 / [MM5] 怪物图鉴5 / 怪物,核心补充书籍,[MM5] 怪物图鉴5
木贼投掷者,1 核心补充书籍\MM5怪物图鉴5\怪物\木贼草构装体\木贼投掷者.htm,5,核心补充书籍 / [MM5] 怪物图鉴5 / 怪物 / 木贼草构装体,核心补充书籍,[MM5] 怪物图鉴5
木贼支柱,1 核心补充书籍\MM5怪物图鉴5\怪物\木贼草构装体\木贼支柱.htm,5,核心补充书籍 / [MM5] 怪物图鉴5 / 怪物 / 木贼草构装体,核心补充书籍,[MM5] 怪物图鉴5
苏恩的夺心魔,1 核心补充书籍\MM5怪物图鉴5\怪物\苏恩的夺心魔\苏恩的夺心魔.htm,4,核心补充书籍 / [MM5] 怪物图鉴5 / 怪物,核心补充书籍,[MM5] 怪物图鉴5
苏恩的风暴云,1 核心补充书籍\MM5怪物图鉴5\怪物\苏恩的夺心魔\苏恩的风暴云.htm,5,核心补充书籍 / [MM5] 怪物图鉴5 / 怪物 / 苏恩的夺心魔,核心补充书籍,[MM5] 怪物图鉴5
苏恩的奴隶,1 核心补充书籍\MM5怪物图鉴5\怪物\苏恩的夺心魔\苏恩的奴隶.htm,5,核心补充书籍 / [MM5] 怪物图鉴5 / 怪物 / 苏恩的夺心魔,核心补充书籍,[MM5] 怪物图鉴5
苏恩的士兵,1 核心补充书籍\MM5怪物图鉴5\怪物\苏恩的夺心魔\苏恩的士兵.htm,5,核心补充书籍 / [MM5] 怪物图鉴5 / 怪物 / 苏恩的夺心魔,核心补充书籍,[MM5] 怪物图鉴5
苏恩的血肉傀儡,1 核心补充书籍\MM5怪物图鉴5\怪物\苏恩的夺心魔\苏恩的血肉傀儡.htm,5,核心补充书籍 / [MM5] 怪物图鉴5 / 怪物 / 苏恩的夺心魔,核心补充书籍,[MM5] 怪物图鉴5
苏恩的战争镰刀,1 核心补充书籍\MM5怪物图鉴5\怪物\苏恩的夺心魔\苏恩的战争镰刀.htm,5,核心补充书籍 / [MM5] 怪物图鉴5 / 怪物 / 苏恩的夺心魔,核心补充书籍,[MM5] 怪物图鉴5
苏恩长老脑,1 核心补充书籍\MM5怪物图鉴5\怪物\苏恩长老脑.html,5,核心补充书籍 / [MM5] 怪物图鉴5 / 怪物 / 苏恩的夺心魔,核心补充书籍,[MM5] 怪物图鉴5
苏恩狂热者,1 核心补充书籍\MM5怪物图鉴5\怪物\苏恩的夺心魔\苏恩狂热者.htm,5,核心补充书籍 / [MM5] 怪物图鉴5 / 怪物 / 苏恩的夺心魔,核心补充书籍,[MM5] 怪物图鉴5
苏恩渗透者,1 核心补充书籍\MM5怪物图鉴5\怪物\苏恩的夺心魔\苏恩渗透者.htm,5,核心补充书籍 / [MM5] 怪物图鉴5 / 怪物 / 苏恩的夺心魔,核心补充书籍,[MM5] 怪物图鉴5
苏恩信徒,1 核心补充书籍\MM5怪物图鉴5\怪物\苏恩的夺心魔\苏恩信徒.htm,5,核心补充书籍 / [MM5] 怪物图鉴5 / 怪物 / 苏恩的夺心魔,核心补充书籍,[MM5] 怪物图鉴5
幽影夺心魔,1 核心补充书籍\MM5怪物图鉴5\怪物\苏恩的夺心魔\幽影夺心魔.htm,5,核心补充书籍 / [MM5] 怪物图鉴5 / 怪物 / 苏恩的夺心魔,核心补充书籍,[MM5] 怪物图鉴5
吸血鬼,1 核心补充书籍\MM5怪物图鉴5\怪物\吸血鬼\吸血鬼.htm,4,核心补充书籍 / [MM5] 怪物图鉴5 / 怪物,核心补充书籍,[MM5] 怪物图鉴5
黑公爵,1 核心补充书籍\MM5怪物图鉴5\怪物\吸血鬼\黑公爵.htm,5,核心补充书籍 / [MM5] 怪物图鉴5 / 怪物 / 吸血鬼,核心补充书籍,[MM5] 怪物图鉴5
红寡妇,1 核心补充书籍\MM5怪物图鉴5\怪物\吸血鬼\红寡妇.htm,5,核心补充书籍 / [MM5] 怪物图鉴5 / 怪物 / 吸血鬼,核心补充书籍,[MM5] 怪物图鉴5
尤斯魔,1 核心补充书籍\MM5怪物图鉴5\怪物\尤斯魔\尤斯魔.htm,4,核心补充书籍 / [MM5] 怪物图鉴5 / 怪物,核心补充书籍,[MM5] 怪物图鉴5
阿卡魔,1 核心补充书籍\MM5怪物图鉴5\怪物\尤斯魔\阿卡魔.htm,5,核心补充书籍 / [MM5] 怪物图鉴5 / 怪物 / 尤斯魔,核心补充书籍,[MM5] 怪物图鉴5
哈蒂魔,1 核心补充书籍\MM5怪物图鉴5\怪物\尤斯魔\哈蒂魔.htm,5,核心补充书籍 / [MM5] 怪物图鉴5 / 怪物 / 尤斯魔,核心补充书籍,[MM5] 怪物图鉴5
李斯魔,1 核心补充书籍\MM5怪物图鉴5\怪物\尤斯魔\李斯魔.htm,5,核心补充书籍 / [MM5] 怪物图鉴5 / 怪物 / 尤斯魔,核心补充书籍,[MM5] 怪物图鉴5
图勒魔,1 核心补充书籍\MM5怪物图鉴5\怪物\尤斯魔\图勒魔.htm,5,核心补充书籍 / [MM5] 怪物图鉴5 / 怪物 / 尤斯魔,核心补充书籍,[MM5] 怪物图鉴5
食人魔元素法师,1 核心补充书籍\MM5怪物图鉴5\怪物\食人魔元素法师\食人魔元素法师.htm,4,核心补充书籍 / [MM5] 怪物图鉴5 / 怪物,核心补充书籍,[MM5] 怪物图鉴5
食人魔风元素法师(Ken-Sun),1 核心补充书籍\MM5怪物图鉴5\怪物\食人魔元素法师\食人魔风元素法师(Ken-Sun).htm,5,核心补充书籍 / [MM5] 怪物图鉴5 / 怪物 / 食人魔元素法师,核心补充书籍,[MM5] 怪物图鉴5
食人魔火元素法师(Ken-Li),1 核心补充书籍\MM5怪物图鉴5\怪物\食人魔元素法师\食人魔火元素法师(Ken-Li).htm,5,核心补充书籍 / [MM5] 怪物图鉴5 / 怪物 / 食人魔元素法师,核心补充书籍,[MM5] 怪物图鉴5
食人魔土元素法师(Ken-Kuni),1 核心补充书籍\MM5怪物图鉴5\怪物\食人魔元素法师\食人魔土元素法师(Ken-Kuni).htm,5,核心补充书籍 / [MM5] 怪物图鉴5 / 怪物 / 食人魔元素法师,核心补充书籍,[MM5] 怪物图鉴5
嘲弄虫,1 核心补充书籍\MM5怪物图鉴5\怪物\嘲弄虫\嘲弄虫.htm,4,核心补充书籍 / [MM5] 怪物图鉴5 / 怪物,核心补充书籍,[MM5] 怪物图鉴5
嘲弄母皇,1 核心补充书籍\MM5怪物图鉴5\怪物\嘲弄虫\嘲弄母皇.htm,5,核心补充书籍 / [MM5] 怪物图鉴5 / 怪物 / 嘲弄虫,核心补充书籍,[MM5] 怪物图鉴5
嘲弄雄蜂,1 核心补充书籍\MM5怪物图鉴5\怪物\嘲弄虫\嘲弄雄蜂.htm,5,核心补充书籍 / [MM5] 怪物图鉴5 / 怪物 / 嘲弄虫,核心补充书籍,[MM5] 怪物图鉴5
崇鬼,1 核心补充书籍\MM5怪物图鉴5\怪物\崇鬼\崇鬼.htm,4,核心补充书籍 / [MM5] 怪物图鉴5 / 怪物,核心补充书籍,[MM5] 怪物图鉴5
嘲弄崇鬼,1 核心补充书籍\MM5怪物图鉴5\怪物\崇鬼\嘲弄崇鬼.htm,5,核心补充书籍 / [MM5] 怪物图鉴5 / 怪物 / 崇鬼,核心补充书籍,[MM5] 怪物图鉴5
桥梁崇鬼,1 核心补充书籍\MM5怪物图鉴5\怪物\崇鬼\桥梁崇鬼.htm,5,核心补充书籍 / [MM5] 怪物图鉴5 / 怪物 / 崇鬼,核心补充书籍,[MM5] 怪物图鉴5
森林崇鬼,1 核心补充书籍\MM5怪物图鉴5\怪物\崇鬼\森林崇鬼.htm,5,核心补充书籍 / [MM5] 怪物图鉴5 / 怪物 / 崇鬼,核心补充书籍,[MM5] 怪物图鉴5
骷髅领主,1 核心补充书籍\MM5怪物图鉴5\怪物\骷髅领主\骷髅领主.htm,4,核心补充书籍 / [MM5] 怪物图鉴5 / 怪物,核心补充书籍,[MM5] 怪物图鉴5
骨蛇,1 核心补充书籍\MM5怪物图鉴5\怪物\骷髅领主\骨蛇.htm,5,核心补充书籍 / [MM5] 怪物图鉴5 / 怪物 / 骷髅领主,核心补充书籍,[MM5] 怪物图鉴5
骷髅领主,1 核心补充书籍\MM5怪物图鉴5\怪物\骷髅领主\骷髅领主1.htm,5,核心补充书籍 / [MM5] 怪物图鉴5 / 怪物 / 骷髅领主,核心补充书籍,[MM5] 怪物图鉴5
猎骨者,1 核心补充书籍\MM5怪物图鉴5\怪物\骷髅领主\猎骨者.htm,5,核心补充书籍 / [MM5] 怪物图鉴5 / 怪物 / 骷髅领主,核心补充书籍,[MM5] 怪物图鉴5
幽灵骑士,1 核心补充书籍\MM5怪物图鉴5\怪物\骷髅领主\幽灵骑士.htm,5,核心补充书籍 / [MM5] 怪物图鉴5 / 怪物 / 骷髅领主,核心补充书籍,[MM5] 怪物图鉴5
龙的伟大游戏,1 核心补充书籍\MM5怪物图鉴5\怪物\龙的伟大游戏\龙的伟大游戏.htm,4,核心补充书籍 / [MM5] 怪物图鉴5 / 怪物,核心补充书籍,[MM5] 怪物图鉴5
沙文特龙,1 核心补充书籍\MM5怪物图鉴5\怪物\龙的伟大游戏\沙文特龙.htm,5,核心补充书籍 / [MM5] 怪物图鉴5 / 怪物 / 龙的伟大游戏,核心补充书籍,[MM5] 怪物图鉴5
沙文特主事,1 核心补充书籍\MM5怪物图鉴5\怪物\龙的伟大游戏\沙文特主事.htm,5,核心补充书籍 / [MM5] 怪物图鉴5 / 怪物 / 龙的伟大游戏,核心补充书籍,[MM5] 怪物图鉴5
朱庇莱克斯衍体,1 核心补充书籍\MM5怪物图鉴5\怪物\朱庇莱克斯衍体\朱庇莱克斯衍体.htm,4,核心补充书籍 / [MM5] 怪物图鉴5 / 怪物,核心补充书籍,[MM5] 怪物图鉴5
次级朱庇莱克斯衍体,1 核心补充书籍\MM5怪物图鉴5\怪物\朱庇莱克斯衍体\次级朱庇莱克斯衍体.htm,5,核心补充书籍 / [MM5] 怪物图鉴5 / 怪物 / 朱庇莱克斯衍体,核心补充书籍,[MM5] 怪物图鉴5
高等朱庇莱克斯衍体,1 核心补充书籍\MM5怪物图鉴5\怪物\朱庇莱克斯衍体\高等朱庇莱克斯衍体.htm,5,核心补充书籍 / [MM5] 怪物图鉴5 / 怪物 / 朱庇莱克斯衍体,核心补充书籍,[MM5] 怪物图鉴5
朱庇莱克斯衍体长老,1 核心补充书籍\MM5怪物图鉴5\怪物\朱庇莱克斯衍体\朱庇莱克斯衍体长老.htm,5,核心补充书籍 / [MM5] 怪物图鉴5 / 怪物 / 朱庇莱克斯衍体,核心补充书籍,[MM5] 怪物图鉴5
魔像,,4,核心补充书籍 / [MM5] 怪物图鉴5 / 怪物,核心补充书籍,[MM5] 怪物图鉴5
熔核魔像,1 核心补充书籍\MM5怪物图鉴5\怪物\魔像\熔核魔像.htm,5,核心补充书籍 / [MM5] 怪物图鉴5 / 怪物 / 魔像,核心补充书籍,[MM5] 怪物图鉴5
力能魔像,1 核心补充书籍\MM5怪物图鉴5\怪物\魔像\力能魔像.htm,5,核心补充书籍 / [MM5] 怪物图鉴5 / 怪物 / 魔像,核心补充书籍,[MM5] 怪物图鉴5
3e的核心补充内容,,2,核心补充书籍,核心补充书籍,3e的核心补充内容
(暂缺)[Epic] 传奇等级手册 (有升级),10 附录\填充页面.htm,3,核心补充书籍 / 3e的核心补充内容,核心补充书籍,3e的核心补充内容
(暂缺)[MM2] 怪物图鉴2 (有升级),10 附录\填充页面.htm,3,核心补充书籍 / 3e的核心补充内容,核心补充书籍,3e的核心补充内容
(暂缺)[SS] 异族宝典/化外之民/蛮荒物种,10 附录\填充页面.htm,3,核心补充书籍 / 3e的核心补充内容,核心补充书籍,3e的核心补充内容
(暂缺)[FF] 魔物大全 (有升级),10 附录\填充页面.htm,3,核心补充书籍 / 3e的核心补充内容,核心补充书籍,3e的核心补充内容
[HBG] 构筑英雄指南/英雄作成手册,1 核心补充书籍\HBG英雄构筑指南\封面.html,3,核心补充书籍 / 3e的核心补充内容,核心补充书籍,3e的核心补充内容
引言,1 核心补充书籍\HBG英雄构筑指南\引言.html,4,核心补充书籍 / 3e的核心补充内容 / [HBG] 构筑英雄指南/英雄作成手册,核心补充书籍,3e的核心补充内容
投掷你的属性值,1 核心补充书籍\HBG英雄构筑指南\投掷你的属性值.html,4,核心补充书籍 / 3e的核心补充内容 / [HBG] 构筑英雄指南/英雄作成手册,核心补充书籍,3e的核心补充内容
选择你的种族与职业,1 核心补充书籍\HBG英雄构筑指南\选择你的种族与职业.html,4,核心补充书籍 / 3e的核心补充内容 / [HBG] 构筑英雄指南/英雄作成手册,核心补充书籍,3e的核心补充内容
人类,1 核心补充书籍\HBG英雄构筑指南\人类.html,5,核心补充书籍 / 3e的核心补充内容 / [HBG] 构筑英雄指南/英雄作成手册 / 选择你的种族与职业,核心补充书籍,3e的核心补充内容
矮人,1 核心补充书籍\HBG英雄构筑指南\矮人.html,5,核心补充书籍 / 3e的核心补充内容 / [HBG] 构筑英雄指南/英雄作成手册 / 选择你的种族与职业,核心补充书籍,3e的核心补充内容
精灵,1 核心补充书籍\HBG英雄构筑指南\精灵.html,5,核心补充书籍 / 3e的核心补充内容 / [HBG] 构筑英雄指南/英雄作成手册 / 选择你的种族与职业,核心补充书籍,3e的核心补充内容
侏儒,1 核心补充书籍\HBG英雄构筑指南\侏儒.html,5,核心补充书籍 / 3e的核心补充内容 / [HBG] 构筑英雄指南/英雄作成手册 / 选择你的种族与职业,核心补充书籍,3e的核心补充内容
半精灵,1 核心补充书籍\HBG英雄构筑指南\半精灵.html,5,核心补充书籍 / 3e的核心补充内容 / [HBG] 构筑英雄指南/英雄作成手册 / 选择你的种族与职业,核心补充书籍,3e的核心补充内容
半兽人,1 核心补充书籍\HBG英雄构筑指南\半兽人.html,5,核心补充书籍 / 3e的核心补充内容 / [HBG] 构筑英雄指南/英雄作成手册 / 选择你的种族与职业,核心补充书籍,3e的核心补充内容
半身人,1 核心补充书籍\HBG英雄构筑指南\半身人.html,5,核心补充书籍 / 3e的核心补充内容 / [HBG] 构筑英雄指南/英雄作成手册 / 选择你的种族与职业,核心补充书籍,3e的核心补充内容
创造你的个人历史,1 核心补充书籍\HBG英雄构筑指南\创造你的个人历史.html,4,核心补充书籍 / 3e的核心补充内容 / [HBG] 构筑英雄指南/英雄作成手册,核心补充书籍,3e的核心补充内容
家乡社区,1 核心补充书籍\HBG英雄构筑指南\家乡社区.html,5,核心补充书籍 / 3e的核心补充内容 / [HBG] 构筑英雄指南/英雄作成手册 / 创造你的个人历史,核心补充书籍,3e的核心补充内容
家庭,1 核心补充书籍\HBG英雄构筑指南\家庭.html,5,核心补充书籍 / 3e的核心补充内容 / [HBG] 构筑英雄指南/英雄作成手册 / 创造你的个人历史,核心补充书籍,3e的核心补充内容
教育,1 核心补充书籍\HBG英雄构筑指南\教育.html,5,核心补充书籍 / 3e的核心补充内容 / [HBG] 构筑英雄指南/英雄作成手册 / 创造你的个人历史,核心补充书籍,3e的核心补充内容
至今为止的生活事件,1 核心补充书籍\HBG英雄构筑指南\至今为止的生活事件.html,5,核心补充书籍 / 3e的核心补充内容 / [HBG] 构筑英雄指南/英雄作成手册 / 创造你的个人历史,核心补充书籍,3e的核心补充内容
关系,1 核心补充书籍\HBG英雄构筑指南\关系.html,5,核心补充书籍 / 3e的核心补充内容 / [HBG] 构筑英雄指南/英雄作成手册 / 创造你的个人历史,核心补充书籍,3e的核心补充内容
范例,1 核心补充书籍\HBG英雄构筑指南\范例.html,5,核心补充书籍 / 3e的核心补充内容 / [HBG] 构筑英雄指南/英雄作成手册 / 创造你的个人历史,核心补充书籍,3e的核心补充内容
选择一个阵营,1 核心补充书籍\HBG英雄构筑指南\选择一个阵营.html,4,核心补充书籍 / 3e的核心补充内容 / [HBG] 构筑英雄指南/英雄作成手册,核心补充书籍,3e的核心补充内容
规划你的未来职业生涯,1 核心补充书籍\HBG英雄构筑指南\规划你的未来职业生涯.html,4,核心补充书籍 / 3e的核心补充内容 / [HBG] 构筑英雄指南/英雄作成手册,核心补充书籍,3e的核心补充内容
究极射手,1 核心补充书籍\HBG英雄构筑指南\究极射手.html,5,核心补充书籍 / 3e的核心补充内容 / [HBG] 构筑英雄指南/英雄作成手册 / 规划你的未来职业生涯,核心补充书籍,3e的核心补充内容
游荡剑客,1 核心补充书籍\HBG英雄构筑指南\游荡剑客.html,5,核心补充书籍 / 3e的核心补充内容 / [HBG] 构筑英雄指南/英雄作成手册 / 规划你的未来职业生涯,核心补充书籍,3e的核心补充内容
奖金斗士,1 核心补充书籍\HBG英雄构筑指南\奖金斗士.html,5,核心补充书籍 / 3e的核心补充内容 / [HBG] 构筑英雄指南/英雄作成手册 / 规划你的未来职业生涯,核心补充书籍,3e的核心补充内容
死灵法师,1 核心补充书籍\HBG英雄构筑指南\死灵法师.html,5,核心补充书籍 / 3e的核心补充内容 / [HBG] 构筑英雄指南/英雄作成手册 / 规划你的未来职业生涯,核心补充书籍,3e的核心补充内容
装置大师,1 核心补充书籍\HBG英雄构筑指南\装置大师.html,5,核心补充书籍 / 3e的核心补充内容 / [HBG] 构筑英雄指南/英雄作成手册 / 规划你的未来职业生涯,核心补充书籍,3e的核心补充内容
操纵者,1 核心补充书籍\HBG英雄构筑指南\操纵者.html,5,核心补充书籍 / 3e的核心补充内容 / [HBG] 构筑英雄指南/英雄作成手册 / 规划你的未来职业生涯,核心补充书籍,3e的核心补充内容
研究法师,1 核心补充书籍\HBG英雄构筑指南\研究法师.html,5,核心补充书籍 / 3e的核心补充内容 / [HBG] 构筑英雄指南/英雄作成手册 / 规划你的未来职业生涯,核心补充书籍,3e的核心补充内容
潜行者,1 核心补充书籍\HBG英雄构筑指南\潜行者.html,5,核心补充书籍 / 3e的核心补充内容 / [HBG] 构筑英雄指南/英雄作成手册 / 规划你的未来职业生涯,核心补充书籍,3e的核心补充内容
破咒师,1 核心补充书籍\HBG英雄构筑指南\破咒师.html,5,核心补充书籍 / 3e的核心补充内容 / [HBG] 构筑英雄指南/英雄作成手册 / 规划你的未来职业生涯,核心补充书籍,3e的核心补充内容
修道士,1 核心补充书籍\HBG英雄构筑指南\修道士.html,5,核心补充书籍 / 3e的核心补充内容 / [HBG] 构筑英雄指南/英雄作成手册 / 规划你的未来职业生涯,核心补充书籍,3e的核心补充内容
附录：起名规则,1 核心补充书籍\HBG英雄构筑指南\附录：起名规则.html,4,核心补充书籍 / 3e的核心补充内容 / [HBG] 构筑英雄指南/英雄作成手册,核心补充书籍,3e的核心补充内容
名字列表,1 核心补充书籍\HBG英雄构筑指南\名字列表.html,4,核心补充书籍 / 3e的核心补充内容 / [HBG] 构筑英雄指南/英雄作成手册,核心补充书籍,3e的核心补充内容
放在最后的话,1 核心补充书籍\HBG英雄构筑指南\放在最后的话.html,4,核心补充书籍 / 3e的核心补充内容 / [HBG] 构筑英雄指南/英雄作成手册,核心补充书籍,3e的核心补充内容
[Psi] 灵能手册(重写为XPH),10 附录\填充页面.htm,3,核心补充书籍 / 3e的核心补充内容,核心补充书籍,3e的核心补充内容
万物、万法和万律,,1,,万物、万法和万律,
[MIC] 万物大全,2 万物万法万律\MIC万物大全\万物大全(MIC).htm,2,万物、万法和万律,万物、万法和万律,[MIC] 万物大全
武器,,3,万物、万法和万律 / [MIC] 万物大全,万物、万法和万律,[MIC] 万物大全
附魔,,4,万物、万法和万律 / [MIC] 万物大全 / 武器,万物、万法和万律,[MIC] 万物大全
+1,2 万物万法万律\MIC万物大全\武器\附魔\+1.htm,5,万物、万法和万律 / [MIC] 万物大全 / 武器 / 附魔,万物、万法和万律,[MIC] 万物大全
+2,2 万物万法万律\MIC万物大全\武器\附魔\+2.htm,5,万物、万法和万律 / [MIC] 万物大全 / 武器 / 附魔,万物、万法和万律,[MIC] 万物大全
+3,2 万物万法万律\MIC万物大全\武器\附魔\+3.htm,5,万物、万法和万律 / [MIC] 万物大全 / 武器 / 附魔,万物、万法和万律,[MIC] 万物大全
改良,2 万物万法万律\MIC万物大全\武器\附魔\改良.htm,5,万物、万法和万律 / [MIC] 万物大全 / 武器 / 附魔,万物、万法和万律,[MIC] 万物大全
固定价格,2 万物万法万律\MIC万物大全\武器\附魔\固定价格.htm,5,万物、万法和万律 / [MIC] 万物大全 / 武器 / 附魔,万物、万法和万律,[MIC] 万物大全
特殊武器,2 万物万法万律\MIC万物大全\武器\特殊武器.htm,4,万物、万法和万律 / [MIC] 万物大全 / 武器,万物、万法和万律,[MIC] 万物大全
武器的增强晶体,2 万物万法万律\MIC万物大全\武器\武器的增强晶体.htm,4,万物、万法和万律 / [MIC] 万物大全 / 武器,万物、万法和万律,[MIC] 万物大全
盔甲,,3,万物、万法和万律 / [MIC] 万物大全,万物、万法和万律,[MIC] 万物大全
盔甲属性,2 万物万法万律\MIC万物大全\盔甲\盔甲属性.htm,4,万物、万法和万律 / [MIC] 万物大全 / 盔甲,万物、万法和万律,[MIC] 万物大全
增强晶体,2 万物万法万律\MIC万物大全\盔甲\盔甲增强晶体.htm,4,万物、万法和万律 / [MIC] 万物大全 / 盔甲,万物、万法和万律,[MIC] 万物大全
特殊盔甲和盾牌,2 万物万法万律\MIC万物大全\盔甲\特殊盔甲和盾牌.htm,4,万物、万法和万律 / [MIC] 万物大全 / 盔甲,万物、万法和万律,[MIC] 万物大全
穿戴物,,3,万物、万法和万律 / [MIC] 万物大全,万物、万法和万律,[MIC] 万物大全
总览,2 万物万法万律\MIC万物大全\穿戴物\穿戴物.htm,4,万物、万法和万律 / [MIC] 万物大全 / 穿戴物,万物、万法和万律,[MIC] 万物大全
臂部,2 万物万法万律\MIC万物大全\穿戴物\臂部.htm,4,万物、万法和万律 / [MIC] 万物大全 / 穿戴物,万物、万法和万律,[MIC] 万物大全
肩部,2 万物万法万律\MIC万物大全\穿戴物\肩部.htm,4,万物、万法和万律 / [MIC] 万物大全 / 穿戴物,万物、万法和万律,[MIC] 万物大全
戒指,2 万物万法万律\MIC万物大全\穿戴物\戒指.htm,4,万物、万法和万律 / [MIC] 万物大全 / 穿戴物,万物、万法和万律,[MIC] 万物大全
面部,2 万物万法万律\MIC万物大全\穿戴物\面部.htm,4,万物、万法和万律 / [MIC] 万物大全 / 穿戴物,万物、万法和万律,[MIC] 万物大全
躯干,2 万物万法万律\MIC万物大全\穿戴物\躯干.htm,4,万物、万法和万律 / [MIC] 万物大全 / 穿戴物,万物、万法和万律,[MIC] 万物大全
身体,2 万物万法万律\MIC万物大全\穿戴物\身体.htm,4,万物、万法和万律 / [MIC] 万物大全 / 穿戴物,万物、万法和万律,[MIC] 万物大全
手部,2 万物万法万律\MIC万物大全\穿戴物\双手.htm,4,万物、万法和万律 / [MIC] 万物大全 / 穿戴物,万物、万法和万律,[MIC] 万物大全
头部,2 万物万法万律\MIC万物大全\穿戴物\头部.htm,4,万物、万法和万律 / [MIC] 万物大全 / 穿戴物,万物、万法和万律,[MIC] 万物大全
颈部,2 万物万法万律\MIC万物大全\穿戴物\项链_护符.htm,4,万物、万法和万律 / [MIC] 万物大全 / 穿戴物,万物、万法和万律,[MIC] 万物大全
腰部,2 万物万法万律\MIC万物大全\穿戴物\腰部.htm,4,万物、万法和万律 / [MIC] 万物大全 / 穿戴物,万物、万法和万律,[MIC] 万物大全
足部,2 万物万法万律\MIC万物大全\穿戴物\足部.htm,4,万物、万法和万律 / [MIC] 万物大全 / 穿戴物,万物、万法和万律,[MIC] 万物大全
工具,,3,万物、万法和万律 / [MIC] 万物大全,万物、万法和万律,[MIC] 万物大全
按照价格排序,2 万物万法万律\MIC万物大全\工具\按照价格排序.htm,4,万物、万法和万律 / [MIC] 万物大全 / 工具,万物、万法和万律,[MIC] 万物大全
符文法杖,2 万物万法万律\MIC万物大全\工具\符文法杖.htm,4,万物、万法和万律 / [MIC] 万物大全 / 工具,万物、万法和万律,[MIC] 万物大全
灵皮,2 万物万法万律\MIC万物大全\工具\精神外皮.htm,4,万物、万法和万律 / [MIC] 万物大全 / 工具,万物、万法和万律,[MIC] 万物大全
权杖,2 万物万法万律\MIC万物大全\工具\权杖.htm,4,万物、万法和万律 / [MIC] 万物大全 / 工具,万物、万法和万律,[MIC] 万物大全
使用魔法物品,,3,万物、万法和万律 / [MIC] 万物大全,万物、万法和万律,[MIC] 万物大全
鉴定魔法物品,2 万物万法万律\MIC万物大全\特殊魔法物品规则\鉴定魔法物品.htm,4,万物、万法和万律 / [MIC] 万物大全 / 使用魔法物品,万物、万法和万律,[MIC] 万物大全
启动魔法物品,2 万物万法万律\MIC万物大全\特殊魔法物品规则\启动魔法物品.htm,4,万物、万法和万律 / [MIC] 万物大全 / 使用魔法物品,万物、万法和万律,[MIC] 万物大全
强化魔法装备,2 万物万法万律\MIC万物大全\特殊魔法物品规则\强化魔法装备.htm,4,万物、万法和万律 / [MIC] 万物大全 / 使用魔法物品,万物、万法和万律,[MIC] 万物大全
身体装备位,2 万物万法万律\MIC万物大全\特殊魔法物品规则\身体装备位.htm,4,万物、万法和万律 / [MIC] 万物大全 / 使用魔法物品,万物、万法和万律,[MIC] 万物大全
体型与外形,2 万物万法万律\MIC万物大全\特殊魔法物品规则\体型与外形.htm,4,万物、万法和万律 / [MIC] 万物大全 / 使用魔法物品,万物、万法和万律,[MIC] 万物大全
物品等级,2 万物万法万律\MIC万物大全\特殊魔法物品规则\物品等级.htm,4,万物、万法和万律 / [MIC] 万物大全 / 使用魔法物品,万物、万法和万律,[MIC] 万物大全
圣物,2 万物万法万律\MIC万物大全\特殊魔法物品规则\遗宝.htm,4,万物、万法和万律 / [MIC] 万物大全 / 使用魔法物品,万物、万法和万律,[MIC] 万物大全
增强晶体,2 万物万法万律\MIC万物大全\特殊魔法物品规则\增强晶体.htm,4,万物、万法和万律 / [MIC] 万物大全 / 使用魔法物品,万物、万法和万律,[MIC] 万物大全
增强属性,2 万物万法万律\MIC万物大全\特殊魔法物品规则\增强属性.htm,4,万物、万法和万律 / [MIC] 万物大全 / 使用魔法物品,万物、万法和万律,[MIC] 万物大全
魔法物品套装,2 万物万法万律\MIC万物大全\魔法物品套装\魔法物品套装.htm,3,万物、万法和万律 / [MIC] 万物大全,万物、万法和万律,[MIC] 万物大全
刺尾狮着装,2 万物万法万律\MIC万物大全\魔法物品套装\刺尾狮着装.htm,4,万物、万法和万律 / [MIC] 万物大全 / 魔法物品套装,万物、万法和万律,[MIC] 万物大全
洞察者的守护,2 万物万法万律\MIC万物大全\魔法物品套装\洞察者的守护.htm,4,万物、万法和万律 / [MIC] 万物大全 / 魔法物品套装,万物、万法和万律,[MIC] 万物大全
风暴行者礼装,2 万物万法万律\MIC万物大全\魔法物品套装\风暴行者礼装.htm,4,万物、万法和万律 / [MIC] 万物大全 / 魔法物品套装,万物、万法和万律,[MIC] 万物大全
凤凰徽记,2 万物万法万律\MIC万物大全\魔法物品套装\凤凰徽记.htm,4,万物、万法和万律 / [MIC] 万物大全 / 魔法物品套装,万物、万法和万律,[MIC] 万物大全
噶尔林的武僧套件,2 万物万法万律\MIC万物大全\魔法物品套装\噶尔林的武僧套件.htm,4,万物、万法和万律 / [MIC] 万物大全 / 魔法物品套装,万物、万法和万律,[MIC] 万物大全
虹彩七纱,2 万物万法万律\MIC万物大全\魔法物品套装\虹彩七纱.htm,4,万物、万法和万律 / [MIC] 万物大全 / 魔法物品套装,万物、万法和万律,[MIC] 万物大全
猎食者之拥,2 万物万法万律\MIC万物大全\魔法物品套装\猎食者之拥.htm,4,万物、万法和万律 / [MIC] 万物大全 / 魔法物品套装,万物、万法和万律,[MIC] 万物大全
神圣法衣,2 万物万法万律\MIC万物大全\魔法物品套装\神圣法衣.htm,4,万物、万法和万律 / [MIC] 万物大全 / 魔法物品套装,万物、万法和万律,[MIC] 万物大全
四之礼装,2 万物万法万律\MIC万物大全\魔法物品套装\四之礼装.htm,4,万物、万法和万律 / [MIC] 万物大全 / 魔法物品套装,万物、万法和万律,[MIC] 万物大全
武德,2 万物万法万律\MIC万物大全\魔法物品套装\武德.htm,4,万物、万法和万律 / [MIC] 万物大全 / 魔法物品套装,万物、万法和万律,[MIC] 万物大全
血之馈赠,2 万物万法万律\MIC万物大全\魔法物品套装\血之馈赠.htm,4,万物、万法和万律 / [MIC] 万物大全 / 魔法物品套装,万物、万法和万律,[MIC] 万物大全
英雄的勋章,2 万物万法万律\MIC万物大全\魔法物品套装\英雄的勋章.htm,4,万物、万法和万律 / [MIC] 万物大全 / 魔法物品套装,万物、万法和万律,[MIC] 万物大全
幽魂之哀,2 万物万法万律\MIC万物大全\魔法物品套装\幽魂之哀.htm,4,万物、万法和万律 / [MIC] 万物大全 / 魔法物品套装,万物、万法和万律,[MIC] 万物大全
战士之灵动着装,2 万物万法万律\MIC万物大全\魔法物品套装\战士之灵动着装.htm,4,万物、万法和万律 / [MIC] 万物大全 / 魔法物品套装,万物、万法和万律,[MIC] 万物大全
[SpC] 万法大全(暂缺),2 万物万法万律\SpC万法大全\封面.htm,2,万物、万法和万律,万物、万法和万律,[SpC] 万法大全(暂缺)
[RC] 万律大全(暂缺),2 万物万法万律\RC万律大全\封面.htm,2,万物、万法和万律,万物、万法和万律,[RC] 万律大全(暂缺)
3e的物品道具内容,,2,万物、万法和万律,万物、万法和万律,3e的物品道具内容
(暂缺)[SBG] 要塞建造手册,10 附录\填充页面.htm,3,万物、万法和万律 / 3e的物品道具内容,万物、万法和万律,3e的物品道具内容
(暂缺)[AEG] 武器装备指南,10 附录\填充页面.htm,3,万物、万法和万律 / 3e的物品道具内容,万物、万法和万律,3e的物品道具内容
完美系列：完备进阶指南,,1,,完美系列：完备进阶指南,
[CAd] 完美冒险：技能专家指南,3 完美系列\CAd完美冒险\封面.htm,2,完美系列：完备进阶指南,完美系列：完备进阶指南,[CAd] 完美冒险：技能专家指南
1. 基础职业,,3,完美系列：完备进阶指南 / [CAd] 完美冒险：技能专家指南,完美系列：完备进阶指南,[CAd] 完美冒险：技能专家指南
忍者,3 完美系列\CAd完美冒险\基础\忍者.htm,4,完美系列：完备进阶指南 / [CAd] 完美冒险：技能专家指南 / 1. 基础职业,完美系列：完备进阶指南,[CAd] 完美冒险：技能专家指南
斥候,3 完美系列\CAd完美冒险\基础\斥候.htm,4,完美系列：完备进阶指南 / [CAd] 完美冒险：技能专家指南 / 1. 基础职业,完美系列：完备进阶指南,[CAd] 完美冒险：技能专家指南
盗法者,3 完美系列\CAd完美冒险\基础\盗法者.htm,4,完美系列：完备进阶指南 / [CAd] 完美冒险：技能专家指南 / 1. 基础职业,完美系列：完备进阶指南,[CAd] 完美冒险：技能专家指南
2. 进阶职业,,3,完美系列：完备进阶指南 / [CAd] 完美冒险：技能专家指南,完美系列：完备进阶指南,[CAd] 完美冒险：技能专家指南
侦探,3 完美系列\CAd完美冒险\进阶职业\侦探.htm,4,完美系列：完备进阶指南 / [CAd] 完美冒险：技能专家指南 / 2. 进阶职业,完美系列：完备进阶指南,[CAd] 完美冒险：技能专家指南
飞贼,3 完美系列\CAd完美冒险\进阶职业\飞贼.htm,4,完美系列：完备进阶指南 / [CAd] 完美冒险：技能专家指南 / 2. 进阶职业,完美系列：完备进阶指南,[CAd] 完美冒险：技能专家指南
奥兰,3 完美系列\CAd完美冒险\进阶职业\奥兰.htm,4,完美系列：完备进阶指南 / [CAd] 完美冒险：技能专家指南 / 2. 进阶职业,完美系列：完备进阶指南,[CAd] 完美冒险：技能专家指南
影念者,3 完美系列\CAd完美冒险\进阶职业\影念者.htm,4,完美系列：完备进阶指南 / [CAd] 完美冒险：技能专家指南 / 2. 进阶职业,完美系列：完备进阶指南,[CAd] 完美冒险：技能专家指南
灵链特工,3 完美系列\CAd完美冒险\进阶职业\灵链特工.htm,4,完美系列：完备进阶指南 / [CAd] 完美冒险：技能专家指南 / 2. 进阶职业,完美系列：完备进阶指南,[CAd] 完美冒险：技能专家指南
魔塑师,3 完美系列\CAd完美冒险\进阶职业\魔塑师.htm,4,完美系列：完备进阶指南 / [CAd] 完美冒险：技能专家指南 / 2. 进阶职业,完美系列：完备进阶指南,[CAd] 完美冒险：技能专家指南
获选者,3 完美系列\CAd完美冒险\进阶职业\获选者.htm,4,完美系列：完备进阶指南 / [CAd] 完美冒险：技能专家指南 / 2. 进阶职业,完美系列：完备进阶指南,[CAd] 完美冒险：技能专家指南
表演家,3 完美系列\CAd完美冒险\进阶职业\表演家.htm,4,完美系列：完备进阶指南 / [CAd] 完美冒险：技能专家指南 / 2. 进阶职业,完美系列：完备进阶指南,[CAd] 完美冒险：技能专家指南
万兽王,3 完美系列\CAd完美冒险\进阶职业\万兽王.htm,4,完美系列：完备进阶指南 / [CAd] 完美冒险：技能专家指南 / 2. 进阶职业,完美系列：完备进阶指南,[CAd] 完美冒险：技能专家指南
动物之王,3 完美系列\CAd完美冒险\进阶职业\动物之王.htm,4,完美系列：完备进阶指南 / [CAd] 完美冒险：技能专家指南 / 2. 进阶职业,完美系列：完备进阶指南,[CAd] 完美冒险：技能专家指南
暴风战士,3 完美系列\CAd完美冒险\进阶职业\暴风战士.htm,4,完美系列：完备进阶指南 / [CAd] 完美冒险：技能专家指南 / 2. 进阶职业,完美系列：完备进阶指南,[CAd] 完美冒险：技能专家指南
变相怪杰,3 完美系列\CAd完美冒险\进阶职业\变形大师.htm,4,完美系列：完备进阶指南 / [CAd] 完美冒险：技能专家指南 / 2. 进阶职业,完美系列：完备进阶指南,[CAd] 完美冒险：技能专家指南
匕咒法师,3 完美系列\CAd完美冒险\进阶职业\匕咒法师.htm,4,完美系列：完备进阶指南 / [CAd] 完美冒险：技能专家指南 / 2. 进阶职业,完美系列：完备进阶指南,[CAd] 完美冒险：技能专家指南
鬼面杀手,3 完美系列\CAd完美冒险\进阶职业\鬼面杀手.htm,4,完美系列：完备进阶指南 / [CAd] 完美冒险：技能专家指南 / 2. 进阶职业,完美系列：完备进阶指南,[CAd] 完美冒险：技能专家指南
影敌行者,3 完美系列\CAd完美冒险\进阶职业\影敌行者_.htm,4,完美系列：完备进阶指南 / [CAd] 完美冒险：技能专家指南 / 2. 进阶职业,完美系列：完备进阶指南,[CAd] 完美冒险：技能专家指南
义务警员,3 完美系列\CAd完美冒险\进阶职业\义务警员.htm,4,完美系列：完备进阶指南 / [CAd] 完美冒险：技能专家指南 / 2. 进阶职业,完美系列：完备进阶指南,[CAd] 完美冒险：技能专家指南
恐怖海盗,3 完美系列\CAd完美冒险\进阶职业\恐怖海盗.htm,4,完美系列：完备进阶指南 / [CAd] 完美冒险：技能专家指南 / 2. 进阶职业,完美系列：完备进阶指南,[CAd] 完美冒险：技能专家指南
街头霸王,3 完美系列\CAd完美冒险\进阶职业\街头霸王.htm,4,完美系列：完备进阶指南 / [CAd] 完美冒险：技能专家指南 / 2. 进阶职业,完美系列：完备进阶指南,[CAd] 完美冒险：技能专家指南
间谍大师,3 完美系列\CAd完美冒险\进阶职业\间谍大师.htm,4,完美系列：完备进阶指南 / [CAd] 完美冒险：技能专家指南 / 2. 进阶职业,完美系列：完备进阶指南,[CAd] 完美冒险：技能专家指南
荒原骠骑,3 完美系列\CAd完美冒险\进阶职业\荒原骠骑_.htm,4,完美系列：完备进阶指南 / [CAd] 完美冒险：技能专家指南 / 2. 进阶职业,完美系列：完备进阶指南,[CAd] 完美冒险：技能专家指南
影敌审判官,3 完美系列\CAd完美冒险\进阶职业\影敌审判官.htm,4,完美系列：完备进阶指南 / [CAd] 完美冒险：技能专家指南 / 2. 进阶职业,完美系列：完备进阶指南,[CAd] 完美冒险：技能专家指南
夜歌执法者,3 完美系列\CAd完美冒险\进阶职业\夜歌执法者.htm,4,完美系列：完备进阶指南 / [CAd] 完美冒险：技能专家指南 / 2. 进阶职业,完美系列：完备进阶指南,[CAd] 完美冒险：技能专家指南
夜歌渗透者,3 完美系列\CAd完美冒险\进阶职业\夜歌渗透者.htm,4,完美系列：完备进阶指南 / [CAd] 完美冒险：技能专家指南 / 2. 进阶职业,完美系列：完备进阶指南,[CAd] 完美冒险：技能专家指南
高地潜行者,3 完美系列\CAd完美冒险\进阶职业\高地潜行者.htm,4,完美系列：完备进阶指南 / [CAd] 完美冒险：技能专家指南 / 2. 进阶职业,完美系列：完备进阶指南,[CAd] 完美冒险：技能专家指南
地城探险家,3 完美系列\CAd完美冒险\进阶职业\地城探险者.htm,4,完美系列：完备进阶指南 / [CAd] 完美冒险：技能专家指南 / 2. 进阶职业,完美系列：完备进阶指南,[CAd] 完美冒险：技能专家指南
匕咒变形者,3 完美系列\CAd完美冒险\进阶职业\匕咒变形者.htm,4,完美系列：完备进阶指南 / [CAd] 完美冒险：技能专家指南 / 2. 进阶职业,完美系列：完备进阶指南,[CAd] 完美冒险：技能专家指南
佛克路坎七弦琴手,3 完美系列\CAd完美冒险\进阶职业\佛克路坎七弦琴手.htm,4,完美系列：完备进阶指南 / [CAd] 完美冒险：技能专家指南 / 2. 进阶职业,完美系列：完备进阶指南,[CAd] 完美冒险：技能专家指南
3. 技能与专长,,3,完美系列：完备进阶指南 / [CAd] 完美冒险：技能专家指南,完美系列：完备进阶指南,[CAd] 完美冒险：技能专家指南
技能,,4,完美系列：完备进阶指南 / [CAd] 完美冒险：技能专家指南 / 3. 技能与专长,完美系列：完备进阶指南,[CAd] 完美冒险：技能专家指南
共同尝试技能,3 完美系列\CAd完美冒险\技能专长\共同尝试技能.htm,5,完美系列：完备进阶指南 / [CAd] 完美冒险：技能专家指南 / 3. 技能与专长 / 技能,完美系列：完备进阶指南,[CAd] 完美冒险：技能专家指南
扩展技能描述,3 完美系列\CAd完美冒险\技能专长\扩展技能描述.htm,5,完美系列：完备进阶指南 / [CAd] 完美冒险：技能专家指南 / 3. 技能与专长 / 技能,完美系列：完备进阶指南,[CAd] 完美冒险：技能专家指南
普通专长,3 完美系列\CAd完美冒险\技能专长\普通专长.htm,4,完美系列：完备进阶指南 / [CAd] 完美冒险：技能专家指南 / 3. 技能与专长,完美系列：完备进阶指南,[CAd] 完美冒险：技能专家指南
吟唱专长,3 完美系列\CAd完美冒险\技能专长\吟唱专长.htm,4,完美系列：完备进阶指南 / [CAd] 完美冒险：技能专家指南 / 3. 技能与专长,完美系列：完备进阶指南,[CAd] 完美冒险：技能专家指南
野性专长,3 完美系列\CAd完美冒险\技能专长\野性专长.htm,4,完美系列：完备进阶指南 / [CAd] 完美冒险：技能专家指南 / 3. 技能与专长,完美系列：完备进阶指南,[CAd] 完美冒险：技能专家指南
4. 装备与物品,,3,完美系列：完备进阶指南 / [CAd] 完美冒险：技能专家指南,完美系列：完备进阶指南,[CAd] 完美冒险：技能专家指南
奇物,3 完美系列\CAd完美冒险\装备物品\奇物.htm,4,完美系列：完备进阶指南 / [CAd] 完美冒险：技能专家指南 / 4. 装备与物品,完美系列：完备进阶指南,[CAd] 完美冒险：技能专家指南
武器,3 完美系列\CAd完美冒险\装备物品\新增武器.htm,4,完美系列：完备进阶指南 / [CAd] 完美冒险：技能专家指南 / 4. 装备与物品,完美系列：完备进阶指南,[CAd] 完美冒险：技能专家指南
魔法物品,3 完美系列\CAd完美冒险\装备物品\魔法物品.htm,4,完美系列：完备进阶指南 / [CAd] 完美冒险：技能专家指南 / 4. 装备与物品,完美系列：完备进阶指南,[CAd] 完美冒险：技能专家指南
精制乐器,3 完美系列\CAd完美冒险\装备物品\精制乐器.htm,4,完美系列：完备进阶指南 / [CAd] 完美冒险：技能专家指南 / 4. 装备与物品,完美系列：完备进阶指南,[CAd] 完美冒险：技能专家指南
炼金胶囊,3 完美系列\CAd完美冒险\装备物品\炼金胶囊.htm,4,完美系列：完备进阶指南 / [CAd] 完美冒险：技能专家指南 / 4. 装备与物品,完美系列：完备进阶指南,[CAd] 完美冒险：技能专家指南
炼金术物品,3 完美系列\CAd完美冒险\装备物品\炼金术物品.htm,4,完美系列：完备进阶指南 / [CAd] 完美冒险：技能专家指南 / 4. 装备与物品,完美系列：完备进阶指南,[CAd] 完美冒险：技能专家指南
工具和技能工具,3 完美系列\CAd完美冒险\装备物品\工具和技能工具.htm,4,完美系列：完备进阶指南 / [CAd] 完美冒险：技能专家指南 / 4. 装备与物品,完美系列：完备进阶指南,[CAd] 完美冒险：技能专家指南
5. 法术,,3,完美系列：完备进阶指南 / [CAd] 完美冒险：技能专家指南,完美系列：完备进阶指南,[CAd] 完美冒险：技能专家指南
迅捷与直觉动作,3 完美系列\CAd完美冒险\法术动作\迅捷与直觉.htm,4,完美系列：完备进阶指南 / [CAd] 完美冒险：技能专家指南 / 5. 法术,完美系列：完备进阶指南,[CAd] 完美冒险：技能专家指南
法术列表,3 完美系列\CAd完美冒险\法术动作\法术列表.htm,4,完美系列：完备进阶指南 / [CAd] 完美冒险：技能专家指南 / 5. 法术,完美系列：完备进阶指南,[CAd] 完美冒险：技能专家指南
法术详述,3 完美系列\CAd完美冒险\法术动作\法术详述.htm,4,完美系列：完备进阶指南 / [CAd] 完美冒险：技能专家指南 / 5. 法术,完美系列：完备进阶指南,[CAd] 完美冒险：技能专家指南
6. 组织,3 完美系列\CAd完美冒险\组织\组织.htm,3,完美系列：完备进阶指南 / [CAd] 完美冒险：技能专家指南,完美系列：完备进阶指南,[CAd] 完美冒险：技能专家指南
附录：传奇探险者,,3,完美系列：完备进阶指南 / [CAd] 完美冒险：技能专家指南,完美系列：完备进阶指南,[CAd] 完美冒险：技能专家指南
范例传奇进阶职业：地城探险家,3 完美系列\CAd完美冒险\传奇等级\范例传奇进阶.htm,4,完美系列：完备进阶指南 / [CAd] 完美冒险：技能专家指南 / 附录：传奇探险者,完美系列：完备进阶指南,[CAd] 完美冒险：技能专家指南
传奇专长,3 完美系列\CAd完美冒险\传奇等级\传奇专长.htm,4,完美系列：完备进阶指南 / [CAd] 完美冒险：技能专家指南 / 附录：传奇探险者,完美系列：完备进阶指南,[CAd] 完美冒险：技能专家指南
[CAr] 完美奥术：奥秘魔法指南,3 完美系列\CAr完美奥术\封面\完美奥术.htm,2,完美系列：完备进阶指南,完美系列：完备进阶指南,[CAr] 完美奥术：奥秘魔法指南
前言,3 完美系列\CAr完美奥术\前言.htm,3,完美系列：完备进阶指南 / [CAr] 完美奥术：奥秘魔法指南,完美系列：完备进阶指南,[CAr] 完美奥术：奥秘魔法指南
1. 基础职业,,3,完美系列：完备进阶指南 / [CAr] 完美奥术：奥秘魔法指南,完美系列：完备进阶指南,[CAr] 完美奥术：奥秘魔法指南
邪术师,3 完美系列\CAr完美奥术\1.基础\邪术师.htm,4,完美系列：完备进阶指南 / [CAr] 完美奥术：奥秘魔法指南 / 1. 基础职业,完美系列：完备进阶指南,[CAr] 完美奥术：奥秘魔法指南
战法师,3 完美系列\CAr完美奥术\1.基础\战法师.htm,4,完美系列：完备进阶指南 / [CAr] 完美奥术：奥秘魔法指南 / 1. 基础职业,完美系列：完备进阶指南,[CAr] 完美奥术：奥秘魔法指南
巫觋,3 完美系列\CAr完美奥术\1.基础\巫觋.htm,4,完美系列：完备进阶指南 / [CAr] 完美奥术：奥秘魔法指南 / 1. 基础职业,完美系列：完备进阶指南,[CAr] 完美奥术：奥秘魔法指南
2. 进阶职业,,3,完美系列：完备进阶指南 / [CAr] 完美奥术：奥秘魔法指南,完美系列：完备进阶指南,[CAr] 完美奥术：奥秘魔法指南
血灵师,3 完美系列\CAr完美奥术\2.进阶\血灵师.htm,4,完美系列：完备进阶指南 / [CAr] 完美奥术：奥秘魔法指南 / 2. 进阶职业,完美系列：完备进阶指南,[CAr] 完美奥术：奥秘魔法指南
植皮者,3 完美系列\CAr完美奥术\2.进阶\植皮者.htm,4,完美系列：完备进阶指南 / [CAr] 完美奥术：奥秘魔法指南 / 2. 进阶职业,完美系列：完备进阶指南,[CAr] 完美奥术：奥秘魔法指南
曲心者,3 完美系列\CAr完美奥术\2.进阶\曲心者.htm,4,完美系列：完备进阶指南 / [CAr] 完美奥术：奥秘魔法指南 / 2. 进阶职业,完美系列：完备进阶指南,[CAr] 完美奥术：奥秘魔法指南
银白学者,3 完美系列\CAr完美奥术\2.进阶\银白学者.htm,4,完美系列：完备进阶指南 / [CAr] 完美奥术：奥秘魔法指南 / 2. 进阶职业,完美系列：完备进阶指南,[CAr] 完美奥术：奥秘魔法指南
超凡之弦,3 完美系列\CAr完美奥术\2.进阶\超凡之弦.htm,4,完美系列：完备进阶指南 / [CAr] 完美奥术：奥秘魔法指南 / 2. 进阶职业,完美系列：完备进阶指南,[CAr] 完美奥术：奥秘魔法指南
错乱法师,3 完美系列\CAr完美奥术\2.进阶\错乱法师.htm,4,完美系列：完备进阶指南 / [CAr] 完美奥术：奥秘魔法指南 / 2. 进阶职业,完美系列：完备进阶指南,[CAr] 完美奥术：奥秘魔法指南
虹彩学徒,3 完美系列\CAr完美奥术\2.进阶\虹彩学徒.htm,4,完美系列：完备进阶指南 / [CAr] 完美奥术：奥秘魔法指南 / 2. 进阶职业,完美系列：完备进阶指南,[CAr] 完美奥术：奥秘魔法指南
变形大师,3 完美系列\CAr完美奥术\2.进阶\变形大师.htm,4,完美系列：完备进阶指南 / [CAr] 完美奥术：奥秘魔法指南 / 2. 进阶职业,完美系列：完备进阶指南,[CAr] 完美奥术：奥秘魔法指南
奥法尖兵,3 完美系列\CAr完美奥术\2.进阶\奥法尖兵.htm,4,完美系列：完备进阶指南 / [CAr] 完美奥术：奥秘魔法指南 / 2. 进阶职业,完美系列：完备进阶指南,[CAr] 完美奥术：奥秘魔法指南
启迪之拳,3 完美系列\CAr完美奥术\2.进阶\启迪之拳.htm,4,完美系列：完备进阶指南 / [CAr] 完美奥术：奥秘魔法指南 / 2. 进阶职业,完美系列：完备进阶指南,[CAr] 完美奥术：奥秘魔法指南
雕象大师,3 完美系列\CAr完美奥术\2.进阶\雕象大师.htm,4,完美系列：完备进阶指南 / [CAr] 完美奥术：奥秘魔法指南 / 2. 进阶职业,完美系列：完备进阶指南,[CAr] 完美奥术：奥秘魔法指南
几何学者,3 完美系列\CAr完美奥术\2.进阶\几何学者.htm,4,完美系列：完备进阶指南 / [CAr] 完美奥术：奥秘魔法指南 / 2. 进阶职业,完美系列：完备进阶指南,[CAr] 完美奥术：奥秘魔法指南
异形学家,3 完美系列\CAr完美奥术\2.进阶\异形学家.htm,4,完美系列：完备进阶指南 / [CAr] 完美奥术：奥秘魔法指南 / 2. 进阶职业,完美系列：完备进阶指南,[CAr] 完美奥术：奥秘魔法指南
元素学者,3 完美系列\CAr完美奥术\2.进阶\元素学者.htm,4,完美系列：完备进阶指南 / [CAr] 完美奥术：奥秘魔法指南 / 2. 进阶职业,完美系列：完备进阶指南,[CAr] 完美奥术：奥秘魔法指南
天运法师,3 完美系列\CAr完美奥术\2.进阶\天运法师.htm,4,完美系列：完备进阶指南 / [CAr] 完美奥术：奥秘魔法指南 / 2. 进阶职业,完美系列：完备进阶指南,[CAr] 完美奥术：奥秘魔法指南
翡翠星大师,3 完美系列\CAr完美奥术\2.进阶\翡翠星大师.htm,4,完美系列：完备进阶指南 / [CAr] 完美奥术：奥秘魔法指南 / 2. 进阶职业,完美系列：完备进阶指南,[CAr] 完美奥术：奥秘魔法指南
乐之追寻者,3 完美系列\CAr完美奥术\2.进阶\乐之追寻者.htm,4,完美系列：完备进阶指南 / [CAr] 完美奥术：奥秘魔法指南 / 2. 进阶职业,完美系列：完备进阶指南,[CAr] 完美奥术：奥秘魔法指南
奥法联合会法师,3 完美系列\CAr完美奥术\2.进阶\奥法联合会法师.htm,4,完美系列：完备进阶指南 / [CAr] 完美奥术：奥秘魔法指南 / 2. 进阶职业,完美系列：完备进阶指南,[CAr] 完美奥术：奥秘魔法指南
导途者,3 完美系列\CAr完美奥术\2.进阶\导途者.html,4,完美系列：完备进阶指南 / [CAr] 完美奥术：奥秘魔法指南 / 2. 进阶职业,完美系列：完备进阶指南,[CAr] 完美奥术：奥秘魔法指南
3. 专长,3 完美系列\CAr完美奥术\4.专长\专长.htm,3,完美系列：完备进阶指南 / [CAr] 完美奥术：奥秘魔法指南,完美系列：完备进阶指南,[CAr] 完美奥术：奥秘魔法指南
一般专长,3 完美系列\CAr完美奥术\4.专长\一般专长.htm,4,完美系列：完备进阶指南 / [CAr] 完美奥术：奥秘魔法指南 / 3. 专长,完美系列：完备进阶指南,[CAr] 完美奥术：奥秘魔法指南
龙脉专长,3 完美系列\CAr完美奥术\4.专长\龙脉专长.htm,4,完美系列：完备进阶指南 / [CAr] 完美奥术：奥秘魔法指南 / 3. 专长,完美系列：完备进阶指南,[CAr] 完美奥术：奥秘魔法指南
超魔专长,3 完美系列\CAr完美奥术\4.专长\超魔专长.htm,4,完美系列：完备进阶指南 / [CAr] 完美奥术：奥秘魔法指南 / 3. 专长,完美系列：完备进阶指南,[CAr] 完美奥术：奥秘魔法指南
4. 法术与邪术,3 完美系列\CAr完美奥术\3.法术\法术说明.htm,3,完美系列：完备进阶指南 / [CAr] 完美奥术：奥秘魔法指南,完美系列：完备进阶指南,[CAr] 完美奥术：奥秘魔法指南
法术列表,3 完美系列\CAr完美奥术\3.法术\法术列表.htm,4,完美系列：完备进阶指南 / [CAr] 完美奥术：奥秘魔法指南 / 4. 法术与邪术,完美系列：完备进阶指南,[CAr] 完美奥术：奥秘魔法指南
法术详述,3 完美系列\CAr完美奥术\3.法术\法术详述.htm,4,完美系列：完备进阶指南 / [CAr] 完美奥术：奥秘魔法指南 / 4. 法术与邪术,完美系列：完备进阶指南,[CAr] 完美奥术：奥秘魔法指南
邪术列表,3 完美系列\CAr完美奥术\3.法术\邪术列表.htm,4,完美系列：完备进阶指南 / [CAr] 完美奥术：奥秘魔法指南 / 4. 法术与邪术,完美系列：完备进阶指南,[CAr] 完美奥术：奥秘魔法指南
邪术详述,3 完美系列\CAr完美奥术\3.法术\邪术详述.htm,4,完美系列：完备进阶指南 / [CAr] 完美奥术：奥秘魔法指南 / 4. 法术与邪术,完美系列：完备进阶指南,[CAr] 完美奥术：奥秘魔法指南
5. 魔法物品,3 完美系列\CAr完美奥术\5.物品\装备.htm,3,完美系列：完备进阶指南 / [CAr] 完美奥术：奥秘魔法指南,完美系列：完备进阶指南,[CAr] 完美奥术：奥秘魔法指南
戒指,3 完美系列\CAr完美奥术\5.物品\戒指.htm,4,完美系列：完备进阶指南 / [CAr] 完美奥术：奥秘魔法指南 / 5. 魔法物品,完美系列：完备进阶指南,[CAr] 完美奥术：奥秘魔法指南
奇物,3 完美系列\CAr完美奥术\5.物品\奇物.htm,4,完美系列：完备进阶指南 / [CAr] 完美奥术：奥秘魔法指南 / 5. 魔法物品,完美系列：完备进阶指南,[CAr] 完美奥术：奥秘魔法指南
法杖,3 完美系列\CAr完美奥术\5.物品\法杖.htm,4,完美系列：完备进阶指南 / [CAr] 完美奥术：奥秘魔法指南 / 5. 魔法物品,完美系列：完备进阶指南,[CAr] 完美奥术：奥秘魔法指南
权杖,3 完美系列\CAr完美奥术\5.物品\权杖.htm,4,完美系列：完备进阶指南 / [CAr] 完美奥术：奥秘魔法指南 / 5. 魔法物品,完美系列：完备进阶指南,[CAr] 完美奥术：奥秘魔法指南
附魔,3 完美系列\CAr完美奥术\5.物品\附魔.htm,4,完美系列：完备进阶指南 / [CAr] 完美奥术：奥秘魔法指南 / 5. 魔法物品,完美系列：完备进阶指南,[CAr] 完美奥术：奥秘魔法指南
材料,3 完美系列\CAr完美奥术\5.物品\材料.htm,4,完美系列：完备进阶指南 / [CAr] 完美奥术：奥秘魔法指南 / 5. 魔法物品,完美系列：完备进阶指南,[CAr] 完美奥术：奥秘魔法指南
法术书,3 完美系列\CAr完美奥术\5.物品\法术书.htm,4,完美系列：完备进阶指南 / [CAr] 完美奥术：奥秘魔法指南 / 5. 魔法物品,完美系列：完备进阶指南,[CAr] 完美奥术：奥秘魔法指南
6. 生物,,3,完美系列：完备进阶指南 / [CAr] 完美奥术：奥秘魔法指南,完美系列：完备进阶指南,[CAr] 完美奥术：奥秘魔法指南
雕像生物,3 完美系列\CAr完美奥术\6.生物\雕像生物.htm,4,完美系列：完备进阶指南 / [CAr] 完美奥术：奥秘魔法指南 / 6. 生物,完美系列：完备进阶指南,[CAr] 完美奥术：奥秘魔法指南
刺法生物,3 完美系列\CAr完美奥术\6.生物\刺法生物.htm,4,完美系列：完备进阶指南 / [CAr] 完美奥术：奥秘魔法指南 / 6. 生物,完美系列：完备进阶指南,[CAr] 完美奥术：奥秘魔法指南
元素巨怪,3 完美系列\CAr完美奥术\6.生物\元素巨怪.htm,4,完美系列：完备进阶指南 / [CAr] 完美奥术：奥秘魔法指南 / 6. 生物,完美系列：完备进阶指南,[CAr] 完美奥术：奥秘魔法指南
伪自然生物,3 完美系列\CAr完美奥术\6.生物\伪自然生物.htm,4,完美系列：完备进阶指南 / [CAr] 完美奥术：奥秘魔法指南 / 6. 生物,完美系列：完备进阶指南,[CAr] 完美奥术：奥秘魔法指南
元素惊骇怪,3 完美系列\CAr完美奥术\6.生物\元素惊骇怪.htm,4,完美系列：完备进阶指南 / [CAr] 完美奥术：奥秘魔法指南 / 6. 生物,完美系列：完备进阶指南,[CAr] 完美奥术：奥秘魔法指南
7. 战役,,3,完美系列：完备进阶指南 / [CAr] 完美奥术：奥秘魔法指南,完美系列：完备进阶指南,[CAr] 完美奥术：奥秘魔法指南
施法职业,3 完美系列\CAr完美奥术\7.战役\施法职业.htm,4,完美系列：完备进阶指南 / [CAr] 完美奥术：奥秘魔法指南 / 7. 战役,完美系列：完备进阶指南,[CAr] 完美奥术：奥秘魔法指南
专精法师,3 完美系列\CAr完美奥术\7.战役\专精法师.htm,4,完美系列：完备进阶指南 / [CAr] 完美奥术：奥秘魔法指南 / 7. 战役,完美系列：完备进阶指南,[CAr] 完美奥术：奥秘魔法指南
奥术战役,3 完美系列\CAr完美奥术\7.战役\奥术战役.htm,4,完美系列：完备进阶指南 / [CAr] 完美奥术：奥秘魔法指南 / 7. 战役,完美系列：完备进阶指南,[CAr] 完美奥术：奥秘魔法指南
奥术剧情,3 完美系列\CAr完美奥术\7.战役\奥术剧情.htm,4,完美系列：完备进阶指南 / [CAr] 完美奥术：奥秘魔法指南 / 7. 战役,完美系列：完备进阶指南,[CAr] 完美奥术：奥秘魔法指南
奥术组织,3 完美系列\CAr完美奥术\7.战役\奥术组织.htm,4,完美系列：完备进阶指南 / [CAr] 完美奥术：奥秘魔法指南 / 7. 战役,完美系列：完备进阶指南,[CAr] 完美奥术：奥秘魔法指南
奥术学识,3 完美系列\CAr完美奥术\7.战役\奥术学识.htm,4,完美系列：完备进阶指南 / [CAr] 完美奥术：奥秘魔法指南 / 7. 战役,完美系列：完备进阶指南,[CAr] 完美奥术：奥秘魔法指南
传奇奥术职业,,4,完美系列：完备进阶指南 / [CAr] 完美奥术：奥秘魔法指南 / 7. 战役,完美系列：完备进阶指南,[CAr] 完美奥术：奥秘魔法指南
传奇奥术角色,3 完美系列\CAr完美奥术\7.战役\传奇奥术职业\传奇奥术角色.htm,5,完美系列：完备进阶指南 / [CAr] 完美奥术：奥秘魔法指南 / 7. 战役 / 传奇奥术职业,完美系列：完备进阶指南,[CAr] 完美奥术：奥秘魔法指南
成为一名传奇奥术角色,3 完美系列\CAr完美奥术\7.战役\传奇奥术职业\成为一名传奇奥术角色.htm,5,完美系列：完备进阶指南 / [CAr] 完美奥术：奥秘魔法指南 / 7. 战役 / 传奇奥术职业,完美系列：完备进阶指南,[CAr] 完美奥术：奥秘魔法指南
传奇进阶职业角色,3 完美系列\CAr完美奥术\7.战役\传奇奥术职业\传奇进阶职业角色.htm,5,完美系列：完备进阶指南 / [CAr] 完美奥术：奥秘魔法指南 / 7. 战役 / 传奇奥术职业,完美系列：完备进阶指南,[CAr] 完美奥术：奥秘魔法指南
传奇奥法联合会法师,3 完美系列\CAr完美奥术\7.战役\传奇奥术职业\传奇奥法联合会法师.htm,5,完美系列：完备进阶指南 / [CAr] 完美奥术：奥秘魔法指南 / 7. 战役 / 传奇奥术职业,完美系列：完备进阶指南,[CAr] 完美奥术：奥秘魔法指南
传奇邪术师,3 完美系列\CAr完美奥术\7.战役\传奇奥术职业\传奇邪术师.htm,5,完美系列：完备进阶指南 / [CAr] 完美奥术：奥秘魔法指南 / 7. 战役 / 传奇奥术职业,完美系列：完备进阶指南,[CAr] 完美奥术：奥秘魔法指南
传奇战法师,3 完美系列\CAr完美奥术\7.战役\传奇奥术职业\传奇战法师.htm,5,完美系列：完备进阶指南 / [CAr] 完美奥术：奥秘魔法指南 / 7. 战役 / 传奇奥术职业,完美系列：完备进阶指南,[CAr] 完美奥术：奥秘魔法指南
传奇巫觋,3 完美系列\CAr完美奥术\7.战役\传奇奥术职业\传奇巫觋.htm,5,完美系列：完备进阶指南 / [CAr] 完美奥术：奥秘魔法指南 / 7. 战役 / 传奇奥术职业,完美系列：完备进阶指南,[CAr] 完美奥术：奥秘魔法指南
幻术师,3 完美系列\CAr完美奥术\7.战役\传奇奥术职业\幻术师.htm,5,完美系列：完备进阶指南 / [CAr] 完美奥术：奥秘魔法指南 / 7. 战役 / 传奇奥术职业,完美系列：完备进阶指南,[CAr] 完美奥术：奥秘魔法指南
传奇专长合集,3 完美系列\CAr完美奥术\7.战役\传奇奥术职业\传奇专长合集.htm,5,完美系列：完备进阶指南 / [CAr] 完美奥术：奥秘魔法指南 / 7. 战役 / 传奇奥术职业,完美系列：完备进阶指南,[CAr] 完美奥术：奥秘魔法指南
[CC] 完美斗士：神圣英雄指南,3 完美系列\CC完美斗士\插图\封面.htm,2,完美系列：完备进阶指南,完美系列：完备进阶指南,[CC] 完美斗士：神圣英雄指南
1. 宗教,3 完美系列\CC完美斗士\5组织\宗教.htm,3,完美系列：完备进阶指南 / [CC] 完美斗士：神圣英雄指南,完美系列：完备进阶指南,[CC] 完美斗士：神圣英雄指南
DND的教会,3 完美系列\CC完美斗士\5组织\教会和花销.htm,4,完美系列：完备进阶指南 / [CC] 完美斗士：神圣英雄指南 / 1. 宗教,完美系列：完备进阶指南,[CC] 完美斗士：神圣英雄指南
创世铁砧,3 完美系列\CC完美斗士\5组织\创世铁砧.htm,4,完美系列：完备进阶指南 / [CC] 完美斗士：神圣英雄指南 / 1. 宗教,完美系列：完备进阶指南,[CC] 完美斗士：神圣英雄指南
均衡教派,3 完美系列\CC完美斗士\5组织\均衡教派.htm,4,完美系列：完备进阶指南 / [CC] 完美斗士：神圣英雄指南 / 1. 宗教,完美系列：完备进阶指南,[CC] 完美斗士：神圣英雄指南
悠达拉之馈赠,3 完美系列\CC完美斗士\5组织\悠达拉之馈赠.htm,4,完美系列：完备进阶指南 / [CC] 完美斗士：神圣英雄指南 / 1. 宗教,完美系列：完备进阶指南,[CC] 完美斗士：神圣英雄指南
平等兄弟会,3 完美系列\CC完美斗士\5组织\平等兄弟会.htm,4,完美系列：完备进阶指南 / [CC] 完美斗士：神圣英雄指南 / 1. 宗教,完美系列：完备进阶指南,[CC] 完美斗士：神圣英雄指南
永恒图书馆,3 完美系列\CC完美斗士\5组织\永恒图书馆.htm,4,完美系列：完备进阶指南 / [CC] 完美斗士：神圣英雄指南 / 1. 宗教,完美系列：完备进阶指南,[CC] 完美斗士：神圣英雄指南
法兰恩之指引,3 完美系列\CC完美斗士\5组织\法兰恩之指引.htm,4,完美系列：完备进阶指南 / [CC] 完美斗士：神圣英雄指南 / 1. 宗教,完美系列：完备进阶指南,[CC] 完美斗士：神圣英雄指南
欢笑黑指党,3 完美系列\CC完美斗士\5组织\欢笑黑指党.htm,4,完美系列：完备进阶指南 / [CC] 完美斗士：神圣英雄指南 / 1. 宗教,完美系列：完备进阶指南,[CC] 完美斗士：神圣英雄指南
无畏之拳,3 完美系列\CC完美斗士\5组织\无畏之拳.htm,4,完美系列：完备进阶指南 / [CC] 完美斗士：神圣英雄指南 / 1. 宗教,完美系列：完备进阶指南,[CC] 完美斗士：神圣英雄指南
寇德武装,3 完美系列\CC完美斗士\5组织\寇德武装.htm,4,完美系列：完备进阶指南 / [CC] 完美斗士：神圣英雄指南 / 1. 宗教,完美系列：完备进阶指南,[CC] 完美斗士：神圣英雄指南
绯红神庙,3 完美系列\CC完美斗士\5组织\绯红神庙.htm,4,完美系列：完备进阶指南 / [CC] 完美斗士：神圣英雄指南 / 1. 宗教,完美系列：完备进阶指南,[CC] 完美斗士：神圣英雄指南
公正天秤,3 完美系列\CC完美斗士\5组织\公正天秤.htm,4,完美系列：完备进阶指南 / [CC] 完美斗士：神圣英雄指南 / 1. 宗教,完美系列：完备进阶指南,[CC] 完美斗士：神圣英雄指南
培罗耀光,3 完美系列\CC完美斗士\5组织\培罗耀光1.htm,4,完美系列：完备进阶指南 / [CC] 完美斗士：神圣英雄指南 / 1. 宗教,完美系列：完备进阶指南,[CC] 完美斗士：神圣英雄指南
真理神庙,3 完美系列\CC完美斗士\5组织\真理神庙.htm,4,完美系列：完备进阶指南 / [CC] 完美斗士：神圣英雄指南 / 1. 宗教,完美系列：完备进阶指南,[CC] 完美斗士：神圣英雄指南
闪烁之眼神庙,3 完美系列\CC完美斗士\5组织\闪烁之眼神庙.htm,4,完美系列：完备进阶指南 / [CC] 完美斗士：神圣英雄指南 / 1. 宗教,完美系列：完备进阶指南,[CC] 完美斗士：神圣英雄指南
黑暗教会,3 完美系列\CC完美斗士\5组织\黑暗教会.htm,4,完美系列：完备进阶指南 / [CC] 完美斗士：神圣英雄指南 / 1. 宗教,完美系列：完备进阶指南,[CC] 完美斗士：神圣英雄指南
创造DND教会,3 完美系列\CC完美斗士\5组织\创建DND教会.html,4,完美系列：完备进阶指南 / [CC] 完美斗士：神圣英雄指南 / 1. 宗教,完美系列：完备进阶指南,[CC] 完美斗士：神圣英雄指南
领域组织,3 完美系列\CC完美斗士\5组织\领域组织.htm,5,完美系列：完备进阶指南 / [CC] 完美斗士：神圣英雄指南 / 1. 宗教 / 创造DND教会,完美系列：完备进阶指南,[CC] 完美斗士：神圣英雄指南
2. 神力角色选项,,3,完美系列：完备进阶指南 / [CC] 完美斗士：神圣英雄指南,完美系列：完备进阶指南,[CC] 完美斗士：神圣英雄指南
基础职业变体,3 完美系列\CC完美斗士\2进阶\职业变体.htm,4,完美系列：完备进阶指南 / [CC] 完美斗士：神圣英雄指南 / 2. 神力角色选项,完美系列：完备进阶指南,[CC] 完美斗士：神圣英雄指南
专长,3 完美系列\CC完美斗士\1专长\专长.htm,4,完美系列：完备进阶指南 / [CC] 完美斗士：神圣英雄指南 / 2. 神力角色选项,完美系列：完备进阶指南,[CC] 完美斗士：神圣英雄指南
一般专长,3 完美系列\CC完美斗士\1专长\一般专长.htm,5,完美系列：完备进阶指南 / [CC] 完美斗士：神圣英雄指南 / 2. 神力角色选项 / 专长,完美系列：完备进阶指南,[CC] 完美斗士：神圣英雄指南
领域专长,3 完美系列\CC完美斗士\1专长\领域专长.htm,5,完美系列：完备进阶指南 / [CC] 完美斗士：神圣英雄指南 / 2. 神力角色选项 / 专长,完美系列：完备进阶指南,[CC] 完美斗士：神圣英雄指南
神力专长,3 完美系列\CC完美斗士\1专长\神力专长.htm,5,完美系列：完备进阶指南 / [CC] 完美斗士：神圣英雄指南 / 2. 神力角色选项 / 专长,完美系列：完备进阶指南,[CC] 完美斗士：神圣英雄指南
法储专长,3 完美系列\CC完美斗士\1专长\法储专长.htm,5,完美系列：完备进阶指南 / [CC] 完美斗士：神圣英雄指南 / 2. 神力角色选项 / 专长,完美系列：完备进阶指南,[CC] 完美斗士：神圣英雄指南
战术专长,3 完美系列\CC完美斗士\1专长\战术专长.htm,5,完美系列：完备进阶指南 / [CC] 完美斗士：神圣英雄指南 / 2. 神力角色选项 / 专长,完美系列：完备进阶指南,[CC] 完美斗士：神圣英雄指南
荒野专长,3 完美系列\CC完美斗士\1专长\荒野专长.htm,5,完美系列：完备进阶指南 / [CC] 完美斗士：神圣英雄指南 / 2. 神力角色选项 / 专长,完美系列：完备进阶指南,[CC] 完美斗士：神圣英雄指南
玩家组织,,4,完美系列：完备进阶指南 / [CC] 完美斗士：神圣英雄指南 / 2. 神力角色选项,完美系列：完备进阶指南,[CC] 完美斗士：神圣英雄指南
奇迹信徒,3 完美系列\CC完美斗士\5组织\奇迹信徒.htm,5,完美系列：完备进阶指南 / [CC] 完美斗士：神圣英雄指南 / 2. 神力角色选项 / 玩家组织,完美系列：完备进阶指南,[CC] 完美斗士：神圣英雄指南
培罗影卫,3 完美系列\CC完美斗士\5组织\培罗影卫.htm,5,完美系列：完备进阶指南 / [CC] 完美斗士：神圣英雄指南 / 2. 神力角色选项 / 玩家组织,完美系列：完备进阶指南,[CC] 完美斗士：神圣英雄指南
苍翠守卫,3 完美系列\CC完美斗士\5组织\苍翠守卫.htm,5,完美系列：完备进阶指南 / [CC] 完美斗士：神圣英雄指南 / 2. 神力角色选项 / 玩家组织,完美系列：完备进阶指南,[CC] 完美斗士：神圣英雄指南
精英学会,3 完美系列\CC完美斗士\5组织\精英会.htm,5,完美系列：完备进阶指南 / [CC] 完美斗士：神圣英雄指南 / 2. 神力角色选项 / 玩家组织,完美系列：完备进阶指南,[CC] 完美斗士：神圣英雄指南
进阶职业,,4,完美系列：完备进阶指南 / [CC] 完美斗士：神圣英雄指南 / 2. 神力角色选项,完美系列：完备进阶指南,[CC] 完美斗士：神圣英雄指南
影袭者,3 完美系列\CC完美斗士\2进阶\影袭者.htm,5,完美系列：完备进阶指南 / [CC] 完美斗士：神圣英雄指南 / 2. 神力角色选项 / 进阶职业,完美系列：完备进阶指南,[CC] 完美斗士：神圣英雄指南
暗影间谍,3 完美系列\CC完美斗士\2进阶\暗影间谍.htm,5,完美系列：完备进阶指南 / [CC] 完美斗士：神圣英雄指南 / 2. 神力角色选项 / 进阶职业,完美系列：完备进阶指南,[CC] 完美斗士：神圣英雄指南
传说侍从,3 完美系列\CC完美斗士\2进阶\传说侍从.htm,5,完美系列：完备进阶指南 / [CC] 完美斗士：神圣英雄指南 / 2. 神力角色选项 / 进阶职业,完美系列：完备进阶指南,[CC] 完美斗士：神圣英雄指南
精英魔战,3 完美系列\CC完美斗士\2进阶\精英魔战.htm,5,完美系列：完备进阶指南 / [CC] 完美斗士：神圣英雄指南 / 2. 神力角色选项 / 进阶职业,完美系列：完备进阶指南,[CC] 完美斗士：神圣英雄指南
精英使徒,3 完美系列\CC完美斗士\2进阶\精英使徒.htm,5,完美系列：完备进阶指南 / [CC] 完美斗士：神圣英雄指南 / 2. 神力角色选项 / 进阶职业,完美系列：完备进阶指南,[CC] 完美斗士：神圣英雄指南
神圣之子,3 完美系列\CC完美斗士\2进阶\神圣之子.htm,5,完美系列：完备进阶指南 / [CC] 完美斗士：神圣英雄指南 / 2. 神力角色选项 / 进阶职业,完美系列：完备进阶指南,[CC] 完美斗士：神圣英雄指南
天命斗士,3 完美系列\CC完美斗士\2进阶\天命斗士.htm,5,完美系列：完备进阶指南 / [CC] 完美斗士：神圣英雄指南 / 2. 神力角色选项 / 进阶职业,完美系列：完备进阶指南,[CC] 完美斗士：神圣英雄指南
森林之拳,3 完美系列\CC完美斗士\2进阶\森林之拳.htm,5,完美系列：完备进阶指南 / [CC] 完美斗士：神圣英雄指南 / 2. 神力角色选项 / 进阶职业,完美系列：完备进阶指南,[CC] 完美斗士：神圣英雄指南
森林执事,3 完美系列\CC完美斗士\2进阶\森林执事.htm,5,完美系列：完备进阶指南 / [CC] 完美斗士：神圣英雄指南 / 2. 神力角色选项 / 进阶职业,完美系列：完备进阶指南,[CC] 完美斗士：神圣英雄指南
林地守望者,3 完美系列\CC完美斗士\2进阶\林地守望者.htm,5,完美系列：完备进阶指南 / [CC] 完美斗士：神圣英雄指南 / 2. 神力角色选项 / 进阶职业,完美系列：完备进阶指南,[CC] 完美斗士：神圣英雄指南
神话沿循者,3 完美系列\CC完美斗士\2进阶\神话沿循者.htm,5,完美系列：完备进阶指南 / [CC] 完美斗士：神圣英雄指南 / 2. 神力角色选项 / 进阶职业,完美系列：完备进阶指南,[CC] 完美斗士：神圣英雄指南
3. 新法术,,3,完美系列：完备进阶指南 / [CC] 完美斗士：神圣英雄指南,完美系列：完备进阶指南,[CC] 完美斗士：神圣英雄指南
新法术,3 完美系列\CC完美斗士\3法术\新法术.htm,4,完美系列：完备进阶指南 / [CC] 完美斗士：神圣英雄指南 / 3. 新法术,完美系列：完备进阶指南,[CC] 完美斗士：神圣英雄指南
法术详述,3 完美系列\CC完美斗士\3法术\法术详述.htm,4,完美系列：完备进阶指南 / [CC] 完美斗士：神圣英雄指南 / 3. 新法术,完美系列：完备进阶指南,[CC] 完美斗士：神圣英雄指南
4. 神力道具,,3,完美系列：完备进阶指南 / [CC] 完美斗士：神圣英雄指南,完美系列：完备进阶指南,[CC] 完美斗士：神圣英雄指南
强力施法材料,3 完美系列\CC完美斗士\4装备\强力施法材料.htm,4,完美系列：完备进阶指南 / [CC] 完美斗士：神圣英雄指南 / 4. 神力道具,完美系列：完备进阶指南,[CC] 完美斗士：神圣英雄指南
特制圣徽,3 完美系列\CC完美斗士\4装备\特制圣徽.htm,4,完美系列：完备进阶指南 / [CC] 完美斗士：神圣英雄指南 / 4. 神力道具,完美系列：完备进阶指南,[CC] 完美斗士：神圣英雄指南
魔法装备,3 完美系列\CC完美斗士\4装备\魔法装备.htm,4,完美系列：完备进阶指南 / [CC] 完美斗士：神圣英雄指南 / 4. 神力道具,完美系列：完备进阶指南,[CC] 完美斗士：神圣英雄指南
领域法杖,3 完美系列\CC完美斗士\4装备\领域法杖.htm,4,完美系列：完备进阶指南 / [CC] 完美斗士：神圣英雄指南 / 4. 神力道具,完美系列：完备进阶指南,[CC] 完美斗士：神圣英雄指南
5. 神圣任务和圣地,3 完美系列\CC完美斗士\5组织\圣地\圣地简介.htm,3,完美系列：完备进阶指南 / [CC] 完美斗士：神圣英雄指南,完美系列：完备进阶指南,[CC] 完美斗士：神圣英雄指南
圣地简介,3 完美系列\CC完美斗士\5组织\圣地\圣地简介.htm,4,完美系列：完备进阶指南 / [CC] 完美斗士：神圣英雄指南 / 5. 神圣任务和圣地,完美系列：完备进阶指南,[CC] 完美斗士：神圣英雄指南
博卡布藏书馆,3 完美系列\CC完美斗士\5组织\圣地\博卡布藏书馆.htm,4,完美系列：完备进阶指南 / [CC] 完美斗士：神圣英雄指南 / 5. 神圣任务和圣地,完美系列：完备进阶指南,[CC] 完美斗士：神圣英雄指南
摩拉丁的冷锻炉,3 完美系列\CC完美斗士\5组织\圣地\摩拉丁的冷锻炉.htm,4,完美系列：完备进阶指南 / [CC] 完美斗士：神圣英雄指南 / 5. 神圣任务和圣地,完美系列：完备进阶指南,[CC] 完美斗士：神圣英雄指南
寇德的竞技场,3 完美系列\CC完美斗士\5组织\圣地\寇德的竞技场.htm,4,完美系列：完备进阶指南 / [CC] 完美斗士：神圣英雄指南 / 5. 神圣任务和圣地,完美系列：完备进阶指南,[CC] 完美斗士：神圣英雄指南
冰焰王庭,3 完美系列\CC完美斗士\5组织\圣地\冰焰王庭.htm,4,完美系列：完备进阶指南 / [CC] 完美斗士：神圣英雄指南 / 5. 神圣任务和圣地,完美系列：完备进阶指南,[CC] 完美斗士：神圣英雄指南
初晓神殿,3 完美系列\CC完美斗士\5组织\圣地\初晓神殿.htm,4,完美系列：完备进阶指南 / [CC] 完美斗士：神圣英雄指南 / 5. 神圣任务和圣地,完美系列：完备进阶指南,[CC] 完美斗士：神圣英雄指南
[CD] 完美神力：神圣魔法指南,3 完美系列\CD完美神力\封面.htm,2,完美系列：完备进阶指南,完美系列：完备进阶指南,[CD] 完美神力：神圣魔法指南
1. 基础职业,,3,完美系列：完备进阶指南 / [CD] 完美神力：神圣魔法指南,完美系列：完备进阶指南,[CD] 完美神力：神圣魔法指南
天佑者,3 完美系列\CD完美神力\基础职业\天佑者.htm,4,完美系列：完备进阶指南 / [CD] 完美神力：神圣魔法指南 / 1. 基础职业,完美系列：完备进阶指南,[CD] 完美神力：神圣魔法指南
修验者,3 完美系列\CD完美神力\基础职业\修验者（Shugenja）.htm,4,完美系列：完备进阶指南 / [CD] 完美神力：神圣魔法指南 / 1. 基础职业,完美系列：完备进阶指南,[CD] 完美神力：神圣魔法指南
灵魂萨满,3 完美系列\CD完美神力\基础职业\灵魂萨满（Spirit Shaman）.htm,4,完美系列：完备进阶指南 / [CD] 完美神力：神圣魔法指南 / 1. 基础职业,完美系列：完备进阶指南,[CD] 完美神力：神圣魔法指南
2. 进阶职业,,3,完美系列：完备进阶指南 / [CD] 完美神力：神圣魔法指南,完美系列：完备进阶指南,[CD] 完美神力：神圣魔法指南
枯萎者,3 完美系列\CD完美神力\进阶职业\枯萎者.htm,4,完美系列：完备进阶指南 / [CD] 完美神力：神圣魔法指南 / 2. 进阶职业,完美系列：完备进阶指南,[CD] 完美神力：神圣魔法指南
熵空使,3 完美系列\CD完美神力\进阶职业\熵空使.htm,4,完美系列：完备进阶指南 / [CD] 完美神力：神圣魔法指南 / 2. 进阶职业,完美系列：完备进阶指南,[CD] 完美神力：神圣魔法指南
神拳使,3 完美系列\CD完美神力\进阶职业\神拳使.htm,4,完美系列：完备进阶指南 / [CD] 完美神力：神圣魔法指南 / 2. 进阶职业,完美系列：完备进阶指南,[CD] 完美神力：神圣魔法指南
神谕使,3 完美系列\CD完美神力\进阶职业\神谕使.htm,4,完美系列：完备进阶指南 / [CD] 完美神力：神圣魔法指南 / 2. 进阶职业,完美系列：完备进阶指南,[CD] 完美神力：神圣魔法指南
土灵士,3 完美系列\CD完美神力\进阶职业\土灵士.htm,4,完美系列：完备进阶指南 / [CD] 完美神力：神圣魔法指南 / 2. 进阶职业,完美系列：完备进阶指南,[CD] 完美神力：神圣魔法指南
宣教士,3 完美系列\CD完美神力\进阶职业\宣教士.htm,4,完美系列：完备进阶指南 / [CD] 完美神力：神圣魔法指南 / 2. 进阶职业,完美系列：完备进阶指南,[CD] 完美神力：神圣魔法指南
彩虹侍者,3 完美系列\CD完美神力\进阶职业\彩虹侍者.htm,4,完美系列：完备进阶指南 / [CD] 完美神力：神圣魔法指南 / 2. 进阶职业,完美系列：完备进阶指南,[CD] 完美神力：神圣魔法指南
风暴领主,3 完美系列\CD完美神力\进阶职业\风暴领主.htm,4,完美系列：完备进阶指南 / [CD] 完美神力：神圣魔法指南 / 2. 进阶职业,完美系列：完备进阶指南,[CD] 完美神力：神圣魔法指南
黑焰狂徒,3 完美系列\CD完美神力\进阶职业\黑焰狂徒.htm,4,完美系列：完备进阶指南 / [CD] 完美神力：神圣魔法指南 / 2. 进阶职业,完美系列：完备进阶指南,[CD] 完美神力：神圣魔法指南
虔心祈者,3 完美系列\CD完美神力\进阶职业\虔心祈者.htm,4,完美系列：完备进阶指南 / [CD] 完美神力：神圣魔法指南 / 2. 进阶职业,完美系列：完备进阶指南,[CD] 完美神力：神圣魔法指南
圣堂武士,3 完美系列\CD完美神力\进阶职业\圣堂武士.htm,4,完美系列：完备进阶指南 / [CD] 完美神力：神圣魔法指南 / 2. 进阶职业,完美系列：完备进阶指南,[CD] 完美神力：神圣魔法指南
雾岛寻者,3 完美系列\CD完美神力\进阶职业\雾岛寻者.htm,4,完美系列：完备进阶指南 / [CD] 完美神力：神圣魔法指南 / 2. 进阶职业,完美系列：完备进阶指南,[CD] 完美神力：神圣魔法指南
亵渎祭司,3 完美系列\CD完美神力\进阶职业\亵渎祭司.htm,4,完美系列：完备进阶指南 / [CD] 完美神力：神圣魔法指南 / 2. 进阶职业,完美系列：完备进阶指南,[CD] 完美神力：神圣魔法指南
虚无信徒,3 完美系列\CD完美神力\进阶职业\虚无信徒.htm,4,完美系列：完备进阶指南 / [CD] 完美神力：神圣魔法指南 / 2. 进阶职业,完美系列：完备进阶指南,[CD] 完美神力：神圣魔法指南
医护骑士,3 完美系列\CD完美神力\进阶职业\医护骑士.htm,4,完美系列：完备进阶指南 / [CD] 完美神力：神圣魔法指南 / 2. 进阶职业,完美系列：完备进阶指南,[CD] 完美神力：神圣魔法指南
战争司祭,3 完美系列\CD完美神力\进阶职业\战争司祭.htm,4,完美系列：完备进阶指南 / [CD] 完美神力：神圣魔法指南 / 2. 进阶职业,完美系列：完备进阶指南,[CD] 完美神力：神圣魔法指南
神圣解放者,3 完美系列\CD完美神力\进阶职业\神圣解放者.htm,4,完美系列：完备进阶指南 / [CD] 完美神力：神圣魔法指南 / 2. 进阶职业,完美系列：完备进阶指南,[CD] 完美神力：神圣魔法指南
神圣驱魔师,3 完美系列\CD完美神力\进阶职业\神圣驱魔师.htm,4,完美系列：完备进阶指南 / [CD] 完美神力：神圣魔法指南 / 2. 进阶职业,完美系列：完备进阶指南,[CD] 完美神力：神圣魔法指南
神圣十字军,3 完美系列\CD完美神力\进阶职业\神圣十字军.htm,4,完美系列：完备进阶指南 / [CD] 完美神力：神圣魔法指南 / 2. 进阶职业,完美系列：完备进阶指南,[CD] 完美神力：神圣魔法指南
教廷审判官,3 完美系列\CD完美神力\进阶职业\教廷审判官.htm,4,完美系列：完备进阶指南 / [CD] 完美神力：神圣魔法指南 / 2. 进阶职业,完美系列：完备进阶指南,[CD] 完美神力：神圣魔法指南
崇圣狩猎者,3 完美系列\CD完美神力\进阶职业\崇圣狩猎者.htm,4,完美系列：完备进阶指南 / [CD] 完美神力：神圣魔法指南 / 2. 进阶职业,完美系列：完备进阶指南,[CD] 完美神力：神圣魔法指南
培罗的光辉侍者,3 完美系列\CD完美神力\进阶职业\培罗的光辉侍者.htm,4,完美系列：完备进阶指南 / [CD] 完美神力：神圣魔法指南 / 2. 进阶职业,完美系列：完备进阶指南,[CD] 完美神力：神圣魔法指南
海若尼斯的闪耀之刃,3 完美系列\CD完美神力\进阶职业\海若尼斯的闪耀之刃.htm,4,完美系列：完备进阶指南 / [CD] 完美神力：神圣魔法指南 / 2. 进阶职业,完美系列：完备进阶指南,[CD] 完美神力：神圣魔法指南
渥利达马拉的神庙奇兵,3 完美系列\CD完美神力\进阶职业\渥利达马拉的神庙奇兵.htm,4,完美系列：完备进阶指南 / [CD] 完美神力：神圣魔法指南 / 2. 进阶职业,完美系列：完备进阶指南,[CD] 完美神力：神圣魔法指南
关于官网补充资源(咒文等),3 完美系列\CD完美神力\进阶职业\关于官网资源.htm,4,完美系列：完备进阶指南 / [CD] 完美神力：神圣魔法指南 / 2. 进阶职业,完美系列：完备进阶指南,[CD] 完美神力：神圣魔法指南
3. 专长,,3,完美系列：完备进阶指南 / [CD] 完美神力：神圣魔法指南,完美系列：完备进阶指南,[CD] 完美神力：神圣魔法指南
一般专长,3 完美系列\CD完美神力\专长\一般专长.htm,4,完美系列：完备进阶指南 / [CD] 完美神力：神圣魔法指南 / 3. 专长,完美系列：完备进阶指南,[CD] 完美神力：神圣魔法指南
野性专长,3 完美系列\CD完美神力\专长\野性专长.htm,4,完美系列：完备进阶指南 / [CD] 完美神力：神圣魔法指南 / 3. 专长,完美系列：完备进阶指南,[CD] 完美神力：神圣魔法指南
神圣专长,3 完美系列\CD完美神力\专长\神圣专长.htm,4,完美系列：完备进阶指南 / [CD] 完美神力：神圣魔法指南 / 3. 专长,完美系列：完备进阶指南,[CD] 完美神力：神圣魔法指南
超魔专长,3 完美系列\CD完美神力\专长\超魔专长.htm,4,完美系列：完备进阶指南 / [CD] 完美神力：神圣魔法指南 / 3. 专长,完美系列：完备进阶指南,[CD] 完美神力：神圣魔法指南
信仰专长,3 完美系列\CD完美神力\专长\信仰专长.htm,4,完美系列：完备进阶指南 / [CD] 完美神力：神圣魔法指南 / 3. 专长,完美系列：完备进阶指南,[CD] 完美神力：神圣魔法指南
4. 魔法物品,,3,完美系列：完备进阶指南 / [CD] 完美神力：神圣魔法指南,完美系列：完备进阶指南,[CD] 完美神力：神圣魔法指南
圣物,3 完美系列\CD完美神力\圣物.htm,4,完美系列：完备进阶指南 / [CD] 完美神力：神圣魔法指南 / 4. 魔法物品,完美系列：完备进阶指南,[CD] 完美神力：神圣魔法指南
法杖,3 完美系列\CD完美神力\法杖.htm,4,完美系列：完备进阶指南 / [CD] 完美神力：神圣魔法指南 / 4. 魔法物品,完美系列：完备进阶指南,[CD] 完美神力：神圣魔法指南
5. 灰鹰神祇,3 完美系列\CD完美神力\灰鹰神祇\灰鹰的诸神.htm,3,完美系列：完备进阶指南 / [CD] 完美神力：神圣魔法指南,完美系列：完备进阶指南,[CD] 完美神力：神圣魔法指南
丽儿,3 完美系列\CD完美神力\灰鹰神祇\神祇详情\丽儿.htm,4,完美系列：完备进阶指南 / [CD] 完美神力：神圣魔法指南 / 5. 灰鹰神祇,完美系列：完备进阶指南,[CD] 完美神力：神圣魔法指南
伊乌兹,3 完美系列\CD完美神力\灰鹰神祇\神祇详情\伊乌兹.htm,4,完美系列：完备进阶指南 / [CD] 完美神力：神圣魔法指南 / 5. 灰鹰神祇,完美系列：完备进阶指南,[CD] 完美神力：神圣魔法指南
伊斯塔斯,3 完美系列\CD完美神力\灰鹰神祇\神祇详情\伊斯塔斯.htm,4,完美系列：完备进阶指南 / [CD] 完美神力：神圣魔法指南 / 5. 灰鹰神祇,完美系列：完备进阶指南,[CD] 完美神力：神圣魔法指南
佛塔斯,3 完美系列\CD完美神力\灰鹰神祇\神祇详情\佛塔斯.htm,4,完美系列：完备进阶指南 / [CD] 完美神力：神圣魔法指南 / 5. 灰鹰神祇,完美系列：完备进阶指南,[CD] 完美神力：神圣魔法指南
佛涅丝,3 完美系列\CD完美神力\灰鹰神祇\神祇详情\佛涅丝.htm,4,完美系列：完备进阶指南 / [CD] 完美神力：神圣魔法指南 / 5. 灰鹰神祇,完美系列：完备进阶指南,[CD] 完美神力：神圣魔法指南
兰多,3 完美系列\CD完美神力\灰鹰神祇\神祇详情\兰多.htm,4,完美系列：完备进阶指南 / [CD] 完美神力：神圣魔法指南 / 5. 灰鹰神祇,完美系列：完备进阶指南,[CD] 完美神力：神圣魔法指南
兹尔图斯,3 完美系列\CD完美神力\灰鹰神祇\神祇详情\兹尔图斯.htm,4,完美系列：完备进阶指南 / [CD] 完美神力：神圣魔法指南 / 5. 灰鹰神祇,完美系列：完备进阶指南,[CD] 完美神力：神圣魔法指南
别雅瑞,3 完美系列\CD完美神力\灰鹰神祇\神祇详情\别雅瑞.htm,4,完美系列：完备进阶指南 / [CD] 完美神力：神圣魔法指南 / 5. 灰鹰神祇,完美系列：完备进阶指南,[CD] 完美神力：神圣魔法指南
勒格,3 完美系列\CD完美神力\灰鹰神祇\神祇详情\勒格.htm,4,完美系列：完备进阶指南 / [CD] 完美神力：神圣魔法指南 / 5. 灰鹰神祇,完美系列：完备进阶指南,[CD] 完美神力：神圣魔法指南
匹里麻斯,3 完美系列\CD完美神力\灰鹰神祇\神祇详情\匹里麻斯.htm,4,完美系列：完备进阶指南 / [CD] 完美神力：神圣魔法指南 / 5. 灰鹰神祇,完美系列：完备进阶指南,[CD] 完美神力：神圣魔法指南
博卡布,3 完美系列\CD完美神力\灰鹰神祇\神祇详情\博卡布.htm,4,完美系列：完备进阶指南 / [CD] 完美神力：神圣魔法指南 / 5. 灰鹰神祇,完美系列：完备进阶指南,[CD] 完美神力：神圣魔法指南
厄瑞斯努,3 完美系列\CD完美神力\灰鹰神祇\神祇详情\厄瑞斯努.htm,4,完美系列：完备进阶指南 / [CD] 完美神力：神圣魔法指南 / 5. 灰鹰神祇,完美系列：完备进阶指南,[CD] 完美神力：神圣魔法指南
吉斯卡,3 完美系列\CD完美神力\灰鹰神祇\神祇详情\吉斯卡.htm,4,完美系列：完备进阶指南 / [CD] 完美神力：神圣魔法指南 / 5. 灰鹰神祇,完美系列：完备进阶指南,[CD] 完美神力：神圣魔法指南
吉步,3 完美系列\CD完美神力\灰鹰神祇\神祇详情\吉步.htm,4,完美系列：完备进阶指南 / [CD] 完美神力：神圣魔法指南 / 5. 灰鹰神祇,完美系列：完备进阶指南,[CD] 完美神力：神圣魔法指南
圣·库斯伯特,3 完美系列\CD完美神力\灰鹰神祇\神祇详情\圣·库斯伯特.htm,4,完美系列：完备进阶指南 / [CD] 完美神力：神圣魔法指南 / 5. 灰鹰神祇,完美系列：完备进阶指南,[CD] 完美神力：神圣魔法指南
培罗,3 完美系列\CD完美神力\灰鹰神祇\神祇详情\培罗.htm,4,完美系列：完备进阶指南 / [CD] 完美神力：神圣魔法指南 / 5. 灰鹰神祇,完美系列：完备进阶指南,[CD] 完美神力：神圣魔法指南
塞哈涅,3 完美系列\CD完美神力\灰鹰神祇\神祇详情\塞哈涅.htm,4,完美系列：完备进阶指南 / [CD] 完美神力：神圣魔法指南 / 5. 灰鹰神祇,完美系列：完备进阶指南,[CD] 完美神力：神圣魔法指南
塞莱斯汀,3 完美系列\CD完美神力\灰鹰神祇\神祇详情\塞莱斯汀.htm,4,完美系列：完备进阶指南 / [CD] 完美神力：神圣魔法指南 / 5. 灰鹰神祇,完美系列：完备进阶指南,[CD] 完美神力：神圣魔法指南
塞露,3 完美系列\CD完美神力\灰鹰神祇\神祇详情\塞露.htm,4,完美系列：完备进阶指南 / [CD] 完美神力：神圣魔法指南 / 5. 灰鹰神祇,完美系列：完备进阶指南,[CD] 完美神力：神圣魔法指南
奈落,3 完美系列\CD完美神力\灰鹰神祇\神祇详情\奈落.htm,4,完美系列：完备进阶指南 / [CD] 完美神力：神圣魔法指南 / 5. 灰鹰神祇,完美系列：完备进阶指南,[CD] 完美神力：神圣魔法指南
婕斯泰,3 完美系列\CD完美神力\灰鹰神祇\神祇详情\婕斯泰.htm,4,完美系列：完备进阶指南 / [CD] 完美神力：神圣魔法指南 / 5. 灰鹰神祇,完美系列：完备进阶指南,[CD] 完美神力：神圣魔法指南
密丽斯,3 完美系列\CD完美神力\灰鹰神祇\神祇详情\密丽斯.htm,4,完美系列：完备进阶指南 / [CD] 完美神力：神圣魔法指南 / 5. 灰鹰神祇,完美系列：完备进阶指南,[CD] 完美神力：神圣魔法指南
寇德,3 完美系列\CD完美神力\灰鹰神祇\神祇详情\寇德.htm,4,完美系列：完备进阶指南 / [CD] 完美神力：神圣魔法指南 / 5. 灰鹰神祇,完美系列：完备进阶指南,[CD] 完美神力：神圣魔法指南
居尔莉,3 完美系列\CD完美神力\灰鹰神祇\神祇详情\居尔莉.htm,4,完美系列：完备进阶指南 / [CD] 完美神力：神圣魔法指南 / 5. 灰鹰神祇,完美系列：完备进阶指南,[CD] 完美神力：神圣魔法指南
岛特,3 完美系列\CD完美神力\灰鹰神祇\神祇详情\岛特.htm,4,完美系列：完备进阶指南 / [CD] 完美神力：神圣魔法指南 / 5. 灰鹰神祇,完美系列：完备进阶指南,[CD] 完美神力：神圣魔法指南
布朗,3 完美系列\CD完美神力\灰鹰神祇\神祇详情\布朗.htm,4,完美系列：完备进阶指南 / [CD] 完美神力：神圣魔法指南 / 5. 灰鹰神祇,完美系列：完备进阶指南,[CD] 完美神力：神圣魔法指南
布莱尔德,3 完美系列\CD完美神力\灰鹰神祇\神祇详情\布莱尔德.htm,4,完美系列：完备进阶指南 / [CD] 完美神力：神圣魔法指南 / 5. 灰鹰神祇,完美系列：完备进阶指南,[CD] 完美神力：神圣魔法指南
康娄,3 完美系列\CD完美神力\灰鹰神祇\神祇详情\康娄.htm,4,完美系列：完备进阶指南 / [CD] 完美神力：神圣魔法指南 / 5. 灰鹰神祇,完美系列：完备进阶指南,[CD] 完美神力：神圣魔法指南
恩塞德,3 完美系列\CD完美神力\灰鹰神祇\神祇详情\恩塞德.htm,4,完美系列：完备进阶指南 / [CD] 完美神力：神圣魔法指南 / 5. 灰鹰神祇,完美系列：完备进阶指南,[CD] 完美神力：神圣魔法指南
戴莱堡,3 完美系列\CD完美神力\灰鹰神祇\神祇详情\戴莱堡.htm,4,完美系列：完备进阶指南 / [CD] 完美神力：神圣魔法指南 / 5. 灰鹰神祇,完美系列：完备进阶指南,[CD] 完美神力：神圣魔法指南
扎尔达,3 完美系列\CD完美神力\灰鹰神祇\神祇详情\扎尔达.htm,4,完美系列：完备进阶指南 / [CD] 完美神力：神圣魔法指南 / 5. 灰鹰神祇,完美系列：完备进阶指南,[CD] 完美神力：神圣魔法指南
拉奥,3 完美系列\CD完美神力\灰鹰神祇\神祇详情\拉奥.htm,4,完美系列：完备进阶指南 / [CD] 完美神力：神圣魔法指南 / 5. 灰鹰神祇,完美系列：完备进阶指南,[CD] 完美神力：神圣魔法指南
文泰,3 完美系列\CD完美神力\灰鹰神祇\神祇详情\文泰.htm,4,完美系列：完备进阶指南 / [CD] 完美神力：神圣魔法指南 / 5. 灰鹰神祇,完美系列：完备进阶指南,[CD] 完美神力：神圣魔法指南
普朗坎,3 完美系列\CD完美神力\灰鹰神祇\神祇详情\普朗坎.htm,4,完美系列：完备进阶指南 / [CD] 完美神力：神圣魔法指南 / 5. 灰鹰神祇,完美系列：完备进阶指南,[CD] 完美神力：神圣魔法指南
林蒂雅,3 完美系列\CD完美神力\灰鹰神祇\神祇详情\林蒂雅.htm,4,完美系列：完备进阶指南 / [CD] 完美神力：神圣魔法指南 / 5. 灰鹰神祇,完美系列：完备进阶指南,[CD] 完美神力：神圣魔法指南
梅丽凯,3 完美系列\CD完美神力\灰鹰神祇\神祇详情\梅丽凯.htm,4,完美系列：完备进阶指南 / [CD] 完美神力：神圣魔法指南 / 5. 灰鹰神祇,完美系列：完备进阶指南,[CD] 完美神力：神圣魔法指南
森岛,3 完美系列\CD完美神力\灰鹰神祇\神祇详情\森岛.htm,4,完美系列：完备进阶指南 / [CD] 完美神力：神圣魔法指南 / 5. 灰鹰神祇,完美系列：完备进阶指南,[CD] 完美神力：神圣魔法指南
欧拉,3 完美系列\CD完美神力\灰鹰神祇\神祇详情\欧拉.htm,4,完美系列：完备进阶指南 / [CD] 完美神力：神圣魔法指南 / 5. 灰鹰神祇,完美系列：完备进阶指南,[CD] 完美神力：神圣魔法指南
欧拜,3 完美系列\CD完美神力\灰鹰神祇\神祇详情\欧拜.htm,4,完美系列：完备进阶指南 / [CD] 完美神力：神圣魔法指南 / 5. 灰鹰神祇,完美系列：完备进阶指南,[CD] 完美神力：神圣魔法指南
毛利勃,3 完美系列\CD完美神力\灰鹰神祇\神祇详情\毛利勃.htm,4,完美系列：完备进阶指南 / [CD] 完美神力：神圣魔法指南 / 5. 灰鹰神祇,完美系列：完备进阶指南,[CD] 完美神力：神圣魔法指南
汝欧肯,3 完美系列\CD完美神力\灰鹰神祇\神祇详情\汝欧肯.htm,4,完美系列：完备进阶指南 / [CD] 完美神力：神圣魔法指南 / 5. 灰鹰神祇,完美系列：完备进阶指南,[CD] 完美神力：神圣魔法指南
法兰恩,3 完美系列\CD完美神力\灰鹰神祇\神祇详情\法兰恩.htm,4,完美系列：完备进阶指南 / [CD] 完美神力：神圣魔法指南 / 5. 灰鹰神祇,完美系列：完备进阶指南,[CD] 完美神力：神圣魔法指南
泰尔区,3 完美系列\CD完美神力\灰鹰神祇\神祇详情\泰尔区.htm,4,完美系列：完备进阶指南 / [CD] 完美神力：神圣魔法指南 / 5. 灰鹰神祇,完美系列：完备进阶指南,[CD] 完美神力：神圣魔法指南
泰德里昂,3 完美系列\CD完美神力\灰鹰神祇\神祇详情\泰德里昂.htm,4,完美系列：完备进阶指南 / [CD] 完美神力：神圣魔法指南 / 5. 灰鹰神祇,完美系列：完备进阶指南,[CD] 完美神力：神圣魔法指南
浮托勃,3 完美系列\CD完美神力\灰鹰神祇\神祇详情\浮托勃.htm,4,完美系列：完备进阶指南 / [CD] 完美神力：神圣魔法指南 / 5. 灰鹰神祇,完美系列：完备进阶指南,[CD] 完美神力：神圣魔法指南
海克斯托,3 完美系列\CD完美神力\灰鹰神祇\神祇详情\海克斯托.htm,4,完美系列：完备进阶指南 / [CD] 完美神力：神圣魔法指南 / 5. 灰鹰神祇,完美系列：完备进阶指南,[CD] 完美神力：神圣魔法指南
海若尼斯,3 完美系列\CD完美神力\灰鹰神祇\神祇详情\海若尼斯.htm,4,完美系列：完备进阶指南 / [CD] 完美神力：神圣魔法指南 / 5. 灰鹰神祇,完美系列：完备进阶指南,[CD] 完美神力：神圣魔法指南
渥利达马拉,3 完美系列\CD完美神力\灰鹰神祇\神祇详情\渥利达马拉.htm,4,完美系列：完备进阶指南 / [CD] 完美神力：神圣魔法指南 / 5. 灰鹰神祇,完美系列：完备进阶指南,[CD] 完美神力：神圣魔法指南
瓦图,3 完美系列\CD完美神力\灰鹰神祇\神祇详情\瓦图.htm,4,完美系列：完备进阶指南 / [CD] 完美神力：神圣魔法指南 / 5. 灰鹰神祇,完美系列：完备进阶指南,[CD] 完美神力：神圣魔法指南
瓦斯却,3 完美系列\CD完美神力\灰鹰神祇\神祇详情\瓦斯却.htm,4,完美系列：完备进阶指南 / [CD] 完美神力：神圣魔法指南 / 5. 灰鹰神祇,完美系列：完备进阶指南,[CD] 完美神力：神圣魔法指南
维克那,3 完美系列\CD完美神力\灰鹰神祇\神祇详情\维克那.htm,4,完美系列：完备进阶指南 / [CD] 完美神力：神圣魔法指南 / 5. 灰鹰神祇,完美系列：完备进阶指南,[CD] 完美神力：神圣魔法指南
维婕丝,3 完美系列\CD完美神力\灰鹰神祇\神祇详情\维婕丝.htm,4,完美系列：完备进阶指南 / [CD] 完美神力：神圣魔法指南 / 5. 灰鹰神祇,完美系列：完备进阶指南,[CD] 完美神力：神圣魔法指南
罗尔刹,3 完美系列\CD完美神力\灰鹰神祇\神祇详情\罗尔刹.htm,4,完美系列：完备进阶指南 / [CD] 完美神力：神圣魔法指南 / 5. 灰鹰神祇,完美系列：完备进阶指南,[CD] 完美神力：神圣魔法指南
艾历图尔,3 完美系列\CD完美神力\灰鹰神祇\神祇详情\艾历图尔.htm,4,完美系列：完备进阶指南 / [CD] 完美神力：神圣魔法指南 / 5. 灰鹰神祇,完美系列：完备进阶指南,[CD] 完美神力：神圣魔法指南
艾罗娜,3 完美系列\CD完美神力\灰鹰神祇\神祇详情\艾罗娜.htm,4,完美系列：完备进阶指南 / [CD] 完美神力：神圣魔法指南 / 5. 灰鹰神祇,完美系列：完备进阶指南,[CD] 完美神力：神圣魔法指南
芒寇,3 完美系列\CD完美神力\灰鹰神祇\神祇详情\芒寇.htm,4,完美系列：完备进阶指南 / [CD] 完美神力：神圣魔法指南 / 5. 灰鹰神祇,完美系列：完备进阶指南,[CD] 完美神力：神圣魔法指南
英凯布居罗斯,3 完美系列\CD完美神力\灰鹰神祇\神祇详情\英凯布居罗斯.htm,4,完美系列：完备进阶指南 / [CD] 完美神力：神圣魔法指南 / 5. 灰鹰神祇,完美系列：完备进阶指南,[CD] 完美神力：神圣魔法指南
莎提亚,3 完美系列\CD完美神力\灰鹰神祇\神祇详情\莎提亚.htm,4,完美系列：完备进阶指南 / [CD] 完美神力：神圣魔法指南 / 5. 灰鹰神祇,完美系列：完备进阶指南,[CD] 完美神力：神圣魔法指南
莱兹爱渥,3 完美系列\CD完美神力\灰鹰神祇\神祇详情\莱兹爱渥.htm,4,完美系列：完备进阶指南 / [CD] 完美神力：神圣魔法指南 / 5. 灰鹰神祇,完美系列：完备进阶指南,[CD] 完美神力：神圣魔法指南
萨奇克,3 完美系列\CD完美神力\灰鹰神祇\神祇详情\萨奇克.htm,4,完美系列：完备进阶指南 / [CD] 完美神力：神圣魔法指南 / 5. 灰鹰神祇,完美系列：完备进阶指南,[CD] 完美神力：神圣魔法指南
萨瑞兹顿,3 完美系列\CD完美神力\灰鹰神祇\神祇详情\萨瑞兹顿.htm,4,完美系列：完备进阶指南 / [CD] 完美神力：神圣魔法指南 / 5. 灰鹰神祇,完美系列：完备进阶指南,[CD] 完美神力：神圣魔法指南
贝塔,3 完美系列\CD完美神力\灰鹰神祇\神祇详情\贝塔.htm,4,完美系列：完备进阶指南 / [CD] 完美神力：神圣魔法指南 / 5. 灰鹰神祇,完美系列：完备进阶指南,[CD] 完美神力：神圣魔法指南
贝欧瑞,3 完美系列\CD完美神力\灰鹰神祇\神祇详情\贝欧瑞.htm,4,完美系列：完备进阶指南 / [CD] 完美神力：神圣魔法指南 / 5. 灰鹰神祇,完美系列：完备进阶指南,[CD] 完美神力：神圣魔法指南
费尔坦,3 完美系列\CD完美神力\灰鹰神祇\神祇详情\费尔坦.htm,4,完美系列：完备进阶指南 / [CD] 完美神力：神圣魔法指南 / 5. 灰鹰神祇,完美系列：完备进阶指南,[CD] 完美神力：神圣魔法指南
费尔康,3 完美系列\CD完美神力\灰鹰神祇\神祇详情\费尔康.htm,4,完美系列：完备进阶指南 / [CD] 完美神力：神圣魔法指南 / 5. 灰鹰神祇,完美系列：完备进阶指南,[CD] 完美神力：神圣魔法指南
赞雅,3 完美系列\CD完美神力\灰鹰神祇\神祇详情\赞雅.htm,4,完美系列：完备进阶指南 / [CD] 完美神力：神圣魔法指南 / 5. 灰鹰神祇,完美系列：完备进阶指南,[CD] 完美神力：神圣魔法指南
迈阿辛,3 完美系列\CD完美神力\灰鹰神祇\神祇详情\迈阿辛.htm,4,完美系列：完备进阶指南 / [CD] 完美神力：神圣魔法指南 / 5. 灰鹰神祇,完美系列：完备进阶指南,[CD] 完美神力：神圣魔法指南
阿尔阿科巴,3 完美系列\CD完美神力\灰鹰神祇\神祇详情\阿尔阿科巴.htm,4,完美系列：完备进阶指南 / [CD] 完美神力：神圣魔法指南 / 5. 灰鹰神祇,完美系列：完备进阶指南,[CD] 完美神力：神圣魔法指南
阿居雅,3 完美系列\CD完美神力\灰鹰神祇\神祇详情\阿居雅.htm,4,完美系列：完备进阶指南 / [CD] 完美神力：神圣魔法指南 / 5. 灰鹰神祇,完美系列：完备进阶指南,[CD] 完美神力：神圣魔法指南
阿斯派姆,3 完美系列\CD完美神力\灰鹰神祇\神祇详情\阿斯派姆.htm,4,完美系列：完备进阶指南 / [CD] 完美神力：神圣魔法指南 / 5. 灰鹰神祇,完美系列：完备进阶指南,[CD] 完美神力：神圣魔法指南
露德,3 完美系列\CD完美神力\灰鹰神祇\神祇详情\露德.htm,4,完美系列：完备进阶指南 / [CD] 完美神力：神圣魔法指南 / 5. 灰鹰神祇,完美系列：完备进阶指南,[CD] 完美神力：神圣魔法指南
6. 神力世界,,3,完美系列：完备进阶指南 / [CD] 完美神力：神圣魔法指南,完美系列：完备进阶指南,[CD] 完美神力：神圣魔法指南
前言,3 完美系列\CD完美神力\神力世界\前言.htm,4,完美系列：完备进阶指南 / [CD] 完美神力：神圣魔法指南 / 6. 神力世界,完美系列：完备进阶指南,[CD] 完美神力：神圣魔法指南
死后之事,3 完美系列\CD完美神力\神力世界\死后之事.htm,4,完美系列：完备进阶指南 / [CD] 完美神力：神圣魔法指南 / 6. 神力世界,完美系列：完备进阶指南,[CD] 完美神力：神圣魔法指南
死亡一刻,3 完美系列\CD完美神力\神力世界\死亡一刻.htm,5,完美系列：完备进阶指南 / [CD] 完美神力：神圣魔法指南 / 6. 神力世界 / 死后之事,完美系列：完备进阶指南,[CD] 完美神力：神圣魔法指南
去向何方,3 完美系列\CD完美神力\神力世界\去向何方.htm,5,完美系列：完备进阶指南 / [CD] 完美神力：神圣魔法指南 / 6. 神力世界 / 死后之事,完美系列：完备进阶指南,[CD] 完美神力：神圣魔法指南
终焉之地,3 完美系列\CD完美神力\神力世界\终焉之地.htm,5,完美系列：完备进阶指南 / [CD] 完美神力：神圣魔法指南 / 6. 神力世界 / 死后之事,完美系列：完备进阶指南,[CD] 完美神力：神圣魔法指南
亡者生活,3 完美系列\CD完美神力\神力世界\亡者生活.htm,5,完美系列：完备进阶指南 / [CD] 完美神力：神圣魔法指南 / 6. 神力世界 / 死后之事,完美系列：完备进阶指南,[CD] 完美神力：神圣魔法指南
无法回归的情况,3 完美系列\CD完美神力\神力世界\无法回归的情况.htm,6,完美系列：完备进阶指南 / [CD] 完美神力：神圣魔法指南 / 6. 神力世界 / 死后之事 / 亡者生活,完美系列：完备进阶指南,[CD] 完美神力：神圣魔法指南
神权国度,3 完美系列\CD完美神力\神力世界\神权国度.htm,4,完美系列：完备进阶指南 / [CD] 完美神力：神圣魔法指南 / 6. 神力世界,完美系列：完备进阶指南,[CD] 完美神力：神圣魔法指南
泛神殿集团,3 完美系列\CD完美神力\神力世界\泛神殿集团.htm,5,完美系列：完备进阶指南 / [CD] 完美神力：神圣魔法指南 / 6. 神力世界 / 神权国度,完美系列：完备进阶指南,[CD] 完美神力：神圣魔法指南
教派与纷争,3 完美系列\CD完美神力\神力世界\教派与纷争.htm,5,完美系列：完备进阶指南 / [CD] 完美神力：神圣魔法指南 / 6. 神力世界 / 神权国度,完美系列：完备进阶指南,[CD] 完美神力：神圣魔法指南
地区及分散教会,3 完美系列\CD完美神力\神力世界\地区及分散教会.htm,5,完美系列：完备进阶指南 / [CD] 完美神力：神圣魔法指南 / 6. 神力世界 / 神权国度,完美系列：完备进阶指南,[CD] 完美神力：神圣魔法指南
邪教,3 完美系列\CD完美神力\神力世界\邪教.htm,5,完美系列：完备进阶指南 / [CD] 完美神力：神圣魔法指南 / 6. 神力世界 / 神权国度,完美系列：完备进阶指南,[CD] 完美神力：神圣魔法指南
7. 法术,,3,完美系列：完备进阶指南 / [CD] 完美神力：神圣魔法指南,完美系列：完备进阶指南,[CD] 完美神力：神圣魔法指南
领域,3 完美系列\CD完美神力\领域.htm,4,完美系列：完备进阶指南 / [CD] 完美神力：神圣魔法指南 / 7. 法术,完美系列：完备进阶指南,[CD] 完美神力：神圣魔法指南
新增法术,3 完美系列\CD完美神力\法术\新增法术.htm,4,完美系列：完备进阶指南 / [CD] 完美神力：神圣魔法指南 / 7. 法术,完美系列：完备进阶指南,[CD] 完美神力：神圣魔法指南
修验者法术,3 完美系列\CD完美神力\法术\修验者法术.htm,4,完美系列：完备进阶指南 / [CD] 完美神力：神圣魔法指南 / 7. 法术,完美系列：完备进阶指南,[CD] 完美神力：神圣魔法指南
修验者教团法术,3 完美系列\CD完美神力\法术\修验者教团法术.htm,4,完美系列：完备进阶指南 / [CD] 完美神力：神圣魔法指南 / 7. 法术,完美系列：完备进阶指南,[CD] 完美神力：神圣魔法指南
法术详述,3 完美系列\CD完美神力\法术\法术详述.htm,4,完美系列：完备进阶指南 / [CD] 完美神力：神圣魔法指南 / 7. 法术,完美系列：完备进阶指南,[CD] 完美神力：神圣魔法指南
[CM] 完美巫师：神秘事物指南,3 完美系列\CM完美巫师\封面.htm,2,完美系列：完备进阶指南,完美系列：完备进阶指南,[CM] 完美巫师：神秘事物指南
1. 基本原理,,3,完美系列：完备进阶指南 / [CM] 完美巫师：神秘事物指南,完美系列：完备进阶指南,[CM] 完美巫师：神秘事物指南
魔法的本质,3 完美系列\CM完美巫师\魔法的本质.htm,4,完美系列：完备进阶指南 / [CM] 完美巫师：神秘事物指南 / 1. 基本原理,完美系列：完备进阶指南,[CM] 完美巫师：神秘事物指南
奥术施法者定位,3 完美系列\CM完美巫师\奥术施法者定位.htm,4,完美系列：完备进阶指南 / [CM] 完美巫师：神秘事物指南 / 1. 基本原理,完美系列：完备进阶指南,[CM] 完美巫师：神秘事物指南
法术学派,3 完美系列\CM完美巫师\4法术\法术学派..htm,4,完美系列：完备进阶指南 / [CM] 完美巫师：神秘事物指南 / 1. 基本原理,完美系列：完备进阶指南,[CM] 完美巫师：神秘事物指南
背景,3 完美系列\CM完美巫师\幻术师背景.htm,4,完美系列：完备进阶指南 / [CM] 完美巫师：神秘事物指南 / 1. 基本原理,完美系列：完备进阶指南,[CM] 完美巫师：神秘事物指南
2. 角色拓展,,3,完美系列：完备进阶指南 / [CM] 完美巫师：神秘事物指南,完美系列：完备进阶指南,[CM] 完美巫师：神秘事物指南
职业变体,3 完美系列\CM完美巫师\2变体\变体职业特性..htm,4,完美系列：完备进阶指南 / [CM] 完美巫师：神秘事物指南 / 2. 角色拓展,完美系列：完备进阶指南,[CM] 完美巫师：神秘事物指南
专长,3 完美系列\CM完美巫师\1专长\专长..htm,4,完美系列：完备进阶指南 / [CM] 完美巫师：神秘事物指南 / 2. 角色拓展,完美系列：完备进阶指南,[CM] 完美巫师：神秘事物指南
3. 进阶职业,,3,完美系列：完备进阶指南 / [CM] 完美巫师：神秘事物指南,完美系列：完备进阶指南,[CM] 完美巫师：神秘事物指南
奥咏之弦,3 完美系列\CM完美巫师\3进阶\奥咏之弦.htm,4,完美系列：完备进阶指南 / [CM] 完美巫师：神秘事物指南 / 3. 进阶职业,完美系列：完备进阶指南,[CM] 完美巫师：神秘事物指南
否决之刃,3 完美系列\CM完美巫师\3进阶\否决之刃.htm,4,完美系列：完备进阶指南 / [CM] 完美巫师：神秘事物指南 / 3. 进阶职业,完美系列：完备进阶指南,[CM] 完美巫师：神秘事物指南
魔焰术师,3 完美系列\CM完美巫师\3进阶\魔焰术师.htm,4,完美系列：完备进阶指南 / [CM] 完美巫师：神秘事物指南 / 3. 进阶职业,完美系列：完备进阶指南,[CM] 完美巫师：神秘事物指南
魔焰信徒,3 完美系列\CM完美巫师\3进阶\魔焰信徒.htm,4,完美系列：完备进阶指南 / [CM] 完美巫师：神秘事物指南 / 3. 进阶职业,完美系列：完备进阶指南,[CM] 完美巫师：神秘事物指南
启迪之魂,3 完美系列\CM完美巫师\3进阶\启迪之魂.htm,4,完美系列：完备进阶指南 / [CM] 完美巫师：神秘事物指南 / 3. 进阶职业,完美系列：完备进阶指南,[CM] 完美巫师：神秘事物指南
无踪先知,3 完美系列\CM完美巫师\3进阶\无踪先知.htm,4,完美系列：完备进阶指南 / [CM] 完美巫师：神秘事物指南 / 3. 进阶职业,完美系列：完备进阶指南,[CM] 完美巫师：神秘事物指南
学派大师,3 完美系列\CM完美巫师\3进阶\学派大师.htm,4,完美系列：完备进阶指南 / [CM] 完美巫师：神秘事物指南 / 3. 进阶职业,完美系列：完备进阶指南,[CM] 完美巫师：神秘事物指南
野性之心,3 完美系列\CM完美巫师\3进阶\野性之心.htm,4,完美系列：完备进阶指南 / [CM] 完美巫师：神秘事物指南 / 3. 进阶职业,完美系列：完备进阶指南,[CM] 完美巫师：神秘事物指南
神圣鞭笞者,3 完美系列\CM完美巫师\3进阶\神圣鞭笞者.htm,4,完美系列：完备进阶指南 / [CM] 完美巫师：神秘事物指南 / 3. 进阶职业,完美系列：完备进阶指南,[CM] 完美巫师：神秘事物指南
梦魇编织者,3 完美系列\CM完美巫师\3进阶\梦魇编织者.htm,4,完美系列：完备进阶指南 / [CM] 完美巫师：神秘事物指南 / 3. 进阶职业,完美系列：完备进阶指南,[CM] 完美巫师：神秘事物指南
奥法追随者,3 完美系列\CM完美巫师\3进阶\奥法追随者.htm,4,完美系列：完备进阶指南 / [CM] 完美巫师：神秘事物指南 / 3. 进阶职业,完美系列：完备进阶指南,[CM] 完美巫师：神秘事物指南
4. 法术与邪术,,3,完美系列：完备进阶指南 / [CM] 完美巫师：神秘事物指南,完美系列：完备进阶指南,[CM] 完美巫师：神秘事物指南
法术列表,3 完美系列\CM完美巫师\4法术\法术列表.htm,4,完美系列：完备进阶指南 / [CM] 完美巫师：神秘事物指南 / 4. 法术与邪术,完美系列：完备进阶指南,[CM] 完美巫师：神秘事物指南
法术详述,3 完美系列\CM完美巫师\4法术\法术详述..htm,4,完美系列：完备进阶指南 / [CM] 完美巫师：神秘事物指南 / 4. 法术与邪术,完美系列：完备进阶指南,[CM] 完美巫师：神秘事物指南
新邪术,3 完美系列\CM完美巫师\4法术\新邪术.htm,4,完美系列：完备进阶指南 / [CM] 完美巫师：神秘事物指南 / 4. 法术与邪术,完美系列：完备进阶指南,[CM] 完美巫师：神秘事物指南
5. 奥术物品,,3,完美系列：完备进阶指南 / [CM] 完美巫师：神秘事物指南,完美系列：完备进阶指南,[CM] 完美巫师：神秘事物指南
魔法物品,3 完美系列\CM完美巫师\5物品\魔法物品.htm,4,完美系列：完备进阶指南 / [CM] 完美巫师：神秘事物指南 / 5. 奥术物品,完美系列：完备进阶指南,[CM] 完美巫师：神秘事物指南
炼金术物品,3 完美系列\CM完美巫师\5物品\炼金术物品.htm,4,完美系列：完备进阶指南 / [CM] 完美巫师：神秘事物指南 / 5. 奥术物品,完美系列：完备进阶指南,[CM] 完美巫师：神秘事物指南
可选施法材料,3 完美系列\CM完美巫师\5物品\特殊施法材料.htm,4,完美系列：完备进阶指南 / [CM] 完美巫师：神秘事物指南 / 5. 奥术物品,完美系列：完备进阶指南,[CM] 完美巫师：神秘事物指南
6. 奥术冒险,,3,完美系列：完备进阶指南 / [CM] 完美巫师：神秘事物指南,完美系列：完备进阶指南,[CM] 完美巫师：神秘事物指南
魔法地点,3 完美系列\CM完美巫师\6其他\魔法地点\魔法地点.htm,4,完美系列：完备进阶指南 / [CM] 完美巫师：神秘事物指南 / 6. 奥术冒险,完美系列：完备进阶指南,[CM] 完美巫师：神秘事物指南
云座,3 完美系列\CM完美巫师\6其他\云座.htm,5,完美系列：完备进阶指南 / [CM] 完美巫师：神秘事物指南 / 6. 奥术冒险 / 魔法地点,完美系列：完备进阶指南,[CM] 完美巫师：神秘事物指南
超魔风暴,3 完美系列\CM完美巫师\6其他\超魔风暴.htm,5,完美系列：完备进阶指南 / [CM] 完美巫师：神秘事物指南 / 6. 奥术冒险 / 魔法地点,完美系列：完备进阶指南,[CM] 完美巫师：神秘事物指南
魔法地点总览,3 完美系列\CM完美巫师\6其他\魔法地点\魔法地点总览.htm,5,完美系列：完备进阶指南 / [CM] 完美巫师：神秘事物指南 / 6. 奥术冒险 / 魔法地点,完美系列：完备进阶指南,[CM] 完美巫师：神秘事物指南
毕格比之墓,3 完美系列\CM完美巫师\6其他\魔法地点\毕格比之墓.htm,5,完美系列：完备进阶指南 / [CM] 完美巫师：神秘事物指南 / 6. 奥术冒险 / 魔法地点,完美系列：完备进阶指南,[CM] 完美巫师：神秘事物指南
博卡布书房,3 完美系列\CM完美巫师\6其他\魔法地点\博卡布书房.htm,5,完美系列：完备进阶指南 / [CM] 完美巫师：神秘事物指南 / 6. 奥术冒险 / 魔法地点,完美系列：完备进阶指南,[CM] 完美巫师：神秘事物指南
彩虹瀑布,3 完美系列\CM完美巫师\6其他\魔法地点\彩虹瀑布.htm,5,完美系列：完备进阶指南 / [CM] 完美巫师：神秘事物指南 / 6. 奥术冒险 / 魔法地点,完美系列：完备进阶指南,[CM] 完美巫师：神秘事物指南
盾石洞穴,3 完美系列\CM完美巫师\6其他\魔法地点\盾石洞穴.htm,5,完美系列：完备进阶指南 / [CM] 完美巫师：神秘事物指南 / 6. 奥术冒险 / 魔法地点,完美系列：完备进阶指南,[CM] 完美巫师：神秘事物指南
魂心池,3 完美系列\CM完美巫师\6其他\魔法地点\魂心池.htm,5,完美系列：完备进阶指南 / [CM] 完美巫师：神秘事物指南 / 6. 奥术冒险 / 魔法地点,完美系列：完备进阶指南,[CM] 完美巫师：神秘事物指南
龙血池,3 完美系列\CM完美巫师\6其他\魔法地点\龙血池.htm,5,完美系列：完备进阶指南 / [CM] 完美巫师：神秘事物指南 / 6. 奥术冒险 / 魔法地点,完美系列：完备进阶指南,[CM] 完美巫师：神秘事物指南
墓地,3 完美系列\CM完美巫师\6其他\魔法地点\墓地.htm,5,完美系列：完备进阶指南 / [CM] 完美巫师：神秘事物指南 / 6. 奥术冒险 / 魔法地点,完美系列：完备进阶指南,[CM] 完美巫师：神秘事物指南
世界汇集之地,3 完美系列\CM完美巫师\6其他\魔法地点\世界汇集之地.htm,5,完美系列：完备进阶指南 / [CM] 完美巫师：神秘事物指南 / 6. 奥术冒险 / 魔法地点,完美系列：完备进阶指南,[CM] 完美巫师：神秘事物指南
维婕丝秘窖,3 完美系列\CM完美巫师\6其他\魔法地点\维婕丝秘窖.htm,5,完美系列：完备进阶指南 / [CM] 完美巫师：神秘事物指南 / 6. 奥术冒险 / 魔法地点,完美系列：完备进阶指南,[CM] 完美巫师：神秘事物指南
永恒漩涡,3 完美系列\CM完美巫师\6其他\魔法地点\永恒漩涡.htm,5,完美系列：完备进阶指南 / [CM] 完美巫师：神秘事物指南 / 6. 奥术冒险 / 魔法地点,完美系列：完备进阶指南,[CM] 完美巫师：神秘事物指南
幽绕谷,3 完美系列\CM完美巫师\6其他\魔法地点\幽绕谷.htm,5,完美系列：完备进阶指南 / [CM] 完美巫师：神秘事物指南 / 6. 奥术冒险 / 魔法地点,完美系列：完备进阶指南,[CM] 完美巫师：神秘事物指南
[CPsi] 完美灵能：精通灵能指南,3 完美系列\CPsi完美灵能\封面.htm,2,完美系列：完备进阶指南,完美系列：完备进阶指南,[CPsi] 完美灵能：精通灵能指南
1. 基础职业,,3,完美系列：完备进阶指南 / [CPsi] 完美灵能：精通灵能指南,完美系列：完备进阶指南,[CPsi] 完美灵能：精通灵能指南
炽念使,3 完美系列\CPsi完美灵能\1.基础\炽念使.htm,4,完美系列：完备进阶指南 / [CPsi] 完美灵能：精通灵能指南 / 1. 基础职业,完美系列：完备进阶指南,[CPsi] 完美灵能：精通灵能指南
圣念者,3 完美系列\CPsi完美灵能\1.基础\圣念者.htm,4,完美系列：完备进阶指南 / [CPsi] 完美灵能：精通灵能指南 / 1. 基础职业,完美系列：完备进阶指南,[CPsi] 完美灵能：精通灵能指南
潜伏者,3 完美系列\CPsi完美灵能\1.基础\潜伏者.htm,4,完美系列：完备进阶指南 / [CPsi] 完美灵能：精通灵能指南 / 1. 基础职业,完美系列：完备进阶指南,[CPsi] 完美灵能：精通灵能指南
心灵学者,3 完美系列\CPsi完美灵能\1.基础\心灵学者.htm,4,完美系列：完备进阶指南 / [CPsi] 完美灵能：精通灵能指南 / 1. 基础职业,完美系列：完备进阶指南,[CPsi] 完美灵能：精通灵能指南
2. 进阶职业,,3,完美系列：完备进阶指南 / [CPsi] 完美灵能：精通灵能指南,完美系列：完备进阶指南,[CPsi] 完美灵能：精通灵能指南
魂之弓,3 完美系列\CPsi完美灵能\2.进阶\魂之弓.htm,4,完美系列：完备进阶指南 / [CPsi] 完美灵能：精通灵能指南 / 2. 进阶职业,完美系列：完备进阶指南,[CPsi] 完美灵能：精通灵能指南
夺心子嗣,3 完美系列\CPsi完美灵能\2.进阶\夺心子嗣.htm,4,完美系列：完备进阶指南 / [CPsi] 完美灵能：精通灵能指南 / 2. 进阶职业,完美系列：完备进阶指南,[CPsi] 完美灵能：精通灵能指南
风暴信徒,3 完美系列\CPsi完美灵能\2.进阶\风暴信徒.htm,4,完美系列：完备进阶指南 / [CPsi] 完美灵能：精通灵能指南 / 2. 进阶职业,完美系列：完备进阶指南,[CPsi] 完美灵能：精通灵能指南
混沌学者,3 完美系列\CPsi完美灵能\2.进阶\混沌学者.htm,4,完美系列：完备进阶指南 / [CPsi] 完美灵能：精通灵能指南 / 2. 进阶职业,完美系列：完备进阶指南,[CPsi] 完美灵能：精通灵能指南
闪耀之魂,3 完美系列\CPsi完美灵能\2.进阶\闪耀之魂.htm,4,完美系列：完备进阶指南 / [CPsi] 完美灵能：精通灵能指南 / 2. 进阶职业,完美系列：完备进阶指南,[CPsi] 完美灵能：精通灵能指南
乌木圣徒,3 完美系列\CPsi完美灵能\2.进阶\乌木圣徒.htm,4,完美系列：完备进阶指南 / [CPsi] 完美灵能：精通灵能指南 / 2. 进阶职业,完美系列：完备进阶指南,[CPsi] 完美灵能：精通灵能指南
星质导师,3 完美系列\CPsi完美灵能\2.进阶\星质导师.htm,4,完美系列：完备进阶指南 / [CPsi] 完美灵能：精通灵能指南 / 2. 进阶职业,完美系列：完备进阶指南,[CPsi] 完美灵能：精通灵能指南
泽斯修士,3 完美系列\CPsi完美灵能\2.进阶\泽斯修士.htm,4,完美系列：完备进阶指南 / [CPsi] 完美灵能：精通灵能指南 / 2. 进阶职业,完美系列：完备进阶指南,[CPsi] 完美灵能：精通灵能指南
3. 专长,,3,完美系列：完备进阶指南 / [CPsi] 完美灵能：精通灵能指南,完美系列：完备进阶指南,[CPsi] 完美灵能：精通灵能指南
灵能专长,3 完美系列\CPsi完美灵能\3.专长\灵能专长.htm,4,完美系列：完备进阶指南 / [CPsi] 完美灵能：精通灵能指南 / 3. 专长,完美系列：完备进阶指南,[CPsi] 完美灵能：精通灵能指南
通用专长,3 完美系列\CPsi完美灵能\3.专长\通用专长.htm,4,完美系列：完备进阶指南 / [CPsi] 完美灵能：精通灵能指南 / 3. 专长,完美系列：完备进阶指南,[CPsi] 完美灵能：精通灵能指南
灵附专长,3 完美系列\CPsi完美灵能\3.专长\灵附专长.htm,4,完美系列：完备进阶指南 / [CPsi] 完美灵能：精通灵能指南 / 3. 专长,完美系列：完备进阶指南,[CPsi] 完美灵能：精通灵能指南
灵吸传承专长,3 完美系列\CPsi完美灵能\3.专长\灵吸传承专长.htm,4,完美系列：完备进阶指南 / [CPsi] 完美灵能：精通灵能指南 / 3. 专长,完美系列：完备进阶指南,[CPsi] 完美灵能：精通灵能指南
超能专长,3 完美系列\CPsi完美灵能\3.专长\超能专长.htm,4,完美系列：完备进阶指南 / [CPsi] 完美灵能：精通灵能指南 / 3. 专长,完美系列：完备进阶指南,[CPsi] 完美灵能：精通灵能指南
传奇专长,3 完美系列\CPsi完美灵能\3.专长\传奇专长.htm,4,完美系列：完备进阶指南 / [CPsi] 完美灵能：精通灵能指南 / 3. 专长,完美系列：完备进阶指南,[CPsi] 完美灵能：精通灵能指南
4. 异能、灵域和物品,3 完美系列\CPsi完美灵能\4.异能\异能.htm,3,完美系列：完备进阶指南 / [CPsi] 完美灵能：精通灵能指南,完美系列：完备进阶指南,[CPsi] 完美灵能：精通灵能指南
灵域,3 完美系列\CPsi完美灵能\4.异能\灵域.htm,4,完美系列：完备进阶指南 / [CPsi] 完美灵能：精通灵能指南 / 4. 异能、灵域和物品,完美系列：完备进阶指南,[CPsi] 完美灵能：精通灵能指南
潜伏者异能,3 完美系列\CPsi完美灵能\4.异能\潜伏者异能.htm,4,完美系列：完备进阶指南 / [CPsi] 完美灵能：精通灵能指南 / 4. 异能、灵域和物品,完美系列：完备进阶指南,[CPsi] 完美灵能：精通灵能指南
心灵术士/狂念者异能,3 完美系列\CPsi完美灵能\4.异能\心灵术士_狂念者异能.htm,4,完美系列：完备进阶指南 / [CPsi] 完美灵能：精通灵能指南 / 4. 异能、灵域和物品,完美系列：完备进阶指南,[CPsi] 完美灵能：精通灵能指南
心灵术士能系异能,3 完美系列\CPsi完美灵能\4.异能\心灵术士能系异能.htm,4,完美系列：完备进阶指南 / [CPsi] 完美灵能：精通灵能指南 / 4. 异能、灵域和物品,完美系列：完备进阶指南,[CPsi] 完美灵能：精通灵能指南
心灵武士异能,3 完美系列\CPsi完美灵能\4.异能\心灵武士异能　.htm,4,完美系列：完备进阶指南 / [CPsi] 完美灵能：精通灵能指南 / 4. 异能、灵域和物品,完美系列：完备进阶指南,[CPsi] 完美灵能：精通灵能指南
异能详述,3 完美系列\CPsi完美灵能\4.异能\异能详述.htm,4,完美系列：完备进阶指南 / [CPsi] 完美灵能：精通灵能指南 / 4. 异能、灵域和物品,完美系列：完备进阶指南,[CPsi] 完美灵能：精通灵能指南
灵能物品,3 完美系列\CPsi完美灵能\8物品\物品.htm,4,完美系列：完备进阶指南 / [CPsi] 完美灵能：精通灵能指南 / 4. 异能、灵域和物品,完美系列：完备进阶指南,[CPsi] 完美灵能：精通灵能指南
武器,3 完美系列\CPsi完美灵能\8物品\武器.htm,5,完美系列：完备进阶指南 / [CPsi] 完美灵能：精通灵能指南 / 4. 异能、灵域和物品 / 灵能物品,完美系列：完备进阶指南,[CPsi] 完美灵能：精通灵能指南
灵冠,3 完美系列\CPsi完美灵能\8物品\灵冠.htm,5,完美系列：完备进阶指南 / [CPsi] 完美灵能：精通灵能指南 / 4. 异能、灵域和物品 / 灵能物品,完美系列：完备进阶指南,[CPsi] 完美灵能：精通灵能指南
水晶面具,3 完美系列\CPsi完美灵能\8物品\水晶面具.htm,5,完美系列：完备进阶指南 / [CPsi] 完美灵能：精通灵能指南 / 4. 异能、灵域和物品 / 灵能物品,完美系列：完备进阶指南,[CPsi] 完美灵能：精通灵能指南
灵皮,3 完美系列\CPsi完美灵能\8物品\灵皮.htm,5,完美系列：完备进阶指南 / [CPsi] 完美灵能：精通灵能指南 / 4. 异能、灵域和物品 / 灵能物品,完美系列：完备进阶指南,[CPsi] 完美灵能：精通灵能指南
灵锥串,3 完美系列\CPsi完美灵能\8物品\灵锥串.htm,5,完美系列：完备进阶指南 / [CPsi] 完美灵能：精通灵能指南 / 4. 异能、灵域和物品 / 灵能物品,完美系列：完备进阶指南,[CPsi] 完美灵能：精通灵能指南
灵能手带,3 完美系列\CPsi完美灵能\8物品\灵能手带.htm,5,完美系列：完备进阶指南 / [CPsi] 完美灵能：精通灵能指南 / 4. 异能、灵域和物品 / 灵能物品,完美系列：完备进阶指南,[CPsi] 完美灵能：精通灵能指南
其它灵物,3 完美系列\CPsi完美灵能\8物品\其它灵物.htm,5,完美系列：完备进阶指南 / [CPsi] 完美灵能：精通灵能指南 / 4. 异能、灵域和物品 / 灵能物品,完美系列：完备进阶指南,[CPsi] 完美灵能：精通灵能指南
灵能地点,3 完美系列\CPsi完美灵能\7其他\灵能地点.htm,4,完美系列：完备进阶指南 / [CPsi] 完美灵能：精通灵能指南 / 4. 异能、灵域和物品,完美系列：完备进阶指南,[CPsi] 完美灵能：精通灵能指南
5. 构装体与生物,3 完美系列\CPsi完美灵能\6怪物\生物.htm,3,完美系列：完备进阶指南 / [CPsi] 完美灵能：精通灵能指南,完美系列：完备进阶指南,[CPsi] 完美灵能：精通灵能指南
怪物,,4,完美系列：完备进阶指南 / [CPsi] 完美灵能：精通灵能指南 / 5. 构装体与生物,完美系列：完备进阶指南,[CPsi] 完美灵能：精通灵能指南
夺心幼虫,3 完美系列\CPsi完美灵能\6怪物\夺心幼虫.htm,5,完美系列：完备进阶指南 / [CPsi] 完美灵能：精通灵能指南 / 5. 构装体与生物 / 怪物,完美系列：完备进阶指南,[CPsi] 完美灵能：精通灵能指南
元素使者,3 完美系列\CPsi完美灵能\6怪物\元素使者.htm,5,完美系列：完备进阶指南 / [CPsi] 完美灵能：精通灵能指南 / 5. 构装体与生物 / 怪物,完美系列：完备进阶指南,[CPsi] 完美灵能：精通灵能指南
影蜥,3 完美系列\CPsi完美灵能\6怪物\影蜥.htm,5,完美系列：完备进阶指南 / [CPsi] 完美灵能：精通灵能指南 / 5. 构装体与生物 / 怪物,完美系列：完备进阶指南,[CPsi] 完美灵能：精通灵能指南
星质蛛群,3 完美系列\CPsi完美灵能\6怪物\星质蛛群.htm,5,完美系列：完备进阶指南 / [CPsi] 完美灵能：精通灵能指南 / 5. 构装体与生物 / 怪物,完美系列：完备进阶指南,[CPsi] 完美灵能：精通灵能指南
预言神卫,3 完美系列\CPsi完美灵能\6怪物\预言神卫.htm,5,完美系列：完备进阶指南 / [CPsi] 完美灵能：精通灵能指南 / 5. 构装体与生物 / 怪物,完美系列：完备进阶指南,[CPsi] 完美灵能：精通灵能指南
星质构装体,3 完美系列\CPsi完美灵能\6怪物\星质构装体.htm,5,完美系列：完备进阶指南 / [CPsi] 完美灵能：精通灵能指南 / 5. 构装体与生物 / 怪物,完美系列：完备进阶指南,[CPsi] 完美灵能：精通灵能指南
模板,,4,完美系列：完备进阶指南 / [CPsi] 完美灵能：精通灵能指南 / 5. 构装体与生物,完美系列：完备进阶指南,[CPsi] 完美灵能：精通灵能指南
幽影学者,3 完美系列\CPsi完美灵能\6怪物\幽影学者.htm,5,完美系列：完备进阶指南 / [CPsi] 完美灵能：精通灵能指南 / 5. 构装体与生物 / 模板,完美系列：完备进阶指南,[CPsi] 完美灵能：精通灵能指南
6. 角色选项,,3,完美系列：完备进阶指南 / [CPsi] 完美灵能：精通灵能指南,完美系列：完备进阶指南,[CPsi] 完美灵能：精通灵能指南
新种族 斯纳德,3 完美系列\CPsi完美灵能\9种族\种族.htm,4,完美系列：完备进阶指南 / [CPsi] 完美灵能：精通灵能指南 / 6. 角色选项,完美系列：完备进阶指南,[CPsi] 完美灵能：精通灵能指南
灵能种族职业,3 完美系列\CPsi完美灵能\9种族\灵能种族职业.htm,4,完美系列：完备进阶指南 / [CPsi] 完美灵能：精通灵能指南 / 6. 角色选项,完美系列：完备进阶指南,[CPsi] 完美灵能：精通灵能指南
灰矮人,3 完美系列\CPsi完美灵能\9种族\灰矮人.htm,5,完美系列：完备进阶指南 / [CPsi] 完美灵能：精通灵能指南 / 6. 角色选项 / 灵能种族职业,完美系列：完备进阶指南,[CPsi] 完美灵能：精通灵能指南
半巨人,3 完美系列\CPsi完美灵能\9种族\半巨人.htm,5,完美系列：完备进阶指南 / [CPsi] 完美灵能：精通灵能指南 / 6. 角色选项 / 灵能种族职业,完美系列：完备进阶指南,[CPsi] 完美灵能：精通灵能指南
螳螂人,3 完美系列\CPsi完美灵能\9种族\螳螂人.htm,5,完美系列：完备进阶指南 / [CPsi] 完美灵能：精通灵能指南 / 6. 角色选项 / 灵能种族职业,完美系列：完备进阶指南,[CPsi] 完美灵能：精通灵能指南
吉斯洋基人,3 完美系列\CPsi完美灵能\9种族\吉斯洋基人.htm,5,完美系列：完备进阶指南 / [CPsi] 完美灵能：精通灵能指南 / 6. 角色选项 / 灵能种族职业,完美系列：完备进阶指南,[CPsi] 完美灵能：精通灵能指南
吉斯泽莱人,3 完美系列\CPsi完美灵能\9种族\吉斯泽莱人.htm,5,完美系列：完备进阶指南 / [CPsi] 完美灵能：精通灵能指南 / 6. 角色选项 / 灵能种族职业,完美系列：完备进阶指南,[CPsi] 完美灵能：精通灵能指南
传奇心灵术士,3 完美系列\CPsi完美灵能\7其他\传奇心灵术士.htm,4,完美系列：完备进阶指南 / [CPsi] 完美灵能：精通灵能指南 / 6. 角色选项,完美系列：完备进阶指南,[CPsi] 完美灵能：精通灵能指南
[CS] 完美恶徒：诡计智略指南,3 完美系列\CS完美恶徒\0封面\完美流氓（CS）.htm,2,完美系列：完备进阶指南,完美系列：完备进阶指南,[CS] 完美恶徒：诡计智略指南
1. 恶徒综述,,3,完美系列：完备进阶指南 / [CS] 完美恶徒：诡计智略指南,完美系列：完备进阶指南,[CS] 完美恶徒：诡计智略指南
什么是恶徒,3 完美系列\CS完美恶徒\1恶徒\什么是恶徒.htm,4,完美系列：完备进阶指南 / [CS] 完美恶徒：诡计智略指南 / 1. 恶徒综述,完美系列：完备进阶指南,[CS] 完美恶徒：诡计智略指南
各种阵营的恶徒,3 完美系列\CS完美恶徒\1恶徒\各种阵营的恶徒.htm,4,完美系列：完备进阶指南 / [CS] 完美恶徒：诡计智略指南 / 1. 恶徒综述,完美系列：完备进阶指南,[CS] 完美恶徒：诡计智略指南
各种职业的恶徒,3 完美系列\CS完美恶徒\1恶徒\任何职业中的恶徒.htm,4,完美系列：完备进阶指南 / [CS] 完美恶徒：诡计智略指南 / 1. 恶徒综述,完美系列：完备进阶指南,[CS] 完美恶徒：诡计智略指南
扮演恶徒,3 完美系列\CS完美恶徒\1恶徒\扮演一名恶徒.htm,4,完美系列：完备进阶指南 / [CS] 完美恶徒：诡计智略指南 / 1. 恶徒综述,完美系列：完备进阶指南,[CS] 完美恶徒：诡计智略指南
恶徒故事,3 完美系列\CS完美恶徒\1恶徒\恶徒故事.htm,4,完美系列：完备进阶指南 / [CS] 完美恶徒：诡计智略指南 / 1. 恶徒综述,完美系列：完备进阶指南,[CS] 完美恶徒：诡计智略指南
2. 进阶职业,,3,完美系列：完备进阶指南 / [CS] 完美恶徒：诡计智略指南,完美系列：完备进阶指南,[CS] 完美恶徒：诡计智略指南
灰之守卫,3 完美系列\CS完美恶徒\2进阶\灰之守卫.htm,4,完美系列：完备进阶指南 / [CS] 完美恶徒：诡计智略指南 / 2. 进阶职业,完美系列：完备进阶指南,[CS] 完美恶徒：诡计智略指南
江湖骗子,3 完美系列\CS完美恶徒\2进阶\江湖骗子.htm,4,完美系列：完备进阶指南 / [CS] 完美恶徒：诡计智略指南 / 2. 进阶职业,完美系列：完备进阶指南,[CS] 完美恶徒：诡计智略指南
蒙面舞者,3 完美系列\CS完美恶徒\2进阶\蒙面舞者.htm,4,完美系列：完备进阶指南 / [CS] 完美恶徒：诡计智略指南 / 2. 进阶职业,完美系列：完备进阶指南,[CS] 完美恶徒：诡计智略指南
摩登大圣,3 完美系列\CS完美恶徒\2进阶\摩登大圣.htm,4,完美系列：完备进阶指南 / [CS] 完美恶徒：诡计智略指南 / 2. 进阶职业,完美系列：完备进阶指南,[CS] 完美恶徒：诡计智略指南
曲咒射手,3 完美系列\CS完美恶徒\2进阶\曲咒射手.htm,4,完美系列：完备进阶指南 / [CS] 完美恶徒：诡计智略指南 / 2. 进阶职业,完美系列：完备进阶指南,[CS] 完美恶徒：诡计智略指南
幸运之友,3 完美系列\CS完美恶徒\2进阶\幸运之友.htm,4,完美系列：完备进阶指南 / [CS] 完美恶徒：诡计智略指南 / 2. 进阶职业,完美系列：完备进阶指南,[CS] 完美恶徒：诡计智略指南
誓仇刽子手,3 完美系列\CS完美恶徒\2进阶\誓仇刽子手.htm,4,完美系列：完备进阶指南 / [CS] 完美恶徒：诡计智略指南 / 2. 进阶职业,完美系列：完备进阶指南,[CS] 完美恶徒：诡计智略指南
天灾召集者,3 完美系列\CS完美恶徒\2进阶\天灾召集者.htm,4,完美系列：完备进阶指南 / [CS] 完美恶徒：诡计智略指南 / 2. 进阶职业,完美系列：完备进阶指南,[CS] 完美恶徒：诡计智略指南
离奇技法师,3 完美系列\CS完美恶徒\2进阶\离奇技法师.htm,4,完美系列：完备进阶指南 / [CS] 完美恶徒：诡计智略指南 / 2. 进阶职业,完美系列：完备进阶指南,[CS] 完美恶徒：诡计智略指南
魔法技法师,3 完美系列\CS完美恶徒\2进阶\魔法技法师.htm,4,完美系列：完备进阶指南 / [CS] 完美恶徒：诡计智略指南 / 2. 进阶职业,完美系列：完备进阶指南,[CS] 完美恶徒：诡计智略指南
战斗技法师,3 完美系列\CS完美恶徒\2进阶\战斗技法师.htm,4,完美系列：完备进阶指南 / [CS] 完美恶徒：诡计智略指南 / 2. 进阶职业,完美系列：完备进阶指南,[CS] 完美恶徒：诡计智略指南
战地陷阱专家,3 完美系列\CS完美恶徒\2进阶\战地陷阱专家.htm,4,完美系列：完备进阶指南 / [CS] 完美恶徒：诡计智略指南 / 2. 进阶职业,完美系列：完备进阶指南,[CS] 完美恶徒：诡计智略指南
3. 专长与技法,,3,完美系列：完备进阶指南 / [CS] 完美恶徒：诡计智略指南,完美系列：完备进阶指南,[CS] 完美恶徒：诡计智略指南
一般专长,3 完美系列\CS完美恶徒\4专长\一般专长.htm,4,完美系列：完备进阶指南 / [CS] 完美恶徒：诡计智略指南 / 3. 专长与技法,完美系列：完备进阶指南,[CS] 完美恶徒：诡计智略指南
伏击专长,3 完美系列\CS完美恶徒\4专长\伏击专长.htm,4,完美系列：完备进阶指南 / [CS] 完美恶徒：诡计智略指南 / 3. 专长与技法,完美系列：完备进阶指南,[CS] 完美恶徒：诡计智略指南
吟唱专长,3 完美系列\CS完美恶徒\4专长\吟唱专长.htm,4,完美系列：完备进阶指南 / [CS] 完美恶徒：诡计智略指南 / 3. 专长与技法,完美系列：完备进阶指南,[CS] 完美恶徒：诡计智略指南
幸运专长,3 完美系列\CS完美恶徒\4专长\幸运专长.htm,4,完美系列：完备进阶指南 / [CS] 完美恶徒：诡计智略指南 / 3. 专长与技法,完美系列：完备进阶指南,[CS] 完美恶徒：诡计智略指南
技法,3 完美系列\CS完美恶徒\5技法\技法.htm,4,完美系列：完备进阶指南 / [CS] 完美恶徒：诡计智略指南 / 3. 专长与技法,完美系列：完备进阶指南,[CS] 完美恶徒：诡计智略指南
交流技法,3 完美系列\CS完美恶徒\5技法\交流技法.htm,5,完美系列：完备进阶指南 / [CS] 完美恶徒：诡计智略指南 / 3. 专长与技法 / 技法,完美系列：完备进阶指南,[CS] 完美恶徒：诡计智略指南
操作技法,3 完美系列\CS完美恶徒\5技法\操作技法.htm,5,完美系列：完备进阶指南 / [CS] 完美恶徒：诡计智略指南 / 3. 专长与技法 / 技法,完美系列：完备进阶指南,[CS] 完美恶徒：诡计智略指南
精神技法,3 完美系列\CS完美恶徒\5技法\精神技法.htm,5,完美系列：完备进阶指南 / [CS] 完美恶徒：诡计智略指南 / 3. 专长与技法 / 技法,完美系列：完备进阶指南,[CS] 完美恶徒：诡计智略指南
移动技法,3 完美系列\CS完美恶徒\5技法\移动技法.htm,5,完美系列：完备进阶指南 / [CS] 完美恶徒：诡计智略指南 / 3. 专长与技法 / 技法,完美系列：完备进阶指南,[CS] 完美恶徒：诡计智略指南
4. 法术,,3,完美系列：完备进阶指南 / [CS] 完美恶徒：诡计智略指南,完美系列：完备进阶指南,[CS] 完美恶徒：诡计智略指南
新法术,3 完美系列\CS完美恶徒\3法术\新法术.htm,4,完美系列：完备进阶指南 / [CS] 完美恶徒：诡计智略指南 / 4. 法术,完美系列：完备进阶指南,[CS] 完美恶徒：诡计智略指南
法术详述　,3 完美系列\CS完美恶徒\3法术\法术详述　.htm,4,完美系列：完备进阶指南 / [CS] 完美恶徒：诡计智略指南 / 4. 法术,完美系列：完备进阶指南,[CS] 完美恶徒：诡计智略指南
5. 恶徒的装备,3 完美系列\CS完美恶徒\6装备\装备.htm,3,完美系列：完备进阶指南 / [CS] 完美恶徒：诡计智略指南,完美系列：完备进阶指南,[CS] 完美恶徒：诡计智略指南
暗格,3 完美系列\CS完美恶徒\6装备\暗格.htm,4,完美系列：完备进阶指南 / [CS] 完美恶徒：诡计智略指南 / 5. 恶徒的装备,完美系列：完备进阶指南,[CS] 完美恶徒：诡计智略指南
出人意料的武器,3 完美系列\CS完美恶徒\6装备\武器.htm,4,完美系列：完备进阶指南 / [CS] 完美恶徒：诡计智略指南 / 5. 恶徒的装备,完美系列：完备进阶指南,[CS] 完美恶徒：诡计智略指南
炼金物品,3 完美系列\CS完美恶徒\6装备\炼金物品.htm,4,完美系列：完备进阶指南 / [CS] 完美恶徒：诡计智略指南 / 5. 恶徒的装备,完美系列：完备进阶指南,[CS] 完美恶徒：诡计智略指南
毒药,3 完美系列\CS完美恶徒\6装备\毒药.htm,4,完美系列：完备进阶指南 / [CS] 完美恶徒：诡计智略指南 / 5. 恶徒的装备,完美系列：完备进阶指南,[CS] 完美恶徒：诡计智略指南
魔法物品,3 完美系列\CS完美恶徒\6装备\魔法物品.htm,4,完美系列：完备进阶指南 / [CS] 完美恶徒：诡计智略指南 / 5. 恶徒的装备,完美系列：完备进阶指南,[CS] 完美恶徒：诡计智略指南
活体道具,3 完美系列\CS完美恶徒\6装备\活体道具.htm,4,完美系列：完备进阶指南 / [CS] 完美恶徒：诡计智略指南 / 5. 恶徒的装备,完美系列：完备进阶指南,[CS] 完美恶徒：诡计智略指南
6. 恶徒冒险,,3,完美系列：完备进阶指南 / [CS] 完美恶徒：诡计智略指南,完美系列：完备进阶指南,[CS] 完美恶徒：诡计智略指南
传说地点,3 完美系列\CS完美恶徒\传说地点.htm,4,完美系列：完备进阶指南 / [CS] 完美恶徒：诡计智略指南 / 6. 恶徒冒险,完美系列：完备进阶指南,[CS] 完美恶徒：诡计智略指南
组织,,4,完美系列：完备进阶指南 / [CS] 完美恶徒：诡计智略指南 / 6. 恶徒冒险,完美系列：完备进阶指南,[CS] 完美恶徒：诡计智略指南
七鸦会,3 完美系列\CS完美恶徒\5技法\组织\七鸦会.htm,5,完美系列：完备进阶指南 / [CS] 完美恶徒：诡计智略指南 / 6. 恶徒冒险 / 组织,完美系列：完备进阶指南,[CS] 完美恶徒：诡计智略指南
盲塔,3 完美系列\CS完美恶徒\5技法\组织\盲塔.htm,5,完美系列：完备进阶指南 / [CS] 完美恶徒：诡计智略指南 / 6. 恶徒冒险 / 组织,完美系列：完备进阶指南,[CS] 完美恶徒：诡计智略指南
自由联盟,3 完美系列\CS完美恶徒\5技法\组织\自由联盟.htm,5,完美系列：完备进阶指南 / [CS] 完美恶徒：诡计智略指南 / 6. 恶徒冒险 / 组织,完美系列：完备进阶指南,[CS] 完美恶徒：诡计智略指南
[CW] 完美战力：全职战斗指南,3 完美系列\CW完美战力\0封面\完美战力（CW）.htm,2,完美系列：完备进阶指南,完美系列：完备进阶指南,[CW] 完美战力：全职战斗指南
1. 基础职业,,3,完美系列：完备进阶指南 / [CW] 完美战力：全职战斗指南,完美系列：完备进阶指南,[CW] 完美战力：全职战斗指南
武士,3 完美系列\CW完美战力\1基础\武士.htm,4,完美系列：完备进阶指南 / [CW] 完美战力：全职战斗指南 / 1. 基础职业,完美系列：完备进阶指南,[CW] 完美战力：全职战斗指南
魔剑客,3 完美系列\CW完美战力\1基础\魔剑客.htm,4,完美系列：完备进阶指南 / [CW] 完美战力：全职战斗指南 / 1. 基础职业,完美系列：完备进阶指南,[CW] 完美战力：全职战斗指南
游荡剑客,3 完美系列\CW完美战力\1基础\游荡剑客.htm,4,完美系列：完备进阶指南 / [CW] 完美战力：全职战斗指南 / 1. 基础职业,完美系列：完备进阶指南,[CW] 完美战力：全职战斗指南
变体: 非施法者圣武士和巡林客,3 完美系列\CW完美战力\1基础\职业变体.htm,4,完美系列：完备进阶指南 / [CW] 完美战力：全职战斗指南 / 1. 基础职业,完美系列：完备进阶指南,[CW] 完美战力：全职战斗指南
2. 进阶职业,,3,完美系列：完备进阶指南 / [CW] 完美战力：全职战斗指南,完美系列：完备进阶指南,[CW] 完美战力：全职战斗指南
剑圣,3 完美系列\CW完美战力\2进阶\剑圣.htm,4,完美系列：完备进阶指南 / [CW] 完美战力：全职战斗指南 / 2. 进阶职业,完美系列：完备进阶指南,[CW] 完美战力：全职战斗指南
浪人,3 完美系列\CW完美战力\2进阶\浪人.htm,4,完美系列：完备进阶指南 / [CW] 完美战力：全职战斗指南 / 2. 进阶职业,完美系列：完备进阶指南,[CW] 完美战力：全职战斗指南
咏剑士,3 完美系列\CW完美战力\2进阶\咏剑士.htm,4,完美系列：完备进阶指南 / [CW] 完美战力：全职战斗指南 / 2. 进阶职业,完美系列：完备进阶指南,[CW] 完美战力：全职战斗指南
毁灭者,3 完美系列\CW完美战力\2进阶\毁灭者.htm,4,完美系列：完备进阶指南 / [CW] 完美战力：全职战斗指南 / 2. 进阶职业,完美系列：完备进阶指南,[CW] 完美战力：全职战斗指南
窥心者,3 完美系列\CW完美战力\2进阶\窥心者.htm,4,完美系列：完备进阶指南 / [CW] 完美战力：全职战斗指南 / 2. 进阶职业,完美系列：完备进阶指南,[CW] 完美战力：全职战斗指南
狂战士,3 完美系列\CW完美战力\2进阶\狂战士.htm,4,完美系列：完备进阶指南 / [CW] 完美战力：全职战斗指南 / 2. 进阶职业,完美系列：完备进阶指南,[CW] 完美战力：全职战斗指南
猛兽侠,3 完美系列\CW完美战力\2进阶\猛兽侠.htm,4,完美系列：完备进阶指南 / [CW] 完美战力：全职战斗指南 / 2. 进阶职业,完美系列：完备进阶指南,[CW] 完美战力：全职战斗指南
狂舞僧,3 完美系列\CW完美战力\2进阶\狂舞僧.htm,4,完美系列：完备进阶指南 / [CW] 完美战力：全职战斗指南 / 2. 进阶职业,完美系列：完备进阶指南,[CW] 完美战力：全职战斗指南
咒剑士,3 完美系列\CW完美战力\2进阶\咒剑士.htm,4,完美系列：完备进阶指南 / [CW] 完美战力：全职战斗指南 / 2. 进阶职业,完美系列：完备进阶指南,[CW] 完美战力：全职战斗指南
执法者,3 完美系列\CW完美战力\2进阶\执法者.htm,4,完美系列：完备进阶指南 / [CW] 完美战力：全职战斗指南 / 2. 进阶职业,完美系列：完备进阶指南,[CW] 完美战力：全职战斗指南
熊战士,3 完美系列\CW完美战力\2进阶\熊战士.htm,4,完美系列：完备进阶指南 / [CW] 完美战力：全职战斗指南 / 2. 进阶职业,完美系列：完备进阶指南,[CW] 完美战力：全职战斗指南
暗林行者,3 完美系列\CW完美战力\2进阶\暗林行者.htm,4,完美系列：完备进阶指南 / [CW] 完美战力：全职战斗指南 / 2. 进阶职业,完美系列：完备进阶指南,[CW] 完美战力：全职战斗指南
暗器大师,3 完美系列\CW完美战力\2进阶\暗器大师.htm,4,完美系列：完备进阶指南 / [CW] 完美战力：全职战斗指南 / 2. 进阶职业,完美系列：完备进阶指南,[CW] 完美战力：全职战斗指南
夺命铁拳,3 完美系列\CW完美战力\2进阶\夺命铁拳.htm,4,完美系列：完备进阶指南 / [CW] 完美战力：全职战斗指南 / 2. 进阶职业,完美系列：完备进阶指南,[CW] 完美战力：全职战斗指南
法师杀手,3 完美系列\CW完美战力\2进阶\法师杀手.htm,4,完美系列：完备进阶指南 / [CW] 完美战力：全职战斗指南 / 2. 进阶职业,完美系列：完备进阶指南,[CW] 完美战力：全职战斗指南
紫龙骑士,3 完美系列\CW完美战力\2进阶\紫龙骑士.htm,4,完美系列：完备进阶指南 / [CW] 完美战力：全职战斗指南 / 2. 进阶职业,完美系列：完备进阶指南,[CW] 完美战力：全职战斗指南
醉拳大师,3 完美系列\CW完美战力\2进阶\醉拳大师.htm,4,完美系列：完备进阶指南 / [CW] 完美战力：全职战斗指南 / 2. 进阶职业,完美系列：完备进阶指南,[CW] 完美战力：全职战斗指南
黑暗猎人,3 完美系列\CW完美战力\2进阶\黑暗猎人.htm,4,完美系列：完备进阶指南 / [CW] 完美战力：全职战斗指南 / 2. 进阶职业,完美系列：完备进阶指南,[CW] 完美战力：全职战斗指南
精英骑士,3 完美系列\CW完美战力\2进阶\精英骑士.htm,4,完美系列：完备进阶指南 / [CW] 完美战力：全职战斗指南 / 2. 进阶职业,完美系列：完备进阶指南,[CW] 完美战力：全职战斗指南
近卫骑士,3 完美系列\CW完美战力\2进阶\近卫骑士.htm,4,完美系列：完备进阶指南 / [CW] 完美战力：全职战斗指南 / 2. 进阶职业,完美系列：完备进阶指南,[CW] 完美战力：全职战斗指南
狂暴法师,3 完美系列\CW完美战力\2进阶\狂暴法师.htm,4,完美系列：完备进阶指南 / [CW] 完美战力：全职战斗指南 / 2. 进阶职业,完美系列：完备进阶指南,[CW] 完美战力：全职战斗指南
魔手之主,3 完美系列\CW完美战力\2进阶\魔手之主.htm,4,完美系列：完备进阶指南 / [CW] 完美战力：全职战斗指南 / 2. 进阶职业,完美系列：完备进阶指南,[CW] 完美战力：全职战斗指南
塞尔骑士,3 完美系列\CW完美战力\2进阶\塞尔骑士.htm,4,完美系列：完备进阶指南 / [CW] 完美战力：全职战斗指南 / 2. 进阶职业,完美系列：完备进阶指南,[CW] 完美战力：全职战斗指南
圣杯骑士,3 完美系列\CW完美战力\2进阶\圣杯骑士.htm,4,完美系列：完备进阶指南 / [CW] 完美战力：全职战斗指南 / 2. 进阶职业,完美系列：完备进阶指南,[CW] 完美战力：全职战斗指南
石之领主,3 完美系列\CW完美战力\2进阶\石之领主.htm,4,完美系列：完备进阶指南 / [CW] 完美战力：全职战斗指南 / 2. 进阶职业,完美系列：完备进阶指南,[CW] 完美战力：全职战斗指南
投石巨人,3 完美系列\CW完美战力\2进阶\投石巨人.htm,4,完美系列：完备进阶指南 / [CW] 完美战力：全职战斗指南 / 2. 进阶职业,完美系列：完备进阶指南,[CW] 完美战力：全职战斗指南
亡灵猎手,3 完美系列\CW完美战力\2进阶\亡灵猎手.htm,4,完美系列：完备进阶指南 / [CW] 完美战力：全职战斗指南 / 2. 进阶职业,完美系列：完备进阶指南,[CW] 完美战力：全职战斗指南
纹身武僧,3 完美系列\CW完美战力\2进阶\纹身武僧.htm,4,完美系列：完备进阶指南 / [CW] 完美战力：全职战斗指南 / 2. 进阶职业,完美系列：完备进阶指南,[CW] 完美战力：全职战斗指南
无踪短刃,3 完美系列\CW完美战力\2进阶\无踪短刃.htm,4,完美系列：完备进阶指南 / [CW] 完美战力：全职战斗指南 / 2. 进阶职业,完美系列：完备进阶指南,[CW] 完美战力：全职战斗指南
战之歌者,3 完美系列\CW完美战力\2进阶\战之歌者.htm,4,完美系列：完备进阶指南 / [CW] 完美战力：全职战斗指南 / 2. 进阶职业,完美系列：完备进阶指南,[CW] 完美战力：全职战斗指南
战争变形者,3 完美系列\CW完美战力\2进阶\战争变形者.htm,4,完美系列：完备进阶指南 / [CW] 完美战力：全职战斗指南 / 2. 进阶职业,完美系列：完备进阶指南,[CW] 完美战力：全职战斗指南
弓协修习者,3 完美系列\CW完美战力\2进阶\弓协修习者.htm,4,完美系列：完备进阶指南 / [CW] 完美战力：全职战斗指南 / 2. 进阶职业,完美系列：完备进阶指南,[CW] 完美战力：全职战斗指南
格乌什之眼,3 完美系列\CW完美战力\2进阶\格乌什之眼.htm,4,完美系列：完备进阶指南 / [CW] 完美战力：全职战斗指南 / 2. 进阶职业,完美系列：完备进阶指南,[CW] 完美战力：全职战斗指南
异种武器大师,3 完美系列\CW完美战力\2进阶\异种武器大师.htm,4,完美系列：完备进阶指南 / [CW] 完美战力：全职战斗指南 / 2. 进阶职业,完美系列：完备进阶指南,[CW] 完美战力：全职战斗指南
侏儒巨人杀戮者,3 完美系列\CW完美战力\2进阶\侏儒巨人杀戮者.htm,4,完美系列：完备进阶指南 / [CW] 完美战力：全职战斗指南 / 2. 进阶职业,完美系列：完备进阶指南,[CW] 完美战力：全职战斗指南
半身人开路骑兵,3 完美系列\CW完美战力\2进阶\半身人开路骑兵.htm,4,完美系列：完备进阶指南 / [CW] 完美战力：全职战斗指南 / 2. 进阶职业,完美系列：完备进阶指南,[CW] 完美战力：全职战斗指南
3. 补充资源,,3,完美系列：完备进阶指南 / [CW] 完美战力：全职战斗指南,完美系列：完备进阶指南,[CW] 完美战力：全职战斗指南
专长,,4,完美系列：完备进阶指南 / [CW] 完美战力：全职战斗指南 / 3. 补充资源,完美系列：完备进阶指南,[CW] 完美战力：全职战斗指南
一般专长,3 完美系列\CW完美战力\3专长技能\一般专长.htm,5,完美系列：完备进阶指南 / [CW] 完美战力：全职战斗指南 / 3. 补充资源 / 专长,完美系列：完备进阶指南,[CW] 完美战力：全职战斗指南
神力专长,3 完美系列\CW完美战力\3专长技能\神力专长.htm,5,完美系列：完备进阶指南 / [CW] 完美战力：全职战斗指南 / 3. 补充资源 / 专长,完美系列：完备进阶指南,[CW] 完美战力：全职战斗指南
武器专长,3 完美系列\CW完美战力\3专长技能\武器专长_.htm,5,完美系列：完备进阶指南 / [CW] 完美战力：全职战斗指南 / 3. 补充资源 / 专长,完美系列：完备进阶指南,[CW] 完美战力：全职战斗指南
战术专长,3 完美系列\CW完美战力\3专长技能\战术专长.htm,5,完美系列：完备进阶指南 / [CW] 完美战力：全职战斗指南 / 3. 补充资源 / 专长,完美系列：完备进阶指南,[CW] 完美战力：全职战斗指南
传奇专长,3 完美系列\CW完美战力\3专长技能\传奇专长.htm,5,完美系列：完备进阶指南 / [CW] 完美战力：全职战斗指南 / 3. 补充资源 / 专长,完美系列：完备进阶指南,[CW] 完美战力：全职战斗指南
法术,,4,完美系列：完备进阶指南 / [CW] 完美战力：全职战斗指南 / 3. 补充资源,完美系列：完备进阶指南,[CW] 完美战力：全职战斗指南
新领域,3 完美系列\CW完美战力\4法术领域\新领域.htm,5,完美系列：完备进阶指南 / [CW] 完美战力：全职战斗指南 / 3. 补充资源 / 法术,完美系列：完备进阶指南,[CW] 完美战力：全职战斗指南
魔剑客法术,3 完美系列\CW完美战力\4法术领域\魔剑客法术.htm,5,完美系列：完备进阶指南 / [CW] 完美战力：全职战斗指南 / 3. 补充资源 / 法术,完美系列：完备进阶指南,[CW] 完美战力：全职战斗指南
法术详述,3 完美系列\CW完美战力\4法术领域\法术详述.htm,5,完美系列：完备进阶指南 / [CW] 完美战力：全职战斗指南 / 3. 补充资源 / 法术,完美系列：完备进阶指南,[CW] 完美战力：全职战斗指南
守护者魔宠,3 完美系列\CW完美战力\4法术领域\守护者魔宠.htm,4,完美系列：完备进阶指南 / [CW] 完美战力：全职战斗指南 / 3. 补充资源,完美系列：完备进阶指南,[CW] 完美战力：全职战斗指南
技能,3 完美系列\CW完美战力\3专长技能\技能.htm,4,完美系列：完备进阶指南 / [CW] 完美战力：全职战斗指南 / 3. 补充资源,完美系列：完备进阶指南,[CW] 完美战力：全职战斗指南
4. 奇幻战争,,3,完美系列：完备进阶指南 / [CW] 完美战力：全职战斗指南,完美系列：完备进阶指南,[CW] 完美战力：全职战斗指南
奇幻战争,3 完美系列\CW完美战力\5奇幻战争\奇幻战争.htm,4,完美系列：完备进阶指南 / [CW] 完美战力：全职战斗指南 / 4. 奇幻战争,完美系列：完备进阶指南,[CW] 完美战力：全职战斗指南
竞技比赛,3 完美系列\CW完美战力\5奇幻战争\竞技比赛.htm,4,完美系列：完备进阶指南 / [CW] 完美战力：全职战斗指南 / 4. 奇幻战争,完美系列：完备进阶指南,[CW] 完美战力：全职战斗指南
战役中的战士,3 完美系列\CW完美战力\7扮演\战役中的战士.htm,4,完美系列：完备进阶指南 / [CW] 完美战力：全职战斗指南 / 4. 奇幻战争,完美系列：完备进阶指南,[CW] 完美战力：全职战斗指南
战士组织,3 完美系列\CW完美战力\7扮演\战士组织.htm,4,完美系列：完备进阶指南 / [CW] 完美战力：全职战斗指南 / 4. 奇幻战争,完美系列：完备进阶指南,[CW] 完美战力：全职战斗指南
神祗与战士,3 完美系列\CW完美战力\5奇幻战争\神祗与战士.htm,4,完美系列：完备进阶指南 / [CW] 完美战力：全职战斗指南 / 4. 奇幻战争,完美系列：完备进阶指南,[CW] 完美战力：全职战斗指南
传奇战士,3 完美系列\CW完美战力\2进阶\传奇.htm,4,完美系列：完备进阶指南 / [CW] 完美战力：全职战斗指南 / 4. 奇幻战争,完美系列：完备进阶指南,[CW] 完美战力：全职战斗指南
勇士与武器,3 完美系列\CW完美战力\5奇幻战争\勇士与武器.htm,4,完美系列：完备进阶指南 / [CW] 完美战力：全职战斗指南 / 4. 奇幻战争,完美系列：完备进阶指南,[CW] 完美战力：全职战斗指南
5. 魔法物品,,3,完美系列：完备进阶指南 / [CW] 完美战力：全职战斗指南,完美系列：完备进阶指南,[CW] 完美战力：全职战斗指南
附魔,3 完美系列\CW完美战力\6装备\附魔.htm,4,完美系列：完备进阶指南 / [CW] 完美战力：全职战斗指南 / 5. 魔法物品,完美系列：完备进阶指南,[CW] 完美战力：全职战斗指南
魔法装备和奇物,3 完美系列\CW完美战力\6装备\装备.htm,4,完美系列：完备进阶指南 / [CW] 完美战力：全职战斗指南 / 5. 魔法物品,完美系列：完备进阶指南,[CW] 完美战力：全职战斗指南
特殊材料,3 完美系列\CW完美战力\6装备\材料.htm,4,完美系列：完备进阶指南 / [CW] 完美战力：全职战斗指南 / 5. 魔法物品,完美系列：完备进阶指南,[CW] 完美战力：全职战斗指南
3e的职业拓展内容,,2,完美系列：完备进阶指南,完美系列：完备进阶指南,3e的职业拓展内容
(暂缺)[S＆F] 刀剑与拳脚,10 附录\填充页面.htm,3,完美系列：完备进阶指南 / 3e的职业拓展内容,完美系列：完备进阶指南,3e的职业拓展内容
(暂缺)[DotF] 信仰捍卫者,10 附录\填充页面.htm,3,完美系列：完备进阶指南 / 3e的职业拓展内容,完美系列：完备进阶指南,3e的职业拓展内容
(暂缺)[T＆B] 卷册与血脉,10 附录\填充页面.htm,3,完美系列：完备进阶指南 / 3e的职业拓展内容,完美系列：完备进阶指南,3e的职业拓展内容
(暂缺)[S＆S] 歌声与寂静,10 附录\填充页面.htm,3,完美系列：完备进阶指南 / 3e的职业拓展内容,完美系列：完备进阶指南,3e的职业拓展内容
阵营与位面：宇宙观和九宫格,,1,,阵营与位面：宇宙观和九宫格,
[BoED] 崇善之书 (好人书),4 阵营和位面\BoED崇善之书\崇善之书（BoED）.htm,2,阵营与位面：宇宙观和九宫格,阵营与位面：宇宙观和九宫格,[BoED] 崇善之书 (好人书)
1. 善良的本性,,3,阵营与位面：宇宙观和九宫格 / [BoED] 崇善之书 (好人书),阵营与位面：宇宙观和九宫格,[BoED] 崇善之书 (好人书)
善良行为,4 阵营和位面\BoED崇善之书\1善良的本性\善良行为.htm,4,阵营与位面：宇宙观和九宫格 / [BoED] 崇善之书 (好人书) / 1. 善良的本性,阵营与位面：宇宙观和九宫格,[BoED] 崇善之书 (好人书)
愚直之道,4 阵营和位面\BoED崇善之书\1善良的本性\愚直之道.htm,4,阵营与位面：宇宙观和九宫格 / [BoED] 崇善之书 (好人书) / 1. 善良的本性,阵营与位面：宇宙观和九宫格,[BoED] 崇善之书 (好人书)
守序、混乱与善良,4 阵营和位面\BoED崇善之书\1善良的本性\守序、混乱与善良.htm,4,阵营与位面：宇宙观和九宫格 / [BoED] 崇善之书 (好人书) / 1. 善良的本性,阵营与位面：宇宙观和九宫格,[BoED] 崇善之书 (好人书)
扮演英雄,4 阵营和位面\BoED崇善之书\1善良的本性\扮演英雄.htm,4,阵营与位面：宇宙观和九宫格 / [BoED] 崇善之书 (好人书) / 1. 善良的本性,阵营与位面：宇宙观和九宫格,[BoED] 崇善之书 (好人书)
崇善角色,4 阵营和位面\BoED崇善之书\1善良的本性\崇善角色.htm,4,阵营与位面：宇宙观和九宫格 / [BoED] 崇善之书 (好人书) / 1. 善良的本性,阵营与位面：宇宙观和九宫格,[BoED] 崇善之书 (好人书)
罪行与赎罪,4 阵营和位面\BoED崇善之书\1善良的本性\罪行与赎罪.htm,4,阵营与位面：宇宙观和九宫格 / [BoED] 崇善之书 (好人书) / 1. 善良的本性,阵营与位面：宇宙观和九宫格,[BoED] 崇善之书 (好人书)
崇善冒险,4 阵营和位面\BoED崇善之书\1善良的本性\崇善冒险.htm,4,阵营与位面：宇宙观和九宫格 / [BoED] 崇善之书 (好人书) / 1. 善良的本性,阵营与位面：宇宙观和九宫格,[BoED] 崇善之书 (好人书)
2. 变体规则,,3,阵营与位面：宇宙观和九宫格 / [BoED] 崇善之书 (好人书),阵营与位面：宇宙观和九宫格,[BoED] 崇善之书 (好人书)
神入,4 阵营和位面\BoED崇善之书\2变体规则\神入.htm,4,阵营与位面：宇宙观和九宫格 / [BoED] 崇善之书 (好人书) / 2. 变体规则,阵营与位面：宇宙观和九宫格,[BoED] 崇善之书 (好人书)
崇善部属,4 阵营和位面\BoED崇善之书\2变体规则\崇善部属.htm,4,阵营与位面：宇宙观和九宫格 / [BoED] 崇善之书 (好人书) / 2. 变体规则,阵营与位面：宇宙观和九宫格,[BoED] 崇善之书 (好人书)
[暂缺]崇善的神祇,,4,阵营与位面：宇宙观和九宫格 / [BoED] 崇善之书 (好人书) / 2. 变体规则,阵营与位面：宇宙观和九宫格,[BoED] 崇善之书 (好人书)
崇高牺牲与殉难,4 阵营和位面\BoED崇善之书\2变体规则\崇高牺牲与殉难.htm,4,阵营与位面：宇宙观和九宫格 / [BoED] 崇善之书 (好人书) / 2. 变体规则,阵营与位面：宇宙观和九宫格,[BoED] 崇善之书 (好人书)
圣徒,4 阵营和位面\BoED崇善之书\2变体规则\圣徒.htm,4,阵营与位面：宇宙观和九宫格 / [BoED] 崇善之书 (好人书) / 2. 变体规则,阵营与位面：宇宙观和九宫格,[BoED] 崇善之书 (好人书)
创生圣言,4 阵营和位面\BoED崇善之书\2变体规则\创生圣言.htm,4,阵营与位面：宇宙观和九宫格 / [BoED] 崇善之书 (好人书) / 2. 变体规则,阵营与位面：宇宙观和九宫格,[BoED] 崇善之书 (好人书)
3. 崇善装备,,3,阵营与位面：宇宙观和九宫格 / [BoED] 崇善之书 (好人书),阵营与位面：宇宙观和九宫格,[BoED] 崇善之书 (好人书)
圣洁武器,4 阵营和位面\BoED崇善之书\3崇善装备\圣洁武器.htm,4,阵营与位面：宇宙观和九宫格 / [BoED] 崇善之书 (好人书) / 3. 崇善装备,阵营与位面：宇宙观和九宫格,[BoED] 崇善之书 (好人书)
非致命武器,4 阵营和位面\BoED崇善之书\3崇善装备\非致命武器.htm,4,阵营与位面：宇宙观和九宫格 / [BoED] 崇善之书 (好人书) / 3. 崇善装备,阵营与位面：宇宙观和九宫格,[BoED] 崇善之书 (好人书)
坏灭与苦痛,4 阵营和位面\BoED崇善之书\3崇善装备\坏灭与苦痛.htm,4,阵营与位面：宇宙观和九宫格 / [BoED] 崇善之书 (好人书) / 3. 崇善装备,阵营与位面：宇宙观和九宫格,[BoED] 崇善之书 (好人书)
圣物,4 阵营和位面\BoED崇善之书\3崇善装备\圣物.htm,4,阵营与位面：宇宙观和九宫格 / [BoED] 崇善之书 (好人书) / 3. 崇善装备,阵营与位面：宇宙观和九宫格,[BoED] 崇善之书 (好人书)
可选法术材料成分,4 阵营和位面\BoED崇善之书\3崇善装备\可选法术材料成分.htm,4,阵营与位面：宇宙观和九宫格 / [BoED] 崇善之书 (好人书) / 3. 崇善装备,阵营与位面：宇宙观和九宫格,[BoED] 崇善之书 (好人书)
特殊材料与物质,4 阵营和位面\BoED崇善之书\3崇善装备\特殊材料与物质.htm,4,阵营与位面：宇宙观和九宫格 / [BoED] 崇善之书 (好人书) / 3. 崇善装备,阵营与位面：宇宙观和九宫格,[BoED] 崇善之书 (好人书)
4. 崇善专长,4 阵营和位面\BoED崇善之书\4专长\崇善专长（Exalted Feats）.htm,3,阵营与位面：宇宙观和九宫格 / [BoED] 崇善之书 (好人书),阵营与位面：宇宙观和九宫格,[BoED] 崇善之书 (好人书)
5. 进阶职业,,3,阵营与位面：宇宙观和九宫格 / [BoED] 崇善之书 (好人书),阵营与位面：宇宙观和九宫格,[BoED] 崇善之书 (好人书)
正义之剑,4 阵营和位面\BoED崇善之书\5进阶职业\正义之剑.htm,4,阵营与位面：宇宙观和九宫格 / [BoED] 崇善之书 (好人书) / 5. 进阶职业,阵营与位面：宇宙观和九宫格,[BoED] 崇善之书 (好人书)
星之歌者,4 阵营和位面\BoED崇善之书\5进阶职业\星之歌者.htm,4,阵营与位面：宇宙观和九宫格 / [BoED] 崇善之书 (好人书) / 5. 进阶职业,阵营与位面：宇宙观和九宫格,[BoED] 崇善之书 (好人书)
和平使徒,4 阵营和位面\BoED崇善之书\5进阶职业\和平使徒.htm,4,阵营与位面：宇宙观和九宫格 / [BoED] 崇善之书 (好人书) / 5. 进阶职业,阵营与位面：宇宙观和九宫格,[BoED] 崇善之书 (好人书)
天空之主,4 阵营和位面\BoED崇善之书\5进阶职业\天空之主.htm,4,阵营与位面：宇宙观和九宫格 / [BoED] 崇善之书 (好人书) / 5. 进阶职业,阵营与位面：宇宙观和九宫格,[BoED] 崇善之书 (好人书)
圣油骑士,4 阵营和位面\BoED崇善之书\5进阶职业\圣油骑士.htm,4,阵营与位面：宇宙观和九宫格 / [BoED] 崇善之书 (好人书) / 5. 进阶职业,阵营与位面：宇宙观和九宫格,[BoED] 崇善之书 (好人书)
天鹅之女,4 阵营和位面\BoED崇善之书\5进阶职业\天鹅之女.htm,4,阵营与位面：宇宙观和九宫格 / [BoED] 崇善之书 (好人书) / 5. 进阶职业,阵营与位面：宇宙观和九宫格,[BoED] 崇善之书 (好人书)
复活殉道者,4 阵营和位面\BoED崇善之书\5进阶职业\复活殉道者.htm,4,阵营与位面：宇宙观和九宫格 / [BoED] 崇善之书 (好人书) / 5. 进阶职业,阵营与位面：宇宙观和九宫格,[BoED] 崇善之书 (好人书)
天界秘奥师,4 阵营和位面\BoED崇善之书\5进阶职业\天界秘奥师.htm,4,阵营与位面：宇宙观和九宫格 / [BoED] 崇善之书 (好人书) / 5. 进阶职业,阵营与位面：宇宙观和九宫格,[BoED] 崇善之书 (好人书)
奇迹创造者,4 阵营和位面\BoED崇善之书\5进阶职业\奇迹创造者.htm,4,阵营与位面：宇宙观和九宫格 / [BoED] 崇善之书 (好人书) / 5. 进阶职业,阵营与位面：宇宙观和九宫格,[BoED] 崇善之书 (好人书)
崇善奥法者,4 阵营和位面\BoED崇善之书\5进阶职业\崇善奥法者.htm,4,阵营与位面：宇宙观和九宫格 / [BoED] 崇善之书 (好人书) / 5. 进阶职业,阵营与位面：宇宙观和九宫格,[BoED] 崇善之书 (好人书)
拉泽尔之拳,4 阵营和位面\BoED崇善之书\5进阶职业\拉泽尔之拳.htm,4,阵营与位面：宇宙观和九宫格 / [BoED] 崇善之书 (好人书) / 5. 进阶职业,阵营与位面：宇宙观和九宫格,[BoED] 崇善之书 (好人书)
卡拉什之行者,4 阵营和位面\BoED崇善之书\5进阶职业\卡拉什之行者_.htm,4,阵营与位面：宇宙观和九宫格 / [BoED] 崇善之书 (好人书) / 5. 进阶职业,阵营与位面：宇宙观和九宫格,[BoED] 崇善之书 (好人书)
塔里丝德之狮,4 阵营和位面\BoED崇善之书\5进阶职业\塔里丝德之狮.htm,4,阵营与位面：宇宙观和九宫格 / [BoED] 崇善之书 (好人书) / 5. 进阶职业,阵营与位面：宇宙观和九宫格,[BoED] 崇善之书 (好人书)
多梅尔之杀手,4 阵营和位面\BoED崇善之书\5进阶职业\多梅尔之杀手.htm,4,阵营与位面：宇宙观和九宫格 / [BoED] 崇善之书 (好人书) / 5. 进阶职业,阵营与位面：宇宙观和九宫格,[BoED] 崇善之书 (好人书)
瓦拉伦的爱人,4 阵营和位面\BoED崇善之书\5进阶职业\瓦拉伦的爱人.htm,4,阵营与位面：宇宙观和九宫格 / [BoED] 崇善之书 (好人书) / 5. 进阶职业,阵营与位面：宇宙观和九宫格,[BoED] 崇善之书 (好人书)
西特尔之保卫者,4 阵营和位面\BoED崇善之书\5进阶职业\西特尔之保卫者.htm,4,阵营与位面：宇宙观和九宫格 / [BoED] 崇善之书 (好人书) / 5. 进阶职业,阵营与位面：宇宙观和九宫格,[BoED] 崇善之书 (好人书)
巴哈姆特之封臣,4 阵营和位面\BoED崇善之书\5进阶职业\巴哈姆特之封臣.htm,4,阵营与位面：宇宙观和九宫格 / [BoED] 崇善之书 (好人书) / 5. 进阶职业,阵营与位面：宇宙观和九宫格,[BoED] 崇善之书 (好人书)
巴哈瑞之守卫者,4 阵营和位面\BoED崇善之书\5进阶职业\巴哈瑞之守卫者_.htm,4,阵营与位面：宇宙观和九宫格 / [BoED] 崇善之书 (好人书) / 5. 进阶职业,阵营与位面：宇宙观和九宫格,[BoED] 崇善之书 (好人书)
巴拉切尔之密使,4 阵营和位面\BoED崇善之书\5进阶职业\巴拉切尔之密使.htm,4,阵营与位面：宇宙观和九宫格 / [BoED] 崇善之书 (好人书) / 5. 进阶职业,阵营与位面：宇宙观和九宫格,[BoED] 崇善之书 (好人书)
格永哈维夫的斗士,4 阵营和位面\BoED崇善之书\5进阶职业\格永哈维夫的斗士.htm,4,阵营与位面：宇宙观和九宫格 / [BoED] 崇善之书 (好人书) / 5. 进阶职业,阵营与位面：宇宙观和九宫格,[BoED] 崇善之书 (好人书)
俄拉萨沃之预言者,4 阵营和位面\BoED崇善之书\5进阶职业\俄拉萨沃之预言者.htm,4,阵营与位面：宇宙观和九宫格 / [BoED] 崇善之书 (好人书) / 5. 进阶职业,阵营与位面：宇宙观和九宫格,[BoED] 崇善之书 (好人书)
皮斯提丝·索菲亚之初信者,4 阵营和位面\BoED崇善之书\5进阶职业\皮斯提丝_·_索菲亚之初信者.htm,4,阵营与位面：宇宙观和九宫格 / [BoED] 崇善之书 (好人书) / 5. 进阶职业,阵营与位面：宇宙观和九宫格,[BoED] 崇善之书 (好人书)
6. 魔法,,3,阵营与位面：宇宙观和九宫格 / [BoED] 崇善之书 (好人书),阵营与位面：宇宙观和九宫格,[BoED] 崇善之书 (好人书)
圣洁魔法,4 阵营和位面\BoED崇善之书\6魔法\圣洁魔法.htm,4,阵营与位面：宇宙观和九宫格 / [BoED] 崇善之书 (好人书) / 6. 魔法,阵营与位面：宇宙观和九宫格,[BoED] 崇善之书 (好人书)
法术列表,4 阵营和位面\BoED崇善之书\6魔法\法术列表.htm,4,阵营与位面：宇宙观和九宫格 / [BoED] 崇善之书 (好人书) / 6. 魔法,阵营与位面：宇宙观和九宫格,[BoED] 崇善之书 (好人书)
法术详述,4 阵营和位面\BoED崇善之书\6魔法\法术详述.htm,4,阵营与位面：宇宙观和九宫格 / [BoED] 崇善之书 (好人书) / 6. 魔法,阵营与位面：宇宙观和九宫格,[BoED] 崇善之书 (好人书)
魔法物品,4 阵营和位面\BoED崇善之书\6魔法\魔法物品.htm,4,阵营与位面：宇宙观和九宫格 / [BoED] 崇善之书 (好人书) / 6. 魔法,阵营与位面：宇宙观和九宫格,[BoED] 崇善之书 (好人书)
净化邪恶魔法物品,4 阵营和位面\BoED崇善之书\6魔法\净化邪恶魔法物品.htm,4,阵营与位面：宇宙观和九宫格 / [BoED] 崇善之书 (好人书) / 6. 魔法,阵营与位面：宇宙观和九宫格,[BoED] 崇善之书 (好人书)
7. 天界典范,,3,阵营与位面：宇宙观和九宫格 / [BoED] 崇善之书 (好人书),阵营与位面：宇宙观和九宫格,[BoED] 崇善之书 (好人书)
星之王庭,4 阵营和位面\BoED崇善之书\7天界典范\星之王庭.htm,4,阵营与位面：宇宙观和九宫格 / [BoED] 崇善之书 (好人书) / 7. 天界典范,阵营与位面：宇宙观和九宫格,[BoED] 崇善之书 (好人书)
盖丁六爵,4 阵营和位面\BoED崇善之书\7天界典范\盖丁六爵：塔利希德与五侍从.htm,4,阵营与位面：宇宙观和九宫格 / [BoED] 崇善之书 (好人书) / 7. 天界典范,阵营与位面：宇宙观和九宫格,[BoED] 崇善之书 (好人书)
天界七烈会,4 阵营和位面\BoED崇善之书\7天界典范\天界七烈会.htm,4,阵营与位面：宇宙观和九宫格 / [BoED] 崇善之书 (好人书) / 7. 天界典范,阵营与位面：宇宙观和九宫格,[BoED] 崇善之书 (好人书)
8. 怪物,,3,阵营与位面：宇宙观和九宫格 / [BoED] 崇善之书 (好人书),阵营与位面：宇宙观和九宫格,[BoED] 崇善之书 (好人书)
类型,,4,阵营与位面：宇宙观和九宫格 / [BoED] 崇善之书 (好人书) / 8. 怪物,阵营与位面：宇宙观和九宫格,[BoED] 崇善之书 (好人书)
不朽生物,4 阵营和位面\BoED崇善之书\8怪物\无命者.htm,5,阵营与位面：宇宙观和九宫格 / [BoED] 崇善之书 (好人书) / 8. 怪物 / 类型,阵营与位面：宇宙观和九宫格,[BoED] 崇善之书 (好人书)
模板,,4,阵营与位面：宇宙观和九宫格 / [BoED] 崇善之书 (好人书) / 8. 怪物,阵营与位面：宇宙观和九宫格,[BoED] 崇善之书 (好人书)
圣人,4 阵营和位面\BoED崇善之书\8怪物\模板\圣者.htm,5,阵营与位面：宇宙观和九宫格 / [BoED] 崇善之书 (好人书) / 8. 怪物 / 模板,阵营与位面：宇宙观和九宫格,[BoED] 崇善之书 (好人书)
圣化生物,4 阵营和位面\BoED崇善之书\8怪物\模板\圣化生物.htm,5,阵营与位面：宇宙观和九宫格 / [BoED] 崇善之书 (好人书) / 8. 怪物 / 模板,阵营与位面：宇宙观和九宫格,[BoED] 崇善之书 (好人书)
神罚化身,4 阵营和位面\BoED崇善之书\8怪物\模板\神罚化身.htm,5,阵营与位面：宇宙观和九宫格 / [BoED] 崇善之书 (好人书) / 8. 怪物 / 模板,阵营与位面：宇宙观和九宫格,[BoED] 崇善之书 (好人书)
神圣守望者,4 阵营和位面\BoED崇善之书\8怪物\模板\神圣守望者（Sacred Watcher）.htm,5,阵营与位面：宇宙观和九宫格 / [BoED] 崇善之书 (好人书) / 8. 怪物 / 模板,阵营与位面：宇宙观和九宫格,[BoED] 崇善之书 (好人书)
神怒集群,4 阵营和位面\BoED崇善之书\8怪物\神怒集群.htm,4,阵营与位面：宇宙观和九宫格 / [BoED] 崇善之书 (好人书) / 8. 怪物,阵营与位面：宇宙观和九宫格,[BoED] 崇善之书 (好人书)
亚空天族,4 阵营和位面\BoED崇善之书\8怪物\亚空天族.htm,4,阵营与位面：宇宙观和九宫格 / [BoED] 崇善之书 (好人书) / 8. 怪物,阵营与位面：宇宙观和九宫格,[BoED] 崇善之书 (好人书)
爱剌天族,4 阵营和位面\BoED崇善之书\8怪物\爱剌天族.htm,4,阵营与位面：宇宙观和九宫格 / [BoED] 崇善之书 (好人书) / 8. 怪物,阵营与位面：宇宙观和九宫格,[BoED] 崇善之书 (好人书)
彩光天使,4 阵营和位面\BoED崇善之书\8怪物\彩光天使.htm,5,阵营与位面：宇宙观和九宫格 / [BoED] 崇善之书 (好人书) / 8. 怪物 / 爱剌天族,阵营与位面：宇宙观和九宫格,[BoED] 崇善之书 (好人书)
红焰天使,4 阵营和位面\BoED崇善之书\8怪物\红焰天使.htm,5,阵营与位面：宇宙观和九宫格 / [BoED] 崇善之书 (好人书) / 8. 怪物 / 爱剌天族,阵营与位面：宇宙观和九宫格,[BoED] 崇善之书 (好人书)
辉云天使,4 阵营和位面\BoED崇善之书\8怪物\辉云天使.htm,5,阵营与位面：宇宙观和九宫格 / [BoED] 崇善之书 (好人书) / 8. 怪物 / 爱剌天族,阵营与位面：宇宙观和九宫格,[BoED] 崇善之书 (好人书)
图拉尼天使,4 阵营和位面\BoED崇善之书\8怪物\图拉尼天使.htm,5,阵营与位面：宇宙观和九宫格 / [BoED] 崇善之书 (好人书) / 8. 怪物 / 爱剌天族,阵营与位面：宇宙观和九宫格,[BoED] 崇善之书 (好人书)
盖丁天族,4 阵营和位面\BoED崇善之书\8怪物\盖丁天族.htm,4,阵营与位面：宇宙观和九宫格 / [BoED] 崇善之书 (好人书) / 8. 怪物,阵营与位面：宇宙观和九宫格,[BoED] 崇善之书 (好人书)
半人羊,4 阵营和位面\BoED崇善之书\8怪物\半人羊.htm,4,阵营与位面：宇宙观和九宫格 / [BoED] 崇善之书 (好人书) / 8. 怪物,阵营与位面：宇宙观和九宫格,[BoED] 崇善之书 (好人书)
角犀卫,4 阵营和位面\BoED崇善之书\8怪物\角犀卫.htm,4,阵营与位面：宇宙观和九宫格 / [BoED] 崇善之书 (好人书) / 8. 怪物,阵营与位面：宇宙观和九宫格,[BoED] 崇善之书 (好人书)
墓穴守护者,4 阵营和位面\BoED崇善之书\8怪物\墓穴守护者.htm,4,阵营与位面：宇宙观和九宫格 / [BoED] 崇善之书 (好人书) / 8. 怪物,阵营与位面：宇宙观和九宫格,[BoED] 崇善之书 (好人书)
霍莱象人,4 阵营和位面\BoED崇善之书\8怪物\霍莱象人.htm,4,阵营与位面：宇宙观和九宫格 / [BoED] 崇善之书 (好人书) / 8. 怪物,阵营与位面：宇宙观和九宫格,[BoED] 崇善之书 (好人书)
超星体,4 阵营和位面\BoED崇善之书\8怪物\超星体.htm,4,阵营与位面：宇宙观和九宫格 / [BoED] 崇善之书 (好人书) / 8. 怪物,阵营与位面：宇宙观和九宫格,[BoED] 崇善之书 (好人书)
雷斯凯特,4 阵营和位面\BoED崇善之书\8怪物\雷斯凯特.htm,4,阵营与位面：宇宙观和九宫格 / [BoED] 崇善之书 (好人书) / 8. 怪物,阵营与位面：宇宙观和九宫格,[BoED] 崇善之书 (好人书)
阿修罗,4 阵营和位面\BoED崇善之书\8怪物\阿修罗.htm,4,阵营与位面：宇宙观和九宫格 / [BoED] 崇善之书 (好人书) / 8. 怪物,阵营与位面：宇宙观和九宫格,[BoED] 崇善之书 (好人书)
月犬,4 阵营和位面\BoED崇善之书\8怪物\月犬.htm,4,阵营与位面：宇宙观和九宫格 / [BoED] 崇善之书 (好人书) / 8. 怪物,阵营与位面：宇宙观和九宫格,[BoED] 崇善之书 (好人书)
[PlH] 位面手册：位面玩家指南,4 阵营和位面\PlH位面手册\位面手册.htm,2,阵营与位面：宇宙观和九宫格,阵营与位面：宇宙观和九宫格,[PlH] 位面手册：位面玩家指南
1. 种族,,3,阵营与位面：宇宙观和九宫格 / [PlH] 位面手册：位面玩家指南,阵营与位面：宇宙观和九宫格,[PlH] 位面手册：位面玩家指南
一般种族,4 阵营和位面\PlH位面手册\1种族\一般种族.htm,4,阵营与位面：宇宙观和九宫格 / [PlH] 位面手册：位面玩家指南 / 1. 种族,阵营与位面：宇宙观和九宫格,[PlH] 位面手册：位面玩家指南
阿斯莫,4 阵营和位面\PlH位面手册\1种族\阿斯莫.htm,5,阵营与位面：宇宙观和九宫格 / [PlH] 位面手册：位面玩家指南 / 1. 种族 / 一般种族,阵营与位面：宇宙观和九宫格,[PlH] 位面手册：位面玩家指南
提夫林,4 阵营和位面\PlH位面手册\1种族\提夫林.htm,5,阵营与位面：宇宙观和九宫格 / [PlH] 位面手册：位面玩家指南 / 1. 种族 / 一般种族,阵营与位面：宇宙观和九宫格,[PlH] 位面手册：位面玩家指南
半人羊,4 阵营和位面\PlH位面手册\1种族\半人羊.htm,5,阵营与位面：宇宙观和九宫格 / [PlH] 位面手册：位面玩家指南 / 1. 种族 / 一般种族,阵营与位面：宇宙观和九宫格,[PlH] 位面手册：位面玩家指南
魔蝠人,4 阵营和位面\PlH位面手册\1种族\魔蝠人.htm,5,阵营与位面：宇宙观和九宫格 / [PlH] 位面手册：位面玩家指南 / 1. 种族 / 一般种族,阵营与位面：宇宙观和九宫格,[PlH] 位面手册：位面玩家指南
涅拉蟾,4 阵营和位面\PlH位面手册\1种族\涅拉蟾.htm,5,阵营与位面：宇宙观和九宫格 / [PlH] 位面手册：位面玩家指南 / 1. 种族 / 一般种族,阵营与位面：宇宙观和九宫格,[PlH] 位面手册：位面玩家指南
迅影裔,4 阵营和位面\PlH位面手册\1种族\迅影裔.htm,5,阵营与位面：宇宙观和九宫格 / [PlH] 位面手册：位面玩家指南 / 1. 种族 / 一般种族,阵营与位面：宇宙观和九宫格,[PlH] 位面手册：位面玩家指南
刺修罗,4 阵营和位面\PlH位面手册\1种族\刺修罗.htm,5,阵营与位面：宇宙观和九宫格 / [PlH] 位面手册：位面玩家指南 / 1. 种族 / 一般种族,阵营与位面：宇宙观和九宫格,[PlH] 位面手册：位面玩家指南
玻曼星民,4 阵营和位面\PlH位面手册\1种族\玻曼星民.htm,5,阵营与位面：宇宙观和九宫格 / [PlH] 位面手册：位面玩家指南 / 1. 种族 / 一般种族,阵营与位面：宇宙观和九宫格,[PlH] 位面手册：位面玩家指南
蛮獾族,4 阵营和位面\PlH位面手册\1种族\蛮獾族.htm,5,阵营与位面：宇宙观和九宫格 / [PlH] 位面手册：位面玩家指南 / 1. 种族 / 一般种族,阵营与位面：宇宙观和九宫格,[PlH] 位面手册：位面玩家指南
强力种族,4 阵营和位面\PlH位面手册\1种族\强力种族.htm,4,阵营与位面：宇宙观和九宫格 / [PlH] 位面手册：位面玩家指南 / 1. 种族,阵营与位面：宇宙观和九宫格,[PlH] 位面手册：位面玩家指南
链魔,4 阵营和位面\PlH位面手册\1种族\链魔.htm,5,阵营与位面：宇宙观和九宫格 / [PlH] 位面手册：位面玩家指南 / 1. 种族 / 强力种族,阵营与位面：宇宙观和九宫格,[PlH] 位面手册：位面玩家指南
小巨灵,4 阵营和位面\PlH位面手册\1种族\小巨灵.htm,5,阵营与位面：宇宙观和九宫格 / [PlH] 位面手册：位面玩家指南 / 1. 种族 / 强力种族,阵营与位面：宇宙观和九宫格,[PlH] 位面手册：位面玩家指南
翼蛇人,4 阵营和位面\PlH位面手册\1种族\翼蛇人.htm,5,阵营与位面：宇宙观和九宫格 / [PlH] 位面手册：位面玩家指南 / 1. 种族 / 强力种族,阵营与位面：宇宙观和九宫格,[PlH] 位面手册：位面玩家指南
鹏羽天使,4 阵营和位面\PlH位面手册\1种族\鹏羽天使.htm,5,阵营与位面：宇宙观和九宫格 / [PlH] 位面手册：位面玩家指南 / 1. 种族 / 强力种族,阵营与位面：宇宙观和九宫格,[PlH] 位面手册：位面玩家指南
獒首神使,4 阵营和位面\PlH位面手册\1种族\獒首神使.htm,5,阵营与位面：宇宙观和九宫格 / [PlH] 位面手册：位面玩家指南 / 1. 种族 / 强力种族,阵营与位面：宇宙观和九宫格,[PlH] 位面手册：位面玩家指南
年龄身高体重,4 阵营和位面\PlH位面手册\1种族\年龄身高体重.htm,4,阵营与位面：宇宙观和九宫格 / [PlH] 位面手册：位面玩家指南 / 1. 种族,阵营与位面：宇宙观和九宫格,[PlH] 位面手册：位面玩家指南
2. 职业与专长,,3,阵营与位面：宇宙观和九宫格 / [PlH] 位面手册：位面玩家指南,阵营与位面：宇宙观和九宫格,[PlH] 位面手册：位面玩家指南
位面职业替代等级,4 阵营和位面\PlH位面手册\2职业\职业替代等级.htm,4,阵营与位面：宇宙观和九宫格 / [PlH] 位面手册：位面玩家指南 / 2. 职业与专长,阵营与位面：宇宙观和九宫格,[PlH] 位面手册：位面玩家指南
专长,,4,阵营与位面：宇宙观和九宫格 / [PlH] 位面手册：位面玩家指南 / 2. 职业与专长,阵营与位面：宇宙观和九宫格,[PlH] 位面手册：位面玩家指南
一般专长,4 阵营和位面\PlH位面手册\3专长\一般专长.htm,5,阵营与位面：宇宙观和九宫格 / [PlH] 位面手册：位面玩家指南 / 2. 职业与专长 / 专长,阵营与位面：宇宙观和九宫格,[PlH] 位面手册：位面玩家指南
血脉专长,4 阵营和位面\PlH位面手册\3专长\血脉专长.htm,5,阵营与位面：宇宙观和九宫格 / [PlH] 位面手册：位面玩家指南 / 2. 职业与专长 / 专长,阵营与位面：宇宙观和九宫格,[PlH] 位面手册：位面玩家指南
3. 进阶职业,,3,阵营与位面：宇宙观和九宫格 / [PlH] 位面手册：位面玩家指南,阵营与位面：宇宙观和九宫格,[PlH] 位面手册：位面玩家指南
定命者,4 阵营和位面\PlH位面手册\2职业\定命者.htm,4,阵营与位面：宇宙观和九宫格 / [PlH] 位面手册：位面玩家指南 / 3. 进阶职业,阵营与位面：宇宙观和九宫格,[PlH] 位面手册：位面玩家指南
蔑世者,4 阵营和位面\PlH位面手册\2职业\蔑世者.htm,4,阵营与位面：宇宙观和九宫格 / [PlH] 位面手册：位面玩家指南 / 3. 进阶职业,阵营与位面：宇宙观和九宫格,[PlH] 位面手册：位面玩家指南
寻梦者,4 阵营和位面\PlH位面手册\2职业\寻梦者.htm,4,阵营与位面：宇宙观和九宫格 / [PlH] 位面手册：位面玩家指南 / 3. 进阶职业,阵营与位面：宇宙观和九宫格,[PlH] 位面手册：位面玩家指南
业余大师,4 阵营和位面\PlH位面手册\2职业\业余大师.htm,4,阵营与位面：宇宙观和九宫格 / [PlH] 位面手册：位面玩家指南 / 3. 进阶职业,阵营与位面：宇宙观和九宫格,[PlH] 位面手册：位面玩家指南
元素战士,4 阵营和位面\PlH位面手册\2职业\元素战士.htm,4,阵营与位面：宇宙观和九宫格 / [PlH] 位面手册：位面玩家指南 / 3. 进阶职业,阵营与位面：宇宙观和九宫格,[PlH] 位面手册：位面玩家指南
星界舞者,4 阵营和位面\PlH位面手册\2职业\星界舞者.htm,4,阵营与位面：宇宙观和九宫格 / [PlH] 位面手册：位面玩家指南 / 3. 进阶职业,阵营与位面：宇宙观和九宫格,[PlH] 位面手册：位面玩家指南
末日之主,4 阵营和位面\PlH位面手册\2职业\末日之主.htm,4,阵营与位面：宇宙观和九宫格 / [PlH] 位面手册：位面玩家指南 / 3. 进阶职业,阵营与位面：宇宙观和九宫格,[PlH] 位面手册：位面玩家指南
混沌从者,4 阵营和位面\PlH位面手册\2职业\混沌从者.htm,4,阵营与位面：宇宙观和九宫格 / [PlH] 位面手册：位面玩家指南 / 3. 进阶职业,阵营与位面：宇宙观和九宫格,[PlH] 位面手册：位面玩家指南
运筹专家,4 阵营和位面\PlH位面手册\2职业\运筹专家.htm,4,阵营与位面：宇宙观和九宫格 / [PlH] 位面手册：位面玩家指南 / 3. 进阶职业,阵营与位面：宇宙观和九宫格,[PlH] 位面手册：位面玩家指南
4. 装备与魔法物品,4 阵营和位面\PlH位面手册\5装备\装备.htm,3,阵营与位面：宇宙观和九宫格 / [PlH] 位面手册：位面玩家指南,阵营与位面：宇宙观和九宫格,[PlH] 位面手册：位面玩家指南
武器,4 阵营和位面\PlH位面手册\5装备\武器.htm,4,阵营与位面：宇宙观和九宫格 / [PlH] 位面手册：位面玩家指南 / 4. 装备与魔法物品,阵营与位面：宇宙观和九宫格,[PlH] 位面手册：位面玩家指南
防具,4 阵营和位面\PlH位面手册\5装备\防具.htm,4,阵营与位面：宇宙观和九宫格 / [PlH] 位面手册：位面玩家指南 / 4. 装备与魔法物品,阵营与位面：宇宙观和九宫格,[PlH] 位面手册：位面玩家指南
物品和服务,4 阵营和位面\PlH位面手册\5装备\冒险和服务.htm,4,阵营与位面：宇宙观和九宫格 / [PlH] 位面手册：位面玩家指南 / 4. 装备与魔法物品,阵营与位面：宇宙观和九宫格,[PlH] 位面手册：位面玩家指南
坐骑和载具,4 阵营和位面\PlH位面手册\5装备\坐骑和载具.htm,4,阵营与位面：宇宙观和九宫格 / [PlH] 位面手册：位面玩家指南 / 4. 装备与魔法物品,阵营与位面：宇宙观和九宫格,[PlH] 位面手册：位面玩家指南
魔法物品,4 阵营和位面\PlH位面手册\5装备\饰品和奇物.htm,4,阵营与位面：宇宙观和九宫格 / [PlH] 位面手册：位面玩家指南 / 4. 装备与魔法物品,阵营与位面：宇宙观和九宫格,[PlH] 位面手册：位面玩家指南
特殊物质,4 阵营和位面\PlH位面手册\5装备\特殊物质和物品.htm,4,阵营与位面：宇宙观和九宫格 / [PlH] 位面手册：位面玩家指南 / 4. 装备与魔法物品,阵营与位面：宇宙观和九宫格,[PlH] 位面手册：位面玩家指南
5. 法术,4 阵营和位面\PlH位面手册\位面法术.htm,3,阵营与位面：宇宙观和九宫格 / [PlH] 位面手册：位面玩家指南,阵营与位面：宇宙观和九宫格,[PlH] 位面手册：位面玩家指南
6. 位面间的生物,,3,阵营与位面：宇宙观和九宫格 / [PlH] 位面手册：位面玩家指南,阵营与位面：宇宙观和九宫格,[PlH] 位面手册：位面玩家指南
怪物,,4,阵营与位面：宇宙观和九宫格 / [PlH] 位面手册：位面玩家指南 / 6. 位面间的生物,阵营与位面：宇宙观和九宫格,[PlH] 位面手册：位面玩家指南
乐土画眉,4 阵营和位面\PlH位面手册\6生物\乐土画眉1.htm,5,阵营与位面：宇宙观和九宫格 / [PlH] 位面手册：位面玩家指南 / 6. 位面间的生物 / 怪物,阵营与位面：宇宙观和九宫格,[PlH] 位面手册：位面玩家指南
火侏儒,4 阵营和位面\PlH位面手册\6生物\火侏儒.htm,5,阵营与位面：宇宙观和九宫格 / [PlH] 位面手册：位面玩家指南 / 6. 位面间的生物 / 怪物,阵营与位面：宇宙观和九宫格,[PlH] 位面手册：位面玩家指南
霜矮人,4 阵营和位面\PlH位面手册\6生物\霜矮人.htm,5,阵营与位面：宇宙观和九宫格 / [PlH] 位面手册：位面玩家指南 / 6. 位面间的生物 / 怪物,阵营与位面：宇宙观和九宫格,[PlH] 位面手册：位面玩家指南
乌尔骏马,4 阵营和位面\PlH位面手册\6生物\乌尔骏马.htm,5,阵营与位面：宇宙观和九宫格 / [PlH] 位面手册：位面玩家指南 / 6. 位面间的生物 / 怪物,阵营与位面：宇宙观和九宫格,[PlH] 位面手册：位面玩家指南
次级梦魇,4 阵营和位面\PlH位面手册\6生物\次级梦魇.htm,5,阵营与位面：宇宙观和九宫格 / [PlH] 位面手册：位面玩家指南 / 6. 位面间的生物 / 怪物,阵营与位面：宇宙观和九宫格,[PlH] 位面手册：位面玩家指南
微末元素集群,4 阵营和位面\PlH位面手册\6生物\微末元素集群.htm,5,阵营与位面：宇宙观和九宫格 / [PlH] 位面手册：位面玩家指南 / 6. 位面间的生物 / 怪物,阵营与位面：宇宙观和九宫格,[PlH] 位面手册：位面玩家指南
阴影胶质怪,4 阵营和位面\PlH位面手册\6生物\阴影胶质怪.htm,5,阵营与位面：宇宙观和九宫格 / [PlH] 位面手册：位面玩家指南 / 6. 位面间的生物 / 怪物,阵营与位面：宇宙观和九宫格,[PlH] 位面手册：位面玩家指南
异界鲸,4 阵营和位面\PlH位面手册\6生物\异界鲸.htm,5,阵营与位面：宇宙观和九宫格 / [PlH] 位面手册：位面玩家指南 / 6. 位面间的生物 / 怪物,阵营与位面：宇宙观和九宫格,[PlH] 位面手册：位面玩家指南
虚空软泥怪,4 阵营和位面\PlH位面手册\6生物\虚空软泥怪.htm,5,阵营与位面：宇宙观和九宫格 / [PlH] 位面手册：位面玩家指南 / 6. 位面间的生物 / 怪物,阵营与位面：宇宙观和九宫格,[PlH] 位面手册：位面玩家指南
混沌潜猎者,4 阵营和位面\PlH位面手册\6生物\混沌潜猎者.htm,5,阵营与位面：宇宙观和九宫格 / [PlH] 位面手册：位面玩家指南 / 6. 位面间的生物 / 怪物,阵营与位面：宇宙观和九宫格,[PlH] 位面手册：位面玩家指南
炼狱狼蟑,4 阵营和位面\PlH位面手册\6生物\炼狱狼蟑.htm,5,阵营与位面：宇宙观和九宫格 / [PlH] 位面手册：位面玩家指南 / 6. 位面间的生物 / 怪物,阵营与位面：宇宙观和九宫格,[PlH] 位面手册：位面玩家指南
分解者,4 阵营和位面\PlH位面手册\6生物\分解者.htm,5,阵营与位面：宇宙观和九宫格 / [PlH] 位面手册：位面玩家指南 / 6. 位面间的生物 / 怪物,阵营与位面：宇宙观和九宫格,[PlH] 位面手册：位面玩家指南
六角鹿,4 阵营和位面\PlH位面手册\6生物\六角鹿.htm,5,阵营与位面：宇宙观和九宫格 / [PlH] 位面手册：位面玩家指南 / 6. 位面间的生物 / 怪物,阵营与位面：宇宙观和九宫格,[PlH] 位面手册：位面玩家指南
星界库拉肯,4 阵营和位面\PlH位面手册\6生物\星界库拉肯.htm,5,阵营与位面：宇宙观和九宫格 / [PlH] 位面手册：位面玩家指南 / 6. 位面间的生物 / 怪物,阵营与位面：宇宙观和九宫格,[PlH] 位面手册：位面玩家指南
活体能量球,4 阵营和位面\PlH位面手册\6生物\活体能量球.htm,5,阵营与位面：宇宙观和九宫格 / [PlH] 位面手册：位面玩家指南 / 6. 位面间的生物 / 怪物,阵营与位面：宇宙观和九宫格,[PlH] 位面手册：位面玩家指南
达克罗斯兽,4 阵营和位面\PlH位面手册\6生物\达克罗斯兽.htm,5,阵营与位面：宇宙观和九宫格 / [PlH] 位面手册：位面玩家指南 / 6. 位面间的生物 / 怪物,阵营与位面：宇宙观和九宫格,[PlH] 位面手册：位面玩家指南
模板,,4,阵营与位面：宇宙观和九宫格 / [PlH] 位面手册：位面玩家指南 / 6. 位面间的生物,阵营与位面：宇宙观和九宫格,[PlH] 位面手册：位面玩家指南
纯洁生物,4 阵营和位面\PlH位面手册\6生物\纯洁生物.htm,5,阵营与位面：宇宙观和九宫格 / [PlH] 位面手册：位面玩家指南 / 6. 位面间的生物 / 模板,阵营与位面：宇宙观和九宫格,[PlH] 位面手册：位面玩家指南
混沌生物,4 阵营和位面\PlH位面手册\6生物\混沌生物.htm,5,阵营与位面：宇宙观和九宫格 / [PlH] 位面手册：位面玩家指南 / 6. 位面间的生物 / 模板,阵营与位面：宇宙观和九宫格,[PlH] 位面手册：位面玩家指南
熵力生物,4 阵营和位面\PlH位面手册\6生物\熵力生物.htm,5,阵营与位面：宇宙观和九宫格 / [PlH] 位面手册：位面玩家指南 / 6. 位面间的生物 / 模板,阵营与位面：宇宙观和九宫格,[PlH] 位面手册：位面玩家指南
正能量生物,4 阵营和位面\PlH位面手册\6生物\正能量生物.htm,5,阵营与位面：宇宙观和九宫格 / [PlH] 位面手册：位面玩家指南 / 6. 位面间的生物 / 模板,阵营与位面：宇宙观和九宫格,[PlH] 位面手册：位面玩家指南
7. 位面的独特地点,,3,阵营与位面：宇宙观和九宫格 / [PlH] 位面手册：位面玩家指南,阵营与位面：宇宙观和九宫格,[PlH] 位面手册：位面玩家指南
[暂缺] 宇宙综述,,4,阵营与位面：宇宙观和九宫格 / [PlH] 位面手册：位面玩家指南 / 7. 位面的独特地点,阵营与位面：宇宙观和九宫格,[PlH] 位面手册：位面玩家指南
位面都市,,4,阵营与位面：宇宙观和九宫格 / [PlH] 位面手册：位面玩家指南 / 7. 位面的独特地点,阵营与位面：宇宙观和九宫格,[PlH] 位面手册：位面玩家指南
黄铜城,4 阵营和位面\PlH位面手册\7位面\黄铜城.htm,5,阵营与位面：宇宙观和九宫格 / [PlH] 位面手册：位面玩家指南 / 7. 位面的独特地点 / 位面都市,阵营与位面：宇宙观和九宫格,[PlH] 位面手册：位面玩家指南
印记城,4 阵营和位面\PlH位面手册\7位面\印记城.htm,5,阵营与位面：宇宙观和九宫格 / [PlH] 位面手册：位面玩家指南 / 7. 位面的独特地点 / 位面都市,阵营与位面：宇宙观和九宫格,[PlH] 位面手册：位面玩家指南
图’纳拉特,4 阵营和位面\PlH位面手册\7位面\图’纳拉特.htm,5,阵营与位面：宇宙观和九宫格 / [PlH] 位面手册：位面玩家指南 / 7. 位面的独特地点 / 位面都市,阵营与位面：宇宙观和九宫格,[PlH] 位面手册：位面玩家指南
位面碎裂,4 阵营和位面\PlH位面手册\7位面\位面碎裂.htm,4,阵营与位面：宇宙观和九宫格 / [PlH] 位面手册：位面玩家指南 / 7. 位面的独特地点,阵营与位面：宇宙观和九宫格,[PlH] 位面手册：位面玩家指南
位面道标,4 阵营和位面\PlH位面手册\7位面\位面道标.htm,4,阵营与位面：宇宙观和九宫格 / [PlH] 位面手册：位面玩家指南 / 7. 位面的独特地点,阵营与位面：宇宙观和九宫格,[PlH] 位面手册：位面玩家指南
[FC1] 魔族法典1：深渊堕群,4 阵营和位面\FC1深渊堕群\深渊堕群.htm,2,阵营与位面：宇宙观和九宫格,阵营与位面：宇宙观和九宫格,[FC1] 魔族法典1：深渊堕群
前言,4 阵营和位面\FC1深渊堕群\深渊冒险\深渊冒险.htm,3,阵营与位面：宇宙观和九宫格 / [FC1] 魔族法典1：深渊堕群,阵营与位面：宇宙观和九宫格,[FC1] 魔族法典1：深渊堕群
1. 恶魔学识,4 阵营和位面\FC1深渊堕群\恶魔学识\恶魔学识.htm,3,阵营与位面：宇宙观和九宫格 / [FC1] 魔族法典1：深渊堕群,阵营与位面：宇宙观和九宫格,[FC1] 魔族法典1：深渊堕群
恶魔的起源,4 阵营和位面\FC1深渊堕群\恶魔学识\恶魔的起源.htm,4,阵营与位面：宇宙观和九宫格 / [FC1] 魔族法典1：深渊堕群 / 1. 恶魔学识,阵营与位面：宇宙观和九宫格,[FC1] 魔族法典1：深渊堕群
恶魔生理学,4 阵营和位面\FC1深渊堕群\恶魔学识\恶魔生理学.htm,4,阵营与位面：宇宙观和九宫格 / [FC1] 魔族法典1：深渊堕群 / 1. 恶魔学识,阵营与位面：宇宙观和九宫格,[FC1] 魔族法典1：深渊堕群
物质界恶魔,4 阵营和位面\FC1深渊堕群\恶魔学识\物质界恶魔.htm,4,阵营与位面：宇宙观和九宫格 / [FC1] 魔族法典1：深渊堕群 / 1. 恶魔学识,阵营与位面：宇宙观和九宫格,[FC1] 魔族法典1：深渊堕群
恶魔的领地,4 阵营和位面\FC1深渊堕群\恶魔学识\恶魔的领地.htm,4,阵营与位面：宇宙观和九宫格 / [FC1] 魔族法典1：深渊堕群 / 1. 恶魔学识,阵营与位面：宇宙观和九宫格,[FC1] 魔族法典1：深渊堕群
2. 恶魔种群,4 阵营和位面\FC1深渊堕群\恶魔种群\恶魔种类.htm,3,阵营与位面：宇宙观和九宫格 / [FC1] 魔族法典1：深渊堕群,阵营与位面：宇宙观和九宫格,[FC1] 魔族法典1：深渊堕群
恶魔目录,4 阵营和位面\FC1深渊堕群\恶魔种群\恶魔目录.htm,4,阵营与位面：宇宙观和九宫格 / [FC1] 魔族法典1：深渊堕群 / 2. 恶魔种群,阵营与位面：宇宙观和九宫格,[FC1] 魔族法典1：深渊堕群
原魔,4 阵营和位面\FC1深渊堕群\恶魔种群\原魔.htm,4,阵营与位面：宇宙观和九宫格 / [FC1] 魔族法典1：深渊堕群 / 2. 恶魔种群,阵营与位面：宇宙观和九宫格,[FC1] 魔族法典1：深渊堕群
畸魔,4 阵营和位面\FC1深渊堕群\恶魔种群\畸魔.htm,4,阵营与位面：宇宙观和九宫格 / [FC1] 魔族法典1：深渊堕群 / 2. 恶魔种群,阵营与位面：宇宙观和九宫格,[FC1] 魔族法典1：深渊堕群
睡梦魔,4 阵营和位面\FC1深渊堕群\恶魔种群\睡梦魔.htm,4,阵营与位面：宇宙观和九宫格 / [FC1] 魔族法典1：深渊堕群 / 2. 恶魔种群,阵营与位面：宇宙观和九宫格,[FC1] 魔族法典1：深渊堕群
植卵魔,4 阵营和位面\FC1深渊堕群\恶魔种群\植卵魔.htm,4,阵营与位面：宇宙观和九宫格 / [FC1] 魔族法典1：深渊堕群 / 2. 恶魔种群,阵营与位面：宇宙观和九宫格,[FC1] 魔族法典1：深渊堕群
猿魔,4 阵营和位面\FC1深渊堕群\恶魔种群\猿魔.htm,4,阵营与位面：宇宙观和九宫格 / [FC1] 魔族法典1：深渊堕群 / 2. 恶魔种群,阵营与位面：宇宙观和九宫格,[FC1] 魔族法典1：深渊堕群
掠魂魔,4 阵营和位面\FC1深渊堕群\恶魔种群\掠魂魔.htm,4,阵营与位面：宇宙观和九宫格 / [FC1] 魔族法典1：深渊堕群 / 2. 恶魔种群,阵营与位面：宇宙观和九宫格,[FC1] 魔族法典1：深渊堕群
剑魂魔,4 阵营和位面\FC1深渊堕群\恶魔种群\剑魂魔1.htm,4,阵营与位面：宇宙观和九宫格 / [FC1] 魔族法典1：深渊堕群 / 2. 恶魔种群,阵营与位面：宇宙观和九宫格,[FC1] 魔族法典1：深渊堕群
雏魔集群,4 阵营和位面\FC1深渊堕群\恶魔种群\雏魔集群.htm,4,阵营与位面：宇宙观和九宫格 / [FC1] 魔族法典1：深渊堕群 / 2. 恶魔种群,阵营与位面：宇宙观和九宫格,[FC1] 魔族法典1：深渊堕群
铁骑魔,4 阵营和位面\FC1深渊堕群\恶魔种群\铁骑魔.htm,4,阵营与位面：宇宙观和九宫格 / [FC1] 魔族法典1：深渊堕群 / 2. 恶魔种群,阵营与位面：宇宙观和九宫格,[FC1] 魔族法典1：深渊堕群
恶灵魔,4 阵营和位面\FC1深渊堕群\恶魔种群\恶灵魔.htm,4,阵营与位面：宇宙观和九宫格 / [FC1] 魔族法典1：深渊堕群 / 2. 恶魔种群,阵营与位面：宇宙观和九宫格,[FC1] 魔族法典1：深渊堕群
蜡融妖,4 阵营和位面\FC1深渊堕群\恶魔种群\蜡融妖.htm,4,阵营与位面：宇宙观和九宫格 / [FC1] 魔族法典1：深渊堕群 / 2. 恶魔种群,阵营与位面：宇宙观和九宫格,[FC1] 魔族法典1：深渊堕群
布雷祖魔,4 阵营和位面\FC1深渊堕群\恶魔种群\布雷祖魔.htm,4,阵营与位面：宇宙观和九宫格 / [FC1] 魔族法典1：深渊堕群 / 2. 恶魔种群,阵营与位面：宇宙观和九宫格,[FC1] 魔族法典1：深渊堕群
裂隙魔,4 阵营和位面\FC1深渊堕群\恶魔种群\裂隙魔.htm,4,阵营与位面：宇宙观和九宫格 / [FC1] 魔族法典1：深渊堕群 / 2. 恶魔种群,阵营与位面：宇宙观和九宫格,[FC1] 魔族法典1：深渊堕群
摄魔,4 阵营和位面\FC1深渊堕群\恶魔种群\摄魔.htm,4,阵营与位面：宇宙观和九宫格 / [FC1] 魔族法典1：深渊堕群 / 2. 恶魔种群,阵营与位面：宇宙观和九宫格,[FC1] 魔族法典1：深渊堕群
巨颅魔,4 阵营和位面\FC1深渊堕群\恶魔种群\巨颅魔.htm,4,阵营与位面：宇宙观和九宫格 / [FC1] 魔族法典1：深渊堕群 / 2. 恶魔种群,阵营与位面：宇宙观和九宫格,[FC1] 魔族法典1：深渊堕群
巨牛魔,4 阵营和位面\FC1深渊堕群\恶魔种群\巨牛魔.htm,4,阵营与位面：宇宙观和九宫格 / [FC1] 魔族法典1：深渊堕群 / 2. 恶魔种群,阵营与位面：宇宙观和九宫格,[FC1] 魔族法典1：深渊堕群
狼蛇魔,4 阵营和位面\FC1深渊堕群\恶魔种群\狼蛇魔.htm,4,阵营与位面：宇宙观和九宫格 / [FC1] 魔族法典1：深渊堕群 / 2. 恶魔种群,阵营与位面：宇宙观和九宫格,[FC1] 魔族法典1：深渊堕群
3. 恶魔领主,4 阵营和位面\FC1深渊堕群\恶魔领主\恶魔领主.htm,3,阵营与位面：宇宙观和九宫格 / [FC1] 魔族法典1：深渊堕群,阵营与位面：宇宙观和九宫格,[FC1] 魔族法典1：深渊堕群
不死大君奥库斯,4 阵营和位面\FC1深渊堕群\恶魔领主\不死大君奥库斯·113层.htm,4,阵营与位面：宇宙观和九宫格 / [FC1] 魔族法典1：深渊堕群 / 3. 恶魔领主,阵营与位面：宇宙观和九宫格,[FC1] 魔族法典1：深渊堕群
乌黯主君格拉兹特,4 阵营和位面\FC1深渊堕群\恶魔领主\乌黯主君格拉兹特·45、45、47层.htm,4,阵营与位面：宇宙观和九宫格 / [FC1] 魔族法典1：深渊堕群 / 3. 恶魔领主,阵营与位面：宇宙观和九宫格,[FC1] 魔族法典1：深渊堕群
恶魔王子狄摩高根,4 阵营和位面\FC1深渊堕群\恶魔领主\恶魔王子狄摩高根·88层.htm,4,阵营与位面：宇宙观和九宫格 / [FC1] 魔族法典1：深渊堕群 / 3. 恶魔领主,阵营与位面：宇宙观和九宫格,[FC1] 魔族法典1：深渊堕群
恶魔之母苍夜,4 阵营和位面\FC1深渊堕群\恶魔领主\恶魔之母苍夜.htm,4,阵营与位面：宇宙观和九宫格 / [FC1] 魔族法典1：深渊堕群 / 3. 恶魔领主,阵营与位面：宇宙观和九宫格,[FC1] 魔族法典1：深渊堕群
无面之王朱庇莱克斯,4 阵营和位面\FC1深渊堕群\恶魔领主\无面之王朱庇莱克斯.htm,4,阵营与位面：宇宙观和九宫格 / [FC1] 魔族法典1：深渊堕群 / 3. 恶魔领主,阵营与位面：宇宙观和九宫格,[FC1] 魔族法典1：深渊堕群
深海之王大衮,4 阵营和位面\FC1深渊堕群\恶魔领主\深海之王大衮.htm,4,阵营与位面：宇宙观和九宫格 / [FC1] 魔族法典1：深渊堕群 / 3. 恶魔领主,阵营与位面：宇宙观和九宫格,[FC1] 魔族法典1：深渊堕群
牛头人之王巴菲门特,4 阵营和位面\FC1深渊堕群\恶魔领主\牛头人之王巴菲门特.htm,4,阵营与位面：宇宙观和九宫格 / [FC1] 魔族法典1：深渊堕群 / 3. 恶魔领主,阵营与位面：宇宙观和九宫格,[FC1] 魔族法典1：深渊堕群
真菌夫人祖格莫伊,4 阵营和位面\FC1深渊堕群\恶魔领主\真菌夫人祖格莫伊.htm,4,阵营与位面：宇宙观和九宫格 / [FC1] 魔族法典1：深渊堕群 / 3. 恶魔领主,阵营与位面：宇宙观和九宫格,[FC1] 魔族法典1：深渊堕群
虫族王子奥克斯奥博,4 阵营和位面\FC1深渊堕群\恶魔领主\虫族王子奥克斯奥博.htm,4,阵营与位面：宇宙观和九宫格 / [FC1] 魔族法典1：深渊堕群 / 3. 恶魔领主,阵营与位面：宇宙观和九宫格,[FC1] 魔族法典1：深渊堕群
诡骗主君弗拉兹厄鲁,4 阵营和位面\FC1深渊堕群\恶魔领主\诡骗主君弗拉兹厄鲁.htm,4,阵营与位面：宇宙观和九宫格 / [FC1] 魔族法典1：深渊堕群 / 3. 恶魔领主,阵营与位面：宇宙观和九宫格,[FC1] 魔族法典1：深渊堕群
豺狼人之神耶诺古,4 阵营和位面\FC1深渊堕群\恶魔领主\豺狼人之神耶诺古.htm,4,阵营与位面：宇宙观和九宫格 / [FC1] 魔族法典1：深渊堕群 / 3. 恶魔领主,阵营与位面：宇宙观和九宫格,[FC1] 魔族法典1：深渊堕群
霜巨人之王科斯彻奇,4 阵营和位面\FC1深渊堕群\恶魔领主\霜巨人之王科斯彻奇.htm,4,阵营与位面：宇宙观和九宫格 / [FC1] 魔族法典1：深渊堕群 / 3. 恶魔领主,阵营与位面：宇宙观和九宫格,[FC1] 魔族法典1：深渊堕群
风之魔王帕祖祖,4 阵营和位面\FC1深渊堕群\恶魔领主\风之魔王帕祖祖.htm,4,阵营与位面：宇宙观和九宫格 / [FC1] 魔族法典1：深渊堕群 / 3. 恶魔领主,阵营与位面：宇宙观和九宫格,[FC1] 魔族法典1：深渊堕群
魅魔女王美坎修特,4 阵营和位面\FC1深渊堕群\恶魔领主\魅魔女王美坎修特.htm,4,阵营与位面：宇宙观和九宫格 / [FC1] 魔族法典1：深渊堕群 / 3. 恶魔领主,阵营与位面：宇宙观和九宫格,[FC1] 魔族法典1：深渊堕群
4. 恶魔交易,4 阵营和位面\FC1深渊堕群\深渊冒险\开头和角色身份.htm,3,阵营与位面：宇宙观和九宫格 / [FC1] 魔族法典1：深渊堕群,阵营与位面：宇宙观和九宫格,[FC1] 魔族法典1：深渊堕群
专长,4 阵营和位面\FC1深渊堕群\深渊冒险\专长.htm,4,阵营与位面：宇宙观和九宫格 / [FC1] 魔族法典1：深渊堕群 / 4. 恶魔交易,阵营与位面：宇宙观和九宫格,[FC1] 魔族法典1：深渊堕群
法术,4 阵营和位面\FC1深渊堕群\深渊冒险\法术.htm,4,阵营与位面：宇宙观和九宫格 / [FC1] 魔族法典1：深渊堕群 / 4. 恶魔交易,阵营与位面：宇宙观和九宫格,[FC1] 魔族法典1：深渊堕群
领域,4 阵营和位面\FC1深渊堕群\深渊冒险\领域.htm,4,阵营与位面：宇宙观和九宫格 / [FC1] 魔族法典1：深渊堕群 / 4. 恶魔交易,阵营与位面：宇宙观和九宫格,[FC1] 魔族法典1：深渊堕群
组织,4 阵营和位面\FC1深渊堕群\深渊冒险\进阶-阿哈姆的黑色教团.htm,4,阵营与位面：宇宙观和九宫格 / [FC1] 魔族法典1：深渊堕群 / 4. 恶魔交易,阵营与位面：宇宙观和九宫格,[FC1] 魔族法典1：深渊堕群
神器,4 阵营和位面\FC1深渊堕群\深渊冒险\神器.htm,4,阵营与位面：宇宙观和九宫格 / [FC1] 魔族法典1：深渊堕群 / 4. 恶魔交易,阵营与位面：宇宙观和九宫格,[FC1] 魔族法典1：深渊堕群
5. 步入深渊,4 阵营和位面\FC1深渊堕群\深渊地理\深渊地理.htm,3,阵营与位面：宇宙观和九宫格 / [FC1] 魔族法典1：深渊堕群,阵营与位面：宇宙观和九宫格,[FC1] 魔族法典1：深渊堕群
深渊的历史,4 阵营和位面\FC1深渊堕群\恶魔学识\深渊的历史.htm,4,阵营与位面：宇宙观和九宫格 / [FC1] 魔族法典1：深渊堕群 / 5. 步入深渊,阵营与位面：宇宙观和九宫格,[FC1] 魔族法典1：深渊堕群
深渊的居民,4 阵营和位面\FC1深渊堕群\恶魔学识\深渊的居民.htm,4,阵营与位面：宇宙观和九宫格 / [FC1] 魔族法典1：深渊堕群 / 5. 步入深渊,阵营与位面：宇宙观和九宫格,[FC1] 魔族法典1：深渊堕群
深渊的危险及地形特征,4 阵营和位面\FC1深渊堕群\深渊地理\深渊的危险及地形特征.htm,4,阵营与位面：宇宙观和九宫格 / [FC1] 魔族法典1：深渊堕群 / 5. 步入深渊,阵营与位面：宇宙观和九宫格,[FC1] 魔族法典1：深渊堕群
血战,4 阵营和位面\FC1深渊堕群\深渊地理\血战.htm,4,阵营与位面：宇宙观和九宫格 / [FC1] 魔族法典1：深渊堕群 / 5. 步入深渊,阵营与位面：宇宙观和九宫格,[FC1] 魔族法典1：深渊堕群
层面目录,4 阵营和位面\FC1深渊堕群\深渊地理\层面目录.htm,4,阵营与位面：宇宙观和九宫格 / [FC1] 魔族法典1：深渊堕群 / 5. 步入深渊,阵营与位面：宇宙观和九宫格,[FC1] 魔族法典1：深渊堕群
1层帕祖尼亚,4 阵营和位面\FC1深渊堕群\深渊地理\1层_帕祖尼亚.htm,4,阵营与位面：宇宙观和九宫格 / [FC1] 魔族法典1：深渊堕群 / 5. 步入深渊,阵营与位面：宇宙观和九宫格,[FC1] 魔族法典1：深渊堕群
4层大深渊,4 阵营和位面\FC1深渊堕群\深渊地理\4层大深渊.htm,4,阵营与位面：宇宙观和九宫格 / [FC1] 魔族法典1：深渊堕群 / 5. 步入深渊,阵营与位面：宇宙观和九宫格,[FC1] 魔族法典1：深渊堕群
12层十二树,4 阵营和位面\FC1深渊堕群\深渊地理\12层_十二树.htm,4,阵营与位面：宇宙观和九宫格 / [FC1] 魔族法典1：深渊堕群 / 5. 步入深渊,阵营与位面：宇宙观和九宫格,[FC1] 魔族法典1：深渊堕群
23层钢铁冰原,4 阵营和位面\FC1深渊堕群\深渊地理\23层钢铁冰原.htm,4,阵营与位面：宇宙观和九宫格 / [FC1] 魔族法典1：深渊堕群 / 5. 步入深渊,阵营与位面：宇宙观和九宫格,[FC1] 魔族法典1：深渊堕群
45、46、47层阿兹格拉特,4 阵营和位面\FC1深渊堕群\深渊地理\45、46、47层_阿兹格拉特.htm,4,阵营与位面：宇宙观和九宫格 / [FC1] 魔族法典1：深渊堕群 / 5. 步入深渊,阵营与位面：宇宙观和九宫格,[FC1] 魔族法典1：深渊堕群
66层魔网深坑,4 阵营和位面\FC1深渊堕群\深渊地理\66层魔网深坑.htm,4,阵营与位面：宇宙观和九宫格 / [FC1] 魔族法典1：深渊堕群 / 5. 步入深渊,阵营与位面：宇宙观和九宫格,[FC1] 魔族法典1：深渊堕群
73层黑暗之井,4 阵营和位面\FC1深渊堕群\深渊地理\73层黑暗之井.htm,4,阵营与位面：宇宙观和九宫格 / [FC1] 魔族法典1：深渊堕群 / 5. 步入深渊,阵营与位面：宇宙观和九宫格,[FC1] 魔族法典1：深渊堕群
88层裂张之喉,4 阵营和位面\FC1深渊堕群\深渊地理\88层_裂张之喉.htm,4,阵营与位面：宇宙观和九宫格 / [FC1] 魔族法典1：深渊堕群 / 5. 步入深渊,阵营与位面：宇宙观和九宫格,[FC1] 魔族法典1：深渊堕群
113层桑纳托斯,4 阵营和位面\FC1深渊堕群\深渊地理\113层_桑纳托斯.htm,4,阵营与位面：宇宙观和九宫格 / [FC1] 魔族法典1：深渊堕群 / 5. 步入深渊,阵营与位面：宇宙观和九宫格,[FC1] 魔族法典1：深渊堕群
176层虚伪之心,4 阵营和位面\FC1深渊堕群\深渊地理\176层虚伪之心.htm,4,阵营与位面：宇宙观和九宫格 / [FC1] 魔族法典1：深渊堕群 / 5. 步入深渊,阵营与位面：宇宙观和九宫格,[FC1] 魔族法典1：深渊堕群
222层辛达克拉,4 阵营和位面\FC1深渊堕群\深渊地理\222层_辛达克拉.htm,4,阵营与位面：宇宙观和九宫格 / [FC1] 魔族法典1：深渊堕群 / 5. 步入深渊,阵营与位面：宇宙观和九宫格,[FC1] 魔族法典1：深渊堕群
422层耶诺古之域,4 阵营和位面\FC1深渊堕群\深渊地理\422层_耶诺古之域.htm,4,阵营与位面：宇宙观和九宫格 / [FC1] 魔族法典1：深渊堕群 / 5. 步入深渊,阵营与位面：宇宙观和九宫格,[FC1] 魔族法典1：深渊堕群
471层安卓林纳,4 阵营和位面\FC1深渊堕群\深渊地理\471层_安卓林纳.htm,4,阵营与位面：宇宙观和九宫格 / [FC1] 魔族法典1：深渊堕群 / 5. 步入深渊,阵营与位面：宇宙观和九宫格,[FC1] 魔族法典1：深渊堕群
570层莎戴拉,4 阵营和位面\FC1深渊堕群\深渊地理\570层_莎戴拉.htm,4,阵营与位面：宇宙观和九宫格 / [FC1] 魔族法典1：深渊堕群 / 5. 步入深渊,阵营与位面：宇宙观和九宫格,[FC1] 魔族法典1：深渊堕群
600层无尽迷宫,4 阵营和位面\FC1深渊堕群\深渊地理\600层_无尽迷宫.htm,4,阵营与位面：宇宙观和九宫格 / [FC1] 魔族法典1：深渊堕群 / 5. 步入深渊,阵营与位面：宇宙观和九宫格,[FC1] 魔族法典1：深渊堕群
628层瓦拉杉,4 阵营和位面\FC1深渊堕群\深渊地理\628层_瓦拉杉.htm,4,阵营与位面：宇宙观和九宫格 / [FC1] 魔族法典1：深渊堕群 / 5. 步入深渊,阵营与位面：宇宙观和九宫格,[FC1] 魔族法典1：深渊堕群
[FC2] 魔族法典2：九狱君王,4 阵营和位面\FC2九狱君王\九狱君王.htm,2,阵营与位面：宇宙观和九宫格,阵营与位面：宇宙观和九宫格,[FC2] 魔族法典2：九狱君王
导言: 太初之契 (巴托的由来),4 阵营和位面\FC2九狱君王\魔鬼学识\巴托由来.htm,3,阵营与位面：宇宙观和九宫格 / [FC2] 魔族法典2：九狱君王,阵营与位面：宇宙观和九宫格,[FC2] 魔族法典2：九狱君王
1. 魔鬼全论,,3,阵营与位面：宇宙观和九宫格 / [FC2] 魔族法典2：九狱君王,阵营与位面：宇宙观和九宫格,[FC2] 魔族法典2：九狱君王
魔鬼全论1,4 阵营和位面\FC2九狱君王\魔鬼学识\魔鬼全论1.htm,4,阵营与位面：宇宙观和九宫格 / [FC2] 魔族法典2：九狱君王 / 1. 魔鬼全论,阵营与位面：宇宙观和九宫格,[FC2] 魔族法典2：九狱君王
魔鬼全论2,4 阵营和位面\FC2九狱君王\魔鬼学识\魔鬼全论2.htm,4,阵营与位面：宇宙观和九宫格 / [FC2] 魔族法典2：九狱君王 / 1. 魔鬼全论,阵营与位面：宇宙观和九宫格,[FC2] 魔族法典2：九狱君王
魔鬼全论3,4 阵营和位面\FC2九狱君王\魔鬼学识\魔鬼全论3.htm,4,阵营与位面：宇宙观和九宫格 / [FC2] 魔族法典2：九狱君王 / 1. 魔鬼全论,阵营与位面：宇宙观和九宫格,[FC2] 魔族法典2：九狱君王
2. 九层地狱,4 阵营和位面\FC2九狱君王\魔鬼学识\九层地狱.htm,3,阵营与位面：宇宙观和九宫格 / [FC2] 魔族法典2：九狱君王,阵营与位面：宇宙观和九宫格,[FC2] 魔族法典2：九狱君王
地狱地理,4 阵营和位面\FC2九狱君王\地狱地理\地狱地理.htm,4,阵营与位面：宇宙观和九宫格 / [FC2] 魔族法典2：九狱君王 / 2. 九层地狱,阵营与位面：宇宙观和九宫格,[FC2] 魔族法典2：九狱君王
第一层阿佛纳斯,4 阵营和位面\FC2九狱君王\地狱地理\第一层阿佛纳斯.htm,4,阵营与位面：宇宙观和九宫格 / [FC2] 魔族法典2：九狱君王 / 2. 九层地狱,阵营与位面：宇宙观和九宫格,[FC2] 魔族法典2：九狱君王
第二层迪斯,4 阵营和位面\FC2九狱君王\地狱地理\第二层迪斯.htm,4,阵营与位面：宇宙观和九宫格 / [FC2] 魔族法典2：九狱君王 / 2. 九层地狱,阵营与位面：宇宙观和九宫格,[FC2] 魔族法典2：九狱君王
第三层弥瑙洛斯,4 阵营和位面\FC2九狱君王\地狱地理\第三层弥瑙洛斯.htm,4,阵营与位面：宇宙观和九宫格 / [FC2] 魔族法典2：九狱君王 / 2. 九层地狱,阵营与位面：宇宙观和九宫格,[FC2] 魔族法典2：九狱君王
第四层弗莱格索斯,4 阵营和位面\FC2九狱君王\地狱地理\第四层弗莱格索斯.htm,4,阵营与位面：宇宙观和九宫格 / [FC2] 魔族法典2：九狱君王 / 2. 九层地狱,阵营与位面：宇宙观和九宫格,[FC2] 魔族法典2：九狱君王
第五层斯泰吉亚,4 阵营和位面\FC2九狱君王\地狱地理\第五层斯泰吉亚.htm,4,阵营与位面：宇宙观和九宫格 / [FC2] 魔族法典2：九狱君王 / 2. 九层地狱,阵营与位面：宇宙观和九宫格,[FC2] 魔族法典2：九狱君王
第六层玛尔博吉,4 阵营和位面\FC2九狱君王\地狱地理\第六层玛尔博吉.htm,4,阵营与位面：宇宙观和九宫格 / [FC2] 魔族法典2：九狱君王 / 2. 九层地狱,阵营与位面：宇宙观和九宫格,[FC2] 魔族法典2：九狱君王
第七层马拉多米尼,4 阵营和位面\FC2九狱君王\地狱地理\第七层马拉多米尼_.htm,4,阵营与位面：宇宙观和九宫格 / [FC2] 魔族法典2：九狱君王 / 2. 九层地狱,阵营与位面：宇宙观和九宫格,[FC2] 魔族法典2：九狱君王
第八层卡尼亚,4 阵营和位面\FC2九狱君王\地狱地理\第八层卡尼亚.htm,4,阵营与位面：宇宙观和九宫格 / [FC2] 魔族法典2：九狱君王 / 2. 九层地狱,阵营与位面：宇宙观和九宫格,[FC2] 魔族法典2：九狱君王
第九层奈瑟斯,4 阵营和位面\FC2九狱君王\地狱地理\第九层奈瑟斯.htm,4,阵营与位面：宇宙观和九宫格 / [FC2] 魔族法典2：九狱君王 / 2. 九层地狱,阵营与位面：宇宙观和九宫格,[FC2] 魔族法典2：九狱君王
3. 地狱冒险,,3,阵营与位面：宇宙观和九宫格 / [FC2] 魔族法典2：九狱君王,阵营与位面：宇宙观和九宫格,[FC2] 魔族法典2：九狱君王
种族: 地狱之子,4 阵营和位面\FC2九狱君王\地狱冒险\种族.htm,4,阵营与位面：宇宙观和九宫格 / [FC2] 魔族法典2：九狱君王 / 3. 地狱冒险,阵营与位面：宇宙观和九宫格,[FC2] 魔族法典2：九狱君王
专长,4 阵营和位面\FC2九狱君王\地狱冒险\专长.htm,4,阵营与位面：宇宙观和九宫格 / [FC2] 魔族法典2：九狱君王 / 3. 地狱冒险,阵营与位面：宇宙观和九宫格,[FC2] 魔族法典2：九狱君王
进阶职业,,4,阵营与位面：宇宙观和九宫格 / [FC2] 魔族法典2：九狱君王 / 3. 地狱冒险,阵营与位面：宇宙观和九宫格,[FC2] 魔族法典2：九狱君王
地狱神偷,4 阵营和位面\FC2九狱君王\地狱冒险\进阶\地狱神偷.htm,5,阵营与位面：宇宙观和九宫格 / [FC2] 魔族法典2：九狱君王 / 3. 地狱冒险 / 进阶职业,阵营与位面：宇宙观和九宫格,[FC2] 魔族法典2：九狱君王
炼狱战狂,4 阵营和位面\FC2九狱君王\地狱冒险\进阶\炼狱战狂.htm,5,阵营与位面：宇宙观和九宫格 / [FC2] 魔族法典2：九狱君王 / 3. 地狱冒险 / 进阶职业,阵营与位面：宇宙观和九宫格,[FC2] 魔族法典2：九狱君王
灵魂守卫,4 阵营和位面\FC2九狱君王\地狱冒险\进阶\灵魂守卫.htm,5,阵营与位面：宇宙观和九宫格 / [FC2] 魔族法典2：九狱君王 / 3. 地狱冒险 / 进阶职业,阵营与位面：宇宙观和九宫格,[FC2] 魔族法典2：九狱君王
狱火术师,4 阵营和位面\FC2九狱君王\地狱冒险\进阶\狱火术师.htm,5,阵营与位面：宇宙观和九宫格 / [FC2] 魔族法典2：九狱君王 / 3. 地狱冒险 / 进阶职业,阵营与位面：宇宙观和九宫格,[FC2] 魔族法典2：九狱君王
法术,4 阵营和位面\FC2九狱君王\地狱冒险\法术.htm,4,阵营与位面：宇宙观和九宫格 / [FC2] 魔族法典2：九狱君王 / 3. 地狱冒险,阵营与位面：宇宙观和九宫格,[FC2] 魔族法典2：九狱君王
材料,4 阵营和位面\FC2九狱君王\地狱冒险\材料.htm,4,阵营与位面：宇宙观和九宫格 / [FC2] 魔族法典2：九狱君王 / 3. 地狱冒险,阵营与位面：宇宙观和九宫格,[FC2] 魔族法典2：九狱君王
4. 魔鬼种群,,3,阵营与位面：宇宙观和九宫格 / [FC2] 魔族法典2：九狱君王,阵营与位面：宇宙观和九宫格,[FC2] 魔族法典2：九狱君王
聚裂魔,4 阵营和位面\FC2九狱君王\魔鬼种群\聚裂魔.htm,4,阵营与位面：宇宙观和九宫格 / [FC2] 魔族法典2：九狱君王 / 4. 魔鬼种群,阵营与位面：宇宙观和九宫格,[FC2] 魔族法典2：九狱君王
臃肿魔,4 阵营和位面\FC2九狱君王\魔鬼种群\臃肿魔.htm,4,阵营与位面：宇宙观和九宫格 / [FC2] 魔族法典2：九狱君王 / 4. 魔鬼种群,阵营与位面：宇宙观和九宫格,[FC2] 魔族法典2：九狱君王
军团魔,4 阵营和位面\FC2九狱君王\魔鬼种群\军团魔.htm,4,阵营与位面：宇宙观和九宫格 / [FC2] 魔族法典2：九狱君王 / 4. 魔鬼种群,阵营与位面：宇宙观和九宫格,[FC2] 魔族法典2：九狱君王
阿比沙龙魔,4 阵营和位面\FC2九狱君王\魔鬼种群\鸦魔.htm,4,阵营与位面：宇宙观和九宫格 / [FC2] 魔族法典2：九狱君王 / 4. 魔鬼种群,阵营与位面：宇宙观和九宫格,[FC2] 魔族法典2：九狱君王
针刺魔,4 阵营和位面\FC2九狱君王\魔鬼种群\针刺魔.htm,4,阵营与位面：宇宙观和九宫格 / [FC2] 魔族法典2：九狱君王 / 4. 魔鬼种群,阵营与位面：宇宙观和九宫格,[FC2] 魔族法典2：九狱君王
魇骑魔,4 阵营和位面\FC2九狱君王\魔鬼种群\魇骑魔.htm,4,阵营与位面：宇宙观和九宫格 / [FC2] 魔族法典2：九狱君王 / 4. 魔鬼种群,阵营与位面：宇宙观和九宫格,[FC2] 魔族法典2：九狱君王
安祖魔,4 阵营和位面\FC2九狱君王\魔鬼种群\安祖魔.htm,4,阵营与位面：宇宙观和九宫格 / [FC2] 魔族法典2：九狱君王 / 4. 魔鬼种群,阵营与位面：宇宙观和九宫格,[FC2] 魔族法典2：九狱君王
苦痛魔,4 阵营和位面\FC2九狱君王\魔鬼种群\苦痛魔.htm,4,阵营与位面：宇宙观和九宫格 / [FC2] 魔族法典2：九狱君王 / 4. 魔鬼种群,阵营与位面：宇宙观和九宫格,[FC2] 魔族法典2：九狱君王
钢魔,4 阵营和位面\FC2九狱君王\魔鬼种群\钢魔.htm,4,阵营与位面：宇宙观和九宫格 / [FC2] 魔族法典2：九狱君王 / 4. 魔鬼种群,阵营与位面：宇宙观和九宫格,[FC2] 魔族法典2：九狱君王
收割魔,4 阵营和位面\FC2九狱君王\魔鬼种群\收割魔.htm,4,阵营与位面：宇宙观和九宫格 / [FC2] 魔族法典2：九狱君王 / 4. 魔鬼种群,阵营与位面：宇宙观和九宫格,[FC2] 魔族法典2：九狱君王
血甲魔,4 阵营和位面\FC2九狱君王\魔鬼种群\血甲魔.htm,4,阵营与位面：宇宙观和九宫格 / [FC2] 魔族法典2：九狱君王 / 4. 魔鬼种群,阵营与位面：宇宙观和九宫格,[FC2] 魔族法典2：九狱君王
愉悦魔,4 阵营和位面\FC2九狱君王\魔鬼种群\愉悦魔.htm,4,阵营与位面：宇宙观和九宫格 / [FC2] 魔族法典2：九狱君王 / 4. 魔鬼种群,阵营与位面：宇宙观和九宫格,[FC2] 魔族法典2：九狱君王
暗杀魔,4 阵营和位面\FC2九狱君王\魔鬼种群\暗杀魔.htm,4,阵营与位面：宇宙观和九宫格 / [FC2] 魔族法典2：九狱君王 / 4. 魔鬼种群,阵营与位面：宇宙观和九宫格,[FC2] 魔族法典2：九狱君王
雾蚊魔集群,4 阵营和位面\FC2九狱君王\魔鬼种群\雾蚊魔集群.htm,4,阵营与位面：宇宙观和九宫格 / [FC2] 魔族法典2：九狱君王 / 4. 魔鬼种群,阵营与位面：宇宙观和九宫格,[FC2] 魔族法典2：九狱君王
雄霸魔,4 阵营和位面\FC2九狱君王\魔鬼种群\雄霸魔.htm,4,阵营与位面：宇宙观和九宫格 / [FC2] 魔族法典2：九狱君王 / 4. 魔鬼种群,阵营与位面：宇宙观和九宫格,[FC2] 魔族法典2：九狱君王
冥河窃忆魔,4 阵营和位面\FC2九狱君王\魔鬼种群\冥河窃忆魔.htm,4,阵营与位面：宇宙观和九宫格 / [FC2] 魔族法典2：九狱君王 / 4. 魔鬼种群,阵营与位面：宇宙观和九宫格,[FC2] 魔族法典2：九狱君王
蛇蝎魔,4 阵营和位面\FC2九狱君王\魔鬼种群\蛇蝎魔.htm,4,阵营与位面：宇宙观和九宫格 / [FC2] 魔族法典2：九狱君王 / 4. 魔鬼种群,阵营与位面：宇宙观和九宫格,[FC2] 魔族法典2：九狱君王
狱火战械,4 阵营和位面\FC2九狱君王\魔鬼种群\狱火战械.htm,4,阵营与位面：宇宙观和九宫格 / [FC2] 魔族法典2：九狱君王 / 4. 魔鬼种群,阵营与位面：宇宙观和九宫格,[FC2] 魔族法典2：九狱君王
5. 魔鬼领主,4 阵营和位面\FC2九狱君王\魔鬼领主\魔鬼领主.htm,3,阵营与位面：宇宙观和九宫格 / [FC2] 魔族法典2：九狱君王,阵营与位面：宇宙观和九宫格,[FC2] 魔族法典2：九狱君王
第一层领主拜尔,4 阵营和位面\FC2九狱君王\魔鬼领主\第一层领主拜尔.htm,4,阵营与位面：宇宙观和九宫格 / [FC2] 魔族法典2：九狱君王 / 5. 魔鬼领主,阵营与位面：宇宙观和九宫格,[FC2] 魔族法典2：九狱君王
第二层领主钢铁公爵迪斯帕特,4 阵营和位面\FC2九狱君王\魔鬼领主\第二层领主钢铁公爵迪斯帕特.htm,4,阵营与位面：宇宙观和九宫格 / [FC2] 魔族法典2：九狱君王 / 5. 魔鬼领主,阵营与位面：宇宙观和九宫格,[FC2] 魔族法典2：九狱君王
第三层领主贪婪大公马曼,4 阵营和位面\FC2九狱君王\魔鬼领主\第三层领主贪婪大公马曼.htm,4,阵营与位面：宇宙观和九宫格 / [FC2] 魔族法典2：九狱君王 / 5. 魔鬼领主,阵营与位面：宇宙观和九宫格,[FC2] 魔族法典2：九狱君王
第四层领主贝利亚和菲尔娜,4 阵营和位面\FC2九狱君王\魔鬼领主\第四层领主贝利亚和菲尔娜.htm,4,阵营与位面：宇宙观和九宫格 / [FC2] 魔族法典2：九狱君王 / 5. 魔鬼领主,阵营与位面：宇宙观和九宫格,[FC2] 魔族法典2：九狱君王
第五层领主斯泰吉亚王子莱维思图斯,4 阵营和位面\FC2九狱君王\魔鬼领主\第五层领主斯泰吉亚王子莱维思图斯.htm,4,阵营与位面：宇宙观和九宫格 / [FC2] 魔族法典2：九狱君王 / 5. 魔鬼领主,阵营与位面：宇宙观和九宫格,[FC2] 魔族法典2：九狱君王
第六层领主欲魔女王格莱西雅,4 阵营和位面\FC2九狱君王\魔鬼领主\第六层领主欲魔女王格莱西雅.htm,4,阵营与位面：宇宙观和九宫格 / [FC2] 魔族法典2：九狱君王 / 5. 魔鬼领主,阵营与位面：宇宙观和九宫格,[FC2] 魔族法典2：九狱君王
第七层领主飞虫大公巴尔泽布,4 阵营和位面\FC2九狱君王\魔鬼领主\第七层领主飞虫大公巴尔泽布.htm,4,阵营与位面：宇宙观和九宫格 / [FC2] 魔族法典2：九狱君王 / 5. 魔鬼领主,阵营与位面：宇宙观和九宫格,[FC2] 魔族法典2：九狱君王
第八层领主墨菲斯托费利斯,4 阵营和位面\FC2九狱君王\魔鬼领主\第八层领主墨菲斯托费利斯.htm,4,阵营与位面：宇宙观和九宫格 / [FC2] 魔族法典2：九狱君王 / 5. 魔鬼领主,阵营与位面：宇宙观和九宫格,[FC2] 魔族法典2：九狱君王
第九层领主阿斯摩蒂尔斯,4 阵营和位面\FC2九狱君王\魔鬼领主\第九层领主阿斯摩蒂尔斯.htm,4,阵营与位面：宇宙观和九宫格 / [FC2] 魔族法典2：九狱君王 / 5. 魔鬼领主,阵营与位面：宇宙观和九宫格,[FC2] 魔族法典2：九狱君王
3e的阵营与位面内容,,2,阵营与位面：宇宙观和九宫格,阵营与位面：宇宙观和九宫格,3e的阵营与位面内容
(暂缺)[D＆D] 神与半神 (有升级),10 附录\填充页面.htm,3,阵营与位面：宇宙观和九宫格 / 3e的阵营与位面内容,阵营与位面：宇宙观和九宫格,3e的阵营与位面内容
(暂缺)[MotP] 位面图鉴 (有升级),10 附录\填充页面.htm,3,阵营与位面：宇宙观和九宫格 / 3e的阵营与位面内容,阵营与位面：宇宙观和九宫格,3e的阵营与位面内容
(暂缺)[BoVD] 秽恶之书,10 附录\填充页面.htm,3,阵营与位面：宇宙观和九宫格 / 3e的阵营与位面内容,阵营与位面：宇宙观和九宫格,3e的阵营与位面内容
环境与社会：人文和自然地理,,1,,环境与社会：人文和自然地理,
[Frost] 霜燃之书：掌握凶险冰雪,5 环境和社会\Frost霜燃之书\霜燃之书（Frost）.htm,2,环境与社会：人文和自然地理,环境与社会：人文和自然地理,[Frost] 霜燃之书：掌握凶险冰雪
前言,5 环境和社会\Frost霜燃之书\霜落\前言1.htm,3,环境与社会：人文和自然地理 / [Frost] 霜燃之书：掌握凶险冰雪,环境与社会：人文和自然地理,[Frost] 霜燃之书：掌握凶险冰雪
1. 霜落之地,,3,环境与社会：人文和自然地理 / [Frost] 霜燃之书：掌握凶险冰雪,环境与社会：人文和自然地理,[Frost] 霜燃之书：掌握凶险冰雪
霜落环境,5 环境和社会\Frost霜燃之书\霜落\霜落环境_.htm,4,环境与社会：人文和自然地理 / [Frost] 霜燃之书：掌握凶险冰雪 / 1. 霜落之地,环境与社会：人文和自然地理,[Frost] 霜燃之书：掌握凶险冰雪
地城和洞穴,5 环境和社会\Frost霜燃之书\霜落\地城.htm,4,环境与社会：人文和自然地理 / [Frost] 霜燃之书：掌握凶险冰雪 / 1. 霜落之地,环境与社会：人文和自然地理,[Frost] 霜燃之书：掌握凶险冰雪
霜落位面,5 环境和社会\Frost霜燃之书\霜落\霜落位面.htm,4,环境与社会：人文和自然地理 / [Frost] 霜燃之书：掌握凶险冰雪 / 1. 霜落之地,环境与社会：人文和自然地理,[Frost] 霜燃之书：掌握凶险冰雪
霜落险境,5 环境和社会\Frost霜燃之书\霜落\霜落险境.htm,4,环境与社会：人文和自然地理 / [Frost] 霜燃之书：掌握凶险冰雪 / 1. 霜落之地,环境与社会：人文和自然地理,[Frost] 霜燃之书：掌握凶险冰雪
超自然霜落险境,5 环境和社会\Frost霜燃之书\霜落\灾害.htm,4,环境与社会：人文和自然地理 / [Frost] 霜燃之书：掌握凶险冰雪 / 1. 霜落之地,环境与社会：人文和自然地理,[Frost] 霜燃之书：掌握凶险冰雪
霜落陷阱,5 环境和社会\Frost霜燃之书\霜落\陷阱.htm,4,环境与社会：人文和自然地理 / [Frost] 霜燃之书：掌握凶险冰雪 / 1. 霜落之地,环境与社会：人文和自然地理,[Frost] 霜燃之书：掌握凶险冰雪
霜落荒野和地城,5 环境和社会\Frost霜燃之书\霜落\荒野.htm,4,环境与社会：人文和自然地理 / [Frost] 霜燃之书：掌握凶险冰雪 / 1. 霜落之地,环境与社会：人文和自然地理,[Frost] 霜燃之书：掌握凶险冰雪
2. 种族、职业和专长,,3,环境与社会：人文和自然地理 / [Frost] 霜燃之书：掌握凶险冰雪,环境与社会：人文和自然地理,[Frost] 霜燃之书：掌握凶险冰雪
霜落之地的生活,5 环境和社会\Frost霜燃之书\霜土学识\生活.htm,4,环境与社会：人文和自然地理 / [Frost] 霜燃之书：掌握凶险冰雪 / 2. 种族、职业和专长,环境与社会：人文和自然地理,[Frost] 霜燃之书：掌握凶险冰雪
霜落之地的种族,5 环境和社会\Frost霜燃之书\霜土学识\种族.htm,4,环境与社会：人文和自然地理 / [Frost] 霜燃之书：掌握凶险冰雪 / 2. 种族、职业和专长,环境与社会：人文和自然地理,[Frost] 霜燃之书：掌握凶险冰雪
[暂缺]职业变体,,4,环境与社会：人文和自然地理 / [Frost] 霜燃之书：掌握凶险冰雪 / 2. 种族、职业和专长,环境与社会：人文和自然地理,[Frost] 霜燃之书：掌握凶险冰雪
霜落之地的诸神,5 环境和社会\Frost霜燃之书\霜土学识\诸神.htm,4,环境与社会：人文和自然地理 / [Frost] 霜燃之书：掌握凶险冰雪 / 2. 种族、职业和专长,环境与社会：人文和自然地理,[Frost] 霜燃之书：掌握凶险冰雪
专长,5 环境和社会\Frost霜燃之书\专长简表.htm,4,环境与社会：人文和自然地理 / [Frost] 霜燃之书：掌握凶险冰雪 / 2. 种族、职业和专长,环境与社会：人文和自然地理,[Frost] 霜燃之书：掌握凶险冰雪
专长详述,5 环境和社会\Frost霜燃之书\霜土冒险\专长.htm,5,环境与社会：人文和自然地理 / [Frost] 霜燃之书：掌握凶险冰雪 / 2. 种族、职业和专长 / 专长,环境与社会：人文和自然地理,[Frost] 霜燃之书：掌握凶险冰雪
3. 进阶职业,,3,环境与社会：人文和自然地理 / [Frost] 霜燃之书：掌握凶险冰雪,环境与社会：人文和自然地理,[Frost] 霜燃之书：掌握凶险冰雪
冻寒者,5 环境和社会\Frost霜燃之书\进阶职业\冻寒者(Cryokineticist).htm,4,环境与社会：人文和自然地理 / [Frost] 霜燃之书：掌握凶险冰雪 / 3. 进阶职业,环境与社会：人文和自然地理,[Frost] 霜燃之书：掌握凶险冰雪
攀云僧,5 环境和社会\Frost霜燃之书\进阶职业\攀云僧(Cloud Anchorite).htm,4,环境与社会：人文和自然地理 / [Frost] 霜燃之书：掌握凶险冰雪 / 3. 进阶职业,环境与社会：人文和自然地理,[Frost] 霜燃之书：掌握凶险冰雪
原始人,5 环境和社会\Frost霜燃之书\进阶职业\原始人(Primeval).htm,4,环境与社会：人文和自然地理 / [Frost] 霜燃之书：掌握凶险冰雪 / 3. 进阶职业,环境与社会：人文和自然地理,[Frost] 霜燃之书：掌握凶险冰雪
冰霜法师,5 环境和社会\Frost霜燃之书\进阶职业\冰霜法师（Frost Mage）.htm,4,环境与社会：人文和自然地理 / [Frost] 霜燃之书：掌握凶险冰雪 / 3. 进阶职业,环境与社会：人文和自然地理,[Frost] 霜燃之书：掌握凶险冰雪
风暴歌者,5 环境和社会\Frost霜燃之书\进阶职业\风暴歌者（stormsinger）.htm,4,环境与社会：人文和自然地理 / [Frost] 霜燃之书：掌握凶险冰雪 / 3. 进阶职业,环境与社会：人文和自然地理,[Frost] 霜燃之书：掌握凶险冰雪
铁冰骑士,5 环境和社会\Frost霜燃之书\进阶职业\铁冰骑士（Knight of the Iron Glacier）.htm,4,环境与社会：人文和自然地理 / [Frost] 霜燃之书：掌握凶险冰雪 / 3. 进阶职业,环境与社会：人文和自然地理,[Frost] 霜燃之书：掌握凶险冰雪
霜火巫师,5 环境和社会\Frost霜燃之书\进阶职业\霜火巫师（Rimefire Witch）.htm,4,环境与社会：人文和自然地理 / [Frost] 霜燃之书：掌握凶险冰雪 / 3. 进阶职业,环境与社会：人文和自然地理,[Frost] 霜燃之书：掌握凶险冰雪
冰霜狂怒者,5 环境和社会\Frost霜燃之书\进阶职业\冰霜狂怒者（Frostrager）.htm,4,环境与社会：人文和自然地理 / [Frost] 霜燃之书：掌握凶险冰雪 / 3. 进阶职业,环境与社会：人文和自然地理,[Frost] 霜燃之书：掌握凶险冰雪
索列姆门徒,5 环境和社会\Frost霜燃之书\进阶职业\索列姆门徒（Disciple of Thrym）.htm,4,环境与社会：人文和自然地理 / [Frost] 霜燃之书：掌握凶险冰雪 / 3. 进阶职业,环境与社会：人文和自然地理,[Frost] 霜燃之书：掌握凶险冰雪
伊博莱犹的巡冬人,5 环境和社会\Frost霜燃之书\进阶职业\伊博莱犹的巡冬人(Winterhaunt of Iborighu) .htm,4,环境与社会：人文和自然地理 / [Frost] 霜燃之书：掌握凶险冰雪 / 3. 进阶职业,环境与社会：人文和自然地理,[Frost] 霜燃之书：掌握凶险冰雪
4. 装备,,3,环境与社会：人文和自然地理 / [Frost] 霜燃之书：掌握凶险冰雪,环境与社会：人文和自然地理,[Frost] 霜燃之书：掌握凶险冰雪
武器,5 环境和社会\Frost霜燃之书\霜土冒险\装备\武器.htm,4,环境与社会：人文和自然地理 / [Frost] 霜燃之书：掌握凶险冰雪 / 4. 装备,环境与社会：人文和自然地理,[Frost] 霜燃之书：掌握凶险冰雪
工具,5 环境和社会\Frost霜燃之书\霜土冒险\装备\工具.htm,4,环境与社会：人文和自然地理 / [Frost] 霜燃之书：掌握凶险冰雪 / 4. 装备,环境与社会：人文和自然地理,[Frost] 霜燃之书：掌握凶险冰雪
新的特殊材料,5 环境和社会\Frost霜燃之书\霜土冒险\装备\材料.htm,4,环境与社会：人文和自然地理 / [Frost] 霜燃之书：掌握凶险冰雪 / 4. 装备,环境与社会：人文和自然地理,[Frost] 霜燃之书：掌握凶险冰雪
霜落之地的载具,5 环境和社会\Frost霜燃之书\霜土冒险\装备\载具.htm,4,环境与社会：人文和自然地理 / [Frost] 霜燃之书：掌握凶险冰雪 / 4. 装备,环境与社会：人文和自然地理,[Frost] 霜燃之书：掌握凶险冰雪
奇物,5 环境和社会\Frost霜燃之书\霜土冒险\装备\奇物.htm,4,环境与社会：人文和自然地理 / [Frost] 霜燃之书：掌握凶险冰雪 / 4. 装备,环境与社会：人文和自然地理,[Frost] 霜燃之书：掌握凶险冰雪
5. 霜落之地的魔法,,3,环境与社会：人文和自然地理 / [Frost] 霜燃之书：掌握凶险冰雪,环境与社会：人文和自然地理,[Frost] 霜燃之书：掌握凶险冰雪
牧师领域,5 环境和社会\Frost霜燃之书\霜土冒险\法术\牧师领域.htm,4,环境与社会：人文和自然地理 / [Frost] 霜燃之书：掌握凶险冰雪 / 5. 霜落之地的魔法,环境与社会：人文和自然地理,[Frost] 霜燃之书：掌握凶险冰雪
法术详述,5 环境和社会\Frost霜燃之书\霜土冒险\法术\法术详述.htm,4,环境与社会：人文和自然地理 / [Frost] 霜燃之书：掌握凶险冰雪 / 5. 霜落之地的魔法,环境与社会：人文和自然地理,[Frost] 霜燃之书：掌握凶险冰雪
传奇法术,5 环境和社会\Frost霜燃之书\霜土冒险\法术\传奇法术.htm,4,环境与社会：人文和自然地理 / [Frost] 霜燃之书：掌握凶险冰雪 / 5. 霜落之地的魔法,环境与社会：人文和自然地理,[Frost] 霜燃之书：掌握凶险冰雪
6. 霜落之地的怪物,,3,环境与社会：人文和自然地理 / [Frost] 霜燃之书：掌握凶险冰雪,环境与社会：人文和自然地理,[Frost] 霜燃之书：掌握凶险冰雪
极地动物,5 环境和社会\Frost霜燃之书\生物\极地动物（Animal，Arctic）.htm,4,环境与社会：人文和自然地理 / [Frost] 霜燃之书：掌握凶险冰雪 / 6. 霜落之地的怪物,环境与社会：人文和自然地理,[Frost] 霜燃之书：掌握凶险冰雪
雪蛛,5 环境和社会\Frost霜燃之书\生物\雪蛛（Spider，Snow）.htm,4,环境与社会：人文和自然地理 / [Frost] 霜燃之书：掌握凶险冰雪 / 6. 霜落之地的怪物,环境与社会：人文和自然地理,[Frost] 霜燃之书：掌握凶险冰雪
乐霜精,5 环境和社会\Frost霜燃之书\生物\乐霜精（Uldra）.htm,4,环境与社会：人文和自然地理 / [Frost] 霜燃之书：掌握凶险冰雪 / 6. 霜落之地的怪物,环境与社会：人文和自然地理,[Frost] 霜燃之书：掌握凶险冰雪
尼安德特人,5 环境和社会\Frost霜燃之书\生物\尼安德特人（Neanderthal）.htm,4,环境与社会：人文和自然地理 / [Frost] 霜燃之书：掌握凶险冰雪 / 6. 霜落之地的怪物,环境与社会：人文和自然地理,[Frost] 霜燃之书：掌握凶险冰雪
雪地精,5 环境和社会\Frost霜燃之书\生物\雪地精（Goblin，Snow）.htm,4,环境与社会：人文和自然地理 / [Frost] 霜燃之书：掌握凶险冰雪 / 6. 霜落之地的怪物,环境与社会：人文和自然地理,[Frost] 霜燃之书：掌握凶险冰雪
炉火精,5 环境和社会\Frost霜燃之书\生物\炉火精（Domovoi）.htm,4,环境与社会：人文和自然地理 / [Frost] 霜燃之书：掌握凶险冰雪 / 6. 霜落之地的怪物,环境与社会：人文和自然地理,[Frost] 霜燃之书：掌握凶险冰雪
水仙女,5 环境和社会\Frost霜燃之书\生物\鲁萨尔卡-水仙女(Rusalka).htm,4,环境与社会：人文和自然地理 / [Frost] 霜燃之书：掌握凶险冰雪 / 6. 霜落之地的怪物,环境与社会：人文和自然地理,[Frost] 霜燃之书：掌握凶险冰雪
霜民,5 环境和社会\Frost霜燃之书\生物\霜民（Frost Folk）.htm,4,环境与社会：人文和自然地理 / [Frost] 霜燃之书：掌握凶险冰雪 / 6. 霜落之地的怪物,环境与社会：人文和自然地理,[Frost] 霜燃之书：掌握凶险冰雪
兽人,5 环境和社会\Frost霜燃之书\生物\兽人，雪萨满（Orc，Snow Shaman）.htm,4,环境与社会：人文和自然地理 / [Frost] 霜燃之书：掌握凶险冰雪 / 6. 霜落之地的怪物,环境与社会：人文和自然地理,[Frost] 霜燃之书：掌握凶险冰雪
巨鸦,"5 环境和社会\Frost霜燃之书\生物\巨鸦（Raven,Giant).htm",4,环境与社会：人文和自然地理 / [Frost] 霜燃之书：掌握凶险冰雪 / 6. 霜落之地的怪物,环境与社会：人文和自然地理,[Frost] 霜燃之书：掌握凶险冰雪
灵魂兽,5 环境和社会\Frost霜燃之书\生物\灵魂兽(Spirit Animal).htm,4,环境与社会：人文和自然地理 / [Frost] 霜燃之书：掌握凶险冰雪 / 6. 霜落之地的怪物,环境与社会：人文和自然地理,[Frost] 霜燃之书：掌握凶险冰雪
叉角马,5 环境和社会\Frost霜燃之书\生物\叉角马（Branta）.htm,4,环境与社会：人文和自然地理 / [Frost] 霜燃之书：掌握凶险冰雪 / 6. 霜落之地的怪物,环境与社会：人文和自然地理,[Frost] 霜燃之书：掌握凶险冰雪
冰川矮人,5 环境和社会\Frost霜燃之书\生物\冰川矮人（Dwarf，Glacier）.htm,4,环境与社会：人文和自然地理 / [Frost] 霜燃之书：掌握凶险冰雪 / 6. 霜落之地的怪物,环境与社会：人文和自然地理,[Frost] 霜燃之书：掌握凶险冰雪
冰蟾,5 环境和社会\Frost霜燃之书\生物\冰蟾（Ice Toad）.htm,4,环境与社会：人文和自然地理 / [Frost] 霜燃之书：掌握凶险冰雪 / 6. 霜落之地的怪物,环境与社会：人文和自然地理,[Frost] 霜燃之书：掌握凶险冰雪
河伯,5 环境和社会\Frost霜燃之书\生物\河伯（Vodyanoi）.htm,4,环境与社会：人文和自然地理 / [Frost] 霜燃之书：掌握凶险冰雪 / 6. 霜落之地的怪物,环境与社会：人文和自然地理,[Frost] 霜燃之书：掌握凶险冰雪
冰兽,5 环境和社会\Frost霜燃之书\生物\冰兽（Ice Beast）.htm,4,环境与社会：人文和自然地理 / [Frost] 霜燃之书：掌握凶险冰雪 / 6. 霜落之地的怪物,环境与社会：人文和自然地理,[Frost] 霜燃之书：掌握凶险冰雪
雪怪,5 环境和社会\Frost霜燃之书\生物\雪怪（Yeti）.htm,4,环境与社会：人文和自然地理 / [Frost] 霜燃之书：掌握凶险冰雪 / 6. 霜落之地的怪物,环境与社会：人文和自然地理,[Frost] 霜燃之书：掌握凶险冰雪
雪女,5 环境和社会\Frost霜燃之书\生物\雪女（Yuki-on-na）.htm,4,环境与社会：人文和自然地理 / [Frost] 霜燃之书：掌握凶险冰雪 / 6. 霜落之地的怪物,环境与社会：人文和自然地理,[Frost] 霜燃之书：掌握凶险冰雪
雪篷,5 环境和社会\Frost霜燃之书\生物\雪篷（Snowcloak）.htm,4,环境与社会：人文和自然地理 / [Frost] 霜燃之书：掌握凶险冰雪 / 6. 霜落之地的怪物,环境与社会：人文和自然地理,[Frost] 霜燃之书：掌握凶险冰雪
大角鹿,5 环境和社会\Frost霜燃之书\生物\大角鹿（Megaloceros）.htm,4,环境与社会：人文和自然地理 / [Frost] 霜燃之书：掌握凶险冰雪 / 6. 霜落之地的怪物,环境与社会：人文和自然地理,[Frost] 霜燃之书：掌握凶险冰雪
霜落幽魂,5 环境和社会\Frost霜燃之书\生物\霜落幽魂（Ghost，Frostfell）.htm,4,环境与社会：人文和自然地理 / [Frost] 霜燃之书：掌握凶险冰雪 / 6. 霜落之地的怪物,环境与社会：人文和自然地理,[Frost] 霜燃之书：掌握凶险冰雪
凡尘矮人,5 环境和社会\Frost霜燃之书\生物\凡尘矮人（Dwarf，Midgard）.htm,4,环境与社会：人文和自然地理 / [Frost] 霜燃之书：掌握凶险冰雪 / 6. 霜落之地的怪物,环境与社会：人文和自然地理,[Frost] 霜燃之书：掌握凶险冰雪
雕齿兽,5 环境和社会\Frost霜燃之书\生物\雕齿兽（Glyptodon）.htm,4,环境与社会：人文和自然地理 / [Frost] 霜燃之书：掌握凶险冰雪 / 6. 霜落之地的怪物,环境与社会：人文和自然地理,[Frost] 霜燃之书：掌握凶险冰雪
冰熊战士,5 环境和社会\Frost霜燃之书\生物\冰熊战士（Urskan）.htm,4,环境与社会：人文和自然地理 / [Frost] 霜燃之书：掌握凶险冰雪 / 6. 霜落之地的怪物,环境与社会：人文和自然地理,[Frost] 霜燃之书：掌握凶险冰雪
剑齿虎,5 环境和社会\Frost霜燃之书\生物\剑齿虎(Smilodon，Saber-Toothed Tiger).htm,4,环境与社会：人文和自然地理 / [Frost] 霜燃之书：掌握凶险冰雪 / 6. 霜落之地的怪物,环境与社会：人文和自然地理,[Frost] 霜燃之书：掌握凶险冰雪
霜巨灵,5 环境和社会\Frost霜燃之书\生物\霜巨灵（Genie，Qorrashi）.htm,4,环境与社会：人文和自然地理 / [Frost] 霜燃之书：掌握凶险冰雪 / 6. 霜落之地的怪物,环境与社会：人文和自然地理,[Frost] 霜燃之书：掌握凶险冰雪
冰憔,5 环境和社会\Frost霜燃之书\生物\冰憔（Icegaunt）.htm,4,环境与社会：人文和自然地理 / [Frost] 霜燃之书：掌握凶险冰雪 / 6. 霜落之地的怪物,环境与社会：人文和自然地理,[Frost] 霜燃之书：掌握凶险冰雪
白布丁怪,5 环境和社会\Frost霜燃之书\生物\白布丁怪（Pudding，White）.htm,4,环境与社会：人文和自然地理 / [Frost] 霜燃之书：掌握凶险冰雪 / 6. 霜落之地的怪物,环境与社会：人文和自然地理,[Frost] 霜燃之书：掌握凶险冰雪
夺命鬼婆,5 环境和社会\Frost霜燃之书\生物\夺命鬼婆（Marzanna）.htm,4,环境与社会：人文和自然地理 / [Frost] 霜燃之书：掌握凶险冰雪 / 6. 霜落之地的怪物,环境与社会：人文和自然地理,[Frost] 霜燃之书：掌握凶险冰雪
巨鳍豚,5 环境和社会\Frost霜燃之书\生物\巨鳍豚（Malasynep）.htm,4,环境与社会：人文和自然地理 / [Frost] 霜燃之书：掌握凶险冰雪 / 6. 霜落之地的怪物,环境与社会：人文和自然地理,[Frost] 霜燃之书：掌握凶险冰雪
冰魔像,5 环境和社会\Frost霜燃之书\生物\冰魔像（Golem，Ice）.htm,4,环境与社会：人文和自然地理 / [Frost] 霜燃之书：掌握凶险冰雪 / 6. 霜落之地的怪物,环境与社会：人文和自然地理,[Frost] 霜燃之书：掌握凶险冰雪
寒冬衍体,5 环境和社会\Frost霜燃之书\生物\寒冬衍体（Winterspawn）.htm,4,环境与社会：人文和自然地理 / [Frost] 霜燃之书：掌握凶险冰雪 / 6. 霜落之地的怪物,环境与社会：人文和自然地理,[Frost] 霜燃之书：掌握凶险冰雪
霜火精,5 环境和社会\Frost霜燃之书\生物\霜火精（Rimefire Eidolon）.htm,4,环境与社会：人文和自然地理 / [Frost] 霜燃之书：掌握凶险冰雪 / 6. 霜落之地的怪物,环境与社会：人文和自然地理,[Frost] 霜燃之书：掌握凶险冰雪
械齿鲸,5 环境和社会\Frost霜燃之书\生物\械齿鲸（Zeuglodon）.htm,4,环境与社会：人文和自然地理 / [Frost] 霜燃之书：掌握凶险冰雪 / 6. 霜落之地的怪物,环境与社会：人文和自然地理,[Frost] 霜燃之书：掌握凶险冰雪
长毛猛犸,5 环境和社会\Frost霜燃之书\生物\长毛猛犸（Woolly Mammoth）.htm,4,环境与社会：人文和自然地理 / [Frost] 霜燃之书：掌握凶险冰雪 / 6. 霜落之地的怪物,环境与社会：人文和自然地理,[Frost] 霜燃之书：掌握凶险冰雪
埋葬,5 环境和社会\Frost霜燃之书\生物\埋葬（Entombed）.htm,4,环境与社会：人文和自然地理 / [Frost] 霜燃之书：掌握凶险冰雪 / 6. 霜落之地的怪物,环境与社会：人文和自然地理,[Frost] 霜燃之书：掌握凶险冰雪
塔拉兽,5 环境和社会\Frost霜燃之书\生物\塔拉兽（Tlalusk）.htm,4,环境与社会：人文和自然地理 / [Frost] 霜燃之书：掌握凶险冰雪 / 6. 霜落之地的怪物,环境与社会：人文和自然地理,[Frost] 霜燃之书：掌握凶险冰雪
凶暴北极熊,5 环境和社会\Frost霜燃之书\生物\凶暴北极熊（Dire Polar Bear）.htm,4,环境与社会：人文和自然地理 / [Frost] 霜燃之书：掌握凶险冰雪 / 6. 霜落之地的怪物,环境与社会：人文和自然地理,[Frost] 霜燃之书：掌握凶险冰雪
霜巨人,5 环境和社会\Frost霜燃之书\生物\霜巨人（Giant，Frost）.htm,4,环境与社会：人文和自然地理 / [Frost] 霜燃之书：掌握凶险冰雪 / 6. 霜落之地的怪物,环境与社会：人文和自然地理,[Frost] 霜燃之书：掌握凶险冰雪
元素先知,5 环境和社会\Frost霜燃之书\生物\元素先知（Elemental Weird）.htm,4,环境与社会：人文和自然地理 / [Frost] 霜燃之书：掌握凶险冰雪 / 6. 霜落之地的怪物,环境与社会：人文和自然地理,[Frost] 霜燃之书：掌握凶险冰雪
冻疮,5 环境和社会\Frost霜燃之书\生物\冻疮（Chilblain）.htm,4,环境与社会：人文和自然地理 / [Frost] 霜燃之书：掌握凶险冰雪 / 6. 霜落之地的怪物,环境与社会：人文和自然地理,[Frost] 霜燃之书：掌握凶险冰雪
冰碾蟹蛛,5 环境和社会\Frost霜燃之书\生物\冰碾蟹蛛（Shivhad）.htm,4,环境与社会：人文和自然地理 / [Frost] 霜燃之书：掌握凶险冰雪 / 6. 霜落之地的怪物,环境与社会：人文和自然地理,[Frost] 霜燃之书：掌握凶险冰雪
[Sand] 沙暴之书：操纵狂沙烈焰,5 环境和社会\Sand沙暴之书\0插图\封面.htm,2,环境与社会：人文和自然地理,环境与社会：人文和自然地理,[Sand] 沙暴之书：操纵狂沙烈焰
前言,5 环境和社会\Sand沙暴之书\0废土\前言1.htm,3,环境与社会：人文和自然地理 / [Sand] 沙暴之书：操纵狂沙烈焰,环境与社会：人文和自然地理,[Sand] 沙暴之书：操纵狂沙烈焰
1. 废土,,3,环境与社会：人文和自然地理 / [Sand] 沙暴之书：操纵狂沙烈焰,环境与社会：人文和自然地理,[Sand] 沙暴之书：操纵狂沙烈焰
废土的形成,5 环境和社会\Sand沙暴之书\0废土\废土的形成.htm,4,环境与社会：人文和自然地理 / [Sand] 沙暴之书：操纵狂沙烈焰 / 1. 废土,环境与社会：人文和自然地理,[Sand] 沙暴之书：操纵狂沙烈焰
荒野废土环境,5 环境和社会\Sand沙暴之书\0废土\荒野废土环境.htm,4,环境与社会：人文和自然地理 / [Sand] 沙暴之书：操纵狂沙烈焰 / 1. 废土,环境与社会：人文和自然地理,[Sand] 沙暴之书：操纵狂沙烈焰
地城与复合式洞穴,5 环境和社会\Sand沙暴之书\0废土\地城与复合式洞穴.htm,4,环境与社会：人文和自然地理 / [Sand] 沙暴之书：操纵狂沙烈焰 / 1. 废土,环境与社会：人文和自然地理,[Sand] 沙暴之书：操纵狂沙烈焰
异界废土,5 环境和社会\Sand沙暴之书\0废土\异界废土.htm,4,环境与社会：人文和自然地理 / [Sand] 沙暴之书：操纵狂沙烈焰 / 1. 废土,环境与社会：人文和自然地理,[Sand] 沙暴之书：操纵狂沙烈焰
焦土险境,5 环境和社会\Sand沙暴之书\0废土\焦土险境.htm,4,环境与社会：人文和自然地理 / [Sand] 沙暴之书：操纵狂沙烈焰 / 1. 废土,环境与社会：人文和自然地理,[Sand] 沙暴之书：操纵狂沙烈焰
超自然焦土险境,5 环境和社会\Sand沙暴之书\0废土\超自然焦土险境.htm,4,环境与社会：人文和自然地理 / [Sand] 沙暴之书：操纵狂沙烈焰 / 1. 废土,环境与社会：人文和自然地理,[Sand] 沙暴之书：操纵狂沙烈焰
2. 种族、职业与专长,,3,环境与社会：人文和自然地理 / [Sand] 沙暴之书：操纵狂沙烈焰,环境与社会：人文和自然地理,[Sand] 沙暴之书：操纵狂沙烈焰
废土中的生命,5 环境和社会\Sand沙暴之书\0废土\废土中的生命.htm,4,环境与社会：人文和自然地理 / [Sand] 沙暴之书：操纵狂沙烈焰 / 2. 种族、职业与专长,环境与社会：人文和自然地理,[Sand] 沙暴之书：操纵狂沙烈焰
废土的种族,,4,环境与社会：人文和自然地理 / [Sand] 沙暴之书：操纵狂沙烈焰 / 2. 种族、职业与专长,环境与社会：人文和自然地理,[Sand] 沙暴之书：操纵狂沙烈焰
沙民,5 环境和社会\Sand沙暴之书\2种族\沙民.htm,5,环境与社会：人文和自然地理 / [Sand] 沙暴之书：操纵狂沙烈焰 / 2. 种族、职业与专长 / 废土的种族,环境与社会：人文和自然地理,[Sand] 沙暴之书：操纵狂沙烈焰
荒漠地精,5 环境和社会\Sand沙暴之书\2种族\荒漠地精.htm,5,环境与社会：人文和自然地理 / [Sand] 沙暴之书：操纵狂沙烈焰 / 2. 种族、职业与专长 / 废土的种族,环境与社会：人文和自然地理,[Sand] 沙暴之书：操纵狂沙烈焰
废土矮人,5 环境和社会\Sand沙暴之书\2种族\废土矮人.htm,5,环境与社会：人文和自然地理 / [Sand] 沙暴之书：操纵狂沙烈焰 / 2. 种族、职业与专长 / 废土的种族,环境与社会：人文和自然地理,[Sand] 沙暴之书：操纵狂沙烈焰
纹身精灵,5 环境和社会\Sand沙暴之书\2种族\纹身精灵.htm,5,环境与社会：人文和自然地理 / [Sand] 沙暴之书：操纵狂沙烈焰 / 2. 种族、职业与专长 / 废土的种族,环境与社会：人文和自然地理,[Sand] 沙暴之书：操纵狂沙烈焰
荒地兽人,5 环境和社会\Sand沙暴之书\2种族\荒地兽人.htm,5,环境与社会：人文和自然地理 / [Sand] 沙暴之书：操纵狂沙烈焰 / 2. 种族、职业与专长 / 废土的种族,环境与社会：人文和自然地理,[Sand] 沙暴之书：操纵狂沙烈焰
废土的职业变体,5 环境和社会\Sand沙暴之书\3职业\变体.htm,4,环境与社会：人文和自然地理 / [Sand] 沙暴之书：操纵狂沙烈焰 / 2. 种族、职业与专长,环境与社会：人文和自然地理,[Sand] 沙暴之书：操纵狂沙烈焰
野蛮人,5 环境和社会\Sand沙暴之书\3职业\野蛮人.htm,5,环境与社会：人文和自然地理 / [Sand] 沙暴之书：操纵狂沙烈焰 / 2. 种族、职业与专长 / 废土的职业变体,环境与社会：人文和自然地理,[Sand] 沙暴之书：操纵狂沙烈焰
巡林客,5 环境和社会\Sand沙暴之书\3职业\巡林客.htm,5,环境与社会：人文和自然地理 / [Sand] 沙暴之书：操纵狂沙烈焰 / 2. 种族、职业与专长 / 废土的职业变体,环境与社会：人文和自然地理,[Sand] 沙暴之书：操纵狂沙烈焰
圣骑士,5 环境和社会\Sand沙暴之书\3职业\圣骑士.htm,5,环境与社会：人文和自然地理 / [Sand] 沙暴之书：操纵狂沙烈焰 / 2. 种族、职业与专长 / 废土的职业变体,环境与社会：人文和自然地理,[Sand] 沙暴之书：操纵狂沙烈焰
德鲁伊,5 环境和社会\Sand沙暴之书\3职业\德鲁伊.htm,5,环境与社会：人文和自然地理 / [Sand] 沙暴之书：操纵狂沙烈焰 / 2. 种族、职业与专长 / 废土的职业变体,环境与社会：人文和自然地理,[Sand] 沙暴之书：操纵狂沙烈焰
牧师,5 环境和社会\Sand沙暴之书\3职业\牧师.htm,5,环境与社会：人文和自然地理 / [Sand] 沙暴之书：操纵狂沙烈焰 / 2. 种族、职业与专长 / 废土的职业变体,环境与社会：人文和自然地理,[Sand] 沙暴之书：操纵狂沙烈焰
术士,5 环境和社会\Sand沙暴之书\3职业\术士.htm,5,环境与社会：人文和自然地理 / [Sand] 沙暴之书：操纵狂沙烈焰 / 2. 种族、职业与专长 / 废土的职业变体,环境与社会：人文和自然地理,[Sand] 沙暴之书：操纵狂沙烈焰
法师,5 环境和社会\Sand沙暴之书\3职业\法师.htm,5,环境与社会：人文和自然地理 / [Sand] 沙暴之书：操纵狂沙烈焰 / 2. 种族、职业与专长 / 废土的职业变体,环境与社会：人文和自然地理,[Sand] 沙暴之书：操纵狂沙烈焰
新专长,5 环境和社会\Sand沙暴之书\4专长\专长.htm,4,环境与社会：人文和自然地理 / [Sand] 沙暴之书：操纵狂沙烈焰 / 2. 种族、职业与专长,环境与社会：人文和自然地理,[Sand] 沙暴之书：操纵狂沙烈焰
触石地,5 环境和社会\Sand沙暴之书\4专长\触石地.htm,4,环境与社会：人文和自然地理 / [Sand] 沙暴之书：操纵狂沙烈焰 / 2. 种族、职业与专长,环境与社会：人文和自然地理,[Sand] 沙暴之书：操纵狂沙烈焰
3. 进阶职业,5 环境和社会\Sand沙暴之书\3职业\进阶.htm,3,环境与社会：人文和自然地理 / [Sand] 沙暴之书：操纵狂沙烈焰,环境与社会：人文和自然地理,[Sand] 沙暴之书：操纵狂沙烈焰
塑沙者,5 环境和社会\Sand沙暴之书\3职业\塑沙者.htm,4,环境与社会：人文和自然地理 / [Sand] 沙暴之书：操纵狂沙烈焰 / 3. 进阶职业,环境与社会：人文和自然地理,[Sand] 沙暴之书：操纵狂沙烈焰
荒漠行者,5 环境和社会\Sand沙暴之书\3职业\荒漠行者.htm,4,环境与社会：人文和自然地理 / [Sand] 沙暴之书：操纵狂沙烈焰 / 3. 进阶职业,环境与社会：人文和自然地理,[Sand] 沙暴之书：操纵狂沙烈焰
潮汐之主,5 环境和社会\Sand沙暴之书\3职业\潮汐之主.htm,4,环境与社会：人文和自然地理 / [Sand] 沙暴之书：操纵狂沙烈焰 / 3. 进阶职业,环境与社会：人文和自然地理,[Sand] 沙暴之书：操纵狂沙烈焰
纽之后裔,5 环境和社会\Sand沙暴之书\3职业\纽之后裔.htm,4,环境与社会：人文和自然地理 / [Sand] 沙暴之书：操纵狂沙烈焰 / 3. 进阶职业,环境与社会：人文和自然地理,[Sand] 沙暴之书：操纵狂沙烈焰
沙虫骑士,5 环境和社会\Sand沙暴之书\3职业\沙虫骑士.htm,4,环境与社会：人文和自然地理 / [Sand] 沙暴之书：操纵狂沙烈焰 / 3. 进阶职业,环境与社会：人文和自然地理,[Sand] 沙暴之书：操纵狂沙烈焰
蝎之追寻者,5 环境和社会\Sand沙暴之书\3职业\蝎之追寻者.htm,4,环境与社会：人文和自然地理 / [Sand] 沙暴之书：操纵狂沙烈焰 / 3. 进阶职业,环境与社会：人文和自然地理,[Sand] 沙暴之书：操纵狂沙烈焰
4. 装备,,3,环境与社会：人文和自然地理 / [Sand] 沙暴之书：操纵狂沙烈焰,环境与社会：人文和自然地理,[Sand] 沙暴之书：操纵狂沙烈焰
武器,5 环境和社会\Sand沙暴之书\5装备\武器.htm,4,环境与社会：人文和自然地理 / [Sand] 沙暴之书：操纵狂沙烈焰 / 4. 装备,环境与社会：人文和自然地理,[Sand] 沙暴之书：操纵狂沙烈焰
防具,5 环境和社会\Sand沙暴之书\5装备\沙暴书防具.htm,4,环境与社会：人文和自然地理 / [Sand] 沙暴之书：操纵狂沙烈焰 / 4. 装备,环境与社会：人文和自然地理,[Sand] 沙暴之书：操纵狂沙烈焰
工具,5 环境和社会\Sand沙暴之书\5装备\工具.htm,4,环境与社会：人文和自然地理 / [Sand] 沙暴之书：操纵狂沙烈焰 / 4. 装备,环境与社会：人文和自然地理,[Sand] 沙暴之书：操纵狂沙烈焰
坐骑载具,5 环境和社会\Sand沙暴之书\5装备\坐骑载具.htm,4,环境与社会：人文和自然地理 / [Sand] 沙暴之书：操纵狂沙烈焰 / 4. 装备,环境与社会：人文和自然地理,[Sand] 沙暴之书：操纵狂沙烈焰
特殊物品和小道具,5 环境和社会\Sand沙暴之书\5装备\炼金物品.htm,4,环境与社会：人文和自然地理 / [Sand] 沙暴之书：操纵狂沙烈焰 / 4. 装备,环境与社会：人文和自然地理,[Sand] 沙暴之书：操纵狂沙烈焰
5. 法术与魔法物品,,3,环境与社会：人文和自然地理 / [Sand] 沙暴之书：操纵狂沙烈焰,环境与社会：人文和自然地理,[Sand] 沙暴之书：操纵狂沙烈焰
新领域,5 环境和社会\Sand沙暴之书\6法术\新领域.htm,4,环境与社会：人文和自然地理 / [Sand] 沙暴之书：操纵狂沙烈焰 / 5. 法术与魔法物品,环境与社会：人文和自然地理,[Sand] 沙暴之书：操纵狂沙烈焰
法术详述,5 环境和社会\Sand沙暴之书\6法术\法术详述.htm,4,环境与社会：人文和自然地理 / [Sand] 沙暴之书：操纵狂沙烈焰 / 5. 法术与魔法物品,环境与社会：人文和自然地理,[Sand] 沙暴之书：操纵狂沙烈焰
魔法物品,,4,环境与社会：人文和自然地理 / [Sand] 沙暴之书：操纵狂沙烈焰 / 5. 法术与魔法物品,环境与社会：人文和自然地理,[Sand] 沙暴之书：操纵狂沙烈焰
权杖,5 环境和社会\Sand沙暴之书\5装备\权杖.htm,5,环境与社会：人文和自然地理 / [Sand] 沙暴之书：操纵狂沙烈焰 / 5. 法术与魔法物品 / 魔法物品,环境与社会：人文和自然地理,[Sand] 沙暴之书：操纵狂沙烈焰
智能魔法物品,5 环境和社会\Sand沙暴之书\5装备\智能魔法物品.htm,5,环境与社会：人文和自然地理 / [Sand] 沙暴之书：操纵狂沙烈焰 / 5. 法术与魔法物品 / 魔法物品,环境与社会：人文和自然地理,[Sand] 沙暴之书：操纵狂沙烈焰
奇物,5 环境和社会\Sand沙暴之书\5装备\奇物.htm,5,环境与社会：人文和自然地理 / [Sand] 沙暴之书：操纵狂沙烈焰 / 5. 法术与魔法物品 / 魔法物品,环境与社会：人文和自然地理,[Sand] 沙暴之书：操纵狂沙烈焰
特殊材料,5 环境和社会\Sand沙暴之书\5装备\材料.htm,5,环境与社会：人文和自然地理 / [Sand] 沙暴之书：操纵狂沙烈焰 / 5. 法术与魔法物品 / 魔法物品,环境与社会：人文和自然地理,[Sand] 沙暴之书：操纵狂沙烈焰
6. 生物,,3,环境与社会：人文和自然地理 / [Sand] 沙暴之书：操纵狂沙烈焰,环境与社会：人文和自然地理,[Sand] 沙暴之书：操纵狂沙烈焰
模板,,4,环境与社会：人文和自然地理 / [Sand] 沙暴之书：操纵狂沙烈焰 / 6. 生物,环境与社会：人文和自然地理,[Sand] 沙暴之书：操纵狂沙烈焰
半灵,5 环境和社会\Sand沙暴之书\7怪物\半小巨灵.htm,5,环境与社会：人文和自然地理 / [Sand] 沙暴之书：操纵狂沙烈焰 / 6. 生物 / 模板,环境与社会：人文和自然地理,[Sand] 沙暴之书：操纵狂沙烈焰
旱巫妖,5 环境和社会\Sand沙暴之书\7怪物\旱巫妖.htm,5,环境与社会：人文和自然地理 / [Sand] 沙暴之书：操纵狂沙烈焰 / 6. 生物 / 模板,环境与社会：人文和自然地理,[Sand] 沙暴之书：操纵狂沙烈焰
沙化生物,5 环境和社会\Sand沙暴之书\7怪物\沙化生物.htm,5,环境与社会：人文和自然地理 / [Sand] 沙暴之书：操纵狂沙烈焰 / 6. 生物 / 模板,环境与社会：人文和自然地理,[Sand] 沙暴之书：操纵狂沙烈焰
怪物,,4,环境与社会：人文和自然地理 / [Sand] 沙暴之书：操纵狂沙烈焰 / 6. 生物,环境与社会：人文和自然地理,[Sand] 沙暴之书：操纵狂沙烈焰
恐龙,5 环境和社会\Sand沙暴之书\7怪物\恐龙.htm,5,环境与社会：人文和自然地理 / [Sand] 沙暴之书：操纵狂沙烈焰 / 6. 生物 / 怪物,环境与社会：人文和自然地理,[Sand] 沙暴之书：操纵狂沙烈焰
砂龙,5 环境和社会\Sand沙暴之书\7怪物\砂龙.htm,5,环境与社会：人文和自然地理 / [Sand] 沙暴之书：操纵狂沙烈焰 / 6. 生物 / 怪物,环境与社会：人文和自然地理,[Sand] 沙暴之书：操纵狂沙烈焰
魔蝠,5 环境和社会\Sand沙暴之书\7怪物\魔蝠.htm,5,环境与社会：人文和自然地理 / [Sand] 沙暴之书：操纵狂沙烈焰 / 6. 生物 / 怪物,环境与社会：人文和自然地理,[Sand] 沙暴之书：操纵狂沙烈焰
凶暴动物,5 环境和社会\Sand沙暴之书\7怪物\凶暴动物.htm,5,环境与社会：人文和自然地理 / [Sand] 沙暴之书：操纵狂沙烈焰 / 6. 生物 / 怪物,环境与社会：人文和自然地理,[Sand] 沙暴之书：操纵狂沙烈焰
沙民,5 环境和社会\Sand沙暴之书\7怪物\沙民1.htm,5,环境与社会：人文和自然地理 / [Sand] 沙暴之书：操纵狂沙烈焰 / 6. 生物 / 怪物,环境与社会：人文和自然地理,[Sand] 沙暴之书：操纵狂沙烈焰
荒丘地精,5 环境和社会\Sand沙暴之书\7怪物\荒丘地精.htm,5,环境与社会：人文和自然地理 / [Sand] 沙暴之书：操纵狂沙烈焰 / 6. 生物 / 怪物,环境与社会：人文和自然地理,[Sand] 沙暴之书：操纵狂沙烈焰
豪猪仙人掌,5 环境和社会\Sand沙暴之书\7怪物\豪猪仙人掌.htm,5,环境与社会：人文和自然地理 / [Sand] 沙暴之书：操纵狂沙烈焰 / 6. 生物 / 怪物,环境与社会：人文和自然地理,[Sand] 沙暴之书：操纵狂沙烈焰
沙虫,5 环境和社会\Sand沙暴之书\7怪物\沙虫.htm,5,环境与社会：人文和自然地理 / [Sand] 沙暴之书：操纵狂沙烈焰 / 6. 生物 / 怪物,环境与社会：人文和自然地理,[Sand] 沙暴之书：操纵狂沙烈焰
蟹甲人,5 环境和社会\Sand沙暴之书\7怪物\蟹甲人.htm,5,环境与社会：人文和自然地理 / [Sand] 沙暴之书：操纵狂沙烈焰 / 6. 生物 / 怪物,环境与社会：人文和自然地理,[Sand] 沙暴之书：操纵狂沙烈焰
寒冷诅咒者,5 环境和社会\Sand沙暴之书\7怪物\冰冷诅咒者.htm,5,环境与社会：人文和自然地理 / [Sand] 沙暴之书：操纵狂沙烈焰 / 6. 生物 / 怪物,环境与社会：人文和自然地理,[Sand] 沙暴之书：操纵狂沙烈焰
驼鹿,5 环境和社会\Sand沙暴之书\7怪物\驼鹿.htm,5,环境与社会：人文和自然地理 / [Sand] 沙暴之书：操纵狂沙烈焰 / 6. 生物 / 怪物,环境与社会：人文和自然地理,[Sand] 沙暴之书：操纵狂沙烈焰
沙卷尘,5 环境和社会\Sand沙暴之书\7怪物\沙卷尘.htm,5,环境与社会：人文和自然地理 / [Sand] 沙暴之书：操纵狂沙烈焰 / 6. 生物 / 怪物,环境与社会：人文和自然地理,[Sand] 沙暴之书：操纵狂沙烈焰
沙漠灾星,5 环境和社会\Sand沙暴之书\7怪物\沙漠灾星.htm,5,环境与社会：人文和自然地理 / [Sand] 沙暴之书：操纵狂沙烈焰 / 6. 生物 / 怪物,环境与社会：人文和自然地理,[Sand] 沙暴之书：操纵狂沙烈焰
沙地猎犬,5 环境和社会\Sand沙暴之书\7怪物\沙地猎犬.htm,5,环境与社会：人文和自然地理 / [Sand] 沙暴之书：操纵狂沙烈焰 / 6. 生物 / 怪物,环境与社会：人文和自然地理,[Sand] 沙暴之书：操纵狂沙烈焰
苍白躯壳,5 环境和社会\Sand沙暴之书\7怪物\苍白躯壳.htm,5,环境与社会：人文和自然地理 / [Sand] 沙暴之书：操纵狂沙烈焰 / 6. 生物 / 怪物,环境与社会：人文和自然地理,[Sand] 沙暴之书：操纵狂沙烈焰
吸血风滚藤,5 环境和社会\Sand沙暴之书\7怪物\吸血风滚藤.htm,5,环境与社会：人文和自然地理 / [Sand] 沙暴之书：操纵狂沙烈焰 / 6. 生物 / 怪物,环境与社会：人文和自然地理,[Sand] 沙暴之书：操纵狂沙烈焰
兽化人,5 环境和社会\Sand沙暴之书\7怪物\鳄鱼人.htm,5,环境与社会：人文和自然地理 / [Sand] 沙暴之书：操纵狂沙烈焰 / 6. 生物 / 怪物,环境与社会：人文和自然地理,[Sand] 沙暴之书：操纵狂沙烈焰
枯弃之皮,5 环境和社会\Sand沙暴之书\7怪物\遗弃外皮.htm,5,环境与社会：人文和自然地理 / [Sand] 沙暴之书：操纵狂沙烈焰 / 6. 生物 / 怪物,环境与社会：人文和自然地理,[Sand] 沙暴之书：操纵狂沙烈焰
沙鬼婆,5 环境和社会\Sand沙暴之书\7怪物\沙鬼婆.htm,5,环境与社会：人文和自然地理 / [Sand] 沙暴之书：操纵狂沙烈焰 / 6. 生物 / 怪物,环境与社会：人文和自然地理,[Sand] 沙暴之书：操纵狂沙烈焰
念动蝎,5 环境和社会\Sand沙暴之书\7怪物\念动蝎.htm,5,环境与社会：人文和自然地理 / [Sand] 沙暴之书：操纵狂沙烈焰 / 6. 生物 / 怪物,环境与社会：人文和自然地理,[Sand] 沙暴之书：操纵狂沙烈焰
蝎子集群,5 环境和社会\Sand沙暴之书\7怪物\蝎子集群.htm,5,环境与社会：人文和自然地理 / [Sand] 沙暴之书：操纵狂沙烈焰 / 6. 生物 / 怪物,环境与社会：人文和自然地理,[Sand] 沙暴之书：操纵狂沙烈焰
狮身兽,5 环境和社会\Sand沙暴之书\7怪物\狮身兽.html,5,环境与社会：人文和自然地理 / [Sand] 沙暴之书：操纵狂沙烈焰 / 6. 生物 / 怪物,环境与社会：人文和自然地理,[Sand] 沙暴之书：操纵狂沙烈焰
泥怪,5 环境和社会\Sand沙暴之书\7怪物\泥怪.htm,5,环境与社会：人文和自然地理 / [Sand] 沙暴之书：操纵狂沙烈焰 / 6. 生物 / 怪物,环境与社会：人文和自然地理,[Sand] 沙暴之书：操纵狂沙烈焰
蜃景灵,5 环境和社会\Sand沙暴之书\7怪物\蜃景灵.htm,5,环境与社会：人文和自然地理 / [Sand] 沙暴之书：操纵狂沙烈焰 / 6. 生物 / 怪物,环境与社会：人文和自然地理,[Sand] 沙暴之书：操纵狂沙烈焰
荒魔,5 环境和社会\Sand沙暴之书\7怪物\荒魔.htm,5,环境与社会：人文和自然地理 / [Sand] 沙暴之书：操纵狂沙烈焰 / 6. 生物 / 怪物,环境与社会：人文和自然地理,[Sand] 沙暴之书：操纵狂沙烈焰
铁棘,5 环境和社会\Sand沙暴之书\7怪物\铁棘.htm,5,环境与社会：人文和自然地理 / [Sand] 沙暴之书：操纵狂沙烈焰 / 6. 生物 / 怪物,环境与社会：人文和自然地理,[Sand] 沙暴之书：操纵狂沙烈焰
荒漠巨魔,5 环境和社会\Sand沙暴之书\7怪物\荒漠巨魔.htm,5,环境与社会：人文和自然地理 / [Sand] 沙暴之书：操纵狂沙烈焰 / 6. 生物 / 怪物,环境与社会：人文和自然地理,[Sand] 沙暴之书：操纵狂沙烈焰
巨型条纹蜥,5 环境和社会\Sand沙暴之书\7怪物\巨型条纹蜥.htm,5,环境与社会：人文和自然地理 / [Sand] 沙暴之书：操纵狂沙烈焰 / 6. 生物 / 怪物,环境与社会：人文和自然地理,[Sand] 沙暴之书：操纵狂沙烈焰
死神圣甲虫集群,5 环境和社会\Sand沙暴之书\7怪物\死神圣甲虫集群.htm,5,环境与社会：人文和自然地理 / [Sand] 沙暴之书：操纵狂沙烈焰 / 6. 生物 / 怪物,环境与社会：人文和自然地理,[Sand] 沙暴之书：操纵狂沙烈焰
树形仙人掌守卫,5 环境和社会\Sand沙暴之书\7怪物\树形仙人掌守卫.htm,5,环境与社会：人文和自然地理 / [Sand] 沙暴之书：操纵狂沙烈焰 / 6. 生物 / 怪物,环境与社会：人文和自然地理,[Sand] 沙暴之书：操纵狂沙烈焰
沙卷兽,5 环境和社会\Sand沙暴之书\7怪物\沙卷兽.htm,5,环境与社会：人文和自然地理 / [Sand] 沙暴之书：操纵狂沙烈焰 / 6. 生物 / 怪物,环境与社会：人文和自然地理,[Sand] 沙暴之书：操纵狂沙烈焰
爬行天灾,5 环境和社会\Sand沙暴之书\7怪物\爬行天灾.htm,5,环境与社会：人文和自然地理 / [Sand] 沙暴之书：操纵狂沙烈焰 / 6. 生物 / 怪物,环境与社会：人文和自然地理,[Sand] 沙暴之书：操纵狂沙烈焰
雷鸟,5 环境和社会\Sand沙暴之书\7怪物\雷鸟.htm,5,环境与社会：人文和自然地理 / [Sand] 沙暴之书：操纵狂沙烈焰 / 6. 生物 / 怪物,环境与社会：人文和自然地理,[Sand] 沙暴之书：操纵狂沙烈焰
玛鲁造物,5 环境和社会\Sand沙暴之书\7怪物\玛鲁造物.htm,5,环境与社会：人文和自然地理 / [Sand] 沙暴之书：操纵狂沙烈焰 / 6. 生物 / 怪物,环境与社会：人文和自然地理,[Sand] 沙暴之书：操纵狂沙烈焰
7. 冒险地点,,3,环境与社会：人文和自然地理 / [Sand] 沙暴之书：操纵狂沙烈焰,环境与社会：人文和自然地理,[Sand] 沙暴之书：操纵狂沙烈焰
致命尘埃盆地,5 环境和社会\Sand沙暴之书\8战役\致命尘埃盆地.htm,4,环境与社会：人文和自然地理 / [Sand] 沙暴之书：操纵狂沙烈焰 / 7. 冒险地点,环境与社会：人文和自然地理,[Sand] 沙暴之书：操纵狂沙烈焰
哈拉克斯：死亡王座,5 环境和社会\Sand沙暴之书\8战役\哈拉克斯：死亡王座.htm,4,环境与社会：人文和自然地理 / [Sand] 沙暴之书：操纵狂沙烈焰 / 7. 冒险地点,环境与社会：人文和自然地理,[Sand] 沙暴之书：操纵狂沙烈焰
[Storm] 风暴之书：驾驭暴风骤浪,5 环境和社会\Storm风暴之书\0插图\风暴之书（Storm）.htm,2,环境与社会：人文和自然地理,环境与社会：人文和自然地理,[Storm] 风暴之书：驾驭暴风骤浪
1. 卷入漩涡,,3,环境与社会：人文和自然地理 / [Storm] 风暴之书：驾驭暴风骤浪,环境与社会：人文和自然地理,[Storm] 风暴之书：驾驭暴风骤浪
水域冒险,5 环境和社会\Storm风暴之书\1卷入漩涡\水域冒险.htm,4,环境与社会：人文和自然地理 / [Storm] 风暴之书：驾驭暴风骤浪 / 1. 卷入漩涡,环境与社会：人文和自然地理,[Storm] 风暴之书：驾驭暴风骤浪
异位面中海洋,5 环境和社会\Storm风暴之书\1卷入漩涡\异位面中海洋.htm,4,环境与社会：人文和自然地理 / [Storm] 风暴之书：驾驭暴风骤浪 / 1. 卷入漩涡,环境与社会：人文和自然地理,[Storm] 风暴之书：驾驭暴风骤浪
水中危险,5 环境和社会\Storm风暴之书\1卷入漩涡\水中危险.htm,4,环境与社会：人文和自然地理 / [Storm] 风暴之书：驾驭暴风骤浪 / 1. 卷入漩涡,环境与社会：人文和自然地理,[Storm] 风暴之书：驾驭暴风骤浪
海洋中的特殊危险,5 环境和社会\Storm风暴之书\1卷入漩涡\海洋中的特殊危险.htm,4,环境与社会：人文和自然地理 / [Storm] 风暴之书：驾驭暴风骤浪 / 1. 卷入漩涡,环境与社会：人文和自然地理,[Storm] 风暴之书：驾驭暴风骤浪
海上荒野地形,5 环境和社会\Storm风暴之书\1卷入漩涡\海上荒野地形.htm,4,环境与社会：人文和自然地理 / [Storm] 风暴之书：驾驭暴风骤浪 / 1. 卷入漩涡,环境与社会：人文和自然地理,[Storm] 风暴之书：驾驭暴风骤浪
海洋地城地形,5 环境和社会\Storm风暴之书\1卷入漩涡\海洋地城地形.htm,4,环境与社会：人文和自然地理 / [Storm] 风暴之书：驾驭暴风骤浪 / 1. 卷入漩涡,环境与社会：人文和自然地理,[Storm] 风暴之书：驾驭暴风骤浪
水中战斗,5 环境和社会\Storm风暴之书\1卷入漩涡\水中战斗.htm,4,环境与社会：人文和自然地理 / [Storm] 风暴之书：驾驭暴风骤浪 / 1. 卷入漩涡,环境与社会：人文和自然地理,[Storm] 风暴之书：驾驭暴风骤浪
航海,5 环境和社会\Storm风暴之书\1卷入漩涡\航海.htm,4,环境与社会：人文和自然地理 / [Storm] 风暴之书：驾驭暴风骤浪 / 1. 卷入漩涡,环境与社会：人文和自然地理,[Storm] 风暴之书：驾驭暴风骤浪
海战规则,5 环境和社会\Storm风暴之书\1卷入漩涡\海战规则.htm,4,环境与社会：人文和自然地理 / [Storm] 风暴之书：驾驭暴风骤浪 / 1. 卷入漩涡,环境与社会：人文和自然地理,[Storm] 风暴之书：驾驭暴风骤浪
2. 海洋种族,,3,环境与社会：人文和自然地理 / [Storm] 风暴之书：驾驭暴风骤浪,环境与社会：人文和自然地理,[Storm] 风暴之书：驾驭暴风骤浪
海生种族,5 环境和社会\Storm风暴之书\2海之民\海生种族.htm,4,环境与社会：人文和自然地理 / [Storm] 风暴之书：驾驭暴风骤浪 / 2. 海洋种族,环境与社会：人文和自然地理,[Storm] 风暴之书：驾驭暴风骤浪
海灵,5 环境和社会\Storm风暴之书\2海之民\海灵.htm,5,环境与社会：人文和自然地理 / [Storm] 风暴之书：驾驭暴风骤浪 / 2. 海洋种族 / 海生种族,环境与社会：人文和自然地理,[Storm] 风暴之书：驾驭暴风骤浪
虎鲸人,5 环境和社会\Storm风暴之书\2海之民\虎鲸人.htm,5,环境与社会：人文和自然地理 / [Storm] 风暴之书：驾驭暴风骤浪 / 2. 海洋种族 / 海生种族,环境与社会：人文和自然地理,[Storm] 风暴之书：驾驭暴风骤浪
水精灵,5 环境和社会\Storm风暴之书\2海之民\水精灵.htm,5,环境与社会：人文和自然地理 / [Storm] 风暴之书：驾驭暴风骤浪 / 2. 海洋种族 / 海生种族,环境与社会：人文和自然地理,[Storm] 风暴之书：驾驭暴风骤浪
翼猩猩,5 环境和社会\Storm风暴之书\2海之民\翼猩猩.htm,5,环境与社会：人文和自然地理 / [Storm] 风暴之书：驾驭暴风骤浪 / 2. 海洋种族 / 海生种族,环境与社会：人文和自然地理,[Storm] 风暴之书：驾驭暴风骤浪
年龄，身高及体重,5 环境和社会\Storm风暴之书\2海之民\海民身体数据.htm,5,环境与社会：人文和自然地理 / [Storm] 风暴之书：驾驭暴风骤浪 / 2. 海洋种族 / 海生种族,环境与社会：人文和自然地理,[Storm] 风暴之书：驾驭暴风骤浪
海洋文化,5 环境和社会\Storm风暴之书\2海之民\海洋文化.htm,4,环境与社会：人文和自然地理 / [Storm] 风暴之书：驾驭暴风骤浪 / 2. 海洋种族,环境与社会：人文和自然地理,[Storm] 风暴之书：驾驭暴风骤浪
人类,5 环境和社会\Storm风暴之书\2海之民\人类_.htm,5,环境与社会：人文和自然地理 / [Storm] 风暴之书：驾驭暴风骤浪 / 2. 海洋种族 / 海洋文化,环境与社会：人文和自然地理,[Storm] 风暴之书：驾驭暴风骤浪
矮人,5 环境和社会\Storm风暴之书\2海之民\矮人.htm,5,环境与社会：人文和自然地理 / [Storm] 风暴之书：驾驭暴风骤浪 / 2. 海洋种族 / 海洋文化,环境与社会：人文和自然地理,[Storm] 风暴之书：驾驭暴风骤浪
精灵,5 环境和社会\Storm风暴之书\2海之民\精灵.htm,5,环境与社会：人文和自然地理 / [Storm] 风暴之书：驾驭暴风骤浪 / 2. 海洋种族 / 海洋文化,环境与社会：人文和自然地理,[Storm] 风暴之书：驾驭暴风骤浪
侏儒,5 环境和社会\Storm风暴之书\2海之民\侏儒.htm,5,环境与社会：人文和自然地理 / [Storm] 风暴之书：驾驭暴风骤浪 / 2. 海洋种族 / 海洋文化,环境与社会：人文和自然地理,[Storm] 风暴之书：驾驭暴风骤浪
半精灵,5 环境和社会\Storm风暴之书\2海之民\半精灵.htm,5,环境与社会：人文和自然地理 / [Storm] 风暴之书：驾驭暴风骤浪 / 2. 海洋种族 / 海洋文化,环境与社会：人文和自然地理,[Storm] 风暴之书：驾驭暴风骤浪
半兽人,5 环境和社会\Storm风暴之书\2海之民\半兽人.htm,5,环境与社会：人文和自然地理 / [Storm] 风暴之书：驾驭暴风骤浪 / 2. 海洋种族 / 海洋文化,环境与社会：人文和自然地理,[Storm] 风暴之书：驾驭暴风骤浪
半身人,5 环境和社会\Storm风暴之书\2海之民\半身人.htm,5,环境与社会：人文和自然地理 / [Storm] 风暴之书：驾驭暴风骤浪 / 2. 海洋种族 / 海洋文化,环境与社会：人文和自然地理,[Storm] 风暴之书：驾驭暴风骤浪
3. 基础与进阶职业,,3,环境与社会：人文和自然地理 / [Storm] 风暴之书：驾驭暴风骤浪,环境与社会：人文和自然地理,[Storm] 风暴之书：驾驭暴风骤浪
基础职业变体,5 环境和社会\Storm风暴之书\3进阶职业\变体.htm,4,环境与社会：人文和自然地理 / [Storm] 风暴之书：驾驭暴风骤浪 / 3. 基础与进阶职业,环境与社会：人文和自然地理,[Storm] 风暴之书：驾驭暴风骤浪
进阶职业,,4,环境与社会：人文和自然地理 / [Storm] 风暴之书：驾驭暴风骤浪 / 3. 基础与进阶职业,环境与社会：人文和自然地理,[Storm] 风暴之书：驾驭暴风骤浪
血腥海盗,5 环境和社会\Storm风暴之书\3进阶职业\血腥海盗.htm,5,环境与社会：人文和自然地理 / [Storm] 风暴之书：驾驭暴风骤浪 / 3. 基础与进阶职业 / 进阶职业,环境与社会：人文和自然地理,[Storm] 风暴之书：驾驭暴风骤浪
珍珠骑士,5 环境和社会\Storm风暴之书\3进阶职业\珍珠骑士.htm,5,环境与社会：人文和自然地理 / [Storm] 风暴之书：驾驭暴风骤浪 / 3. 基础与进阶职业 / 进阶职业,环境与社会：人文和自然地理,[Storm] 风暴之书：驾驭暴风骤浪
海怪猎手,5 环境和社会\Storm风暴之书\3进阶职业\海怪猎手.htm,5,环境与社会：人文和自然地理 / [Storm] 风暴之书：驾驭暴风骤浪 / 3. 基础与进阶职业 / 进阶职业,环境与社会：人文和自然地理,[Storm] 风暴之书：驾驭暴风骤浪
海洋巫师,5 环境和社会\Storm风暴之书\3进阶职业\海洋巫师.htm,5,环境与社会：人文和自然地理 / [Storm] 风暴之书：驾驭暴风骤浪 / 3. 基础与进阶职业 / 进阶职业,环境与社会：人文和自然地理,[Storm] 风暴之书：驾驭暴风骤浪
传奇船长,5 环境和社会\Storm风暴之书\3进阶职业\传奇船长.htm,5,环境与社会：人文和自然地理 / [Storm] 风暴之书：驾驭暴风骤浪 / 3. 基础与进阶职业 / 进阶职业,环境与社会：人文和自然地理,[Storm] 风暴之书：驾驭暴风骤浪
风暴巫师,5 环境和社会\Storm风暴之书\3进阶职业\风暴巫师.htm,5,环境与社会：人文和自然地理 / [Storm] 风暴之书：驾驭暴风骤浪 / 3. 基础与进阶职业 / 进阶职业,环境与社会：人文和自然地理,[Storm] 风暴之书：驾驭暴风骤浪
波涛守护者,5 环境和社会\Storm风暴之书\3进阶职业\波涛守护者.htm,5,环境与社会：人文和自然地理 / [Storm] 风暴之书：驾驭暴风骤浪 / 3. 基础与进阶职业 / 进阶职业,环境与社会：人文和自然地理,[Storm] 风暴之书：驾驭暴风骤浪
4. 技能与专长,,3,环境与社会：人文和自然地理 / [Storm] 风暴之书：驾驭暴风骤浪,环境与社会：人文和自然地理,[Storm] 风暴之书：驾驭暴风骤浪
航海技能,5 环境和社会\Storm风暴之书\4技能专长\航海技能.htm,4,环境与社会：人文和自然地理 / [Storm] 风暴之书：驾驭暴风骤浪 / 4. 技能与专长,环境与社会：人文和自然地理,[Storm] 风暴之书：驾驭暴风骤浪
航海角色,5 环境和社会\Storm风暴之书\4技能专长\航海角色.htm,5,环境与社会：人文和自然地理 / [Storm] 风暴之书：驾驭暴风骤浪 / 4. 技能与专长 / 航海技能,环境与社会：人文和自然地理,[Storm] 风暴之书：驾驭暴风骤浪
航海专长,5 环境和社会\Storm风暴之书\4技能专长\航海专长.htm,4,环境与社会：人文和自然地理 / [Storm] 风暴之书：驾驭暴风骤浪 / 4. 技能与专长,环境与社会：人文和自然地理,[Storm] 风暴之书：驾驭暴风骤浪
5. 船只与装备,,3,环境与社会：人文和自然地理 / [Storm] 风暴之书：驾驭暴风骤浪,环境与社会：人文和自然地理,[Storm] 风暴之书：驾驭暴风骤浪
船只,5 环境和社会\Storm风暴之书\5船只装备\船只.htm,4,环境与社会：人文和自然地理 / [Storm] 风暴之书：驾驭暴风骤浪 / 5. 船只与装备,环境与社会：人文和自然地理,[Storm] 风暴之书：驾驭暴风骤浪
武装与配件,5 环境和社会\Storm风暴之书\5船只装备\武装与配件.htm,4,环境与社会：人文和自然地理 / [Storm] 风暴之书：驾驭暴风骤浪 / 5. 船只与装备,环境与社会：人文和自然地理,[Storm] 风暴之书：驾驭暴风骤浪
个人装备,5 环境和社会\Storm风暴之书\5船只装备\个人装备.htm,4,环境与社会：人文和自然地理 / [Storm] 风暴之书：驾驭暴风骤浪 / 5. 船只与装备,环境与社会：人文和自然地理,[Storm] 风暴之书：驾驭暴风骤浪
6. 法术与魔法物品,,3,环境与社会：人文和自然地理 / [Storm] 风暴之书：驾驭暴风骤浪,环境与社会：人文和自然地理,[Storm] 风暴之书：驾驭暴风骤浪
新领域,5 环境和社会\Storm风暴之书\6法术\新领域.htm,4,环境与社会：人文和自然地理 / [Storm] 风暴之书：驾驭暴风骤浪 / 6. 法术与魔法物品,环境与社会：人文和自然地理,[Storm] 风暴之书：驾驭暴风骤浪
新法术,5 环境和社会\Storm风暴之书\6法术\新法术.htm,4,环境与社会：人文和自然地理 / [Storm] 风暴之书：驾驭暴风骤浪 / 6. 法术与魔法物品,环境与社会：人文和自然地理,[Storm] 风暴之书：驾驭暴风骤浪
法术详述,5 环境和社会\Storm风暴之书\6法术\法术详述.htm,5,环境与社会：人文和自然地理 / [Storm] 风暴之书：驾驭暴风骤浪 / 6. 法术与魔法物品 / 新法术,环境与社会：人文和自然地理,[Storm] 风暴之书：驾驭暴风骤浪
传奇法术,5 环境和社会\Storm风暴之书\6法术\传奇法术.htm,4,环境与社会：人文和自然地理 / [Storm] 风暴之书：驾驭暴风骤浪 / 6. 法术与魔法物品,环境与社会：人文和自然地理,[Storm] 风暴之书：驾驭暴风骤浪
新灵能,5 环境和社会\Storm风暴之书\6法术\新灵能.htm,4,环境与社会：人文和自然地理 / [Storm] 风暴之书：驾驭暴风骤浪 / 6. 法术与魔法物品,环境与社会：人文和自然地理,[Storm] 风暴之书：驾驭暴风骤浪
新魔法物品,,4,环境与社会：人文和自然地理 / [Storm] 风暴之书：驾驭暴风骤浪 / 6. 法术与魔法物品,环境与社会：人文和自然地理,[Storm] 风暴之书：驾驭暴风骤浪
特殊材料,5 环境和社会\Storm风暴之书\5船只装备\特殊材料.html,5,环境与社会：人文和自然地理 / [Storm] 风暴之书：驾驭暴风骤浪 / 6. 法术与魔法物品 / 新魔法物品,环境与社会：人文和自然地理,[Storm] 风暴之书：驾驭暴风骤浪
魔法防具,5 环境和社会\Storm风暴之书\5船只装备\魔法盔甲.html,5,环境与社会：人文和自然地理 / [Storm] 风暴之书：驾驭暴风骤浪 / 6. 法术与魔法物品 / 新魔法物品,环境与社会：人文和自然地理,[Storm] 风暴之书：驾驭暴风骤浪
魔法武器,5 环境和社会\Storm风暴之书\5船只装备\魔法武器.html,5,环境与社会：人文和自然地理 / [Storm] 风暴之书：驾驭暴风骤浪 / 6. 法术与魔法物品 / 新魔法物品,环境与社会：人文和自然地理,[Storm] 风暴之书：驾驭暴风骤浪
戒指,5 环境和社会\Storm风暴之书\5船只装备\魔法戒指.html,5,环境与社会：人文和自然地理 / [Storm] 风暴之书：驾驭暴风骤浪 / 6. 法术与魔法物品 / 新魔法物品,环境与社会：人文和自然地理,[Storm] 风暴之书：驾驭暴风骤浪
权杖和法杖,5 环境和社会\Storm风暴之书\5船只装备\权杖和法杖.html,5,环境与社会：人文和自然地理 / [Storm] 风暴之书：驾驭暴风骤浪 / 6. 法术与魔法物品 / 新魔法物品,环境与社会：人文和自然地理,[Storm] 风暴之书：驾驭暴风骤浪
奇物,5 环境和社会\Storm风暴之书\5船只装备\奇物.html,5,环境与社会：人文和自然地理 / [Storm] 风暴之书：驾驭暴风骤浪 / 6. 法术与魔法物品 / 新魔法物品,环境与社会：人文和自然地理,[Storm] 风暴之书：驾驭暴风骤浪
7. 怪物,,3,环境与社会：人文和自然地理 / [Storm] 风暴之书：驾驭暴风骤浪,环境与社会：人文和自然地理,[Storm] 风暴之书：驾驭暴风骤浪
模板,,4,环境与社会：人文和自然地理 / [Storm] 风暴之书：驾驭暴风骤浪 / 7. 怪物,环境与社会：人文和自然地理,[Storm] 风暴之书：驾驭暴风骤浪
两栖生物,5 环境和社会\Storm风暴之书\7怪物\两栖生物.htm,5,环境与社会：人文和自然地理 / [Storm] 风暴之书：驾驭暴风骤浪 / 7. 怪物 / 模板,环境与社会：人文和自然地理,[Storm] 风暴之书：驾驭暴风骤浪
集群,5 环境和社会\Storm风暴之书\7怪物\集群.htm,4,环境与社会：人文和自然地理 / [Storm] 风暴之书：驾驭暴风骤浪 / 7. 怪物,环境与社会：人文和自然地理,[Storm] 风暴之书：驾驭暴风骤浪
动物,5 环境和社会\Storm风暴之书\7怪物\动物.htm,4,环境与社会：人文和自然地理 / [Storm] 风暴之书：驾驭暴风骤浪 / 7. 怪物,环境与社会：人文和自然地理,[Storm] 风暴之书：驾驭暴风骤浪
恐龙,5 环境和社会\Storm风暴之书\7怪物\恐龙.htm,4,环境与社会：人文和自然地理 / [Storm] 风暴之书：驾驭暴风骤浪 / 7. 怪物,环境与社会：人文和自然地理,[Storm] 风暴之书：驾驭暴风骤浪
变种蟹,5 环境和社会\Storm风暴之书\7怪物\变种蟹.htm,4,环境与社会：人文和自然地理 / [Storm] 风暴之书：驾驭暴风骤浪 / 7. 怪物,环境与社会：人文和自然地理,[Storm] 风暴之书：驾驭暴风骤浪
凶暴动物,5 环境和社会\Storm风暴之书\7怪物\凶暴动物.htm,4,环境与社会：人文和自然地理 / [Storm] 风暴之书：驾驭暴风骤浪 / 7. 怪物,环境与社会：人文和自然地理,[Storm] 风暴之书：驾驭暴风骤浪
巨型水蛭,5 环境和社会\Storm风暴之书\7怪物\巨型水蛭.htm,4,环境与社会：人文和自然地理 / [Storm] 风暴之书：驾驭暴风骤浪 / 7. 怪物,环境与社会：人文和自然地理,[Storm] 风暴之书：驾驭暴风骤浪
鳗线怪,5 环境和社会\Storm风暴之书\7怪物\鳗线怪.htm,4,环境与社会：人文和自然地理 / [Storm] 风暴之书：驾驭暴风骤浪 / 7. 怪物,环境与社会：人文和自然地理,[Storm] 风暴之书：驾驭暴风骤浪
海马,5 环境和社会\Storm风暴之书\7怪物\海马.htm,4,环境与社会：人文和自然地理 / [Storm] 风暴之书：驾驭暴风骤浪 / 7. 怪物,环境与社会：人文和自然地理,[Storm] 风暴之书：驾驭暴风骤浪
海狼,5 环境和社会\Storm风暴之书\7怪物\海狼.htm,4,环境与社会：人文和自然地理 / [Storm] 风暴之书：驾驭暴风骤浪 / 7. 怪物,环境与社会：人文和自然地理,[Storm] 风暴之书：驾驭暴风骤浪
锤爪,5 环境和社会\Storm风暴之书\7怪物\锤爪.htm,4,环境与社会：人文和自然地理 / [Storm] 风暴之书：驾驭暴风骤浪 / 7. 怪物,环境与社会：人文和自然地理,[Storm] 风暴之书：驾驭暴风骤浪
海中仙女,5 环境和社会\Storm风暴之书\7怪物\海中仙女.htm,4,环境与社会：人文和自然地理 / [Storm] 风暴之书：驾驭暴风骤浪 / 7. 怪物,环境与社会：人文和自然地理,[Storm] 风暴之书：驾驭暴风骤浪
黑鳐,5 环境和社会\Storm风暴之书\7怪物\黑鳐.htm,4,环境与社会：人文和自然地理 / [Storm] 风暴之书：驾驭暴风骤浪 / 7. 怪物,环境与社会：人文和自然地理,[Storm] 风暴之书：驾驭暴风骤浪
黏液甲伏怪,5 环境和社会\Storm风暴之书\7怪物\黏液甲伏怪.htm,4,环境与社会：人文和自然地理 / [Storm] 风暴之书：驾驭暴风骤浪 / 7. 怪物,环境与社会：人文和自然地理,[Storm] 风暴之书：驾驭暴风骤浪
公牛鱼,5 环境和社会\Storm风暴之书\7怪物\公牛鱼.htm,4,环境与社会：人文和自然地理 / [Storm] 风暴之书：驾驭暴风骤浪 / 7. 怪物,环境与社会：人文和自然地理,[Storm] 风暴之书：驾驭暴风骤浪
西斯塔,5 环境和社会\Storm风暴之书\7怪物\西斯塔.htm,4,环境与社会：人文和自然地理 / [Storm] 风暴之书：驾驭暴风骤浪 / 7. 怪物,环境与社会：人文和自然地理,[Storm] 风暴之书：驾驭暴风骤浪
珊瑚魔像,5 环境和社会\Storm风暴之书\7怪物\珊瑚魔像.htm,4,环境与社会：人文和自然地理 / [Storm] 风暴之书：驾驭暴风骤浪 / 7. 怪物,环境与社会：人文和自然地理,[Storm] 风暴之书：驾驭暴风骤浪
海胆罗斯魔,5 环境和社会\Storm风暴之书\7怪物\海胆罗斯魔.htm,4,环境与社会：人文和自然地理 / [Storm] 风暴之书：驾驭暴风骤浪 / 7. 怪物,环境与社会：人文和自然地理,[Storm] 风暴之书：驾驭暴风骤浪
深渊唤者,5 环境和社会\Storm风暴之书\7怪物\深渊唤者.htm,4,环境与社会：人文和自然地理 / [Storm] 风暴之书：驾驭暴风骤浪 / 7. 怪物,环境与社会：人文和自然地理,[Storm] 风暴之书：驾驭暴风骤浪
斯库拉怪,5 环境和社会\Storm风暴之书\7怪物\斯库拉怪.htm,4,环境与社会：人文和自然地理 / [Storm] 风暴之书：驾驭暴风骤浪 / 7. 怪物,环境与社会：人文和自然地理,[Storm] 风暴之书：驾驭暴风骤浪
适应水生生活的虫类和动物,5 环境和社会\Storm风暴之书\7怪物\适应水生生活的虫类和动物.htm,4,环境与社会：人文和自然地理 / [Storm] 风暴之书：驾驭暴风骤浪 / 7. 怪物,环境与社会：人文和自然地理,[Storm] 风暴之书：驾驭暴风骤浪
新生物和召唤法术,5 环境和社会\Storm风暴之书\7怪物\新生物和召唤法术.htm,4,环境与社会：人文和自然地理 / [Storm] 风暴之书：驾驭暴风骤浪 / 7. 怪物,环境与社会：人文和自然地理,[Storm] 风暴之书：驾驭暴风骤浪
[Citys] 城市风光：城市冒险要典,5 环境和社会\City城市风貌\0插图\城市风光（City）.htm,2,环境与社会：人文和自然地理,环境与社会：人文和自然地理,[Citys] 城市风光：城市冒险要典
1. 城市的范围,5 环境和社会\City城市风貌\1\第一章 城市的范围.htm,3,环境与社会：人文和自然地理 / [Citys] 城市风光：城市冒险要典,环境与社会：人文和自然地理,[Citys] 城市风光：城市冒险要典
不同类型的城市,5 环境和社会\City城市风貌\1\不同类型的城市.htm,4,环境与社会：人文和自然地理 / [Citys] 城市风光：城市冒险要典 / 1. 城市的范围,环境与社会：人文和自然地理,[Citys] 城市风光：城市冒险要典
不同文化的城市,5 环境和社会\City城市风貌\1\不同文化的城市.htm,4,环境与社会：人文和自然地理 / [Citys] 城市风光：城市冒险要典 / 1. 城市的范围,环境与社会：人文和自然地理,[Citys] 城市风光：城市冒险要典
不同位置的城市,5 环境和社会\City城市风貌\1\不同位置的城市.htm,4,环境与社会：人文和自然地理 / [Citys] 城市风光：城市冒险要典 / 1. 城市的范围,环境与社会：人文和自然地理,[Citys] 城市风光：城市冒险要典
城市的特征与危险,5 环境和社会\City城市风貌\1\城市的特征与危险.htm,4,环境与社会：人文和自然地理 / [Citys] 城市风光：城市冒险要典 / 1. 城市的范围,环境与社会：人文和自然地理,[Citys] 城市风光：城市冒险要典
不同的城区,5 环境和社会\City城市风貌\1\不同的城区.htm,4,环境与社会：人文和自然地理 / [Citys] 城市风光：城市冒险要典 / 1. 城市的范围,环境与社会：人文和自然地理,[Citys] 城市风光：城市冒险要典
2. 城市冒险者,5 环境和社会\City城市风貌\2\第二章 城市冒险者.htm,3,环境与社会：人文和自然地理 / [Citys] 城市风光：城市冒险要典,环境与社会：人文和自然地理,[Citys] 城市风光：城市冒险要典
做什么，去哪里,5 环境和社会\City城市风貌\2\做什么，去哪里.htm,4,环境与社会：人文和自然地理 / [Citys] 城市风光：城市冒险要典 / 2. 城市冒险者,环境与社会：人文和自然地理,[Citys] 城市风光：城市冒险要典
城市种族,5 环境和社会\City城市风貌\2\城市中的种族.htm,4,环境与社会：人文和自然地理 / [Citys] 城市风光：城市冒险要典 / 2. 城市冒险者,环境与社会：人文和自然地理,[Citys] 城市风光：城市冒险要典
附录: 职业替代能力,5 环境和社会\City城市风貌\2\职业替代能力.htm,4,环境与社会：人文和自然地理 / [Citys] 城市风光：城市冒险要典 / 2. 城市冒险者,环境与社会：人文和自然地理,[Citys] 城市风光：城市冒险要典
人脉,5 环境和社会\City城市风貌\2\人脉.htm,4,环境与社会：人文和自然地理 / [Citys] 城市风光：城市冒险要典 / 2. 城市冒险者,环境与社会：人文和自然地理,[Citys] 城市风光：城市冒险要典
社会阶级,5 环境和社会\City城市风貌\2\社会阶级.htm,4,环境与社会：人文和自然地理 / [Citys] 城市风光：城市冒险要典 / 2. 城市冒险者,环境与社会：人文和自然地理,[Citys] 城市风光：城市冒险要典
城市专长,5 环境和社会\City城市风貌\2\专长.htm,4,环境与社会：人文和自然地理 / [Citys] 城市风光：城市冒险要典 / 2. 城市冒险者,环境与社会：人文和自然地理,[Citys] 城市风光：城市冒险要典
新法术,5 环境和社会\City城市风貌\2\法术.htm,4,环境与社会：人文和自然地理 / [Citys] 城市风光：城市冒险要典 / 2. 城市冒险者,环境与社会：人文和自然地理,[Citys] 城市风光：城市冒险要典
新邪术,5 环境和社会\City城市风貌\2\邪术.htm,4,环境与社会：人文和自然地理 / [Citys] 城市风光：城市冒险要典 / 2. 城市冒险者,环境与社会：人文和自然地理,[Citys] 城市风光：城市冒险要典
3. 政治与权力,5 环境和社会\City城市风貌\3\第三章 政治与权力.htm,3,环境与社会：人文和自然地理 / [Citys] 城市风光：城市冒险要典,环境与社会：人文和自然地理,[Citys] 城市风光：城市冒险要典
城市政府,5 环境和社会\City城市风貌\3\政府.htm,4,环境与社会：人文和自然地理 / [Citys] 城市风光：城市冒险要典 / 3. 政治与权力,环境与社会：人文和自然地理,[Citys] 城市风光：城市冒险要典
家族,5 环境和社会\City城市风貌\3\家族.htm,4,环境与社会：人文和自然地理 / [Citys] 城市风光：城市冒险要典 / 3. 政治与权力,环境与社会：人文和自然地理,[Citys] 城市风光：城市冒险要典
进阶: 埃本墨渗透者,5 环境和社会\City城市风貌\3\进阶：埃本墨渗透者.htm,5,环境与社会：人文和自然地理 / [Citys] 城市风光：城市冒险要典 / 3. 政治与权力 / 家族,环境与社会：人文和自然地理,[Citys] 城市风光：城市冒险要典
公会,5 环境和社会\City城市风貌\3\公会.htm,4,环境与社会：人文和自然地理 / [Citys] 城市风光：城市冒险要典 / 3. 政治与权力,环境与社会：人文和自然地理,[Citys] 城市风光：城市冒险要典
进阶：血鞭,5 环境和社会\City城市风貌\3\进阶：血鞭.htm,5,环境与社会：人文和自然地理 / [Citys] 城市风光：城市冒险要典 / 3. 政治与权力 / 公会,环境与社会：人文和自然地理,[Citys] 城市风光：城市冒险要典
组织,5 环境和社会\City城市风貌\3\组织.htm,4,环境与社会：人文和自然地理 / [Citys] 城市风光：城市冒险要典 / 3. 政治与权力,环境与社会：人文和自然地理,[Citys] 城市风光：城市冒险要典
进阶：都市学者,5 环境和社会\City城市风貌\3\进阶：都市学者.htm,5,环境与社会：人文和自然地理 / [Citys] 城市风光：城市冒险要典 / 3. 政治与权力 / 组织,环境与社会：人文和自然地理,[Citys] 城市风光：城市冒险要典
教会,5 环境和社会\City城市风貌\3\教会.htm,4,环境与社会：人文和自然地理 / [Citys] 城市风光：城市冒险要典 / 3. 政治与权力,环境与社会：人文和自然地理,[Citys] 城市风光：城市冒险要典
4. 事件和遭遇,5 环境和社会\City城市风貌\4\第四章_事件和遭遇.htm,3,环境与社会：人文和自然地理 / [Citys] 城市风光：城市冒险要典,环境与社会：人文和自然地理,[Citys] 城市风光：城市冒险要典
[暂缺]城市事件,,4,环境与社会：人文和自然地理 / [Citys] 城市风光：城市冒险要典 / 4. 事件和遭遇,环境与社会：人文和自然地理,[Citys] 城市风光：城市冒险要典
[暂缺]NPC遭遇,,4,环境与社会：人文和自然地理 / [Citys] 城市风光：城市冒险要典 / 4. 事件和遭遇,环境与社会：人文和自然地理,[Citys] 城市风光：城市冒险要典
新怪物,,4,环境与社会：人文和自然地理 / [Citys] 城市风光：城市冒险要典 / 4. 事件和遭遇,环境与社会：人文和自然地理,[Citys] 城市风光：城市冒险要典
攻城魔像,5 环境和社会\City城市风貌\4\攻城魔像.htm,5,环境与社会：人文和自然地理 / [Citys] 城市风光：城市冒险要典 / 4. 事件和遭遇 / 新怪物,环境与社会：人文和自然地理,[Citys] 城市风光：城市冒险要典
污水泥怪,5 环境和社会\City城市风貌\4\污水泥怪.htm,5,环境与社会：人文和自然地理 / [Citys] 城市风光：城市冒险要典 / 4. 事件和遭遇 / 新怪物,环境与社会：人文和自然地理,[Citys] 城市风光：城市冒险要典
撕裂者,5 环境和社会\City城市风貌\4\撕裂者.htm,5,环境与社会：人文和自然地理 / [Citys] 城市风光：城市冒险要典 / 4. 事件和遭遇 / 新怪物,环境与社会：人文和自然地理,[Citys] 城市风光：城市冒险要典
墓穴窃贼,5 环境和社会\City城市风貌\4\墓穴窃贼.htm,5,环境与社会：人文和自然地理 / [Citys] 城市风光：城市冒险要典 / 4. 事件和遭遇 / 新怪物,环境与社会：人文和自然地理,[Citys] 城市风光：城市冒险要典
害虫集群,5 环境和社会\City城市风貌\4\害虫集群.htm,5,环境与社会：人文和自然地理 / [Citys] 城市风光：城市冒险要典 / 4. 事件和遭遇 / 新怪物,环境与社会：人文和自然地理,[Citys] 城市风光：城市冒险要典
时代之灵,5 环境和社会\City城市风貌\4\时代之灵.htm,5,环境与社会：人文和自然地理 / [Citys] 城市风光：城市冒险要典 / 4. 事件和遭遇 / 新怪物,环境与社会：人文和自然地理,[Citys] 城市风光：城市冒险要典
5. 运行城市,5 环境和社会\City城市风貌\5\第五章_运行城市.htm,3,环境与社会：人文和自然地理 / [Citys] 城市风光：城市冒险要典,环境与社会：人文和自然地理,[Citys] 城市风光：城市冒险要典
为何是城市,5 环境和社会\City城市风貌\5\为何是城市.htm,4,环境与社会：人文和自然地理 / [Citys] 城市风光：城市冒险要典 / 5. 运行城市,环境与社会：人文和自然地理,[Citys] 城市风光：城市冒险要典
城市历史,5 环境和社会\City城市风貌\5\城市历史.htm,4,环境与社会：人文和自然地理 / [Citys] 城市风光：城市冒险要典 / 5. 运行城市,环境与社会：人文和自然地理,[Citys] 城市风光：城市冒险要典
都市化密集生活,5 环境和社会\City城市风貌\5\都市化密集生活.htm,4,环境与社会：人文和自然地理 / [Citys] 城市风光：城市冒险要典 / 5. 运行城市,环境与社会：人文和自然地理,[Citys] 城市风光：城市冒险要典
超越地城,5 环境和社会\City城市风貌\5\超越地城.htm,4,环境与社会：人文和自然地理 / [Citys] 城市风光：城市冒险要典 / 5. 运行城市,环境与社会：人文和自然地理,[Citys] 城市风光：城市冒险要典
[暂缺]城市法律,,4,环境与社会：人文和自然地理 / [Citys] 城市风光：城市冒险要典 / 5. 运行城市,环境与社会：人文和自然地理,[Citys] 城市风光：城市冒险要典
[Dungeons] 地城风光：地城冒险要典,5 环境和社会\Dungeon地城风光\0插图\地城风光（Dungeon）.htm,2,环境与社会：人文和自然地理,环境与社会：人文和自然地理,[Dungeons] 地城风光：地城冒险要典
1. 与地城为敌,,3,环境与社会：人文和自然地理 / [Dungeons] 地城风光：地城冒险要典,环境与社会：人文和自然地理,[Dungeons] 地城风光：地城冒险要典
地城挑战,5 环境和社会\Dungeon地城风光\地城挑战.htm,4,环境与社会：人文和自然地理 / [Dungeons] 地城风光：地城冒险要典 / 1. 与地城为敌,环境与社会：人文和自然地理,[Dungeons] 地城风光：地城冒险要典
基础职业变体,5 环境和社会\Dungeon地城风光\基础职业变体.htm,4,环境与社会：人文和自然地理 / [Dungeons] 地城风光：地城冒险要典 / 1. 与地城为敌,环境与社会：人文和自然地理,[Dungeons] 地城风光：地城冒险要典
新职业: 杂学士,5 环境和社会\Dungeon地城风光\杂学士.htm,4,环境与社会：人文和自然地理 / [Dungeons] 地城风光：地城冒险要典 / 1. 与地城为敌,环境与社会：人文和自然地理,[Dungeons] 地城风光：地城冒险要典
地城地貌,5 环境和社会\Dungeon地城风光\地城地貌.htm,4,环境与社会：人文和自然地理 / [Dungeons] 地城风光：地城冒险要典 / 1. 与地城为敌,环境与社会：人文和自然地理,[Dungeons] 地城风光：地城冒险要典
2. 可购买道具,,3,环境与社会：人文和自然地理 / [Dungeons] 地城风光：地城冒险要典,环境与社会：人文和自然地理,[Dungeons] 地城风光：地城冒险要典
装备,5 环境和社会\Dungeon地城风光\新物品.htm,4,环境与社会：人文和自然地理 / [Dungeons] 地城风光：地城冒险要典 / 2. 可购买道具,环境与社会：人文和自然地理,[Dungeons] 地城风光：地城冒险要典
炼金产物,5 环境和社会\Dungeon地城风光\炼金产物.htm,5,环境与社会：人文和自然地理 / [Dungeons] 地城风光：地城冒险要典 / 2. 可购买道具 / 装备,环境与社会：人文和自然地理,[Dungeons] 地城风光：地城冒险要典
冒险工具,5 环境和社会\Dungeon地城风光\冒险工具.htm,4,环境与社会：人文和自然地理 / [Dungeons] 地城风光：地城冒险要典 / 2. 可购买道具,环境与社会：人文和自然地理,[Dungeons] 地城风光：地城冒险要典
3. 角色选项,,3,环境与社会：人文和自然地理 / [Dungeons] 地城风光：地城冒险要典,环境与社会：人文和自然地理,[Dungeons] 地城风光：地城冒险要典
新专长,5 环境和社会\Dungeon地城风光\专长.htm,4,环境与社会：人文和自然地理 / [Dungeons] 地城风光：地城冒险要典 / 3. 角色选项,环境与社会：人文和自然地理,[Dungeons] 地城风光：地城冒险要典
[暂缺]团队协作,,4,环境与社会：人文和自然地理 / [Dungeons] 地城风光：地城冒险要典 / 3. 角色选项,环境与社会：人文和自然地理,[Dungeons] 地城风光：地城冒险要典
进阶职业,,4,环境与社会：人文和自然地理 / [Dungeons] 地城风光：地城冒险要典 / 3. 角色选项,环境与社会：人文和自然地理,[Dungeons] 地城风光：地城冒险要典
构陷师,5 环境和社会\Dungeon地城风光\构陷师.htm,5,环境与社会：人文和自然地理 / [Dungeons] 地城风光：地城冒险要典 / 3. 角色选项 / 进阶职业,环境与社会：人文和自然地理,[Dungeons] 地城风光：地城冒险要典
兽心大师,5 环境和社会\Dungeon地城风光\兽心大师.htm,5,环境与社会：人文和自然地理 / [Dungeons] 地城风光：地城冒险要典 / 3. 角色选项 / 进阶职业,环境与社会：人文和自然地理,[Dungeons] 地城风光：地城冒险要典
地城领主,5 环境和社会\Dungeon地城风光\地城领主.htm,5,环境与社会：人文和自然地理 / [Dungeons] 地城风光：地城冒险要典 / 3. 角色选项 / 进阶职业,环境与社会：人文和自然地理,[Dungeons] 地城风光：地城冒险要典
[暂缺]地城探险公会,,4,环境与社会：人文和自然地理 / [Dungeons] 地城风光：地城冒险要典 / 3. 角色选项,环境与社会：人文和自然地理,[Dungeons] 地城风光：地城冒险要典
6. 陷阱,5 环境和社会\Dungeon地城风光\陷阱.htm,3,环境与社会：人文和自然地理 / [Dungeons] 地城风光：地城冒险要典,环境与社会：人文和自然地理,[Dungeons] 地城风光：地城冒险要典
物种概论：万族大全,,1,,物种概论：万族大全,
[RoS] 石之族裔,6 种族书\RoS石之族裔\0插图\石之族裔（RoS）.htm,2,物种概论：万族大全,物种概论：万族大全,[RoS] 石之族裔
1. 矮人,,3,物种概论：万族大全 / [RoS] 石之族裔,物种概论：万族大全,[RoS] 石之族裔
描述,6 种族书\RoS石之族裔\1矮人\描述.htm,4,物种概论：万族大全 / [RoS] 石之族裔 / 1. 矮人,物种概论：万族大全,[RoS] 石之族裔
心理,6 种族书\RoS石之族裔\1矮人\心理.htm,4,物种概论：万族大全 / [RoS] 石之族裔 / 1. 矮人,物种概论：万族大全,[RoS] 石之族裔
矮人的生活,6 种族书\RoS石之族裔\1矮人\新建主题.htm,4,物种概论：万族大全 / [RoS] 石之族裔 / 1. 矮人,物种概论：万族大全,[RoS] 石之族裔
社会与文化,6 种族书\RoS石之族裔\1矮人\社会与文化.htm,4,物种概论：万族大全 / [RoS] 石之族裔 / 1. 矮人,物种概论：万族大全,[RoS] 石之族裔
种族立场,6 种族书\RoS石之族裔\1矮人\种族立场.htm,4,物种概论：万族大全 / [RoS] 石之族裔 / 1. 矮人,物种概论：万族大全,[RoS] 石之族裔
宗教,6 种族书\RoS石之族裔\1矮人\宗教.htm,4,物种概论：万族大全 / [RoS] 石之族裔 / 1. 矮人,物种概论：万族大全,[RoS] 石之族裔
历史与风俗,6 种族书\RoS石之族裔\1矮人\历史风俗.htm,4,物种概论：万族大全 / [RoS] 石之族裔 / 1. 矮人,物种概论：万族大全,[RoS] 石之族裔
语言,6 种族书\RoS石之族裔\1矮人\语言.htm,4,物种概论：万族大全 / [RoS] 石之族裔 / 1. 矮人,物种概论：万族大全,[RoS] 石之族裔
城市和定居点,6 种族书\RoS石之族裔\1矮人\城市和定居点.htm,4,物种概论：万族大全 / [RoS] 石之族裔 / 1. 矮人,物种概论：万族大全,[RoS] 石之族裔
创造矮人角色,6 种族书\RoS石之族裔\1矮人\创造矮人角色.htm,4,物种概论：万族大全 / [RoS] 石之族裔 / 1. 矮人,物种概论：万族大全,[RoS] 石之族裔
2. 侏儒,6 种族书\RoS石之族裔\2侏儒\侏儒.htm,3,物种概论：万族大全 / [RoS] 石之族裔,物种概论：万族大全,[RoS] 石之族裔
描述,6 种族书\RoS石之族裔\2侏儒\描述.htm,4,物种概论：万族大全 / [RoS] 石之族裔 / 2. 侏儒,物种概论：万族大全,[RoS] 石之族裔
心理,6 种族书\RoS石之族裔\2侏儒\心理.htm,4,物种概论：万族大全 / [RoS] 石之族裔 / 2. 侏儒,物种概论：万族大全,[RoS] 石之族裔
侏儒的生活,6 种族书\RoS石之族裔\2侏儒\生活.htm,4,物种概论：万族大全 / [RoS] 石之族裔 / 2. 侏儒,物种概论：万族大全,[RoS] 石之族裔
社会和文化,6 种族书\RoS石之族裔\2侏儒\社会和文化.htm,4,物种概论：万族大全 / [RoS] 石之族裔 / 2. 侏儒,物种概论：万族大全,[RoS] 石之族裔
种族立场,6 种族书\RoS石之族裔\2侏儒\种族立场.htm,4,物种概论：万族大全 / [RoS] 石之族裔 / 2. 侏儒,物种概论：万族大全,[RoS] 石之族裔
宗教,6 种族书\RoS石之族裔\2侏儒\信仰.htm,4,物种概论：万族大全 / [RoS] 石之族裔 / 2. 侏儒,物种概论：万族大全,[RoS] 石之族裔
3. 歌利亚,6 种族书\RoS石之族裔\3歌利亚\歌利亚.htm,3,物种概论：万族大全 / [RoS] 石之族裔,物种概论：万族大全,[RoS] 石之族裔
概述与种族特性,6 种族书\RoS石之族裔\4其他种族\歌利亚.htm,4,物种概论：万族大全 / [RoS] 石之族裔 / 3. 歌利亚,物种概论：万族大全,[RoS] 石之族裔
心理,6 种族书\RoS石之族裔\3歌利亚\心理.htm,4,物种概论：万族大全 / [RoS] 石之族裔 / 3. 歌利亚,物种概论：万族大全,[RoS] 石之族裔
歌利亚的生活,6 种族书\RoS石之族裔\3歌利亚\生活.htm,4,物种概论：万族大全 / [RoS] 石之族裔 / 3. 歌利亚,物种概论：万族大全,[RoS] 石之族裔
社会与文化,6 种族书\RoS石之族裔\3歌利亚\社会文化.htm,4,物种概论：万族大全 / [RoS] 石之族裔 / 3. 歌利亚,物种概论：万族大全,[RoS] 石之族裔
宗教,6 种族书\RoS石之族裔\3歌利亚\宗教.htm,4,物种概论：万族大全 / [RoS] 石之族裔 / 3. 歌利亚,物种概论：万族大全,[RoS] 石之族裔
历史与传说,6 种族书\RoS石之族裔\3歌利亚\历史.htm,4,物种概论：万族大全 / [RoS] 石之族裔 / 3. 歌利亚,物种概论：万族大全,[RoS] 石之族裔
语言,6 种族书\RoS石之族裔\3歌利亚\语言.htm,4,物种概论：万族大全 / [RoS] 石之族裔 / 3. 歌利亚,物种概论：万族大全,[RoS] 石之族裔
示范部落: 卡萨,6 种族书\RoS石之族裔\3歌利亚\示范部落.htm,4,物种概论：万族大全 / [RoS] 石之族裔 / 3. 歌利亚,物种概论：万族大全,[RoS] 石之族裔
城市: 斯拉鲁,6 种族书\RoS石之族裔\3歌利亚\城市.htm,4,物种概论：万族大全 / [RoS] 石之族裔 / 3. 歌利亚,物种概论：万族大全,[RoS] 石之族裔
创造歌利亚角色,6 种族书\RoS石之族裔\3歌利亚\创造歌利亚角色.htm,4,物种概论：万族大全 / [RoS] 石之族裔 / 3. 歌利亚,物种概论：万族大全,[RoS] 石之族裔
4. 其他石之族裔,6 种族书\RoS石之族裔\4其他种族\种族.htm,3,物种概论：万族大全 / [RoS] 石之族裔,物种概论：万族大全,[RoS] 石之族裔
石之子,6 种族书\RoS石之族裔\4其他种族\石之子.htm,4,物种概论：万族大全 / [RoS] 石之族裔 / 4. 其他石之族裔,物种概论：万族大全,[RoS] 石之族裔
梦矮人,6 种族书\RoS石之族裔\4其他种族\梦矮人.htm,4,物种概论：万族大全 / [RoS] 石之族裔 / 4. 其他石之族裔,物种概论：万族大全,[RoS] 石之族裔
密语侏儒,6 种族书\RoS石之族裔\4其他种族\密语侏儒.htm,4,物种概论：万族大全 / [RoS] 石之族裔 / 4. 其他石之族裔,物种概论：万族大全,[RoS] 石之族裔
混沌侏儒,6 种族书\RoS石之族裔\4其他种族\混沌侏儒.htm,4,物种概论：万族大全 / [RoS] 石之族裔 / 4. 其他石之族裔,物种概论：万族大全,[RoS] 石之族裔
加尔贡野人,6 种族书\RoS石之族裔\4其他种族\加尔贡野人.htm,4,物种概论：万族大全 / [RoS] 石之族裔 / 4. 其他石之族裔,物种概论：万族大全,[RoS] 石之族裔
5. 进阶职业,,3,物种概论：万族大全 / [RoS] 石之族裔,物种概论：万族大全,[RoS] 石之族裔
钢魂,6 种族书\RoS石之族裔\5进阶\钢魂.htm,4,物种概论：万族大全 / [RoS] 石之族裔 / 5. 进阶职业,物种概论：万族大全,[RoS] 石之族裔
地灵师,6 种族书\RoS石之族裔\5进阶\地灵师.htm,4,物种概论：万族大全 / [RoS] 石之族裔 / 5. 进阶职业,物种概论：万族大全,[RoS] 石之族裔
石选者,6 种族书\RoS石之族裔\5进阶\石选者.htm,4,物种概论：万族大全 / [RoS] 石之族裔 / 5. 进阶职业,物种概论：万族大全,[RoS] 石之族裔
地底守卫,6 种族书\RoS石之族裔\5进阶\地底守卫.htm,4,物种概论：万族大全 / [RoS] 石之族裔 / 5. 进阶职业,物种概论：万族大全,[RoS] 石之族裔
符纹法师,6 种族书\RoS石之族裔\5进阶\符纹法师.htm,4,物种概论：万族大全 / [RoS] 石之族裔 / 5. 进阶职业,物种概论：万族大全,[RoS] 石之族裔
剑锋舞者,6 种族书\RoS石之族裔\5进阶\剑锋舞者.htm,4,物种概论：万族大全 / [RoS] 石之族裔 / 5. 进阶职业,物种概论：万族大全,[RoS] 石之族裔
黎明咏者,6 种族书\RoS石之族裔\5进阶\黎明咏者.htm,4,物种概论：万族大全 / [RoS] 石之族裔 / 5. 进阶职业,物种概论：万族大全,[RoS] 石之族裔
神殿小丑,6 种族书\RoS石之族裔\5进阶\神殿小丑.htm,4,物种概论：万族大全 / [RoS] 石之族裔 / 5. 进阶职业,物种概论：万族大全,[RoS] 石之族裔
石亡刺客,6 种族书\RoS石之族裔\5进阶\石亡刺客.htm,4,物种概论：万族大全 / [RoS] 石之族裔 / 5. 进阶职业,物种概论：万族大全,[RoS] 石之族裔
石言守卫,6 种族书\RoS石之族裔\5进阶\石言守卫.htm,4,物种概论：万族大全 / [RoS] 石之族裔 / 5. 进阶职业,物种概论：万族大全,[RoS] 石之族裔
隼之跑者,6 种族书\RoS石之族裔\5进阶\隼之跑者.htm,4,物种概论：万族大全 / [RoS] 石之族裔 / 5. 进阶职业,物种概论：万族大全,[RoS] 石之族裔
崖顶射手,6 种族书\RoS石之族裔\5进阶\崖顶射手.htm,4,物种概论：万族大全 / [RoS] 石之族裔 / 5. 进阶职业,物种概论：万族大全,[RoS] 石之族裔
影艺法师,6 种族书\RoS石之族裔\5进阶\影艺法师.htm,4,物种概论：万族大全 / [RoS] 石之族裔 / 5. 进阶职业,物种概论：万族大全,[RoS] 石之族裔
战争铁匠,6 种族书\RoS石之族裔\5进阶\战争铁匠.htm,4,物种概论：万族大全 / [RoS] 石之族裔 / 5. 进阶职业,物种概论：万族大全,[RoS] 石之族裔
歌利亚解放者,6 种族书\RoS石之族裔\5进阶\歌利亚解放者.htm,4,物种概论：万族大全 / [RoS] 石之族裔 / 5. 进阶职业,物种概论：万族大全,[RoS] 石之族裔
6. 角色选项,,3,物种概论：万族大全 / [RoS] 石之族裔,物种概论：万族大全,[RoS] 石之族裔
技能,6 种族书\RoS石之族裔\6技能专长\技能用法.htm,4,物种概论：万族大全 / [RoS] 石之族裔 / 6. 角色选项,物种概论：万族大全,[RoS] 石之族裔
专长,6 种族书\RoS石之族裔\6技能专长\专长1.htm,4,物种概论：万族大全 / [RoS] 石之族裔 / 6. 角色选项,物种概论：万族大全,[RoS] 石之族裔
一般专长,6 种族书\RoS石之族裔\6技能专长\专长.htm,5,物种概论：万族大全 / [RoS] 石之族裔 / 6. 角色选项 / 专长,物种概论：万族大全,[RoS] 石之族裔
种族专长,6 种族书\RoS石之族裔\6技能专长\种族专长.htm,5,物种概论：万族大全 / [RoS] 石之族裔 / 6. 角色选项 / 专长,物种概论：万族大全,[RoS] 石之族裔
吟唱专长,6 种族书\RoS石之族裔\6技能专长\吟唱专长.htm,5,物种概论：万族大全 / [RoS] 石之族裔 / 6. 角色选项 / 专长,物种概论：万族大全,[RoS] 石之族裔
神圣专长,6 种族书\RoS石之族裔\6技能专长\神圣专长.htm,5,物种概论：万族大全 / [RoS] 石之族裔 / 6. 角色选项 / 专长,物种概论：万族大全,[RoS] 石之族裔
武器专长,6 种族书\RoS石之族裔\6技能专长\武器专长.htm,5,物种概论：万族大全 / [RoS] 石之族裔 / 6. 角色选项 / 专长,物种概论：万族大全,[RoS] 石之族裔
荒野专长,6 种族书\RoS石之族裔\6技能专长\荒野专长.htm,5,物种概论：万族大全 / [RoS] 石之族裔 / 6. 角色选项 / 专长,物种概论：万族大全,[RoS] 石之族裔
灵能专长,6 种族书\RoS石之族裔\6技能专长\灵能专长.htm,5,物种概论：万族大全 / [RoS] 石之族裔 / 6. 角色选项 / 专长,物种概论：万族大全,[RoS] 石之族裔
种族变体等级,6 种族书\RoS石之族裔\5进阶\职业变体.htm,4,物种概论：万族大全 / [RoS] 石之族裔 / 6. 角色选项,物种概论：万族大全,[RoS] 石之族裔
7. 装备与魔法,,3,物种概论：万族大全 / [RoS] 石之族裔,物种概论：万族大全,[RoS] 石之族裔
装备,,4,物种概论：万族大全 / [RoS] 石之族裔 / 7. 装备与魔法,物种概论：万族大全,[RoS] 石之族裔
武器,6 种族书\RoS石之族裔\8装备\武器.htm,5,物种概论：万族大全 / [RoS] 石之族裔 / 7. 装备与魔法 / 装备,物种概论：万族大全,[RoS] 石之族裔
防具,6 种族书\RoS石之族裔\8装备\防具.htm,5,物种概论：万族大全 / [RoS] 石之族裔 / 7. 装备与魔法 / 装备,物种概论：万族大全,[RoS] 石之族裔
杂物,6 种族书\RoS石之族裔\8装备\杂物.htm,5,物种概论：万族大全 / [RoS] 石之族裔 / 7. 装备与魔法 / 装备,物种概论：万族大全,[RoS] 石之族裔
新法术,6 种族书\RoS石之族裔\7法术\法术.htm,4,物种概论：万族大全 / [RoS] 石之族裔 / 7. 装备与魔法,物种概论：万族大全,[RoS] 石之族裔
魔力锻坊,6 种族书\RoS石之族裔\8装备\奇物.htm,4,物种概论：万族大全 / [RoS] 石之族裔 / 7. 装备与魔法,物种概论：万族大全,[RoS] 石之族裔
符文环,6 种族书\RoS石之族裔\7法术\符文环.htm,4,物种概论：万族大全 / [RoS] 石之族裔 / 7. 装备与魔法,物种概论：万族大全,[RoS] 石之族裔
8. 磐石战役,,3,物种概论：万族大全 / [RoS] 石之族裔,物种概论：万族大全,[RoS] 石之族裔
怪物,,4,物种概论：万族大全 / [RoS] 石之族裔 / 8. 磐石战役,物种概论：万族大全,[RoS] 石之族裔
颤动蠕虫,6 种族书\RoS石之族裔\9怪物\颤动蠕虫.htm,5,物种概论：万族大全 / [RoS] 石之族裔 / 8. 磐石战役 / 怪物,物种概论：万族大全,[RoS] 石之族裔
凶暴鹰,6 种族书\RoS石之族裔\9怪物\凶暴鹰.htm,5,物种概论：万族大全 / [RoS] 石之族裔 / 8. 磐石战役 / 怪物,物种概论：万族大全,[RoS] 石之族裔
石龙兽,6 种族书\RoS石之族裔\9怪物\石龙兽.htm,5,物种概论：万族大全 / [RoS] 石之族裔 / 8. 磐石战役 / 怪物,物种概论：万族大全,[RoS] 石之族裔
地底猎犬,6 种族书\RoS石之族裔\9怪物\地底猎犬.htm,5,物种概论：万族大全 / [RoS] 石之族裔 / 8. 磐石战役 / 怪物,物种概论：万族大全,[RoS] 石之族裔
大地低语者,6 种族书\RoS石之族裔\9怪物\大地低语者.htm,5,物种概论：万族大全 / [RoS] 石之族裔 / 8. 磐石战役 / 怪物,物种概论：万族大全,[RoS] 石之族裔
锤手神使,6 种族书\RoS石之族裔\9怪物\锤手神使.htm,5,物种概论：万族大全 / [RoS] 石之族裔 / 8. 磐石战役 / 怪物,物种概论：万族大全,[RoS] 石之族裔
[RoD] 天命族裔,6 种族书\RoD天命族裔\0插图\天命族裔（RoD）.htm,2,物种概论：万族大全,物种概论：万族大全,[RoD] 天命族裔
1. 人类,,3,物种概论：万族大全 / [RoD] 天命族裔,物种概论：万族大全,[RoD] 天命族裔
宗教,,4,物种概论：万族大全 / [RoD] 天命族裔 / 1. 人类,物种概论：万族大全,[RoD] 天命族裔
城市之神—乌班纳斯,6 种族书\RoD天命族裔\1人类\乌班纳斯城市之神.html,5,物种概论：万族大全 / [RoD] 天命族裔 / 1. 人类 / 宗教,物种概论：万族大全,[RoD] 天命族裔
人类之神—萨斯,6 种族书\RoD天命族裔\1人类\萨斯人族真神.html,5,物种概论：万族大全 / [RoD] 天命族裔 / 1. 人类 / 宗教,物种概论：万族大全,[RoD] 天命族裔
2.1 半精灵,6 种族书\RoD天命族裔\2半精灵\半精灵.htm,3,物种概论：万族大全 / [RoD] 天命族裔,物种概论：万族大全,[RoD] 天命族裔
半精灵心理学,6 种族书\RoD天命族裔\2半精灵\半精灵心理.htm,4,物种概论：万族大全 / [RoD] 天命族裔 / 2.1 半精灵,物种概论：万族大全,[RoD] 天命族裔
半精灵的生活,6 种族书\RoD天命族裔\2半精灵\生活.htm,4,物种概论：万族大全 / [RoD] 天命族裔 / 2.1 半精灵,物种概论：万族大全,[RoD] 天命族裔
社会与文化,6 种族书\RoD天命族裔\2半精灵\社会文化.htm,4,物种概论：万族大全 / [RoD] 天命族裔 / 2.1 半精灵,物种概论：万族大全,[RoD] 天命族裔
种族立场,6 种族书\RoD天命族裔\2半精灵\种族关系.htm,4,物种概论：万族大全 / [RoD] 天命族裔 / 2.1 半精灵,物种概论：万族大全,[RoD] 天命族裔
宗教,6 种族书\RoD天命族裔\2半精灵\宗教.htm,4,物种概论：万族大全 / [RoD] 天命族裔 / 2.1 半精灵,物种概论：万族大全,[RoD] 天命族裔
历史和传说,6 种族书\RoD天命族裔\2半精灵\历史.htm,4,物种概论：万族大全 / [RoD] 天命族裔 / 2.1 半精灵,物种概论：万族大全,[RoD] 天命族裔
语言,6 种族书\RoD天命族裔\2半精灵\语言.htm,4,物种概论：万族大全 / [RoD] 天命族裔 / 2.1 半精灵,物种概论：万族大全,[RoD] 天命族裔
定居地,6 种族书\RoD天命族裔\2半精灵\定居地.htm,4,物种概论：万族大全 / [RoD] 天命族裔 / 2.1 半精灵,物种概论：万族大全,[RoD] 天命族裔
创建半精灵人物,6 种族书\RoD天命族裔\2半精灵\创建半精灵人物.htm,4,物种概论：万族大全 / [RoD] 天命族裔 / 2.1 半精灵,物种概论：万族大全,[RoD] 天命族裔
2.2 [暂缺]半兽人,,3,物种概论：万族大全 / [RoD] 天命族裔,物种概论：万族大全,[RoD] 天命族裔
3. 徽民,6 种族书\RoD天命族裔\4徽民\徽民.htm,3,物种概论：万族大全 / [RoD] 天命族裔,物种概论：万族大全,[RoD] 天命族裔
概述与种族特性,6 种族书\RoD天命族裔\4徽民\描述.htm,4,物种概论：万族大全 / [RoD] 天命族裔 / 3. 徽民,物种概论：万族大全,[RoD] 天命族裔
心理,6 种族书\RoD天命族裔\4徽民\徽民心理学.htm,4,物种概论：万族大全 / [RoD] 天命族裔 / 3. 徽民,物种概论：万族大全,[RoD] 天命族裔
生活、社会与文化,6 种族书\RoD天命族裔\4徽民\徽民生活.htm,4,物种概论：万族大全 / [RoD] 天命族裔 / 3. 徽民,物种概论：万族大全,[RoD] 天命族裔
隐修会类型,6 种族书\RoD天命族裔\4徽民\隐修会类型.html,5,物种概论：万族大全 / [RoD] 天命族裔 / 3. 徽民 / 生活、社会与文化,物种概论：万族大全,[RoD] 天命族裔
宗教与神系,6 种族书\RoD天命族裔\4徽民\徽民宗教.htm,4,物种概论：万族大全 / [RoD] 天命族裔 / 3. 徽民,物种概论：万族大全,[RoD] 天命族裔
历史和民间传说,6 种族书\RoD天命族裔\4徽民\徽民历史.htm,4,物种概论：万族大全 / [RoD] 天命族裔 / 3. 徽民,物种概论：万族大全,[RoD] 天命族裔
语言,6 种族书\RoD天命族裔\4徽民\语言.htm,4,物种概论：万族大全 / [RoD] 天命族裔 / 3. 徽民,物种概论：万族大全,[RoD] 天命族裔
范例: 血翼隐修会,6 种族书\RoD天命族裔\4徽民\范例隐修会.htm,4,物种概论：万族大全 / [RoD] 天命族裔 / 3. 徽民,物种概论：万族大全,[RoD] 天命族裔
阴影之都: 伊里霍单,6 种族书\RoD天命族裔\4徽民\阴影之都.htm,4,物种概论：万族大全 / [RoD] 天命族裔 / 3. 徽民,物种概论：万族大全,[RoD] 天命族裔
创造徽民角色,6 种族书\RoD天命族裔\4徽民\创造徽民角色.htm,4,物种概论：万族大全 / [RoD] 天命族裔 / 3. 徽民,物种概论：万族大全,[RoD] 天命族裔
4. 其他天命族裔,6 种族书\RoD天命族裔\5其他种族\其他种族.htm,3,物种概论：万族大全 / [RoD] 天命族裔,物种概论：万族大全,[RoD] 天命族裔
阿斯莫,6 种族书\RoD天命族裔\5其他种族\阿斯莫.htm,4,物种概论：万族大全 / [RoD] 天命族裔 / 4. 其他天命族裔,物种概论：万族大全,[RoD] 天命族裔
提夫林,6 种族书\RoD天命族裔\5其他种族\提夫林.htm,4,物种概论：万族大全 / [RoD] 天命族裔 / 4. 其他天命族裔,物种概论：万族大全,[RoD] 天命族裔
变形怪,6 种族书\RoD天命族裔\5其他种族\天命族裔（RoD）.htm,4,物种概论：万族大全 / [RoD] 天命族裔 / 4. 其他天命族裔,物种概论：万族大全,[RoD] 天命族裔
半食人魔,6 种族书\RoD天命族裔\5其他种族\半食人魔.htm,4,物种概论：万族大全 / [RoD] 天命族裔 / 4. 其他天命族裔,物种概论：万族大全,[RoD] 天命族裔
混种人,6 种族书\RoD天命族裔\5其他种族\混种人.htm,4,物种概论：万族大全 / [RoD] 天命族裔 / 4. 其他天命族裔,物种概论：万族大全,[RoD] 天命族裔
海亲族,6 种族书\RoD天命族裔\5其他种族\海亲族.htm,4,物种概论：万族大全 / [RoD] 天命族裔 / 4. 其他天命族裔,物种概论：万族大全,[RoD] 天命族裔
萨拉金人,6 种族书\RoD天命族裔\5其他种族\萨拉金人.htm,4,物种概论：万族大全 / [RoD] 天命族裔 / 4. 其他天命族裔,物种概论：万族大全,[RoD] 天命族裔
堕民,6 种族书\RoD天命族裔\5其他种族\堕民.htm,4,物种概论：万族大全 / [RoD] 天命族裔 / 4. 其他天命族裔,物种概论：万族大全,[RoD] 天命族裔
地民,6 种族书\RoD天命族裔\5其他种族\地民.htm,4,物种概论：万族大全 / [RoD] 天命族裔 / 4. 其他天命族裔,物种概论：万族大全,[RoD] 天命族裔
年龄、身高与体重,6 种族书\RoD天命族裔\5其他种族\年龄、身高与体重.htm,4,物种概论：万族大全 / [RoD] 天命族裔 / 4. 其他天命族裔,物种概论：万族大全,[RoD] 天命族裔
5. 进阶职业,,3,物种概论：万族大全 / [RoD] 天命族裔,物种概论：万族大全,[RoD] 天命族裔
模仿士,6 种族书\RoD天命族裔\6进阶职业\模仿士.html,4,物种概论：万族大全 / [RoD] 天命族裔 / 5. 进阶职业,物种概论：万族大全,[RoD] 天命族裔
逸闻学家,6 种族书\RoD天命族裔\6进阶职业\逸闻学家.html,4,物种概论：万族大全 / [RoD] 天命族裔 / 5. 进阶职业,物种概论：万族大全,[RoD] 天命族裔
凶蛮武夫,6 种族书\RoD天命族裔\6进阶职业\凶蛮武夫.html,4,物种概论：万族大全 / [RoD] 天命族裔 / 5. 进阶职业,物种概论：万族大全,[RoD] 天命族裔
放逐斗士,6 种族书\RoD天命族裔\6进阶职业\放逐斗士.html,4,物种概论：万族大全 / [RoD] 天命族裔 / 5. 进阶职业,物种概论：万族大全,[RoD] 天命族裔
伤痕代行者,6 种族书\RoD天命族裔\6进阶职业\伤痕代行者.html,4,物种概论：万族大全 / [RoD] 天命族裔 / 5. 进阶职业,物种概论：万族大全,[RoD] 天命族裔
幽影卫士,6 种族书\RoD天命族裔\6进阶职业\幽影卫士.html,4,物种概论：万族大全 / [RoD] 天命族裔 / 5. 进阶职业,物种概论：万族大全,[RoD] 天命族裔
都市之魂,6 种族书\RoD天命族裔\6进阶职业\都市之魂.html,4,物种概论：万族大全 / [RoD] 天命族裔 / 5. 进阶职业,物种概论：万族大全,[RoD] 天命族裔
6. 角色选项,,3,物种概论：万族大全 / [RoD] 天命族裔,物种概论：万族大全,[RoD] 天命族裔
技能,6 种族书\RoD天命族裔\7角色选项\技能的新使用方法.html,4,物种概论：万族大全 / [RoD] 天命族裔 / 6. 角色选项,物种概论：万族大全,[RoD] 天命族裔
专长,,4,物种概论：万族大全 / [RoD] 天命族裔 / 6. 角色选项,物种概论：万族大全,[RoD] 天命族裔
一般与种族专长,6 种族书\RoD天命族裔\7角色选项\一般专长.html,5,物种概论：万族大全 / [RoD] 天命族裔 / 6. 角色选项 / 专长,物种概论：万族大全,[RoD] 天命族裔
入信者专长,6 种族书\RoD天命族裔\7角色选项\入信者专长.html,5,物种概论：万族大全 / [RoD] 天命族裔 / 6. 角色选项 / 专长,物种概论：万族大全,[RoD] 天命族裔
战术专长,6 种族书\RoD天命族裔\7角色选项\战术专长.html,5,物种概论：万族大全 / [RoD] 天命族裔 / 6. 角色选项 / 专长,物种概论：万族大全,[RoD] 天命族裔
种族替换等级,6 种族书\RoD天命族裔\7角色选项\种族替换能力.html,4,物种概论：万族大全 / [RoD] 天命族裔 / 6. 角色选项,物种概论：万族大全,[RoD] 天命族裔
新增法术,6 种族书\RoD天命族裔\8魔法\新增法术列表.html,4,物种概论：万族大全 / [RoD] 天命族裔 / 6. 角色选项,物种概论：万族大全,[RoD] 天命族裔
法术详述,6 种族书\RoD天命族裔\8魔法\法术.html,5,物种概论：万族大全 / [RoD] 天命族裔 / 6. 角色选项 / 新增法术,物种概论：万族大全,[RoD] 天命族裔
新增灵能,,4,物种概论：万族大全 / [RoD] 天命族裔 / 6. 角色选项,物种概论：万族大全,[RoD] 天命族裔
灵能详述,,5,物种概论：万族大全 / [RoD] 天命族裔 / 6. 角色选项 / 新增灵能,物种概论：万族大全,[RoD] 天命族裔
7. [暂缺]天命战役,,3,物种概论：万族大全 / [RoD] 天命族裔,物种概论：万族大全,[RoD] 天命族裔
[RotW] 荒野族裔,6 种族书\RotW荒野族裔\封面.htm,2,物种概论：万族大全,物种概论：万族大全,[RotW] 荒野族裔
前言,6 种族书\RotW荒野族裔\前言1.htm,3,物种概论：万族大全 / [RotW] 荒野族裔,物种概论：万族大全,[RotW] 荒野族裔
1. 精灵,6 种族书\RotW荒野族裔\1精灵\精灵.htm,3,物种概论：万族大全 / [RotW] 荒野族裔,物种概论：万族大全,[RotW] 荒野族裔
描述,6 种族书\RotW荒野族裔\1精灵\概述.htm,4,物种概论：万族大全 / [RotW] 荒野族裔 / 1. 精灵,物种概论：万族大全,[RotW] 荒野族裔
心理,6 种族书\RotW荒野族裔\1精灵\心理.htm,4,物种概论：万族大全 / [RotW] 荒野族裔 / 1. 精灵,物种概论：万族大全,[RotW] 荒野族裔
精灵的生活,6 种族书\RotW荒野族裔\1精灵\生活.htm,4,物种概论：万族大全 / [RotW] 荒野族裔 / 1. 精灵,物种概论：万族大全,[RotW] 荒野族裔
精灵社会与文化,6 种族书\RotW荒野族裔\1精灵\社会文化.htm,4,物种概论：万族大全 / [RotW] 荒野族裔 / 1. 精灵,物种概论：万族大全,[RotW] 荒野族裔
种族立场,6 种族书\RotW荒野族裔\1精灵\种族立场.htm,4,物种概论：万族大全 / [RotW] 荒野族裔 / 1. 精灵,物种概论：万族大全,[RotW] 荒野族裔
宗教,6 种族书\RotW荒野族裔\1精灵\宗教.htm,4,物种概论：万族大全 / [RotW] 荒野族裔 / 1. 精灵,物种概论：万族大全,[RotW] 荒野族裔
历史和传说,6 种族书\RotW荒野族裔\1精灵\历史传说.htm,4,物种概论：万族大全 / [RotW] 荒野族裔 / 1. 精灵,物种概论：万族大全,[RotW] 荒野族裔
语言,6 种族书\RotW荒野族裔\1精灵\语言.htm,4,物种概论：万族大全 / [RotW] 荒野族裔 / 1. 精灵,物种概论：万族大全,[RotW] 荒野族裔
城市和聚居地,6 种族书\RotW荒野族裔\1精灵\城市聚落.htm,4,物种概论：万族大全 / [RotW] 荒野族裔 / 1. 精灵,物种概论：万族大全,[RotW] 荒野族裔
创建精灵角色,6 种族书\RotW荒野族裔\1精灵\创建精灵角色.htm,4,物种概论：万族大全 / [RotW] 荒野族裔 / 1. 精灵,物种概论：万族大全,[RotW] 荒野族裔
2. 半身人,6 种族书\RotW荒野族裔\2半身人\半身人.htm,3,物种概论：万族大全 / [RotW] 荒野族裔,物种概论：万族大全,[RotW] 荒野族裔
描述,6 种族书\RotW荒野族裔\2半身人\概述.htm,4,物种概论：万族大全 / [RotW] 荒野族裔 / 2. 半身人,物种概论：万族大全,[RotW] 荒野族裔
心理,6 种族书\RotW荒野族裔\2半身人\心理.htm,4,物种概论：万族大全 / [RotW] 荒野族裔 / 2. 半身人,物种概论：万族大全,[RotW] 荒野族裔
半身人的生活,6 种族书\RotW荒野族裔\2半身人\生活.htm,4,物种概论：万族大全 / [RotW] 荒野族裔 / 2. 半身人,物种概论：万族大全,[RotW] 荒野族裔
社会和文化,6 种族书\RotW荒野族裔\2半身人\社会文化.htm,4,物种概论：万族大全 / [RotW] 荒野族裔 / 2. 半身人,物种概论：万族大全,[RotW] 荒野族裔
种族立场,6 种族书\RotW荒野族裔\2半身人\种族立场.htm,4,物种概论：万族大全 / [RotW] 荒野族裔 / 2. 半身人,物种概论：万族大全,[RotW] 荒野族裔
宗教,6 种族书\RotW荒野族裔\2半身人\宗教.htm,4,物种概论：万族大全 / [RotW] 荒野族裔 / 2. 半身人,物种概论：万族大全,[RotW] 荒野族裔
历史和传说,6 种族书\RotW荒野族裔\2半身人\历史传说.htm,4,物种概论：万族大全 / [RotW] 荒野族裔 / 2. 半身人,物种概论：万族大全,[RotW] 荒野族裔
语言,6 种族书\RotW荒野族裔\2半身人\语言.htm,4,物种概论：万族大全 / [RotW] 荒野族裔 / 2. 半身人,物种概论：万族大全,[RotW] 荒野族裔
车队与城镇,6 种族书\RotW荒野族裔\2半身人\车队与城镇.htm,4,物种概论：万族大全 / [RotW] 荒野族裔 / 2. 半身人,物种概论：万族大全,[RotW] 荒野族裔
创造半身人角色,6 种族书\RotW荒野族裔\2半身人\创造半身人角色.htm,4,物种概论：万族大全 / [RotW] 荒野族裔 / 2. 半身人,物种概论：万族大全,[RotW] 荒野族裔
3. 枭人,6 种族书\RotW荒野族裔\3枭人\前言.htm,3,物种概论：万族大全 / [RotW] 荒野族裔,物种概论：万族大全,[RotW] 荒野族裔
概述与种族特性,6 种族书\RotW荒野族裔\3枭人\枭人.htm,4,物种概论：万族大全 / [RotW] 荒野族裔 / 3. 枭人,物种概论：万族大全,[RotW] 荒野族裔
心理,6 种族书\RotW荒野族裔\3枭人\心理.htm,4,物种概论：万族大全 / [RotW] 荒野族裔 / 3. 枭人,物种概论：万族大全,[RotW] 荒野族裔
枭人的生活,6 种族书\RotW荒野族裔\3枭人\生活.htm,4,物种概论：万族大全 / [RotW] 荒野族裔 / 3. 枭人,物种概论：万族大全,[RotW] 荒野族裔
社会和文化,6 种族书\RotW荒野族裔\3枭人\社会文化.htm,4,物种概论：万族大全 / [RotW] 荒野族裔 / 3. 枭人,物种概论：万族大全,[RotW] 荒野族裔
宗教,6 种族书\RotW荒野族裔\3枭人\宗教.htm,4,物种概论：万族大全 / [RotW] 荒野族裔 / 3. 枭人,物种概论：万族大全,[RotW] 荒野族裔
枭人神系,6 种族书\RotW荒野族裔\3枭人\信仰.htm,5,物种概论：万族大全 / [RotW] 荒野族裔 / 3. 枭人 / 宗教,物种概论：万族大全,[RotW] 荒野族裔
历史和传说,6 种族书\RotW荒野族裔\3枭人\历史传说.htm,4,物种概论：万族大全 / [RotW] 荒野族裔 / 3. 枭人,物种概论：万族大全,[RotW] 荒野族裔
语言,6 种族书\RotW荒野族裔\3枭人\语言.htm,4,物种概论：万族大全 / [RotW] 荒野族裔 / 3. 枭人,物种概论：万族大全,[RotW] 荒野族裔
部落范例: 里芬蒂,6 种族书\RotW荒野族裔\3枭人\部落范例.htm,4,物种概论：万族大全 / [RotW] 荒野族裔 / 3. 枭人,物种概论：万族大全,[RotW] 荒野族裔
创建枭人角色,6 种族书\RotW荒野族裔\3枭人\创建枭人角色.htm,4,物种概论：万族大全 / [RotW] 荒野族裔 / 3. 枭人,物种概论：万族大全,[RotW] 荒野族裔
4. 其他荒野族裔,,3,物种概论：万族大全 / [RotW] 荒野族裔,物种概论：万族大全,[RotW] 荒野族裔
猫人,6 种族书\RotW荒野族裔\4其他种族\猫人.htm,4,物种概论：万族大全 / [RotW] 荒野族裔 / 4. 其他荒野族裔,物种概论：万族大全,[RotW] 荒野族裔
人马,6 种族书\RotW荒野族裔\4其他种族\人马.htm,4,物种概论：万族大全 / [RotW] 荒野族裔 / 4. 其他荒野族裔,物种概论：万族大全,[RotW] 荒野族裔
豺狼人,6 种族书\RotW荒野族裔\4其他种族\豺狼人.htm,4,物种概论：万族大全 / [RotW] 荒野族裔 / 4. 其他荒野族裔,物种概论：万族大全,[RotW] 荒野族裔
麒灵,6 种族书\RotW荒野族裔\4其他种族\麒灵.htm,4,物种概论：万族大全 / [RotW] 荒野族裔 / 4. 其他荒野族裔,物种概论：万族大全,[RotW] 荒野族裔
5. 进阶职业,,3,物种概论：万族大全 / [RotW] 荒野族裔,物种概论：万族大全,[RotW] 荒野族裔
奥术大祭司,6 种族书\RotW荒野族裔\5进阶职业\奥术大祭司(Arcane_Hierophant)_.htm,4,物种概论：万族大全 / [RotW] 荒野族裔 / 5. 进阶职业,物种概论：万族大全,[RotW] 荒野族裔
科瑞隆·拉瑞斯安的斗士,6 种族书\RotW荒野族裔\5进阶职业\科瑞隆·拉瑞斯安的斗士(Champion_of_Corellon_Larethian).htm,4,物种概论：万族大全 / [RotW] 荒野族裔 / 5. 进阶职业,物种概论：万族大全,[RotW] 荒野族裔
窃运者,6 种族书\RotW荒野族裔\5进阶职业\窃运者(Luckstealer).htm,4,物种概论：万族大全 / [RotW] 荒野族裔 / 5. 进阶职业,物种概论：万族大全,[RotW] 荒野族裔
精灵之友,6 种族书\RotW荒野族裔\5进阶职业\精灵之友(Ruathar).htm,4,物种概论：万族大全 / [RotW] 荒野族裔 / 5. 进阶职业,物种概论：万族大全,[RotW] 荒野族裔
天空缔约者,6 种族书\RotW荒野族裔\5进阶职业\天空缔约者(Skypledged).htm,4,物种概论：万族大全 / [RotW] 荒野族裔 / 5. 进阶职业,物种概论：万族大全,[RotW] 荒野族裔
风暴之爪,6 种族书\RotW荒野族裔\5进阶职业\风暴之爪(Stormtalon)_.htm,4,物种概论：万族大全 / [RotW] 荒野族裔 / 5. 进阶职业,物种概论：万族大全,[RotW] 荒野族裔
密语之刃,6 种族书\RotW荒野族裔\5进阶职业\密语之刃(Whisperknife).htm,4,物种概论：万族大全 / [RotW] 荒野族裔 / 5. 进阶职业,物种概论：万族大全,[RotW] 荒野族裔
荒原行者,6 种族书\RotW荒野族裔\5进阶职业\荒原行者(Wildrunner).htm,4,物种概论：万族大全 / [RotW] 荒野族裔 / 5. 进阶职业,物种概论：万族大全,[RotW] 荒野族裔
6. 角色选项,,3,物种概论：万族大全 / [RotW] 荒野族裔,物种概论：万族大全,[RotW] 荒野族裔
技能,6 种族书\RotW荒野族裔\6角色选项\技能专长.htm,4,物种概论：万族大全 / [RotW] 荒野族裔 / 6. 角色选项,物种概论：万族大全,[RotW] 荒野族裔
一般专长,6 种族书\RotW荒野族裔\6角色选项\一般专长.htm,4,物种概论：万族大全 / [RotW] 荒野族裔 / 6. 角色选项,物种概论：万族大全,[RotW] 荒野族裔
战术专长,6 种族书\RotW荒野族裔\6角色选项\战术专长.htm,4,物种概论：万族大全 / [RotW] 荒野族裔 / 6. 角色选项,物种概论：万族大全,[RotW] 荒野族裔
种族替换等级,6 种族书\RotW荒野族裔\6角色选项\种族替换等级.htm,4,物种概论：万族大全 / [RotW] 荒野族裔 / 6. 角色选项,物种概论：万族大全,[RotW] 荒野族裔
7. 装备与魔法,6 种族书\RotW荒野族裔\7装备法术\装备.htm,3,物种概论：万族大全 / [RotW] 荒野族裔,物种概论：万族大全,[RotW] 荒野族裔
武器,6 种族书\RotW荒野族裔\7装备法术\一般武器.htm,4,物种概论：万族大全 / [RotW] 荒野族裔 / 7. 装备与魔法,物种概论：万族大全,[RotW] 荒野族裔
改良武器,6 种族书\RotW荒野族裔\7装备法术\改良武器.htm,5,物种概论：万族大全 / [RotW] 荒野族裔 / 7. 装备与魔法 / 武器,物种概论：万族大全,[RotW] 荒野族裔
盔甲,6 种族书\RotW荒野族裔\7装备法术\一般盔甲.htm,4,物种概论：万族大全 / [RotW] 荒野族裔 / 7. 装备与魔法,物种概论：万族大全,[RotW] 荒野族裔
改良盔甲,6 种族书\RotW荒野族裔\7装备法术\改良盔甲.htm,5,物种概论：万族大全 / [RotW] 荒野族裔 / 7. 装备与魔法 / 盔甲,物种概论：万族大全,[RotW] 荒野族裔
特殊盔甲材料,6 种族书\RotW荒野族裔\7装备法术\特殊材料.htm,5,物种概论：万族大全 / [RotW] 荒野族裔 / 7. 装备与魔法 / 盔甲,物种概论：万族大全,[RotW] 荒野族裔
工具,6 种族书\RotW荒野族裔\7装备法术\工具.htm,4,物种概论：万族大全 / [RotW] 荒野族裔 / 7. 装备与魔法,物种概论：万族大全,[RotW] 荒野族裔
魔法物品,,4,物种概论：万族大全 / [RotW] 荒野族裔 / 7. 装备与魔法,物种概论：万族大全,[RotW] 荒野族裔
武器附魔,6 种族书\RotW荒野族裔\7装备法术\武器附魔.htm,5,物种概论：万族大全 / [RotW] 荒野族裔 / 7. 装备与魔法 / 魔法物品,物种概论：万族大全,[RotW] 荒野族裔
魔法武器,6 种族书\RotW荒野族裔\7装备法术\魔法武器.htm,5,物种概论：万族大全 / [RotW] 荒野族裔 / 7. 装备与魔法 / 魔法物品,物种概论：万族大全,[RotW] 荒野族裔
盔甲附魔,6 种族书\RotW荒野族裔\7装备法术\盔甲附魔.htm,5,物种概论：万族大全 / [RotW] 荒野族裔 / 7. 装备与魔法 / 魔法物品,物种概论：万族大全,[RotW] 荒野族裔
魔法盔甲,6 种族书\RotW荒野族裔\7装备法术\魔法盔甲.htm,5,物种概论：万族大全 / [RotW] 荒野族裔 / 7. 装备与魔法 / 魔法物品,物种概论：万族大全,[RotW] 荒野族裔
奇物,6 种族书\RotW荒野族裔\7装备法术\奇物.htm,5,物种概论：万族大全 / [RotW] 荒野族裔 / 7. 装备与魔法 / 魔法物品,物种概论：万族大全,[RotW] 荒野族裔
新增法术与领域,6 种族书\RotW荒野族裔\7装备法术\新增法术.htm,4,物种概论：万族大全 / [RotW] 荒野族裔 / 7. 装备与魔法,物种概论：万族大全,[RotW] 荒野族裔
法术详述,6 种族书\RotW荒野族裔\7装备法术\法术详述.htm,5,物种概论：万族大全 / [RotW] 荒野族裔 / 7. 装备与魔法 / 新增法术与领域,物种概论：万族大全,[RotW] 荒野族裔
8. 荒野战役,,3,物种概论：万族大全 / [RotW] 荒野族裔,物种概论：万族大全,[RotW] 荒野族裔
荒野伙伴,,4,物种概论：万族大全 / [RotW] 荒野族裔 / 8. 荒野战役,物种概论：万族大全,[RotW] 荒野族裔
精灵猎犬,6 种族书\RotW荒野族裔\8生物\精灵猎犬.htm,5,物种概论：万族大全 / [RotW] 荒野族裔 / 8. 荒野战役 / 荒野伙伴,物种概论：万族大全,[RotW] 荒野族裔
凶暴猎鹰,6 种族书\RotW荒野族裔\8生物\凶暴鹰.htm,5,物种概论：万族大全 / [RotW] 荒野族裔 / 8. 荒野战役 / 荒野伙伴,物种概论：万族大全,[RotW] 荒野族裔
大角盘羊,6 种族书\RotW荒野族裔\8生物\大角盘羊.htm,5,物种概论：万族大全 / [RotW] 荒野族裔 / 8. 荒野战役 / 荒野伙伴,物种概论：万族大全,[RotW] 荒野族裔
哨鹰,6 种族书\RotW荒野族裔\哨鹰.htm,5,物种概论：万族大全 / [RotW] 荒野族裔 / 8. 荒野战役 / 荒野伙伴,物种概论：万族大全,[RotW] 荒野族裔
附录: 100个冒险点子,6 种族书\RotW荒野族裔\附录.htm,3,物种概论：万族大全 / [RotW] 荒野族裔,物种概论：万族大全,[RotW] 荒野族裔
[DotU] 幽域卓尔,6 种族书\DotU幽域卓尔\封面.htm,2,物种概论：万族大全,物种概论：万族大全,[DotU] 幽域卓尔
卓尔的概述,,3,物种概论：万族大全 / [DotU] 幽域卓尔,物种概论：万族大全,[DotU] 幽域卓尔
卓尔的生活,6 种族书\DotU幽域卓尔\卓尔的生活\卓尔的生活.htm,4,物种概论：万族大全 / [DotU] 幽域卓尔 / 卓尔的概述,物种概论：万族大全,[DotU] 幽域卓尔
历史和传说,6 种族书\DotU幽域卓尔\卓尔的生活\历史和传说.htm,4,物种概论：万族大全 / [DotU] 幽域卓尔 / 卓尔的概述,物种概论：万族大全,[DotU] 幽域卓尔
定居点,6 种族书\DotU幽域卓尔\卓尔的生活\定居点.htm,4,物种概论：万族大全 / [DotU] 幽域卓尔 / 卓尔的概述,物种概论：万族大全,[DotU] 幽域卓尔
语言,6 种族书\DotU幽域卓尔\卓尔的生活\语言.htm,4,物种概论：万族大全 / [DotU] 幽域卓尔 / 卓尔的概述,物种概论：万族大全,[DotU] 幽域卓尔
外观,6 种族书\DotU幽域卓尔\卓尔的生活\外观.htm,4,物种概论：万族大全 / [DotU] 幽域卓尔 / 卓尔的概述,物种概论：万族大全,[DotU] 幽域卓尔
与其他种族关系,6 种族书\DotU幽域卓尔\卓尔的生活\与其他种族关系.htm,4,物种概论：万族大全 / [DotU] 幽域卓尔 / 卓尔的概述,物种概论：万族大全,[DotU] 幽域卓尔
卓尔的战术,6 种族书\DotU幽域卓尔\卓尔的生活\卓尔的战术.htm,4,物种概论：万族大全 / [DotU] 幽域卓尔 / 卓尔的概述,物种概论：万族大全,[DotU] 幽域卓尔
卓尔的选择,6 种族书\DotU幽域卓尔\卓尔的选择\卓尔的选择.htm,3,物种概论：万族大全 / [DotU] 幽域卓尔,物种概论：万族大全,[DotU] 幽域卓尔
专长,6 种族书\DotU幽域卓尔\卓尔的选择\专长.htm,4,物种概论：万族大全 / [DotU] 幽域卓尔 / 卓尔的选择,物种概论：万族大全,[DotU] 幽域卓尔
技能用法,6 种族书\DotU幽域卓尔\卓尔的选择\技能用法.htm,4,物种概论：万族大全 / [DotU] 幽域卓尔 / 卓尔的选择,物种概论：万族大全,[DotU] 幽域卓尔
魔法,6 种族书\DotU幽域卓尔\卓尔的选择\魔法.htm,4,物种概论：万族大全 / [DotU] 幽域卓尔 / 卓尔的选择,物种概论：万族大全,[DotU] 幽域卓尔
替代职业特性,6 种族书\DotU幽域卓尔\卓尔的选择\替代职业特性.htm,4,物种概论：万族大全 / [DotU] 幽域卓尔 / 卓尔的选择,物种概论：万族大全,[DotU] 幽域卓尔
进阶职业,,3,物种概论：万族大全 / [DotU] 幽域卓尔,物种概论：万族大全,[DotU] 幽域卓尔
穴伏者,6 种族书\DotU幽域卓尔\进阶职业\穴伏者.htm,4,物种概论：万族大全 / [DotU] 幽域卓尔 / 进阶职业,物种概论：万族大全,[DotU] 幽域卓尔
蜘蛛术士,6 种族书\DotU幽域卓尔\进阶职业\织法者.htm,4,物种概论：万族大全 / [DotU] 幽域卓尔 / 进阶职业,物种概论：万族大全,[DotU] 幽域卓尔
阴暗腐化者,6 种族书\DotU幽域卓尔\进阶职业\阴暗腐化者.htm,4,物种概论：万族大全 / [DotU] 幽域卓尔 / 进阶职业,物种概论：万族大全,[DotU] 幽域卓尔
罗丝之眼,6 种族书\DotU幽域卓尔\进阶职业\罗丝之眼.htm,4,物种概论：万族大全 / [DotU] 幽域卓尔 / 进阶职业,物种概论：万族大全,[DotU] 幽域卓尔
缚魔师,6 种族书\DotU幽域卓尔\进阶职业\缚魔师.htm,4,物种概论：万族大全 / [DotU] 幽域卓尔 / 进阶职业,物种概论：万族大全,[DotU] 幽域卓尔
弑亲者,6 种族书\DotU幽域卓尔\进阶职业\弑亲者.htm,4,物种概论：万族大全 / [DotU] 幽域卓尔 / 进阶职业,物种概论：万族大全,[DotU] 幽域卓尔
罗丝的恐惧之牙,6 种族书\DotU幽域卓尔\进阶职业\罗丝之牙.htm,4,物种概论：万族大全 / [DotU] 幽域卓尔 / 进阶职业,物种概论：万族大全,[DotU] 幽域卓尔
卓尔的装备,,3,物种概论：万族大全 / [DotU] 幽域卓尔,物种概论：万族大全,[DotU] 幽域卓尔
冒险装备,6 种族书\DotU幽域卓尔\卓尔装备\冒险装备.htm,4,物种概论：万族大全 / [DotU] 幽域卓尔 / 卓尔的装备,物种概论：万族大全,[DotU] 幽域卓尔
炼金物品,6 种族书\DotU幽域卓尔\卓尔装备\炼金物品.htm,4,物种概论：万族大全 / [DotU] 幽域卓尔 / 卓尔的装备,物种概论：万族大全,[DotU] 幽域卓尔
武器附魔,6 种族书\DotU幽域卓尔\卓尔装备\武器附魔.htm,4,物种概论：万族大全 / [DotU] 幽域卓尔 / 卓尔的装备,物种概论：万族大全,[DotU] 幽域卓尔
护甲与盾牌附魔,6 种族书\DotU幽域卓尔\卓尔装备\护甲与盾牌附魔.htm,4,物种概论：万族大全 / [DotU] 幽域卓尔 / 卓尔的装备,物种概论：万族大全,[DotU] 幽域卓尔
奇物,6 种族书\DotU幽域卓尔\卓尔装备\奇物.htm,4,物种概论：万族大全 / [DotU] 幽域卓尔 / 卓尔的装备,物种概论：万族大全,[DotU] 幽域卓尔
边栏,6 种族书\DotU幽域卓尔\边栏.html,3,物种概论：万族大全 / [DotU] 幽域卓尔,物种概论：万族大全,[DotU] 幽域卓尔
附录：对于玩家角色,6 种族书\DotU幽域卓尔\附录.html,3,物种概论：万族大全 / [DotU] 幽域卓尔,物种概论：万族大全,[DotU] 幽域卓尔
[RotD] 龙之族裔,6 种族书\RotD龙之族裔\前言\龙之族裔（Rod）.htm,2,物种概论：万族大全,物种概论：万族大全,[RotD] 龙之族裔
前言,6 种族书\RotD龙之族裔\前言\前言1.htm,3,物种概论：万族大全 / [RotD] 龙之族裔,物种概论：万族大全,[RotD] 龙之族裔
1. 巴哈姆特的龙裔,6 种族书\RotD龙之族裔\第一章\龙裔.htm,3,物种概论：万族大全 / [RotD] 龙之族裔,物种概论：万族大全,[RotD] 龙之族裔
种族特征,6 种族书\RotD龙之族裔\第一章\种族特征.htm,4,物种概论：万族大全 / [RotD] 龙之族裔 / 1. 巴哈姆特的龙裔,物种概论：万族大全,[RotD] 龙之族裔
龙裔的生活,6 种族书\RotD龙之族裔\第一章\龙裔的生活.htm,4,物种概论：万族大全 / [RotD] 龙之族裔 / 1. 巴哈姆特的龙裔,物种概论：万族大全,[RotD] 龙之族裔
龙裔与其他种族,6 种族书\RotD龙之族裔\第一章\龙裔与其他种族.htm,4,物种概论：万族大全 / [RotD] 龙之族裔 / 1. 巴哈姆特的龙裔,物种概论：万族大全,[RotD] 龙之族裔
宗教与文化,6 种族书\RotD龙之族裔\第一章\宗教与文化.htm,4,物种概论：万族大全 / [RotD] 龙之族裔 / 1. 巴哈姆特的龙裔,物种概论：万族大全,[RotD] 龙之族裔
创造龙裔角色,6 种族书\RotD龙之族裔\第一章\创造龙裔角色.htm,4,物种概论：万族大全 / [RotD] 龙之族裔 / 1. 巴哈姆特的龙裔,物种概论：万族大全,[RotD] 龙之族裔
2. 法鳞,6 种族书\RotD龙之族裔\第二章\法鳞.htm,3,物种概论：万族大全 / [RotD] 龙之族裔,物种概论：万族大全,[RotD] 龙之族裔
种族特征,6 种族书\RotD龙之族裔\第二章\种族特征.htm,4,物种概论：万族大全 / [RotD] 龙之族裔 / 2. 法鳞,物种概论：万族大全,[RotD] 龙之族裔
法鳞的生活,6 种族书\RotD龙之族裔\第二章\法鳞的生活.htm,4,物种概论：万族大全 / [RotD] 龙之族裔 / 2. 法鳞,物种概论：万族大全,[RotD] 龙之族裔
法鳞与其他种族,6 种族书\RotD龙之族裔\第二章\法鳞与其他种族.htm,4,物种概论：万族大全 / [RotD] 龙之族裔 / 2. 法鳞,物种概论：万族大全,[RotD] 龙之族裔
宗教与文化,6 种族书\RotD龙之族裔\第二章\宗教与文化.htm,4,物种概论：万族大全 / [RotD] 龙之族裔 / 2. 法鳞,物种概论：万族大全,[RotD] 龙之族裔
创造法鳞角色,6 种族书\RotD龙之族裔\第二章\创造法鳞角色.htm,4,物种概论：万族大全 / [RotD] 龙之族裔 / 2. 法鳞,物种概论：万族大全,[RotD] 龙之族裔
3. 狗头人,6 种族书\RotD龙之族裔\第三章\狗头人.htm,3,物种概论：万族大全 / [RotD] 龙之族裔,物种概论：万族大全,[RotD] 龙之族裔
种族特征,6 种族书\RotD龙之族裔\第三章\种族特征.htm,4,物种概论：万族大全 / [RotD] 龙之族裔 / 3. 狗头人,物种概论：万族大全,[RotD] 龙之族裔
狗头人的生活,6 种族书\RotD龙之族裔\第三章\狗头人的生活.htm,4,物种概论：万族大全 / [RotD] 龙之族裔 / 3. 狗头人,物种概论：万族大全,[RotD] 龙之族裔
狗头人和其他种族,6 种族书\RotD龙之族裔\第三章\狗头人和其他种族.htm,4,物种概论：万族大全 / [RotD] 龙之族裔 / 3. 狗头人,物种概论：万族大全,[RotD] 龙之族裔
宗教与文化,6 种族书\RotD龙之族裔\第三章\宗教.htm,4,物种概论：万族大全 / [RotD] 龙之族裔 / 3. 狗头人,物种概论：万族大全,[RotD] 龙之族裔
创造狗头人角色,6 种族书\RotD龙之族裔\第三章\创造狗头人角色.htm,4,物种概论：万族大全 / [RotD] 龙之族裔 / 3. 狗头人,物种概论：万族大全,[RotD] 龙之族裔
额外特性与武器,6 种族书\RotD龙之族裔\第三章\额外特性与武器.htm,4,物种概论：万族大全 / [RotD] 龙之族裔 / 3. 狗头人,物种概论：万族大全,[RotD] 龙之族裔
4. 龙源,6 种族书\RotD龙之族裔\第四章\龙源.htm,3,物种概论：万族大全 / [RotD] 龙之族裔,物种概论：万族大全,[RotD] 龙之族裔
种族特征,6 种族书\RotD龙之族裔\第四章\龙源的特点.htm,4,物种概论：万族大全 / [RotD] 龙之族裔 / 4. 龙源,物种概论：万族大全,[RotD] 龙之族裔
龙源的生活,6 种族书\RotD龙之族裔\第四章\龙源的生活.htm,4,物种概论：万族大全 / [RotD] 龙之族裔 / 4. 龙源,物种概论：万族大全,[RotD] 龙之族裔
龙源和其他种族,6 种族书\RotD龙之族裔\第四章\龙源和其他种族.htm,4,物种概论：万族大全 / [RotD] 龙之族裔 / 4. 龙源,物种概论：万族大全,[RotD] 龙之族裔
宗教与文化,6 种族书\RotD龙之族裔\第四章\宗教与文化.htm,4,物种概论：万族大全 / [RotD] 龙之族裔 / 4. 龙源,物种概论：万族大全,[RotD] 龙之族裔
创造龙源角色,6 种族书\RotD龙之族裔\第四章\创造龙源角色.htm,4,物种概论：万族大全 / [RotD] 龙之族裔 / 4. 龙源,物种概论：万族大全,[RotD] 龙之族裔
半龙模板,6 种族书\RotD龙之族裔\第四章\半龙模板.htm,4,物种概论：万族大全 / [RotD] 龙之族裔 / 4. 龙源,物种概论：万族大全,[RotD] 龙之族裔
5. 进阶职业,6 种族书\RotD龙之族裔\第五章\进阶.htm,3,物种概论：万族大全 / [RotD] 龙之族裔,物种概论：万族大全,[RotD] 龙之族裔
龙心术士,6 种族书\RotD龙之族裔\第五章\龙心术士.htm,4,物种概论：万族大全 / [RotD] 龙之族裔 / 5. 进阶职业,物种概论：万族大全,[RotD] 龙之族裔
眼之门徒,6 种族书\RotD龙之族裔\第五章\眼之门徒.htm,4,物种概论：万族大全 / [RotD] 龙之族裔 / 5. 进阶职业,物种概论：万族大全,[RotD] 龙之族裔
和谐之歌者,6 种族书\RotD龙之族裔\第五章\和谐之歌者.htm,4,物种概论：万族大全 / [RotD] 龙之族裔 / 5. 进阶职业,物种概论：万族大全,[RotD] 龙之族裔
巨龙狂热者,6 种族书\RotD龙之族裔\第五章\巨龙狂热者.htm,4,物种概论：万族大全 / [RotD] 龙之族裔 / 5. 进阶职业,物种概论：万族大全,[RotD] 龙之族裔
龙语词汇学家,6 种族书\RotD龙之族裔\第五章\龙语词汇学家.htm,4,物种概论：万族大全 / [RotD] 龙之族裔 / 5. 进阶职业,物种概论：万族大全,[RotD] 龙之族裔
6. 角色选项,6 种族书\RotD龙之族裔\第六章\技能专长.htm,3,物种概论：万族大全 / [RotD] 龙之族裔,物种概论：万族大全,[RotD] 龙之族裔
技能,6 种族书\RotD龙之族裔\第六章\技能.htm,4,物种概论：万族大全 / [RotD] 龙之族裔 / 6. 角色选项,物种概论：万族大全,[RotD] 龙之族裔
普通专长,6 种族书\RotD龙之族裔\第六章\普通专长.htm,4,物种概论：万族大全 / [RotD] 龙之族裔 / 6. 角色选项,物种概论：万族大全,[RotD] 龙之族裔
龙脉专长,6 种族书\RotD龙之族裔\第六章\龙脉专长.htm,4,物种概论：万族大全 / [RotD] 龙之族裔 / 6. 角色选项,物种概论：万族大全,[RotD] 龙之族裔
喷吐引导专长,6 种族书\RotD龙之族裔\第六章\喷吐引导专长.htm,4,物种概论：万族大全 / [RotD] 龙之族裔 / 6. 角色选项,物种概论：万族大全,[RotD] 龙之族裔
战术专长,6 种族书\RotD龙之族裔\第六章\战术专长.htm,4,物种概论：万族大全 / [RotD] 龙之族裔 / 6. 角色选项,物种概论：万族大全,[RotD] 龙之族裔
种族替代等级,6 种族书\RotD龙之族裔\第六章\种族替代等级.htm,4,物种概论：万族大全 / [RotD] 龙之族裔 / 6. 角色选项,物种概论：万族大全,[RotD] 龙之族裔
法鳞吟游诗人,6 种族书\RotD龙之族裔\第六章\法鳞吟游诗人.htm,5,物种概论：万族大全 / [RotD] 龙之族裔 / 6. 角色选项 / 种族替代等级,物种概论：万族大全,[RotD] 龙之族裔
狗头人巡林客,6 种族书\RotD龙之族裔\第六章\狗头人巡林客.htm,5,物种概论：万族大全 / [RotD] 龙之族裔 / 6. 角色选项 / 种族替代等级,物种概论：万族大全,[RotD] 龙之族裔
狗头人游荡者,6 种族书\RotD龙之族裔\第六章\狗头人游荡者.htm,5,物种概论：万族大全 / [RotD] 龙之族裔 / 6. 角色选项 / 种族替代等级,物种概论：万族大全,[RotD] 龙之族裔
狗头人战士,6 种族书\RotD龙之族裔\第六章\狗头人战士.htm,5,物种概论：万族大全 / [RotD] 龙之族裔 / 6. 角色选项 / 种族替代等级,物种概论：万族大全,[RotD] 龙之族裔
龙血牧师,6 种族书\RotD龙之族裔\第六章\龙血牧师.htm,5,物种概论：万族大全 / [RotD] 龙之族裔 / 6. 角色选项 / 种族替代等级,物种概论：万族大全,[RotD] 龙之族裔
龙血术士,6 种族书\RotD龙之族裔\第六章\龙血术士.htm,5,物种概论：万族大全 / [RotD] 龙之族裔 / 6. 角色选项 / 种族替代等级,物种概论：万族大全,[RotD] 龙之族裔
龙裔圣武士,6 种族书\RotD龙之族裔\第六章\龙裔圣武士.htm,5,物种概论：万族大全 / [RotD] 龙之族裔 / 6. 角色选项 / 种族替代等级,物种概论：万族大全,[RotD] 龙之族裔
7. 魔法与灵能,6 种族书\RotD龙之族裔\第七章\魔法灵能.htm,3,物种概论：万族大全 / [RotD] 龙之族裔,物种概论：万族大全,[RotD] 龙之族裔
法术列表,6 种族书\RotD龙之族裔\第七章\法术.htm,4,物种概论：万族大全 / [RotD] 龙之族裔 / 7. 魔法与灵能,物种概论：万族大全,[RotD] 龙之族裔
法术描述,6 种族书\RotD龙之族裔\第七章\法术描述.htm,4,物种概论：万族大全 / [RotD] 龙之族裔 / 7. 魔法与灵能,物种概论：万族大全,[RotD] 龙之族裔
灵能,6 种族书\RotD龙之族裔\第七章\灵能.htm,4,物种概论：万族大全 / [RotD] 龙之族裔 / 7. 魔法与灵能,物种概论：万族大全,[RotD] 龙之族裔
8. 装备,6 种族书\RotD龙之族裔\第八章\装备材料.htm,3,物种概论：万族大全 / [RotD] 龙之族裔,物种概论：万族大全,[RotD] 龙之族裔
材料,6 种族书\RotD龙之族裔\第八章\材料.htm,4,物种概论：万族大全 / [RotD] 龙之族裔 / 8. 装备,物种概论：万族大全,[RotD] 龙之族裔
奇物,6 种族书\RotD龙之族裔\第八章\奇物.htm,4,物种概论：万族大全 / [RotD] 龙之族裔 / 8. 装备,物种概论：万族大全,[RotD] 龙之族裔
龙类移植体,6 种族书\RotD龙之族裔\第八章\龙类移植体.htm,4,物种概论：万族大全 / [RotD] 龙之族裔 / 8. 装备,物种概论：万族大全,[RotD] 龙之族裔
9. 战役,6 种族书\RotD龙之族裔\第九章\战役.htm,3,物种概论：万族大全 / [RotD] 龙之族裔,物种概论：万族大全,[RotD] 龙之族裔
模组,6 种族书\RotD龙之族裔\第九章\模组.htm,4,物种概论：万族大全 / [RotD] 龙之族裔 / 9. 战役,物种概论：万族大全,[RotD] 龙之族裔
冒险点子,6 种族书\RotD龙之族裔\第九章\冒险点子.htm,4,物种概论：万族大全 / [RotD] 龙之族裔 / 9. 战役,物种概论：万族大全,[RotD] 龙之族裔
战役中的龙裔,6 种族书\RotD龙之族裔\第九章\战役中的龙裔.htm,4,物种概论：万族大全 / [RotD] 龙之族裔 / 9. 战役,物种概论：万族大全,[RotD] 龙之族裔
战役中的法鳞,6 种族书\RotD龙之族裔\第九章\战役中的法鳞.htm,4,物种概论：万族大全 / [RotD] 龙之族裔 / 9. 战役,物种概论：万族大全,[RotD] 龙之族裔
战役中的龙源,6 种族书\RotD龙之族裔\第九章\战役中的龙源.htm,4,物种概论：万族大全 / [RotD] 龙之族裔 / 9. 战役,物种概论：万族大全,[RotD] 龙之族裔
战役中的狗头人,6 种族书\RotD龙之族裔\第九章\战役中的狗头人.htm,4,物种概论：万族大全 / [RotD] 龙之族裔 / 9. 战役,物种概论：万族大全,[RotD] 龙之族裔
[DrM] 龙之魔力,6 种族书\DrM龙之魔力\龙之魔力（DrM）.htm,2,物种概论：万族大全,物种概论：万族大全,[DrM] 龙之魔力
前言,6 种族书\DrM龙之魔力\引子.htm,3,物种概论：万族大全 / [DrM] 龙之魔力,物种概论：万族大全,[DrM] 龙之魔力
1. 龙界英雄,6 种族书\DrM龙之魔力\第一章\第一章：龙界英雄.htm,3,物种概论：万族大全 / [DrM] 龙之魔力,物种概论：万族大全,[DrM] 龙之魔力
龙之王国的族裔 ,6 种族书\DrM龙之魔力\第一章\种族.htm,4,物种概论：万族大全 / [DrM] 龙之魔力 / 1. 龙界英雄,物种概论：万族大全,[DrM] 龙之魔力
与龙相关的职业特性,6 种族书\DrM龙之魔力\第一章\职业特性.htm,4,物种概论：万族大全 / [DrM] 龙之魔力 / 1. 龙界英雄,物种概论：万族大全,[DrM] 龙之魔力
专长,6 种族书\DrM龙之魔力\第一章\专长.htm,4,物种概论：万族大全 / [DrM] 龙之魔力 / 1. 龙界英雄,物种概论：万族大全,[DrM] 龙之魔力
专长详述,6 种族书\DrM龙之魔力\第一章\专长说明.htm,5,物种概论：万族大全 / [DrM] 龙之魔力 / 1. 龙界英雄 / 专长,物种概论：万族大全,[DrM] 龙之魔力
2. 立志成龙,6 种族书\DrM龙之魔力\第二章\立志成龙.htm,3,物种概论：万族大全 / [DrM] 龙之魔力,物种概论：万族大全,[DrM] 龙之魔力
基础职业: 龙火达人,6 种族书\DrM龙之魔力\第二章\龙火达人.htm,4,物种概论：万族大全 / [DrM] 龙之魔力 / 2. 立志成龙,物种概论：万族大全,[DrM] 龙之魔力
进阶职业,,4,物种概论：万族大全 / [DrM] 龙之魔力 / 2. 立志成龙,物种概论：万族大全,[DrM] 龙之魔力
钻石龙,6 种族书\DrM龙之魔力\第二章\钻石龙.htm,5,物种概论：万族大全 / [DrM] 龙之魔力 / 2. 立志成龙 / 进阶职业,物种概论：万族大全,[DrM] 龙之魔力
龙之后裔,6 种族书\DrM龙之魔力\第二章\龙之后裔.htm,5,物种概论：万族大全 / [DrM] 龙之魔力 / 2. 立志成龙 / 进阶职业,物种概论：万族大全,[DrM] 龙之魔力
龙之统领,6 种族书\DrM龙之魔力\第二章\龙之统领.htm,5,物种概论：万族大全 / [DrM] 龙之魔力 / 2. 立志成龙 / 进阶职业,物种概论：万族大全,[DrM] 龙之魔力
龙师之手,6 种族书\DrM龙之魔力\第二章\龙师之手.htm,5,物种概论：万族大全 / [DrM] 龙之魔力 / 2. 立志成龙 / 进阶职业,物种概论：万族大全,[DrM] 龙之魔力
龙约术士,6 种族书\DrM龙之魔力\第二章\龙约术士.htm,5,物种概论：万族大全 / [DrM] 龙之魔力 / 2. 立志成龙 / 进阶职业,物种概论：万族大全,[DrM] 龙之魔力
迅捷之翼,6 种族书\DrM龙之魔力\第二章\迅捷之翼.htm,5,物种概论：万族大全 / [DrM] 龙之魔力 / 2. 立志成龙 / 进阶职业,物种概论：万族大全,[DrM] 龙之魔力
龙之法师,6 种族书\DrM龙之魔力\第二章\龙之法师.htm,5,物种概论：万族大全 / [DrM] 龙之魔力 / 2. 立志成龙 / 进阶职业,物种概论：万族大全,[DrM] 龙之魔力
3. 龙的魔力,6 种族书\DrM龙之魔力\第三章\龙的魔力.htm,3,物种概论：万族大全 / [DrM] 龙之魔力,物种概论：万族大全,[DrM] 龙之魔力
新法术,6 种族书\DrM龙之魔力\第三章\新法术.htm,4,物种概论：万族大全 / [DrM] 龙之魔力 / 3. 龙的魔力,物种概论：万族大全,[DrM] 龙之魔力
法术描述,6 种族书\DrM龙之魔力\第三章\法术描述.htm,5,物种概论：万族大全 / [DrM] 龙之魔力 / 3. 龙的魔力 / 新法术,物种概论：万族大全,[DrM] 龙之魔力
新异能,6 种族书\DrM龙之魔力\第三章\异能.htm,4,物种概论：万族大全 / [DrM] 龙之魔力 / 3. 龙的魔力,物种概论：万族大全,[DrM] 龙之魔力
龙火达人的喷吐,6 种族书\DrM龙之魔力\第三章\喷吐.htm,4,物种概论：万族大全 / [DrM] 龙之魔力 / 3. 龙的魔力,物种概论：万族大全,[DrM] 龙之魔力
龙火达人的邪术,6 种族书\DrM龙之魔力\第三章\龙之邪术.htm,4,物种概论：万族大全 / [DrM] 龙之魔力 / 3. 龙的魔力,物种概论：万族大全,[DrM] 龙之魔力
邪术师的邪术,6 种族书\DrM龙之魔力\第三章\邪术师邪术_.htm,4,物种概论：万族大全 / [DrM] 龙之魔力 / 3. 龙的魔力,物种概论：万族大全,[DrM] 龙之魔力
龙类灵魂融合,6 种族书\DrM龙之魔力\第三章\龙类灵魂融合.htm,4,物种概论：万族大全 / [DrM] 龙之魔力 / 3. 龙的魔力,物种概论：万族大全,[DrM] 龙之魔力
新契灵,6 种族书\DrM龙之魔力\第三章\契灵.htm,4,物种概论：万族大全 / [DrM] 龙之魔力 / 3. 龙的魔力,物种概论：万族大全,[DrM] 龙之魔力
龙之光环,6 种族书\DrM龙之魔力\第三章\龙之光环.htm,4,物种概论：万族大全 / [DrM] 龙之魔力 / 3. 龙的魔力,物种概论：万族大全,[DrM] 龙之魔力
龙之契约,6 种族书\DrM龙之魔力\第三章\龙之契约.htm,4,物种概论：万族大全 / [DrM] 龙之魔力 / 3. 龙的魔力,物种概论：万族大全,[DrM] 龙之魔力
龙类团队之魂,6 种族书\DrM龙之魔力\第三章\团队之魂_.htm,4,物种概论：万族大全 / [DrM] 龙之魔力 / 3. 龙的魔力,物种概论：万族大全,[DrM] 龙之魔力
魔法物品,6 种族书\DrM龙之魔力\第三章\魔法物品_.htm,4,物种概论：万族大全 / [DrM] 龙之魔力 / 3. 龙的魔力,物种概论：万族大全,[DrM] 龙之魔力
符咒龙鳞,6 种族书\DrM龙之魔力\第三章\符咒龙鳞.htm,4,物种概论：万族大全 / [DrM] 龙之魔力 / 3. 龙的魔力,物种概论：万族大全,[DrM] 龙之魔力
传古装备: 困龙盔,6 种族书\DrM龙之魔力\第三章\传古装备.htm,4,物种概论：万族大全 / [DrM] 龙之魔力 / 3. 龙的魔力,物种概论：万族大全,[DrM] 龙之魔力
4. 龙脉野兽,6 种族书\DrM龙之魔力\第四章\龙脉野兽.htm,3,物种概论：万族大全 / [DrM] 龙之魔力,物种概论：万族大全,[DrM] 龙之魔力
巴哈姆特化身,6 种族书\DrM龙之魔力\第四章\巴哈姆特化身.htm,4,物种概论：万族大全 / [DrM] 龙之魔力 / 4. 龙脉野兽,物种概论：万族大全,[DrM] 龙之魔力
提亚马特化身,6 种族书\DrM龙之魔力\第四章\提亚马特化身.htm,4,物种概论：万族大全 / [DrM] 龙之魔力 / 4. 龙脉野兽,物种概论：万族大全,[DrM] 龙之魔力
烈焰飞龙,6 种族书\DrM龙之魔力\第四章\烈焰飞龙.htm,4,物种概论：万族大全 / [DrM] 龙之魔力 / 4. 龙脉野兽,物种概论：万族大全,[DrM] 龙之魔力
龙驹,6 种族书\DrM龙之魔力\第四章\龙驹.htm,4,物种概论：万族大全 / [DrM] 龙之魔力 / 4. 龙脉野兽,物种概论：万族大全,[DrM] 龙之魔力
龙蜂鸟,6 种族书\DrM龙之魔力\第四章\龙蜂鸟.htm,4,物种概论：万族大全 / [DrM] 龙之魔力 / 4. 龙脉野兽,物种概论：万族大全,[DrM] 龙之魔力
龙猫,6 种族书\DrM龙之魔力\第四章\龙猫.htm,4,物种概论：万族大全 / [DrM] 龙之魔力 / 4. 龙脉野兽,物种概论：万族大全,[DrM] 龙之魔力
红龙末裔狂战士,6 种族书\DrM龙之魔力\第四章\红龙末裔狂战士.htm,4,物种概论：万族大全 / [DrM] 龙之魔力 / 4. 龙脉野兽,物种概论：万族大全,[DrM] 龙之魔力
食法者,6 种族书\DrM龙之魔力\第四章\食法者.htm,4,物种概论：万族大全 / [DrM] 龙之魔力 / 4. 龙脉野兽,物种概论：万族大全,[DrM] 龙之魔力
暮光守护者,6 种族书\DrM龙之魔力\第四章\暮光守护者.htm,4,物种概论：万族大全 / [DrM] 龙之魔力 / 4. 龙脉野兽,物种概论：万族大全,[DrM] 龙之魔力
疾鹏,6 种族书\DrM龙之魔力\第四章\疾鹏.htm,4,物种概论：万族大全 / [DrM] 龙之魔力 / 4. 龙脉野兽,物种概论：万族大全,[DrM] 龙之魔力
龙类变异能力,6 种族书\DrM龙之魔力\第四章\龙类变异能力.htm,4,物种概论：万族大全 / [DrM] 龙之魔力 / 4. 龙脉野兽,物种概论：万族大全,[DrM] 龙之魔力
5. 龙的战役,6 种族书\DrM龙之魔力\第五章\龙的战役.htm,3,物种概论：万族大全 / [DrM] 龙之魔力,物种概论：万族大全,[DrM] 龙之魔力
龙类元素简介,6 种族书\DrM龙之魔力\第五章\龙类元素简介.htm,4,物种概论：万族大全 / [DrM] 龙之魔力 / 5. 龙的战役,物种概论：万族大全,[DrM] 龙之魔力
龙的战役模组,6 种族书\DrM龙之魔力\第五章\龙的战役模组.htm,4,物种概论：万族大全 / [DrM] 龙之魔力 / 5. 龙的战役,物种概论：万族大全,[DrM] 龙之魔力
龙类霸主,6 种族书\DrM龙之魔力\第五章\龙类霸主.htm,4,物种概论：万族大全 / [DrM] 龙之魔力 / 5. 龙的战役,物种概论：万族大全,[DrM] 龙之魔力
属下和助手,6 种族书\DrM龙之魔力\第五章\属下和助手.htm,4,物种概论：万族大全 / [DrM] 龙之魔力 / 5. 龙的战役,物种概论：万族大全,[DrM] 龙之魔力
龙的建筑,6 种族书\DrM龙之魔力\第五章\龙的建筑.htm,4,物种概论：万族大全 / [DrM] 龙之魔力 / 5. 龙的战役,物种概论：万族大全,[DrM] 龙之魔力
龙陨之战,6 种族书\DrM龙之魔力\第五章\龙陨之战.htm,4,物种概论：万族大全 / [DrM] 龙之魔力 / 5. 龙的战役,物种概论：万族大全,[DrM] 龙之魔力
[Dra] 巨龙之书,6 种族书\Dra巨龙之书\封面.htm,2,物种概论：万族大全,物种概论：万族大全,[Dra] 巨龙之书
前言,6 种族书\Dra巨龙之书\前言.htm,3,物种概论：万族大全 / [Dra] 巨龙之书,物种概论：万族大全,[Dra] 巨龙之书
1. 关于龙的一切,6 种族书\Dra巨龙之书\1\关于龙的一切.htm,3,物种概论：万族大全 / [Dra] 巨龙之书,物种概论：万族大全,[Dra] 巨龙之书
龙的身体,6 种族书\Dra巨龙之书\1\龙的身体.htm,4,物种概论：万族大全 / [Dra] 巨龙之书 / 1. 关于龙的一切,物种概论：万族大全,[Dra] 巨龙之书
龙类生理学,6 种族书\Dra巨龙之书\1\龙类生理学.htm,4,物种概论：万族大全 / [Dra] 巨龙之书 / 1. 关于龙的一切,物种概论：万族大全,[Dra] 巨龙之书
龙的生命周期,6 种族书\Dra巨龙之书\1\龙的生命周期.htm,4,物种概论：万族大全 / [Dra] 巨龙之书 / 1. 关于龙的一切,物种概论：万族大全,[Dra] 巨龙之书
龙的感官,6 种族书\Dra巨龙之书\1\龙的感官.htm,4,物种概论：万族大全 / [Dra] 巨龙之书 / 1. 关于龙的一切,物种概论：万族大全,[Dra] 巨龙之书
飞行,6 种族书\Dra巨龙之书\1\飞行.htm,4,物种概论：万族大全 / [Dra] 巨龙之书 / 1. 关于龙的一切,物种概论：万族大全,[Dra] 巨龙之书
其它移动模式,6 种族书\Dra巨龙之书\1\其它移动模式.htm,4,物种概论：万族大全 / [Dra] 巨龙之书 / 1. 关于龙的一切,物种概论：万族大全,[Dra] 巨龙之书
战斗能力,6 种族书\Dra巨龙之书\1\战斗能力.htm,4,物种概论：万族大全 / [Dra] 巨龙之书 / 1. 关于龙的一切,物种概论：万族大全,[Dra] 巨龙之书
龙的弱点,6 种族书\Dra巨龙之书\1\龙的弱点.htm,4,物种概论：万族大全 / [Dra] 巨龙之书 / 1. 关于龙的一切,物种概论：万族大全,[Dra] 巨龙之书
观点与心理,6 种族书\Dra巨龙之书\1\观点与心理.htm,4,物种概论：万族大全 / [Dra] 巨龙之书 / 1. 关于龙的一切,物种概论：万族大全,[Dra] 巨龙之书
龙的社会,6 种族书\Dra巨龙之书\1\龙的社会.htm,4,物种概论：万族大全 / [Dra] 巨龙之书 / 1. 关于龙的一切,物种概论：万族大全,[Dra] 巨龙之书
语言,6 种族书\Dra巨龙之书\1\语言.htm,4,物种概论：万族大全 / [Dra] 巨龙之书 / 1. 关于龙的一切,物种概论：万族大全,[Dra] 巨龙之书
宗教,6 种族书\Dra巨龙之书\1\宗教.htm,4,物种概论：万族大全 / [Dra] 巨龙之书 / 1. 关于龙的一切,物种概论：万族大全,[Dra] 巨龙之书
龙的分类,6 种族书\Dra巨龙之书\1\龙的分类.htm,4,物种概论：万族大全 / [Dra] 巨龙之书 / 1. 关于龙的一切,物种概论：万族大全,[Dra] 巨龙之书
红龙,6 种族书\Dra巨龙之书\1\红龙.htm,5,物种概论：万族大全 / [Dra] 巨龙之书 / 1. 关于龙的一切 / 龙的分类,物种概论：万族大全,[Dra] 巨龙之书
蓝龙,6 种族书\Dra巨龙之书\1\蓝龙.htm,5,物种概论：万族大全 / [Dra] 巨龙之书 / 1. 关于龙的一切 / 龙的分类,物种概论：万族大全,[Dra] 巨龙之书
黑龙,6 种族书\Dra巨龙之书\1\黑龙.htm,5,物种概论：万族大全 / [Dra] 巨龙之书 / 1. 关于龙的一切 / 龙的分类,物种概论：万族大全,[Dra] 巨龙之书
绿龙,6 种族书\Dra巨龙之书\1\绿龙.htm,5,物种概论：万族大全 / [Dra] 巨龙之书 / 1. 关于龙的一切 / 龙的分类,物种概论：万族大全,[Dra] 巨龙之书
白龙,6 种族书\Dra巨龙之书\1\白龙.htm,5,物种概论：万族大全 / [Dra] 巨龙之书 / 1. 关于龙的一切 / 龙的分类,物种概论：万族大全,[Dra] 巨龙之书
金龙,6 种族书\Dra巨龙之书\1\金龙.htm,5,物种概论：万族大全 / [Dra] 巨龙之书 / 1. 关于龙的一切 / 龙的分类,物种概论：万族大全,[Dra] 巨龙之书
银龙,6 种族书\Dra巨龙之书\1\银龙.htm,5,物种概论：万族大全 / [Dra] 巨龙之书 / 1. 关于龙的一切 / 龙的分类,物种概论：万族大全,[Dra] 巨龙之书
黄铜龙,6 种族书\Dra巨龙之书\1\黄铜龙.htm,5,物种概论：万族大全 / [Dra] 巨龙之书 / 1. 关于龙的一切 / 龙的分类,物种概论：万族大全,[Dra] 巨龙之书
青铜龙,6 种族书\Dra巨龙之书\1\青铜龙.htm,5,物种概论：万族大全 / [Dra] 巨龙之书 / 1. 关于龙的一切 / 龙的分类,物种概论：万族大全,[Dra] 巨龙之书
赤铜龙,6 种族书\Dra巨龙之书\1\赤铜龙.htm,5,物种概论：万族大全 / [Dra] 巨龙之书 / 1. 关于龙的一切 / 龙的分类,物种概论：万族大全,[Dra] 巨龙之书
2. DM的龙类指南,6 种族书\Dra巨龙之书\2\DM的龙类指南.htm,3,物种概论：万族大全 / [Dra] 巨龙之书,物种概论：万族大全,[Dra] 巨龙之书
战役中的龙,6 种族书\Dra巨龙之书\2\战役中的龙.htm,4,物种概论：万族大全 / [Dra] 巨龙之书 / 2. DM的龙类指南,物种概论：万族大全,[Dra] 巨龙之书
运行龙类遭遇,6 种族书\Dra巨龙之书\2\运行龙类遭遇.htm,5,物种概论：万族大全 / [Dra] 巨龙之书 / 2. DM的龙类指南 / 战役中的龙,物种概论：万族大全,[Dra] 巨龙之书
龙的专长,6 种族书\Dra巨龙之书\2\龙的专长.htm,4,物种概论：万族大全 / [Dra] 巨龙之书 / 2. DM的龙类指南,物种概论：万族大全,[Dra] 巨龙之书
专长描述,6 种族书\Dra巨龙之书\2\专长描述.htm,5,物种概论：万族大全 / [Dra] 巨龙之书 / 2. DM的龙类指南 / 龙的专长,物种概论：万族大全,[Dra] 巨龙之书
龙的法术,6 种族书\Dra巨龙之书\2\龙的法术.htm,4,物种概论：万族大全 / [Dra] 巨龙之书 / 2. DM的龙类指南,物种概论：万族大全,[Dra] 巨龙之书
法术描述,6 种族书\Dra巨龙之书\2\法术描述.htm,5,物种概论：万族大全 / [Dra] 巨龙之书 / 2. DM的龙类指南 / 龙的法术,物种概论：万族大全,[Dra] 巨龙之书
龙的魔法物品,6 种族书\Dra巨龙之书\2\龙的魔法物品.htm,4,物种概论：万族大全 / [Dra] 巨龙之书 / 2. DM的龙类指南,物种概论：万族大全,[Dra] 巨龙之书
龙的进阶职业,6 种族书\Dra巨龙之书\2\龙的进阶职业.htm,4,物种概论：万族大全 / [Dra] 巨龙之书 / 2. DM的龙类指南,物种概论：万族大全,[Dra] 巨龙之书
血鳞狂暴,6 种族书\Dra巨龙之书\2\血鳞狂暴.htm,5,物种概论：万族大全 / [Dra] 巨龙之书 / 2. DM的龙类指南 / 龙的进阶职业,物种概论：万族大全,[Dra] 巨龙之书
封神之龙,6 种族书\Dra巨龙之书\2\新建主题.htm,5,物种概论：万族大全 / [Dra] 巨龙之书 / 2. DM的龙类指南 / 龙的进阶职业,物种概论：万族大全,[Dra] 巨龙之书
元素大师,6 种族书\Dra巨龙之书\2\元素大师.htm,5,物种概论：万族大全 / [Dra] 巨龙之书 / 2. DM的龙类指南 / 龙的进阶职业,物种概论：万族大全,[Dra] 巨龙之书
雕皮之龙,6 种族书\Dra巨龙之书\2\雕皮之龙.htm,5,物种概论：万族大全 / [Dra] 巨龙之书 / 2. DM的龙类指南 / 龙的进阶职业,物种概论：万族大全,[Dra] 巨龙之书
阿莎德隆的信徒,6 种族书\Dra巨龙之书\2\阿莎德隆的信徒.htm,5,物种概论：万族大全 / [Dra] 巨龙之书 / 2. DM的龙类指南 / 龙的进阶职业,物种概论：万族大全,[Dra] 巨龙之书
巴哈姆特的神圣守望者,6 种族书\Dra巨龙之书\2\巴哈姆特的神圣守望者.htm,5,物种概论：万族大全 / [Dra] 巨龙之书 / 2. DM的龙类指南 / 龙的进阶职业,物种概论：万族大全,[Dra] 巨龙之书
提亚马特的亵渎破坏者,6 种族书\Dra巨龙之书\2\提亚马特的亵渎破坏者.htm,5,物种概论：万族大全 / [Dra] 巨龙之书 / 2. DM的龙类指南 / 龙的进阶职业,物种概论：万族大全,[Dra] 巨龙之书
库罗尼普斯的冷静观察者,6 种族书\Dra巨龙之书\2\库罗尼普斯的冷静观察者.htm,5,物种概论：万族大全 / [Dra] 巨龙之书 / 2. DM的龙类指南 / 龙的进阶职业,物种概论：万族大全,[Dra] 巨龙之书
进阶龙,6 种族书\Dra巨龙之书\2\进阶龙.htm,4,物种概论：万族大全 / [Dra] 巨龙之书 / 2. DM的龙类指南,物种概论：万族大全,[Dra] 巨龙之书
3. 玩家的视角,6 种族书\Dra巨龙之书\3\玩家的视角.htm,3,物种概论：万族大全 / [Dra] 巨龙之书,物种概论：万族大全,[Dra] 巨龙之书
与龙战斗,6 种族书\Dra巨龙之书\3\与龙战斗.htm,4,物种概论：万族大全 / [Dra] 巨龙之书 / 3. 玩家的视角,物种概论：万族大全,[Dra] 巨龙之书
专长,6 种族书\Dra巨龙之书\3\专长.htm,4,物种概论：万族大全 / [Dra] 巨龙之书 / 3. 玩家的视角,物种概论：万族大全,[Dra] 巨龙之书
新法术,6 种族书\Dra巨龙之书\3\新法术.htm,4,物种概论：万族大全 / [Dra] 巨龙之书 / 3. 玩家的视角,物种概论：万族大全,[Dra] 巨龙之书
法术描述,6 种族书\Dra巨龙之书\3\法术描述.htm,5,物种概论：万族大全 / [Dra] 巨龙之书 / 3. 玩家的视角 / 新法术,物种概论：万族大全,[Dra] 巨龙之书
龙皮甲,6 种族书\Dra巨龙之书\3\龙皮甲.htm,4,物种概论：万族大全 / [Dra] 巨龙之书 / 3. 玩家的视角,物种概论：万族大全,[Dra] 巨龙之书
龙类手工艺品,6 种族书\Dra巨龙之书\3\龙类手工艺品.htm,4,物种概论：万族大全 / [Dra] 巨龙之书 / 3. 玩家的视角,物种概论：万族大全,[Dra] 巨龙之书
魔法物品,6 种族书\Dra巨龙之书\3\魔法物品.htm,4,物种概论：万族大全 / [Dra] 巨龙之书 / 3. 玩家的视角,物种概论：万族大全,[Dra] 巨龙之书
进阶职业,6 种族书\Dra巨龙之书\3\进阶职业.htm,4,物种概论：万族大全 / [Dra] 巨龙之书 / 3. 玩家的视角,物种概论：万族大全,[Dra] 巨龙之书
龙神眷者,6 种族书\Dra巨龙之书\3\龙神眷者.htm,5,物种概论：万族大全 / [Dra] 巨龙之书 / 3. 玩家的视角 / 进阶职业,物种概论：万族大全,[Dra] 巨龙之书
龙之邻,6 种族书\Dra巨龙之书\3\龙之邻.htm,5,物种概论：万族大全 / [Dra] 巨龙之书 / 3. 玩家的视角 / 进阶职业,物种概论：万族大全,[Dra] 巨龙之书
龙骑士,6 种族书\Dra巨龙之书\3\龙骑士.htm,5,物种概论：万族大全 / [Dra] 巨龙之书 / 3. 玩家的视角 / 进阶职业,物种概论：万族大全,[Dra] 巨龙之书
屠龙者,6 种族书\Dra巨龙之书\3\屠龙者.htm,5,物种概论：万族大全 / [Dra] 巨龙之书 / 3. 玩家的视角 / 进阶职业,物种概论：万族大全,[Dra] 巨龙之书
龙歌诗人,6 种族书\Dra巨龙之书\3\龙歌诗人.htm,5,物种概论：万族大全 / [Dra] 巨龙之书 / 3. 玩家的视角 / 进阶职业,物种概论：万族大全,[Dra] 巨龙之书
猎龙者,6 种族书\Dra巨龙之书\3\新建主题.htm,5,物种概论：万族大全 / [Dra] 巨龙之书 / 3. 玩家的视角 / 进阶职业,物种概论：万族大全,[Dra] 巨龙之书
宝库窃贼,6 种族书\Dra巨龙之书\3\宝库窃贼.htm,5,物种概论：万族大全 / [Dra] 巨龙之书 / 3. 玩家的视角 / 进阶职业,物种概论：万族大全,[Dra] 巨龙之书
龙秘入门者,6 种族书\Dra巨龙之书\3\龙秘入门者.htm,5,物种概论：万族大全 / [Dra] 巨龙之书 / 3. 玩家的视角 / 进阶职业,物种概论：万族大全,[Dra] 巨龙之书
白金骑士,6 种族书\Dra巨龙之书\3\白金骑士.htm,5,物种概论：万族大全 / [Dra] 巨龙之书 / 3. 玩家的视角 / 进阶职业,物种概论：万族大全,[Dra] 巨龙之书
提亚马特之爪,6 种族书\Dra巨龙之书\3\提亚马特之爪.htm,5,物种概论：万族大全 / [Dra] 巨龙之书 / 3. 玩家的视角 / 进阶职业,物种概论：万族大全,[Dra] 巨龙之书
队伍里的龙,6 种族书\Dra巨龙之书\3\队伍里的龙.htm,4,物种概论：万族大全 / [Dra] 巨龙之书 / 3. 玩家的视角,物种概论：万族大全,[Dra] 巨龙之书
作为玩家角色的龙,6 种族书\Dra巨龙之书\3\作为玩家角色的龙.htm,4,物种概论：万族大全 / [Dra] 巨龙之书 / 3. 玩家的视角,物种概论：万族大全,[Dra] 巨龙之书
4. 新怪物,6 种族书\Dra巨龙之书\4\怪物.htm,3,物种概论：万族大全 / [Dra] 巨龙之书,物种概论：万族大全,[Dra] 巨龙之书
龙类模板,,4,物种概论：万族大全 / [Dra] 巨龙之书 / 4. 新怪物,物种概论：万族大全,[Dra] 巨龙之书
半龙,6 种族书\Dra巨龙之书\4\半龙.htm,5,物种概论：万族大全 / [Dra] 巨龙之书 / 4. 新怪物 / 龙类模板,物种概论：万族大全,[Dra] 巨龙之书
龙巫妖,6 种族书\Dra巨龙之书\4\龙巫妖.htm,5,物种概论：万族大全 / [Dra] 巨龙之书 / 4. 新怪物 / 龙类模板,物种概论：万族大全,[Dra] 巨龙之书
幽灵龙,6 种族书\Dra巨龙之书\4\幽灵龙.htm,5,物种概论：万族大全 / [Dra] 巨龙之书 / 4. 新怪物 / 龙类模板,物种概论：万族大全,[Dra] 巨龙之书
骷髅龙,6 种族书\Dra巨龙之书\4\骷髅龙.htm,5,物种概论：万族大全 / [Dra] 巨龙之书 / 4. 新怪物 / 龙类模板,物种概论：万族大全,[Dra] 巨龙之书
吸血龙,6 种族书\Dra巨龙之书\4\吸血龙.htm,5,物种概论：万族大全 / [Dra] 巨龙之书 / 4. 新怪物 / 龙类模板,物种概论：万族大全,[Dra] 巨龙之书
僵尸龙,6 种族书\Dra巨龙之书\4\僵尸龙.htm,5,物种概论：万族大全 / [Dra] 巨龙之书 / 4. 新怪物 / 龙类模板,物种概论：万族大全,[Dra] 巨龙之书
异界龙族,6 种族书\Dra巨龙之书\4\位面龙.htm,4,物种概论：万族大全 / [Dra] 巨龙之书 / 4. 新怪物,物种概论：万族大全,[Dra] 巨龙之书
战龙,6 种族书\Dra巨龙之书\4\战龙.htm,5,物种概论：万族大全 / [Dra] 巨龙之书 / 4. 新怪物 / 异界龙族,物种概论：万族大全,[Dra] 巨龙之书
影龙,6 种族书\Dra巨龙之书\4\影龙.htm,5,物种概论：万族大全 / [Dra] 巨龙之书 / 4. 新怪物 / 异界龙族,物种概论：万族大全,[Dra] 巨龙之书
混沌龙,6 种族书\Dra巨龙之书\4\混沌龙.htm,5,物种概论：万族大全 / [Dra] 巨龙之书 / 4. 新怪物 / 异界龙族,物种概论：万族大全,[Dra] 巨龙之书
以太龙,6 种族书\Dra巨龙之书\4\以太龙.htm,5,物种概论：万族大全 / [Dra] 巨龙之书 / 4. 新怪物 / 异界龙族,物种概论：万族大全,[Dra] 巨龙之书
嚎叫龙,6 种族书\Dra巨龙之书\4\嚎叫龙.htm,5,物种概论：万族大全 / [Dra] 巨龙之书 / 4. 新怪物 / 异界龙族,物种概论：万族大全,[Dra] 巨龙之书
海神龙,6 种族书\Dra巨龙之书\4\海神龙.htm,5,物种概论：万族大全 / [Dra] 巨龙之书 / 4. 新怪物 / 异界龙族,物种概论：万族大全,[Dra] 巨龙之书
火屑龙,6 种族书\Dra巨龙之书\4\火屑龙.htm,5,物种概论：万族大全 / [Dra] 巨龙之书 / 4. 新怪物 / 异界龙族,物种概论：万族大全,[Dra] 巨龙之书
光耀龙,6 种族书\Dra巨龙之书\4\光耀龙.htm,5,物种概论：万族大全 / [Dra] 巨龙之书 / 4. 新怪物 / 异界龙族,物种概论：万族大全,[Dra] 巨龙之书
锈蚀龙,6 种族书\Dra巨龙之书\4\锈蚀龙.htm,5,物种概论：万族大全 / [Dra] 巨龙之书 / 4. 新怪物 / 异界龙族,物种概论：万族大全,[Dra] 巨龙之书
冥河龙,6 种族书\Dra巨龙之书\4\冥河龙.htm,5,物种概论：万族大全 / [Dra] 巨龙之书 / 4. 新怪物 / 异界龙族,物种概论：万族大全,[Dra] 巨龙之书
永罚龙,6 种族书\Dra巨龙之书\4\永罚龙.htm,5,物种概论：万族大全 / [Dra] 巨龙之书 / 4. 新怪物 / 异界龙族,物种概论：万族大全,[Dra] 巨龙之书
龙魔像,6 种族书\Dra巨龙之书\4\魔像.htm,4,物种概论：万族大全 / [Dra] 巨龙之书 / 4. 新怪物,物种概论：万族大全,[Dra] 巨龙之书
陆行龙,6 种族书\Dra巨龙之书\4\陆行龙.htm,4,物种概论：万族大全 / [Dra] 巨龙之书 / 4. 新怪物,物种概论：万族大全,[Dra] 巨龙之书
元素龙兽,6 种族书\Dra巨龙之书\4\元素龙兽.htm,4,物种概论：万族大全 / [Dra] 巨龙之书 / 4. 新怪物,物种概论：万族大全,[Dra] 巨龙之书
龙脉生物,6 种族书\Dra巨龙之书\4\龙脉生物.htm,4,物种概论：万族大全 / [Dra] 巨龙之书 / 4. 新怪物,物种概论：万族大全,[Dra] 巨龙之书
龙人,6 种族书\Dra巨龙之书\4\龙人.htm,4,物种概论：万族大全 / [Dra] 巨龙之书 / 4. 新怪物,物种概论：万族大全,[Dra] 巨龙之书
龙羚,6 种族书\Dra巨龙之书\4\龙羚.htm,4,物种概论：万族大全 / [Dra] 巨龙之书 / 4. 新怪物,物种概论：万族大全,[Dra] 巨龙之书
牙龙,6 种族书\Dra巨龙之书\4\牙龙.htm,4,物种概论：万族大全 / [Dra] 巨龙之书 / 4. 新怪物,物种概论：万族大全,[Dra] 巨龙之书
妖精龙,6 种族书\Dra巨龙之书\4\妖精龙.htm,4,物种概论：万族大全 / [Dra] 巨龙之书 / 4. 新怪物,物种概论：万族大全,[Dra] 巨龙之书
深渊龙兽,6 种族书\Dra巨龙之书\4\深渊龙兽.htm,4,物种概论：万族大全 / [Dra] 巨龙之书 / 4. 新怪物,物种概论：万族大全,[Dra] 巨龙之书
风暴龙兽,6 种族书\Dra巨龙之书\4\风暴龙兽.htm,4,物种概论：万族大全 / [Dra] 巨龙之书 / 4. 新怪物,物种概论：万族大全,[Dra] 巨龙之书
尖刺无翼龙,6 种族书\Dra巨龙之书\4\尖刺无翼龙.htm,4,物种概论：万族大全 / [Dra] 巨龙之书 / 4. 新怪物,物种概论：万族大全,[Dra] 巨龙之书
宝库圣甲虫,6 种族书\Dra巨龙之书\4\宝库圣甲虫.htm,4,物种概论：万族大全 / [Dra] 巨龙之书 / 4. 新怪物,物种概论：万族大全,[Dra] 巨龙之书
有鳞呕吐者,6 种族书\Dra巨龙之书\4\有鳞呕吐者.htm,4,物种概论：万族大全 / [Dra] 巨龙之书 / 4. 新怪物,物种概论：万族大全,[Dra] 巨龙之书
[LoM] 癫狂之主：异怪之书,6 种族书\LoM异怪之书\1介绍\异怪之书.htm,2,物种概论：万族大全,物种概论：万族大全,[LoM] 癫狂之主：异怪之书
1. 何谓异怪,6 种族书\LoM异怪之书\1介绍\何谓异怪.htm,3,物种概论：万族大全 / [LoM] 癫狂之主：异怪之书,物种概论：万族大全,[LoM] 癫狂之主：异怪之书
异怪的起源,6 种族书\LoM异怪之书\1介绍\异怪的起源.htm,4,物种概论：万族大全 / [LoM] 癫狂之主：异怪之书 / 1. 何谓异怪,物种概论：万族大全,[LoM] 癫狂之主：异怪之书
异怪的心理特征,6 种族书\LoM异怪之书\1介绍\异怪的心理.htm,4,物种概论：万族大全 / [LoM] 癫狂之主：异怪之书 / 1. 何谓异怪,物种概论：万族大全,[LoM] 癫狂之主：异怪之书
异怪的战役,6 种族书\LoM异怪之书\1介绍\异怪的战役.htm,4,物种概论：万族大全 / [LoM] 癫狂之主：异怪之书 / 1. 何谓异怪,物种概论：万族大全,[LoM] 癫狂之主：异怪之书
2. 水中霸主,6 种族书\LoM异怪之书\2水中霸主\水中霸主.htm,3,物种概论：万族大全 / [LoM] 癫狂之主：异怪之书,物种概论：万族大全,[LoM] 癫狂之主：异怪之书
生理结构,6 种族书\LoM异怪之书\2水中霸主\生理构造.htm,4,物种概论：万族大全 / [LoM] 癫狂之主：异怪之书 / 2. 水中霸主,物种概论：万族大全,[LoM] 癫狂之主：异怪之书
外部特征,6 种族书\LoM异怪之书\2水中霸主\外部特征.htm,5,物种概论：万族大全 / [LoM] 癫狂之主：异怪之书 / 2. 水中霸主 / 生理结构,物种概论：万族大全,[LoM] 癫狂之主：异怪之书
内部构造,6 种族书\LoM异怪之书\2水中霸主\内部构造.htm,5,物种概论：万族大全 / [LoM] 癫狂之主：异怪之书 / 2. 水中霸主 / 生理结构,物种概论：万族大全,[LoM] 癫狂之主：异怪之书
思维方式,6 种族书\LoM异怪之书\2水中霸主\思维方式.htm,5,物种概论：万族大全 / [LoM] 癫狂之主：异怪之书 / 2. 水中霸主 / 生理结构,物种概论：万族大全,[LoM] 癫狂之主：异怪之书
生活方式,6 种族书\LoM异怪之书\2水中霸主\生活方式.htm,4,物种概论：万族大全 / [LoM] 癫狂之主：异怪之书 / 2. 水中霸主,物种概论：万族大全,[LoM] 癫狂之主：异怪之书
饮食习惯,6 种族书\LoM异怪之书\2水中霸主\饮食.htm,5,物种概论：万族大全 / [LoM] 癫狂之主：异怪之书 / 2. 水中霸主 / 生活方式,物种概论：万族大全,[LoM] 癫狂之主：异怪之书
变种底栖魔鱼,6 种族书\LoM异怪之书\2水中霸主\变种.htm,5,物种概论：万族大全 / [LoM] 癫狂之主：异怪之书 / 2. 水中霸主 / 生活方式,物种概论：万族大全,[LoM] 癫狂之主：异怪之书
底栖魔鱼的魔法,6 种族书\LoM异怪之书\2水中霸主\装备.htm,4,物种概论：万族大全 / [LoM] 癫狂之主：异怪之书 / 2. 水中霸主,物种概论：万族大全,[LoM] 癫狂之主：异怪之书
大师符印,6 种族书\LoM异怪之书\2水中霸主\符文.htm,5,物种概论：万族大全 / [LoM] 癫狂之主：异怪之书 / 2. 水中霸主 / 底栖魔鱼的魔法,物种概论：万族大全,[LoM] 癫狂之主：异怪之书
进阶: 底栖魔鱼专家,6 种族书\LoM异怪之书\2水中霸主\进阶.htm,5,物种概论：万族大全 / [LoM] 癫狂之主：异怪之书 / 2. 水中霸主 / 底栖魔鱼的魔法,物种概论：万族大全,[LoM] 癫狂之主：异怪之书
[暂缺] 边栏：灵能底栖魔鱼,,5,物种概论：万族大全 / [LoM] 癫狂之主：异怪之书 / 2. 水中霸主 / 底栖魔鱼的魔法,物种概论：万族大全,[LoM] 癫狂之主：异怪之书
底栖魔鱼专长,6 种族书\LoM异怪之书\2水中霸主\专长.htm,4,物种概论：万族大全 / [LoM] 癫狂之主：异怪之书 / 2. 水中霸主,物种概论：万族大全,[LoM] 癫狂之主：异怪之书
超越时间的梦魇,6 种族书\LoM异怪之书\2水中霸主\生活.htm,4,物种概论：万族大全 / [LoM] 癫狂之主：异怪之书 / 2. 水中霸主,物种概论：万族大全,[LoM] 癫狂之主：异怪之书
宗教,6 种族书\LoM异怪之书\2水中霸主\宗教.htm,5,物种概论：万族大全 / [LoM] 癫狂之主：异怪之书 / 2. 水中霸主 / 超越时间的梦魇,物种概论：万族大全,[LoM] 癫狂之主：异怪之书
语言,6 种族书\LoM异怪之书\2水中霸主\语言.htm,5,物种概论：万族大全 / [LoM] 癫狂之主：异怪之书 / 2. 水中霸主 / 超越时间的梦魇,物种概论：万族大全,[LoM] 癫狂之主：异怪之书
种族立场,6 种族书\LoM异怪之书\2水中霸主\关系.htm,5,物种概论：万族大全 / [LoM] 癫狂之主：异怪之书 / 2. 水中霸主 / 超越时间的梦魇,物种概论：万族大全,[LoM] 癫狂之主：异怪之书
巢穴,6 种族书\LoM异怪之书\2水中霸主\巢穴.htm,5,物种概论：万族大全 / [LoM] 癫狂之主：异怪之书 / 2. 水中霸主 / 超越时间的梦魇,物种概论：万族大全,[LoM] 癫狂之主：异怪之书
奴仆,6 种族书\LoM异怪之书\2水中霸主\奴仆.htm,5,物种概论：万族大全 / [LoM] 癫狂之主：异怪之书 / 2. 水中霸主 / 超越时间的梦魇,物种概论：万族大全,[LoM] 癫狂之主：异怪之书
城市,6 种族书\LoM异怪之书\2水中霸主\城市.htm,5,物种概论：万族大全 / [LoM] 癫狂之主：异怪之书 / 2. 水中霸主 / 超越时间的梦魇,物种概论：万族大全,[LoM] 癫狂之主：异怪之书
作为角色,6 种族书\LoM异怪之书\2水中霸主\角色.htm,5,物种概论：万族大全 / [LoM] 癫狂之主：异怪之书 / 2. 水中霸主 / 超越时间的梦魇,物种概论：万族大全,[LoM] 癫狂之主：异怪之书
3. 巨眼暴君,6 种族书\LoM异怪之书\3巨眼暴君\巨眼暴君.htm,3,物种概论：万族大全 / [LoM] 癫狂之主：异怪之书,物种概论：万族大全,[LoM] 癫狂之主：异怪之书
生理结构,6 种族书\LoM异怪之书\3巨眼暴君\生理.htm,4,物种概论：万族大全 / [LoM] 癫狂之主：异怪之书 / 3. 巨眼暴君,物种概论：万族大全,[LoM] 癫狂之主：异怪之书
外部特征,6 种族书\LoM异怪之书\3巨眼暴君\外部特征.htm,5,物种概论：万族大全 / [LoM] 癫狂之主：异怪之书 / 3. 巨眼暴君 / 生理结构,物种概论：万族大全,[LoM] 癫狂之主：异怪之书
内部构造,6 种族书\LoM异怪之书\3巨眼暴君\内部构造.htm,5,物种概论：万族大全 / [LoM] 癫狂之主：异怪之书 / 3. 巨眼暴君 / 生理结构,物种概论：万族大全,[LoM] 癫狂之主：异怪之书
思维方式,6 种族书\LoM异怪之书\3巨眼暴君\思维方式.htm,5,物种概论：万族大全 / [LoM] 癫狂之主：异怪之书 / 3. 巨眼暴君 / 生理结构,物种概论：万族大全,[LoM] 癫狂之主：异怪之书
眼魔的一生,6 种族书\LoM异怪之书\3巨眼暴君\力量.htm,4,物种概论：万族大全 / [LoM] 癫狂之主：异怪之书 / 3. 巨眼暴君,物种概论：万族大全,[LoM] 癫狂之主：异怪之书
饮食,6 种族书\LoM异怪之书\3巨眼暴君\饮食.htm,5,物种概论：万族大全 / [LoM] 癫狂之主：异怪之书 / 3. 巨眼暴君 / 眼魔的一生,物种概论：万族大全,[LoM] 癫狂之主：异怪之书
眼魔异变体,6 种族书\LoM异怪之书\3巨眼暴君\变体.htm,5,物种概论：万族大全 / [LoM] 癫狂之主：异怪之书 / 3. 巨眼暴君 / 眼魔的一生,物种概论：万族大全,[LoM] 癫狂之主：异怪之书
进阶: 眼魔法师,6 种族书\LoM异怪之书\3巨眼暴君\进阶.htm,4,物种概论：万族大全 / [LoM] 癫狂之主：异怪之书 / 3. 巨眼暴君,物种概论：万族大全,[LoM] 癫狂之主：异怪之书
眼魔专长,6 种族书\LoM异怪之书\3巨眼暴君\专长.htm,4,物种概论：万族大全 / [LoM] 癫狂之主：异怪之书 / 3. 巨眼暴君,物种概论：万族大全,[LoM] 癫狂之主：异怪之书
魔法物品,6 种族书\LoM异怪之书\3巨眼暴君\装备.htm,4,物种概论：万族大全 / [LoM] 癫狂之主：异怪之书 / 3. 巨眼暴君,物种概论：万族大全,[LoM] 癫狂之主：异怪之书
眼魔的社会,6 种族书\LoM异怪之书\3巨眼暴君\社会.htm,4,物种概论：万族大全 / [LoM] 癫狂之主：异怪之书 / 3. 巨眼暴君,物种概论：万族大全,[LoM] 癫狂之主：异怪之书
宗教,6 种族书\LoM异怪之书\3巨眼暴君\宗教.htm,5,物种概论：万族大全 / [LoM] 癫狂之主：异怪之书 / 3. 巨眼暴君 / 眼魔的社会,物种概论：万族大全,[LoM] 癫狂之主：异怪之书
语言,6 种族书\LoM异怪之书\3巨眼暴君\语言.htm,5,物种概论：万族大全 / [LoM] 癫狂之主：异怪之书 / 3. 巨眼暴君 / 眼魔的社会,物种概论：万族大全,[LoM] 癫狂之主：异怪之书
眼魔的社交,6 种族书\LoM异怪之书\3巨眼暴君\社交.htm,5,物种概论：万族大全 / [LoM] 癫狂之主：异怪之书 / 3. 巨眼暴君 / 眼魔的社会,物种概论：万族大全,[LoM] 癫狂之主：异怪之书
心智健全的眼魔,6 种族书\LoM异怪之书\3巨眼暴君\异类.htm,5,物种概论：万族大全 / [LoM] 癫狂之主：异怪之书 / 3. 巨眼暴君 / 眼魔的社会,物种概论：万族大全,[LoM] 癫狂之主：异怪之书
巢穴和巢城,6 种族书\LoM异怪之书\3巨眼暴君\巢穴.htm,5,物种概论：万族大全 / [LoM] 癫狂之主：异怪之书 / 3. 巨眼暴君 / 眼魔的社会,物种概论：万族大全,[LoM] 癫狂之主：异怪之书
仆从,6 种族书\LoM异怪之书\3巨眼暴君\仆从.htm,5,物种概论：万族大全 / [LoM] 癫狂之主：异怪之书 / 3. 巨眼暴君 / 眼魔的社会,物种概论：万族大全,[LoM] 癫狂之主：异怪之书
4. 夺心魔,6 种族书\LoM异怪之书\4夺心魔\夺心魔.htm,3,物种概论：万族大全 / [LoM] 癫狂之主：异怪之书,物种概论：万族大全,[LoM] 癫狂之主：异怪之书
夺心魔生理学,6 种族书\LoM异怪之书\4夺心魔\生理.htm,4,物种概论：万族大全 / [LoM] 癫狂之主：异怪之书 / 4. 夺心魔,物种概论：万族大全,[LoM] 癫狂之主：异怪之书
生理特征,6 种族书\LoM异怪之书\4夺心魔\生理特征.htm,5,物种概论：万族大全 / [LoM] 癫狂之主：异怪之书 / 4. 夺心魔 / 夺心魔生理学,物种概论：万族大全,[LoM] 癫狂之主：异怪之书
繁殖老化,6 种族书\LoM异怪之书\4夺心魔\繁殖老化.htm,5,物种概论：万族大全 / [LoM] 癫狂之主：异怪之书 / 4. 夺心魔 / 夺心魔生理学,物种概论：万族大全,[LoM] 癫狂之主：异怪之书
灵吸怪的心智,6 种族书\LoM异怪之书\4夺心魔\思维方式.htm,5,物种概论：万族大全 / [LoM] 癫狂之主：异怪之书 / 4. 夺心魔 / 夺心魔生理学,物种概论：万族大全,[LoM] 癫狂之主：异怪之书
灵吸怪变种,6 种族书\LoM异怪之书\4夺心魔\变种.htm,5,物种概论：万族大全 / [LoM] 癫狂之主：异怪之书 / 4. 夺心魔 / 夺心魔生理学,物种概论：万族大全,[LoM] 癫狂之主：异怪之书
灵吸怪的魔法,6 种族书\LoM异怪之书\4夺心魔\力量.htm,4,物种概论：万族大全 / [LoM] 癫狂之主：异怪之书 / 4. 夺心魔,物种概论：万族大全,[LoM] 癫狂之主：异怪之书
夺心魔与魔法物品,6 种族书\LoM异怪之书\4夺心魔\魔法.htm,5,物种概论：万族大全 / [LoM] 癫狂之主：异怪之书 / 4. 夺心魔 / 灵吸怪的魔法,物种概论：万族大全,[LoM] 癫狂之主：异怪之书
灵吸怪起源: 低语的暗影,6 种族书\LoM异怪之书\4夺心魔\起源.htm,4,物种概论：万族大全 / [LoM] 癫狂之主：异怪之书 / 4. 夺心魔,物种概论：万族大全,[LoM] 癫狂之主：异怪之书
语言,6 种族书\LoM异怪之书\4夺心魔\语言.htm,5,物种概论：万族大全 / [LoM] 癫狂之主：异怪之书 / 4. 夺心魔 / 灵吸怪起源: 低语的暗影,物种概论：万族大全,[LoM] 癫狂之主：异怪之书
宗教,6 种族书\LoM异怪之书\4夺心魔\宗教.htm,5,物种概论：万族大全 / [LoM] 癫狂之主：异怪之书 / 4. 夺心魔 / 灵吸怪起源: 低语的暗影,物种概论：万族大全,[LoM] 癫狂之主：异怪之书
种族立场,6 种族书\LoM异怪之书\4夺心魔\关系.htm,5,物种概论：万族大全 / [LoM] 癫狂之主：异怪之书 / 4. 夺心魔 / 灵吸怪起源: 低语的暗影,物种概论：万族大全,[LoM] 癫狂之主：异怪之书
奴隶 (Thralls),6 种族书\LoM异怪之书\4夺心魔\奴隶.htm,6,物种概论：万族大全 / [LoM] 癫狂之主：异怪之书 / 4. 夺心魔 / 灵吸怪起源: 低语的暗影 / 种族立场,物种概论：万族大全,[LoM] 癫狂之主：异怪之书
夺心魔的目标,6 种族书\LoM异怪之书\4夺心魔\社会.htm,4,物种概论：万族大全 / [LoM] 癫狂之主：异怪之书 / 4. 夺心魔,物种概论：万族大全,[LoM] 癫狂之主：异怪之书
新鲜大脑的供应,6 种族书\LoM异怪之书\4夺心魔\饮食.htm,5,物种概论：万族大全 / [LoM] 癫狂之主：异怪之书 / 4. 夺心魔 / 夺心魔的目标,物种概论：万族大全,[LoM] 癫狂之主：异怪之书
其他目标,6 种族书\LoM异怪之书\4夺心魔\目标.htm,5,物种概论：万族大全 / [LoM] 癫狂之主：异怪之书 / 4. 夺心魔 / 夺心魔的目标,物种概论：万族大全,[LoM] 癫狂之主：异怪之书
拉古诺，灵吸怪据点,6 种族书\LoM异怪之书\4夺心魔\城市.htm,4,物种概论：万族大全 / [LoM] 癫狂之主：异怪之书 / 4. 夺心魔,物种概论：万族大全,[LoM] 癫狂之主：异怪之书
5. 奴役者,6 种族书\LoM异怪之书\5奴役者\纽吉怪.htm,3,物种概论：万族大全 / [LoM] 癫狂之主：异怪之书,物种概论：万族大全,[LoM] 癫狂之主：异怪之书
纽吉怪角色,6 种族书\LoM异怪之书\5奴役者\扮演.htm,4,物种概论：万族大全 / [LoM] 癫狂之主：异怪之书 / 5. 奴役者,物种概论：万族大全,[LoM] 癫狂之主：异怪之书
纽吉怪生理学,6 种族书\LoM异怪之书\5奴役者\生理.htm,4,物种概论：万族大全 / [LoM] 癫狂之主：异怪之书 / 5. 奴役者,物种概论：万族大全,[LoM] 癫狂之主：异怪之书
生理特征,6 种族书\LoM异怪之书\5奴役者\生理特征.htm,5,物种概论：万族大全 / [LoM] 癫狂之主：异怪之书 / 5. 奴役者 / 纽吉怪生理学,物种概论：万族大全,[LoM] 癫狂之主：异怪之书
繁殖与成长,6 种族书\LoM异怪之书\5奴役者\繁殖成长.htm,5,物种概论：万族大全 / [LoM] 癫狂之主：异怪之书 / 5. 奴役者 / 纽吉怪生理学,物种概论：万族大全,[LoM] 癫狂之主：异怪之书
纽吉怪变种,6 种族书\LoM异怪之书\5奴役者\变种.htm,5,物种概论：万族大全 / [LoM] 癫狂之主：异怪之书 / 5. 奴役者 / 纽吉怪生理学,物种概论：万族大全,[LoM] 癫狂之主：异怪之书
纽吉怪的生活,6 种族书\LoM异怪之书\5奴役者\社会.htm,4,物种概论：万族大全 / [LoM] 癫狂之主：异怪之书 / 5. 奴役者,物种概论：万族大全,[LoM] 癫狂之主：异怪之书
领导与奴役,6 种族书\LoM异怪之书\5奴役者\社群.htm,5,物种概论：万族大全 / [LoM] 癫狂之主：异怪之书 / 5. 奴役者 / 纽吉怪的生活,物种概论：万族大全,[LoM] 癫狂之主：异怪之书
语言,6 种族书\LoM异怪之书\5奴役者\语言.htm,5,物种概论：万族大全 / [LoM] 癫狂之主：异怪之书 / 5. 奴役者 / 纽吉怪的生活,物种概论：万族大全,[LoM] 癫狂之主：异怪之书
宗教,6 种族书\LoM异怪之书\5奴役者\宗教.htm,5,物种概论：万族大全 / [LoM] 癫狂之主：异怪之书 / 5. 奴役者 / 纽吉怪的生活,物种概论：万族大全,[LoM] 癫狂之主：异怪之书
种族立场,6 种族书\LoM异怪之书\5奴役者\关系.htm,5,物种概论：万族大全 / [LoM] 癫狂之主：异怪之书 / 5. 奴役者 / 纽吉怪的生活,物种概论：万族大全,[LoM] 癫狂之主：异怪之书
纽吉怪的魔法,6 种族书\LoM异怪之书\5奴役者\魔法.htm,4,物种概论：万族大全 / [LoM] 癫狂之主：异怪之书 / 5. 奴役者,物种概论：万族大全,[LoM] 癫狂之主：异怪之书
纽吉怪的目标,6 种族书\LoM异怪之书\5奴役者\目标.htm,4,物种概论：万族大全 / [LoM] 癫狂之主：异怪之书 / 5. 奴役者,物种概论：万族大全,[LoM] 癫狂之主：异怪之书
6  捕食者,6 种族书\LoM异怪之书\6捕食者\捕食者.htm,3,物种概论：万族大全 / [LoM] 癫狂之主：异怪之书,物种概论：万族大全,[LoM] 癫狂之主：异怪之书
触须怪生理学,6 种族书\LoM异怪之书\6捕食者\生理.htm,4,物种概论：万族大全 / [LoM] 癫狂之主：异怪之书 / 6  捕食者,物种概论：万族大全,[LoM] 癫狂之主：异怪之书
生理特征,6 种族书\LoM异怪之书\6捕食者\生理特征.htm,5,物种概论：万族大全 / [LoM] 癫狂之主：异怪之书 / 6  捕食者 / 触须怪生理学,物种概论：万族大全,[LoM] 癫狂之主：异怪之书
繁殖与老化,6 种族书\LoM异怪之书\6捕食者\繁殖老化.htm,5,物种概论：万族大全 / [LoM] 癫狂之主：异怪之书 / 6  捕食者 / 触须怪生理学,物种概论：万族大全,[LoM] 癫狂之主：异怪之书
触须怪变种,6 种族书\LoM异怪之书\6捕食者\变种.htm,5,物种概论：万族大全 / [LoM] 癫狂之主：异怪之书 / 6  捕食者 / 触须怪生理学,物种概论：万族大全,[LoM] 癫狂之主：异怪之书
触须怪的社会,6 种族书\LoM异怪之书\6捕食者\社会.htm,4,物种概论：万族大全 / [LoM] 癫狂之主：异怪之书 / 6  捕食者,物种概论：万族大全,[LoM] 癫狂之主：异怪之书
社群结构,6 种族书\LoM异怪之书\6捕食者\社群.htm,5,物种概论：万族大全 / [LoM] 癫狂之主：异怪之书 / 6  捕食者 / 触须怪的社会,物种概论：万族大全,[LoM] 癫狂之主：异怪之书
语言,6 种族书\LoM异怪之书\6捕食者\语言.htm,5,物种概论：万族大全 / [LoM] 癫狂之主：异怪之书 / 6  捕食者 / 触须怪的社会,物种概论：万族大全,[LoM] 癫狂之主：异怪之书
宗教,6 种族书\LoM异怪之书\6捕食者\宗教.htm,5,物种概论：万族大全 / [LoM] 癫狂之主：异怪之书 / 6  捕食者 / 触须怪的社会,物种概论：万族大全,[LoM] 癫狂之主：异怪之书
领导者,6 种族书\LoM异怪之书\6捕食者\领导.htm,5,物种概论：万族大全 / [LoM] 癫狂之主：异怪之书 / 6  捕食者 / 触须怪的社会,物种概论：万族大全,[LoM] 癫狂之主：异怪之书
种族立场,6 种族书\LoM异怪之书\6捕食者\关系.htm,5,物种概论：万族大全 / [LoM] 癫狂之主：异怪之书 / 6  捕食者 / 触须怪的社会,物种概论：万族大全,[LoM] 癫狂之主：异怪之书
触须怪的魔法,6 种族书\LoM异怪之书\6捕食者\魔法.htm,4,物种概论：万族大全 / [LoM] 癫狂之主：异怪之书 / 6  捕食者,物种概论：万族大全,[LoM] 癫狂之主：异怪之书
7. 血肉披挂者,6 种族书\LoM异怪之书\7夺躯怪\夺躯怪.htm,3,物种概论：万族大全 / [LoM] 癫狂之主：异怪之书,物种概论：万族大全,[LoM] 癫狂之主：异怪之书
夺躯怪角色,6 种族书\LoM异怪之书\7夺躯怪\角色.htm,4,物种概论：万族大全 / [LoM] 癫狂之主：异怪之书 / 7. 血肉披挂者,物种概论：万族大全,[LoM] 癫狂之主：异怪之书
夺躯怪生理学,6 种族书\LoM异怪之书\7夺躯怪\生理.htm,4,物种概论：万族大全 / [LoM] 癫狂之主：异怪之书 / 7. 血肉披挂者,物种概论：万族大全,[LoM] 癫狂之主：异怪之书
生理构造,6 种族书\LoM异怪之书\7夺躯怪\生理构造.htm,5,物种概论：万族大全 / [LoM] 癫狂之主：异怪之书 / 7. 血肉披挂者 / 夺躯怪生理学,物种概论：万族大全,[LoM] 癫狂之主：异怪之书
繁殖与老化,6 种族书\LoM异怪之书\7夺躯怪\繁殖老化.htm,5,物种概论：万族大全 / [LoM] 癫狂之主：异怪之书 / 7. 血肉披挂者 / 夺躯怪生理学,物种概论：万族大全,[LoM] 癫狂之主：异怪之书
夺躯怪变种,6 种族书\LoM异怪之书\7夺躯怪\变种.htm,5,物种概论：万族大全 / [LoM] 癫狂之主：异怪之书 / 7. 血肉披挂者 / 夺躯怪生理学,物种概论：万族大全,[LoM] 癫狂之主：异怪之书
夺躯怪社会,6 种族书\LoM异怪之书\7夺躯怪\社会..htm,4,物种概论：万族大全 / [LoM] 癫狂之主：异怪之书 / 7. 血肉披挂者,物种概论：万族大全,[LoM] 癫狂之主：异怪之书
语言,6 种族书\LoM异怪之书\7夺躯怪\语言.htm,5,物种概论：万族大全 / [LoM] 癫狂之主：异怪之书 / 7. 血肉披挂者 / 夺躯怪社会,物种概论：万族大全,[LoM] 癫狂之主：异怪之书
宗教,6 种族书\LoM异怪之书\7夺躯怪\宗教.htm,5,物种概论：万族大全 / [LoM] 癫狂之主：异怪之书 / 7. 血肉披挂者 / 夺躯怪社会,物种概论：万族大全,[LoM] 癫狂之主：异怪之书
领袖,6 种族书\LoM异怪之书\7夺躯怪\领袖.htm,5,物种概论：万族大全 / [LoM] 癫狂之主：异怪之书 / 7. 血肉披挂者 / 夺躯怪社会,物种概论：万族大全,[LoM] 癫狂之主：异怪之书
种族立场,6 种族书\LoM异怪之书\7夺躯怪\关系.htm,5,物种概论：万族大全 / [LoM] 癫狂之主：异怪之书 / 7. 血肉披挂者 / 夺躯怪社会,物种概论：万族大全,[LoM] 癫狂之主：异怪之书
夺躯怪的魔法,6 种族书\LoM异怪之书\7夺躯怪\力量.htm,4,物种概论：万族大全 / [LoM] 癫狂之主：异怪之书 / 7. 血肉披挂者,物种概论：万族大全,[LoM] 癫狂之主：异怪之书
夺躯怪的装备,6 种族书\LoM异怪之书\7夺躯怪\装备.htm,5,物种概论：万族大全 / [LoM] 癫狂之主：异怪之书 / 7. 血肉披挂者 / 夺躯怪的魔法,物种概论：万族大全,[LoM] 癫狂之主：异怪之书
夺躯怪的法术,6 种族书\LoM异怪之书\8怪物\法术.htm,5,物种概论：万族大全 / [LoM] 癫狂之主：异怪之书 / 7. 血肉披挂者 / 夺躯怪的魔法,物种概论：万族大全,[LoM] 癫狂之主：异怪之书
8. 新的怪物,6 种族书\LoM异怪之书\8怪物\新的怪物.htm,3,物种概论：万族大全 / [LoM] 癫狂之主：异怪之书,物种概论：万族大全,[LoM] 癫狂之主：异怪之书
魔鱼类,,4,物种概论：万族大全 / [LoM] 癫狂之主：异怪之书 / 8. 新的怪物,物种概论：万族大全,[LoM] 癫狂之主：异怪之书
底栖魔鱼,6 种族书\LoM异怪之书\8怪物\底栖魔鱼.htm,5,物种概论：万族大全 / [LoM] 癫狂之主：异怪之书 / 8. 新的怪物 / 魔鱼类,物种概论：万族大全,[LoM] 癫狂之主：异怪之书
冥河魔鱼,6 种族书\LoM异怪之书\8怪物\冥河魔鱼.htm,5,物种概论：万族大全 / [LoM] 癫狂之主：异怪之书 / 8. 新的怪物 / 魔鱼类,物种概论：万族大全,[LoM] 癫狂之主：异怪之书
眼魔类,,4,物种概论：万族大全 / [LoM] 癫狂之主：异怪之书 / 8. 新的怪物,物种概论：万族大全,[LoM] 癫狂之主：异怪之书
眼魔,6 种族书\LoM异怪之书\8怪物\眼魔.htm,5,物种概论：万族大全 / [LoM] 癫狂之主：异怪之书 / 8. 新的怪物 / 眼魔类,物种概论：万族大全,[LoM] 癫狂之主：异怪之书
巢母之眼,6 种族书\LoM异怪之书\8怪物\巢母之眼.htm,5,物种概论：万族大全 / [LoM] 癫狂之主：异怪之书 / 8. 新的怪物 / 眼魔类,物种概论：万族大全,[LoM] 癫狂之主：异怪之书
长老之眼,6 种族书\LoM异怪之书\8怪物\长老之眼.htm,5,物种概论：万族大全 / [LoM] 癫狂之主：异怪之书 / 8. 新的怪物 / 眼魔类,物种概论：万族大全,[LoM] 癫狂之主：异怪之书
珠球之眼,6 种族书\LoM异怪之书\8怪物\珠球之眼.htm,5,物种概论：万族大全 / [LoM] 癫狂之主：异怪之书 / 8. 新的怪物 / 眼魔类,物种概论：万族大全,[LoM] 癫狂之主：异怪之书
高斯眼魔,6 种族书\LoM异怪之书\8怪物\高斯眼魔.htm,5,物种概论：万族大全 / [LoM] 癫狂之主：异怪之书 / 8. 新的怪物 / 眼魔类,物种概论：万族大全,[LoM] 癫狂之主：异怪之书
洞察之眼,6 种族书\LoM异怪之书\8怪物\洞察之眼.htm,5,物种概论：万族大全 / [LoM] 癫狂之主：异怪之书 / 8. 新的怪物 / 眼魔类,物种概论：万族大全,[LoM] 癫狂之主：异怪之书
深渊之眼,6 种族书\LoM异怪之书\8怪物\深渊之眼.htm,5,物种概论：万族大全 / [LoM] 癫狂之主：异怪之书 / 8. 新的怪物 / 眼魔类,物种概论：万族大全,[LoM] 癫狂之主：异怪之书
司导之眼,6 种族书\LoM异怪之书\8怪物\司导之眼.htm,5,物种概论：万族大全 / [LoM] 癫狂之主：异怪之书 / 8. 新的怪物 / 眼魔类,物种概论：万族大全,[LoM] 癫狂之主：异怪之书
死吻之眼,6 种族书\LoM异怪之书\8怪物\死吻之眼.htm,5,物种概论：万族大全 / [LoM] 癫狂之主：异怪之书 / 8. 新的怪物 / 眼魔类,物种概论：万族大全,[LoM] 癫狂之主：异怪之书
凿舌之眼,6 种族书\LoM异怪之书\8怪物\凿舌之眼.htm,5,物种概论：万族大全 / [LoM] 癫狂之主：异怪之书 / 8. 新的怪物 / 眼魔类,物种概论：万族大全,[LoM] 癫狂之主：异怪之书
亡眼暴君,6 种族书\LoM异怪之书\8怪物\亡眼暴君.htm,5,物种概论：万族大全 / [LoM] 癫狂之主：异怪之书 / 8. 新的怪物 / 眼魔类,物种概论：万族大全,[LoM] 癫狂之主：异怪之书
督军之眼,6 种族书\LoM异怪之书\8怪物\督军之眼.htm,5,物种概论：万族大全 / [LoM] 癫狂之主：异怪之书 / 8. 新的怪物 / 眼魔类,物种概论：万族大全,[LoM] 癫狂之主：异怪之书
灵吸怪类,,4,物种概论：万族大全 / [LoM] 癫狂之主：异怪之书 / 8. 新的怪物,物种概论：万族大全,[LoM] 癫狂之主：异怪之书
主脑,6 种族书\LoM异怪之书\8怪物\主脑.htm,5,物种概论：万族大全 / [LoM] 癫狂之主：异怪之书 / 8. 新的怪物 / 灵吸怪类,物种概论：万族大全,[LoM] 癫狂之主：异怪之书
噬魂怪,6 种族书\LoM异怪之书\8怪物\噬魂怪.htm,5,物种概论：万族大全 / [LoM] 癫狂之主：异怪之书 / 8. 新的怪物 / 灵吸怪类,物种概论：万族大全,[LoM] 癫狂之主：异怪之书
夺心吸血鬼,6 种族书\LoM异怪之书\8怪物\吸血夺心魔.htm,5,物种概论：万族大全 / [LoM] 癫狂之主：异怪之书 / 8. 新的怪物 / 灵吸怪类,物种概论：万族大全,[LoM] 癫狂之主：异怪之书
灵吸绳柱怪,6 种族书\LoM异怪之书\8怪物\灵吸绳柱怪.htm,5,物种概论：万族大全 / [LoM] 癫狂之主：异怪之书 / 8. 新的怪物 / 灵吸怪类,物种概论：万族大全,[LoM] 癫狂之主：异怪之书
夺心魔巫妖,6 种族书\LoM异怪之书\8怪物\夺心魔巫妖.htm,5,物种概论：万族大全 / [LoM] 癫狂之主：异怪之书 / 8. 新的怪物 / 灵吸怪类,物种概论：万族大全,[LoM] 癫狂之主：异怪之书
灵吸异怪,6 种族书\LoM异怪之书\8怪物\灵吸异怪.htm,5,物种概论：万族大全 / [LoM] 癫狂之主：异怪之书 / 8. 新的怪物 / 灵吸怪类,物种概论：万族大全,[LoM] 癫狂之主：异怪之书
纽吉怪类,,4,物种概论：万族大全 / [LoM] 癫狂之主：异怪之书 / 8. 新的怪物,物种概论：万族大全,[LoM] 癫狂之主：异怪之书
纽吉怪,6 种族书\LoM异怪之书\8怪物\纽吉怪.htm,5,物种概论：万族大全 / [LoM] 癫狂之主：异怪之书 / 8. 新的怪物 / 纽吉怪类,物种概论：万族大全,[LoM] 癫狂之主：异怪之书
矮纽吉怪,6 种族书\LoM异怪之书\8怪物\矮纽吉怪.htm,5,物种概论：万族大全 / [LoM] 癫狂之主：异怪之书 / 8. 新的怪物 / 纽吉怪类,物种概论：万族大全,[LoM] 癫狂之主：异怪之书
纽吉怪污染者,6 种族书\LoM异怪之书\8怪物\纽吉怪污染者.htm,5,物种概论：万族大全 / [LoM] 癫狂之主：异怪之书 / 8. 新的怪物 / 纽吉怪类,物种概论：万族大全,[LoM] 癫狂之主：异怪之书
纽吉怪术士,6 种族书\LoM异怪之书\8怪物\纽吉怪术士.htm,5,物种概论：万族大全 / [LoM] 癫狂之主：异怪之书 / 8. 新的怪物 / 纽吉怪类,物种概论：万族大全,[LoM] 癫狂之主：异怪之书
触须怪类,,4,物种概论：万族大全 / [LoM] 癫狂之主：异怪之书 / 8. 新的怪物,物种概论：万族大全,[LoM] 癫狂之主：异怪之书
触须怪,6 种族书\LoM异怪之书\8怪物\触须怪.htm,5,物种概论：万族大全 / [LoM] 癫狂之主：异怪之书 / 8. 新的怪物 / 触须怪类,物种概论：万族大全,[LoM] 癫狂之主：异怪之书
触须怪哲人,6 种族书\LoM异怪之书\8怪物\触须怪哲人.htm,5,物种概论：万族大全 / [LoM] 癫狂之主：异怪之书 / 8. 新的怪物 / 触须怪类,物种概论：万族大全,[LoM] 癫狂之主：异怪之书
触须怪宗主,6 种族书\LoM异怪之书\8怪物\触须怪宗主.htm,5,物种概论：万族大全 / [LoM] 癫狂之主：异怪之书 / 8. 新的怪物 / 触须怪类,物种概论：万族大全,[LoM] 癫狂之主：异怪之书
夺躯怪类,,4,物种概论：万族大全 / [LoM] 癫狂之主：异怪之书 / 8. 新的怪物,物种概论：万族大全,[LoM] 癫狂之主：异怪之书
夺躯怪,6 种族书\LoM异怪之书\8怪物\夺躯怪.htm,5,物种概论：万族大全 / [LoM] 癫狂之主：异怪之书 / 8. 新的怪物 / 夺躯怪类,物种概论：万族大全,[LoM] 癫狂之主：异怪之书
夺躯怪绳股,6 种族书\LoM异怪之书\8怪物\督军之眼.files\夺躯怪绳股.htm,5,物种概论：万族大全 / [LoM] 癫狂之主：异怪之书 / 8. 新的怪物 / 夺躯怪类,物种概论：万族大全,[LoM] 癫狂之主：异怪之书
寄生范例,6 种族书\LoM异怪之书\8怪物\寄生范例.htm,5,物种概论：万族大全 / [LoM] 癫狂之主：异怪之书 / 8. 新的怪物 / 夺躯怪类,物种概论：万族大全,[LoM] 癫狂之主：异怪之书
生物模板,,4,物种概论：万族大全 / [LoM] 癫狂之主：异怪之书 / 8. 新的怪物,物种概论：万族大全,[LoM] 癫狂之主：异怪之书
半遥衍生物,6 种族书\LoM异怪之书\8怪物\半遥衍生物.htm,5,物种概论：万族大全 / [LoM] 癫狂之主：异怪之书 / 8. 新的怪物 / 生物模板,物种概论：万族大全,[LoM] 癫狂之主：异怪之书
伪自然生物,6 种族书\LoM异怪之书\8怪物\伪自然生物.htm,5,物种概论：万族大全 / [LoM] 癫狂之主：异怪之书 / 8. 新的怪物 / 生物模板,物种概论：万族大全,[LoM] 癫狂之主：异怪之书
幽影生物,6 种族书\LoM异怪之书\8怪物\幽影生物.htm,5,物种概论：万族大全 / [LoM] 癫狂之主：异怪之书 / 8. 新的怪物 / 生物模板,物种概论：万族大全,[LoM] 癫狂之主：异怪之书
远古幻影,6 种族书\LoM异怪之书\8怪物\远古幻影.htm,5,物种概论：万族大全 / [LoM] 癫狂之主：异怪之书 / 8. 新的怪物 / 生物模板,物种概论：万族大全,[LoM] 癫狂之主：异怪之书
气孢之眼,6 种族书\LoM异怪之书\8怪物\气孢之眼.htm,4,物种概论：万族大全 / [LoM] 癫狂之主：异怪之书 / 8. 新的怪物,物种概论：万族大全,[LoM] 癫狂之主：异怪之书
惧噬体,6 种族书\LoM异怪之书\8怪物\惧噬体.htm,4,物种概论：万族大全 / [LoM] 癫狂之主：异怪之书 / 8. 新的怪物,物种概论：万族大全,[LoM] 癫狂之主：异怪之书
蝎蛛,6 种族书\LoM异怪之书\8怪物\蝎蛛.htm,4,物种概论：万族大全 / [LoM] 癫狂之主：异怪之书 / 8. 新的怪物,物种概论：万族大全,[LoM] 癫狂之主：异怪之书
幽暗猎犬,6 种族书\LoM异怪之书\8怪物\幽暗猎犬.htm,4,物种概论：万族大全 / [LoM] 癫狂之主：异怪之书 / 8. 新的怪物,物种概论：万族大全,[LoM] 癫狂之主：异怪之书
希瑞拉蜂群,6 种族书\LoM异怪之书\8怪物\希瑞拉蜂群_.htm,4,物种概论：万族大全 / [LoM] 癫狂之主：异怪之书 / 8. 新的怪物,物种概论：万族大全,[LoM] 癫狂之主：异怪之书
寒颤潜伏者,6 种族书\LoM异怪之书\8怪物\萨博特.htm,4,物种概论：万族大全 / [LoM] 癫狂之主：异怪之书 / 8. 新的怪物,物种概论：万族大全,[LoM] 癫狂之主：异怪之书
阴影蛰伏伪怪长老,6 种族书\LoM异怪之书\8怪物\阴影蛰伏伪怪.htm,4,物种概论：万族大全 / [LoM] 癫狂之主：异怪之书 / 8. 新的怪物,物种概论：万族大全,[LoM] 癫狂之主：异怪之书
弧电蜥怪,6 种族书\LoM异怪之书\8怪物\弧电蜥怪.htm,4,物种概论：万族大全 / [LoM] 癫狂之主：异怪之书 / 8. 新的怪物,物种概论：万族大全,[LoM] 癫狂之主：异怪之书
异能蠕虫,6 种族书\LoM异怪之书\8怪物\异能蠕虫_.htm,4,物种概论：万族大全 / [LoM] 癫狂之主：异怪之书 / 8. 新的怪物,物种概论：万族大全,[LoM] 癫狂之主：异怪之书
9. 异怪猎手,6 种族书\LoM异怪之书\9异怪猎手\异怪猎手.htm,3,物种概论：万族大全 / [LoM] 癫狂之主：异怪之书,物种概论：万族大全,[LoM] 癫狂之主：异怪之书
险恶之敌: 对抗异怪的战术,,4,物种概论：万族大全 / [LoM] 癫狂之主：异怪之书 / 9. 异怪猎手,物种概论：万族大全,[LoM] 癫狂之主：异怪之书
[暂缺]底栖魔鱼,,5,物种概论：万族大全 / [LoM] 癫狂之主：异怪之书 / 9. 异怪猎手 / 险恶之敌: 对抗异怪的战术,物种概论：万族大全,[LoM] 癫狂之主：异怪之书
眼魔,6 种族书\LoM异怪之书\3巨眼暴君\战术.htm,5,物种概论：万族大全 / [LoM] 癫狂之主：异怪之书 / 9. 异怪猎手 / 险恶之敌: 对抗异怪的战术,物种概论：万族大全,[LoM] 癫狂之主：异怪之书
[暂缺]夺心魔,,5,物种概论：万族大全 / [LoM] 癫狂之主：异怪之书 / 9. 异怪猎手 / 险恶之敌: 对抗异怪的战术,物种概论：万族大全,[LoM] 癫狂之主：异怪之书
[暂缺]奴仆与邪教徒,,4,物种概论：万族大全 / [LoM] 癫狂之主：异怪之书 / 9. 异怪猎手,物种概论：万族大全,[LoM] 癫狂之主：异怪之书
猎杀异怪的专长,6 种族书\LoM异怪之书\9异怪猎手\猎怪专长.htm,4,物种概论：万族大全 / [LoM] 癫狂之主：异怪之书 / 9. 异怪猎手,物种概论：万族大全,[LoM] 癫狂之主：异怪之书
异怪专长,6 种族书\LoM异怪之书\9异怪猎手\异怪专长.htm,5,物种概论：万族大全 / [LoM] 癫狂之主：异怪之书 / 9. 异怪猎手 / 猎杀异怪的专长,物种概论：万族大全,[LoM] 癫狂之主：异怪之书
其他专长,6 种族书\LoM异怪之书\9异怪猎手\其他专长.htm,5,物种概论：万族大全 / [LoM] 癫狂之主：异怪之书 / 9. 异怪猎手 / 猎杀异怪的专长,物种概论：万族大全,[LoM] 癫狂之主：异怪之书
进阶职业,,4,物种概论：万族大全 / [LoM] 癫狂之主：异怪之书 / 9. 异怪猎手,物种概论：万族大全,[LoM] 癫狂之主：异怪之书
圣魂,6 种族书\LoM异怪之书\9异怪猎手\圣魂.htm,5,物种概论：万族大全 / [LoM] 癫狂之主：异怪之书 / 9. 异怪猎手 / 进阶职业,物种概论：万族大全,[LoM] 癫狂之主：异怪之书
驱逐者,6 种族书\LoM异怪之书\9异怪猎手\驱逐者.htm,5,物种概论：万族大全 / [LoM] 癫狂之主：异怪之书 / 9. 异怪猎手 / 进阶职业,物种概论：万族大全,[LoM] 癫狂之主：异怪之书
黄晶卫士,6 种族书\LoM异怪之书\9异怪猎手\黄晶卫士.htm,5,物种概论：万族大全 / [LoM] 癫狂之主：异怪之书 / 9. 异怪猎手 / 进阶职业,物种概论：万族大全,[LoM] 癫狂之主：异怪之书
血肉编织者,6 种族书\LoM异怪之书\9异怪猎手\血肉编织者.htm,5,物种概论：万族大全 / [LoM] 癫狂之主：异怪之书 / 9. 异怪猎手 / 进阶职业,物种概论：万族大全,[LoM] 癫狂之主：异怪之书
暗行者,6 种族书\LoM异怪之书\9异怪猎手\暗行者.htm,5,物种概论：万族大全 / [LoM] 癫狂之主：异怪之书 / 9. 异怪猎手 / 进阶职业,物种概论：万族大全,[LoM] 癫狂之主：异怪之书
蔚蓝印记守护者,6 种族书\LoM异怪之书\9异怪猎手\蔚蓝印记守护者.htm,5,物种概论：万族大全 / [LoM] 癫狂之主：异怪之书 / 9. 异怪猎手 / 进阶职业,物种概论：万族大全,[LoM] 癫狂之主：异怪之书
魔法,,4,物种概论：万族大全 / [LoM] 癫狂之主：异怪之书 / 9. 异怪猎手,物种概论：万族大全,[LoM] 癫狂之主：异怪之书
法术列表,6 种族书\LoM异怪之书\9异怪猎手\法术列表.htm,5,物种概论：万族大全 / [LoM] 癫狂之主：异怪之书 / 9. 异怪猎手 / 魔法,物种概论：万族大全,[LoM] 癫狂之主：异怪之书
法术详述,6 种族书\LoM异怪之书\9异怪猎手\法术详述.htm,5,物种概论：万族大全 / [LoM] 癫狂之主：异怪之书 / 9. 异怪猎手 / 魔法,物种概论：万族大全,[LoM] 癫狂之主：异怪之书
魔法物品,6 种族书\LoM异怪之书\9异怪猎手\魔法物品.htm,4,物种概论：万族大全 / [LoM] 癫狂之主：异怪之书 / 9. 异怪猎手,物种概论：万族大全,[LoM] 癫狂之主：异怪之书
移植体,6 种族书\LoM异怪之书\9异怪猎手\移植体.htm,5,物种概论：万族大全 / [LoM] 癫狂之主：异怪之书 / 9. 异怪猎手 / 魔法物品,物种概论：万族大全,[LoM] 癫狂之主：异怪之书
[LM] 死灵之书：不死生物卷册,6 种族书\LM死灵之书\0插图\死灵之书（LM）.htm,2,物种概论：万族大全,物种概论：万族大全,[LM] 死灵之书：不死生物卷册
前言,6 种族书\LM死灵之书\0插图\前言.htm,3,物种概论：万族大全 / [LM] 死灵之书：不死生物卷册,物种概论：万族大全,[LM] 死灵之书：不死生物卷册
1. 不死生物详述,6 种族书\LM死灵之书\1不死详述\第一章_不死生物详述.htm,3,物种概论：万族大全 / [LM] 死灵之书：不死生物卷册,物种概论：万族大全,[LM] 死灵之书：不死生物卷册
生理结构,6 种族书\LM死灵之书\1不死详述\不死生物生理学.htm,4,物种概论：万族大全 / [LM] 死灵之书：不死生物卷册 / 1. 不死生物详述,物种概论：万族大全,[LM] 死灵之书：不死生物卷册
观点和心理,6 种族书\LM死灵之书\1不死详述\不死生物的观点和心理.htm,4,物种概论：万族大全 / [LM] 死灵之书：不死生物卷册 / 1. 不死生物详述,物种概论：万族大全,[LM] 死灵之书：不死生物卷册
不死社会学,6 种族书\LM死灵之书\1不死详述\不死社会学.htm,4,物种概论：万族大全 / [LM] 死灵之书：不死生物卷册 / 1. 不死生物详述,物种概论：万族大全,[LM] 死灵之书：不死生物卷册
不死生物的宗教,6 种族书\LM死灵之书\1不死详述\不死宗教学.htm,4,物种概论：万族大全 / [LM] 死灵之书：不死生物卷册 / 1. 不死生物详述,物种概论：万族大全,[LM] 死灵之书：不死生物卷册
挑战不死生物,6 种族书\LM死灵之书\1不死详述\对抗不死生物.htm,4,物种概论：万族大全 / [LM] 死灵之书：不死生物卷册 / 1. 不死生物详述,物种概论：万族大全,[LM] 死灵之书：不死生物卷册
2. 角色选项,,3,物种概论：万族大全 / [LM] 死灵之书：不死生物卷册,物种概论：万族大全,[LM] 死灵之书：不死生物卷册
新专长,6 种族书\LM死灵之书\3专长\专长简表.htm,4,物种概论：万族大全 / [LM] 死灵之书：不死生物卷册 / 2. 角色选项,物种概论：万族大全,[LM] 死灵之书：不死生物卷册
一般专长,6 种族书\LM死灵之书\3专长\一般专长.htm,5,物种概论：万族大全 / [LM] 死灵之书：不死生物卷册 / 2. 角色选项 / 新专长,物种概论：万族大全,[LM] 死灵之书：不死生物卷册
怪物专长,6 种族书\LM死灵之书\3专长\专长.htm,5,物种概论：万族大全 / [LM] 死灵之书：不死生物卷册 / 2. 角色选项 / 新专长,物种概论：万族大全,[LM] 死灵之书：不死生物卷册
超魔专长,6 种族书\LM死灵之书\3专长\超魔专长.htm,5,物种概论：万族大全 / [LM] 死灵之书：不死生物卷册 / 2. 角色选项 / 新专长,物种概论：万族大全,[LM] 死灵之书：不死生物卷册
神圣专长,6 种族书\LM死灵之书\3专长\神圣专长.htm,5,物种概论：万族大全 / [LM] 死灵之书：不死生物卷册 / 2. 角色选项 / 新专长,物种概论：万族大全,[LM] 死灵之书：不死生物卷册
[暂缺]团队中的不死生物,,4,物种概论：万族大全 / [LM] 死灵之书：不死生物卷册 / 2. 角色选项,物种概论：万族大全,[LM] 死灵之书：不死生物卷册
怪物职业,6 种族书\LM死灵之书\2职业\不死生物怪物职业.htm,4,物种概论：万族大全 / [LM] 死灵之书：不死生物卷册 / 2. 角色选项,物种概论：万族大全,[LM] 死灵之书：不死生物卷册
魔魂尸,6 种族书\LM死灵之书\2职业\魔魂尸.htm,5,物种概论：万族大全 / [LM] 死灵之书：不死生物卷册 / 2. 角色选项 / 怪物职业,物种概论：万族大全,[LM] 死灵之书：不死生物卷册
木乃伊,6 种族书\LM死灵之书\2职业\木乃伊.htm,5,物种概论：万族大全 / [LM] 死灵之书：不死生物卷册 / 2. 角色选项 / 怪物职业,物种概论：万族大全,[LM] 死灵之书：不死生物卷册
尸妖,6 种族书\LM死灵之书\2职业\尸妖.htm,5,物种概论：万族大全 / [LM] 死灵之书：不死生物卷册 / 2. 角色选项 / 怪物职业,物种概论：万族大全,[LM] 死灵之书：不死生物卷册
食尸鬼,6 种族书\LM死灵之书\2职业\食尸鬼.htm,5,物种概论：万族大全 / [LM] 死灵之书：不死生物卷册 / 2. 角色选项 / 怪物职业,物种概论：万族大全,[LM] 死灵之书：不死生物卷册
吸血衍体,6 种族书\LM死灵之书\2职业\吸血衍体.htm,5,物种概论：万族大全 / [LM] 死灵之书：不死生物卷册 / 2. 角色选项 / 怪物职业,物种概论：万族大全,[LM] 死灵之书：不死生物卷册
3. 进阶职业,,3,物种概论：万族大全 / [LM] 死灵之书：不死生物卷册,物种概论：万族大全,[LM] 死灵之书：不死生物卷册
哀伤咏叹者,6 种族书\LM死灵之书\2职业\哀伤咏叹者.htm,4,物种概论：万族大全 / [LM] 死灵之书：不死生物卷册 / 3. 进阶职业,物种概论：万族大全,[LM] 死灵之书：不死生物卷册
苍白之主,6 种族书\LM死灵之书\2职业\苍白之主.htm,4,物种概论：万族大全 / [LM] 死灵之书：不死生物卷册 / 3. 进阶职业,物种概论：万族大全,[LM] 死灵之书：不死生物卷册
光辉掌者,6 种族书\LM死灵之书\2职业\光辉掌者.htm,4,物种概论：万族大全 / [LM] 死灵之书：不死生物卷册 / 3. 进阶职业,物种概论：万族大全,[LM] 死灵之书：不死生物卷册
神圣净化者,6 种族书\LM死灵之书\2职业\神圣净化者.htm,4,物种概论：万族大全 / [LM] 死灵之书：不死生物卷册 / 3. 进阶职业,物种概论：万族大全,[LM] 死灵之书：不死生物卷册
死亡获选者,6 种族书\LM死灵之书\2职业\死亡获选者.htm,4,物种概论：万族大全 / [LM] 死灵之书：不死生物卷册 / 3. 进阶职业,物种概论：万族大全,[LM] 死灵之书：不死生物卷册
亡魂之主,6 种族书\LM死灵之书\2职业\亡魂之主.htm,4,物种概论：万族大全 / [LM] 死灵之书：不死生物卷册 / 3. 进阶职业,物种概论：万族大全,[LM] 死灵之书：不死生物卷册
真死灵师,6 种族书\LM死灵之书\2职业\真死灵师.htm,4,物种概论：万族大全 / [LM] 死灵之书：不死生物卷册 / 3. 进阶职业,物种概论：万族大全,[LM] 死灵之书：不死生物卷册
不死生物进阶,,4,物种概论：万族大全 / [LM] 死灵之书：不死生物卷册 / 3. 进阶职业,物种概论：万族大全,[LM] 死灵之书：不死生物卷册
古墓门卫,6 种族书\LM死灵之书\2职业\古墓门卫.htm,5,物种概论：万族大全 / [LM] 死灵之书：不死生物卷册 / 3. 进阶职业 / 不死生物进阶,物种概论：万族大全,[LM] 死灵之书：不死生物卷册
暮死型范,6 种族书\LM死灵之书\2职业\暮死型范.htm,5,物种概论：万族大全 / [LM] 死灵之书：不死生物卷册 / 3. 进阶职业 / 不死生物进阶,物种概论：万族大全,[LM] 死灵之书：不死生物卷册
匿踪惊骇,6 种族书\LM死灵之书\2职业\匿踪惊骇.htm,5,物种概论：万族大全 / [LM] 死灵之书：不死生物卷册 / 3. 进阶职业 / 不死生物进阶,物种概论：万族大全,[LM] 死灵之书：不死生物卷册
血族大君,6 种族书\LM死灵之书\2职业\血族大君.htm,5,物种概论：万族大全 / [LM] 死灵之书：不死生物卷册 / 3. 进阶职业 / 不死生物进阶,物种概论：万族大全,[LM] 死灵之书：不死生物卷册
4. 法术,6 种族书\LM死灵之书\4法术\法术.htm,3,物种概论：万族大全 / [LM] 死灵之书：不死生物卷册,物种概论：万族大全,[LM] 死灵之书：不死生物卷册
法术详述,6 种族书\LM死灵之书\4法术\法术详述.htm,4,物种概论：万族大全 / [LM] 死灵之书：不死生物卷册 / 4. 法术,物种概论：万族大全,[LM] 死灵之书：不死生物卷册
5. 装备,,3,物种概论：万族大全 / [LM] 死灵之书：不死生物卷册,物种概论：万族大全,[LM] 死灵之书：不死生物卷册
特殊物品和炼金术材料,6 种族书\LM死灵之书\5装备\特殊物品和炼金术材料.htm,4,物种概论：万族大全 / [LM] 死灵之书：不死生物卷册 / 5. 装备,物种概论：万族大全,[LM] 死灵之书：不死生物卷册
魔药,6 种族书\LM死灵之书\5装备\魔药.htm,4,物种概论：万族大全 / [LM] 死灵之书：不死生物卷册 / 5. 装备,物种概论：万族大全,[LM] 死灵之书：不死生物卷册
魔法装备,6 种族书\LM死灵之书\5装备\魔法装备.htm,4,物种概论：万族大全 / [LM] 死灵之书：不死生物卷册 / 5. 装备,物种概论：万族大全,[LM] 死灵之书：不死生物卷册
武器,6 种族书\LM死灵之书\5装备\武器.htm,5,物种概论：万族大全 / [LM] 死灵之书：不死生物卷册 / 5. 装备 / 魔法装备,物种概论：万族大全,[LM] 死灵之书：不死生物卷册
权杖,6 种族书\LM死灵之书\5装备\权杖.htm,5,物种概论：万族大全 / [LM] 死灵之书：不死生物卷册 / 5. 装备 / 魔法装备,物种概论：万族大全,[LM] 死灵之书：不死生物卷册
奇物,6 种族书\LM死灵之书\5装备\奇物.htm,5,物种概论：万族大全 / [LM] 死灵之书：不死生物卷册 / 5. 装备 / 魔法装备,物种概论：万族大全,[LM] 死灵之书：不死生物卷册
盔甲,6 种族书\LM死灵之书\5装备\盔甲.htm,5,物种概论：万族大全 / [LM] 死灵之书：不死生物卷册 / 5. 装备 / 魔法装备,物种概论：万族大全,[LM] 死灵之书：不死生物卷册
不死移植体,6 种族书\LM死灵之书\5装备\不死义肢.htm,4,物种概论：万族大全 / [LM] 死灵之书：不死生物卷册 / 5. 装备,物种概论：万族大全,[LM] 死灵之书：不死生物卷册
6. 新的怪物,,3,物种概论：万族大全 / [LM] 死灵之书：不死生物卷册,物种概论：万族大全,[LM] 死灵之书：不死生物卷册
怪物变体,,4,物种概论：万族大全 / [LM] 死灵之书：不死生物卷册 / 6. 新的怪物,物种概论：万族大全,[LM] 死灵之书：不死生物卷册
僵尸,6 种族书\LM死灵之书\7战役\僵尸.htm,5,物种概论：万族大全 / [LM] 死灵之书：不死生物卷册 / 6. 新的怪物 / 怪物变体,物种概论：万族大全,[LM] 死灵之书：不死生物卷册
骷髅,6 种族书\LM死灵之书\7战役\骷髅.htm,5,物种概论：万族大全 / [LM] 死灵之书：不死生物卷册 / 6. 新的怪物 / 怪物变体,物种概论：万族大全,[LM] 死灵之书：不死生物卷册
巫妖,6 种族书\LM死灵之书\7战役\巫妖.htm,5,物种概论：万族大全 / [LM] 死灵之书：不死生物卷册 / 6. 新的怪物 / 怪物变体,物种概论：万族大全,[LM] 死灵之书：不死生物卷册
吸血鬼,6 种族书\LM死灵之书\7战役\吸血鬼.htm,5,物种概论：万族大全 / [LM] 死灵之书：不死生物卷册 / 6. 新的怪物 / 怪物变体,物种概论：万族大全,[LM] 死灵之书：不死生物卷册
模板,,4,物种概论：万族大全 / [LM] 死灵之书：不死生物卷册 / 6. 新的怪物,物种概论：万族大全,[LM] 死灵之书：不死生物卷册
亡民,6 种族书\LM死灵之书\6怪物\亡民.htm,5,物种概论：万族大全 / [LM] 死灵之书：不死生物卷册 / 6. 新的怪物 / 模板,物种概论：万族大全,[LM] 死灵之书：不死生物卷册
头巾奴,6 种族书\LM死灵之书\6怪物\头巾奴.htm,5,物种概论：万族大全 / [LM] 死灵之书：不死生物卷册 / 6. 新的怪物 / 模板,物种概论：万族大全,[LM] 死灵之书：不死生物卷册
幽魂兽,6 种族书\LM死灵之书\6怪物\幽魂兽.htm,5,物种概论：万族大全 / [LM] 死灵之书：不死生物卷册 / 6. 新的怪物 / 模板,物种概论：万族大全,[LM] 死灵之书：不死生物卷册
木乃伊,6 种族书\LM死灵之书\6怪物\木乃伊1.htm,5,物种概论：万族大全 / [LM] 死灵之书：不死生物卷册 / 6. 新的怪物 / 模板,物种概论：万族大全,[LM] 死灵之书：不死生物卷册
负元素,6 种族书\LM死灵之书\6怪物\负元素.htm,5,物种概论：万族大全 / [LM] 死灵之书：不死生物卷册 / 6. 新的怪物 / 模板,物种概论：万族大全,[LM] 死灵之书：不死生物卷册
暗影生物,6 种族书\LM死灵之书\6怪物\暗影生物.htm,5,物种概论：万族大全 / [LM] 死灵之书：不死生物卷册 / 6. 新的怪物 / 模板,物种概论：万族大全,[LM] 死灵之书：不死生物卷册
重生化石,6 种族书\LM死灵之书\6怪物\重生化石.htm,5,物种概论：万族大全 / [LM] 死灵之书：不死生物卷册 / 6. 新的怪物 / 模板,物种概论：万族大全,[LM] 死灵之书：不死生物卷册
集群化身,6 种族书\LM死灵之书\6怪物\集群化身.htm,5,物种概论：万族大全 / [LM] 死灵之书：不死生物卷册 / 6. 新的怪物 / 模板,物种概论：万族大全,[LM] 死灵之书：不死生物卷册
半吸血鬼,6 种族书\LM死灵之书\6怪物\半吸血鬼.htm,5,物种概论：万族大全 / [LM] 死灵之书：不死生物卷册 / 6. 新的怪物 / 模板,物种概论：万族大全,[LM] 死灵之书：不死生物卷册
墓触食尸鬼,6 种族书\LM死灵之书\6怪物\墓触食尸鬼.htm,5,物种概论：万族大全 / [LM] 死灵之书：不死生物卷册 / 6. 新的怪物 / 模板,物种概论：万族大全,[LM] 死灵之书：不死生物卷册
不死演化生物,6 种族书\LM死灵之书\6怪物\不死演化生物.htm,5,物种概论：万族大全 / [LM] 死灵之书：不死生物卷册 / 6. 新的怪物 / 模板,物种概论：万族大全,[LM] 死灵之书：不死生物卷册
食骸兽,6 种族书\LM死灵之书\6怪物\食骸兽.htm,4,物种概论：万族大全 / [LM] 死灵之书：不死生物卷册 / 6. 新的怪物,物种概论：万族大全,[LM] 死灵之书：不死生物卷册
鬼衣,6 种族书\LM死灵之书\6怪物\鬼衣.htm,4,物种概论：万族大全 / [LM] 死灵之书：不死生物卷册 / 6. 新的怪物,物种概论：万族大全,[LM] 死灵之书：不死生物卷册
墓斑,6 种族书\LM死灵之书\6怪物\墓斑.htm,4,物种概论：万族大全 / [LM] 死灵之书：不死生物卷册 / 6. 新的怪物,物种概论：万族大全,[LM] 死灵之书：不死生物卷册
凶暴蛆,6 种族书\LM死灵之书\6怪物\凶暴蛆.htm,4,物种概论：万族大全 / [LM] 死灵之书：不死生物卷册 / 6. 新的怪物,物种概论：万族大全,[LM] 死灵之书：不死生物卷册
脱水怪,6 种族书\LM死灵之书\6怪物\脱水怪.htm,4,物种概论：万族大全 / [LM] 死灵之书：不死生物卷册 / 6. 新的怪物,物种概论：万族大全,[LM] 死灵之书：不死生物卷册
死灵伙伴,6 种族书\LM死灵之书\6怪物\死灵伙伴.htm,4,物种概论：万族大全 / [LM] 死灵之书：不死生物卷册 / 6. 新的怪物,物种概论：万族大全,[LM] 死灵之书：不死生物卷册
死闸,6 种族书\LM死灵之书\6怪物\死闸.htm,4,物种概论：万族大全 / [LM] 死灵之书：不死生物卷册 / 6. 新的怪物,物种概论：万族大全,[LM] 死灵之书：不死生物卷册
深暗,6 种族书\LM死灵之书\6怪物\深暗.htm,4,物种概论：万族大全 / [LM] 死灵之书：不死生物卷册 / 6. 新的怪物,物种概论：万族大全,[LM] 死灵之书：不死生物卷册
熄灵,6 种族书\LM死灵之书\6怪物\熄灵.htm,4,物种概论：万族大全 / [LM] 死灵之书：不死生物卷册 / 6. 新的怪物,物种概论：万族大全,[LM] 死灵之书：不死生物卷册
鼠骨群,6 种族书\LM死灵之书\6怪物\鼠骨群.htm,4,物种概论：万族大全 / [LM] 死灵之书：不死生物卷册 / 6. 新的怪物,物种概论：万族大全,[LM] 死灵之书：不死生物卷册
皮风筝,6 种族书\LM死灵之书\6怪物\皮风筝.htm,4,物种概论：万族大全 / [LM] 死灵之书：不死生物卷册 / 6. 新的怪物,物种概论：万族大全,[LM] 死灵之书：不死生物卷册
罐中脑,6 种族书\LM死灵之书\6怪物\罐中脑.htm,4,物种概论：万族大全 / [LM] 死灵之书：不死生物卷册 / 6. 新的怪物,物种概论：万族大全,[LM] 死灵之书：不死生物卷册
鼠尸群,6 种族书\LM死灵之书\6怪物\鼠尸群.htm,4,物种概论：万族大全 / [LM] 死灵之书：不死生物卷册 / 6. 新的怪物,物种概论：万族大全,[LM] 死灵之书：不死生物卷册
魅影琴手,6 种族书\LM死灵之书\6怪物\魅影琴手.htm,4,物种概论：万族大全 / [LM] 死灵之书：不死生物卷册 / 6. 新的怪物,物种概论：万族大全,[LM] 死灵之书：不死生物卷册
鬼祟腐囊,6 种族书\LM死灵之书\6怪物\鬼祟腐囊.htm,4,物种概论：万族大全 / [LM] 死灵之书：不死生物卷册 / 6. 新的怪物,物种概论：万族大全,[LM] 死灵之书：不死生物卷册
埋尸工,6 种族书\LM死灵之书\6怪物\埋尸工.htm,4,物种概论：万族大全 / [LM] 死灵之书：不死生物卷册 / 6. 新的怪物,物种概论：万族大全,[LM] 死灵之书：不死生物卷册
坏疽尸,6 种族书\LM死灵之书\6怪物\坏疽尸.htm,4,物种概论：万族大全 / [LM] 死灵之书：不死生物卷册 / 6. 新的怪物,物种概论：万族大全,[LM] 死灵之书：不死生物卷册
血尘云,6 种族书\LM死灵之书\6怪物\血尘云.htm,4,物种概论：万族大全 / [LM] 死灵之书：不死生物卷册 / 6. 新的怪物,物种概论：万族大全,[LM] 死灵之书：不死生物卷册
遗忘之壳,6 种族书\LM死灵之书\6怪物\遗忘之壳.htm,4,物种概论：万族大全 / [LM] 死灵之书：不死生物卷册 / 6. 新的怪物,物种概论：万族大全,[LM] 死灵之书：不死生物卷册
煤渣衍体,6 种族书\LM死灵之书\6怪物\煤渣衍体.htm,4,物种概论：万族大全 / [LM] 死灵之书：不死生物卷册 / 6. 新的怪物,物种概论：万族大全,[LM] 死灵之书：不死生物卷册
虚空缚灵,6 种族书\LM死灵之书\6怪物\虚空缚灵.htm,4,物种概论：万族大全 / [LM] 死灵之书：不死生物卷册 / 6. 新的怪物,物种概论：万族大全,[LM] 死灵之书：不死生物卷册
霜孽,6 种族书\LM死灵之书\6怪物\霜孽.htm,4,物种概论：万族大全 / [LM] 死灵之书：不死生物卷册 / 6. 新的怪物,物种概论：万族大全,[LM] 死灵之书：不死生物卷册
斯各尔,6 种族书\LM死灵之书\6怪物\斯各尔.htm,4,物种概论：万族大全 / [LM] 死灵之书：不死生物卷册 / 6. 新的怪物,物种概论：万族大全,[LM] 死灵之书：不死生物卷册
地穴歌者,6 种族书\LM死灵之书\6怪物\地穴歌者.htm,4,物种概论：万族大全 / [LM] 死灵之书：不死生物卷册 / 6. 新的怪物,物种概论：万族大全,[LM] 死灵之书：不死生物卷册
屠戮尸妖,6 种族书\LM死灵之书\6怪物\屠宰者.htm,4,物种概论：万族大全 / [LM] 死灵之书：不死生物卷册 / 6. 新的怪物,物种概论：万族大全,[LM] 死灵之书：不死生物卷册
墓土魔像,6 种族书\LM死灵之书\6怪物\墓土魔像.htm,4,物种概论：万族大全 / [LM] 死灵之书：不死生物卷册 / 6. 新的怪物,物种概论：万族大全,[LM] 死灵之书：不死生物卷册
亵渎,6 种族书\LM死灵之书\6怪物\亵渎.htm,4,物种概论：万族大全 / [LM] 死灵之书：不死生物卷册 / 6. 新的怪物,物种概论：万族大全,[LM] 死灵之书：不死生物卷册
巨笨尸,6 种族书\LM死灵之书\6怪物\巨笨尸.htm,4,物种概论：万族大全 / [LM] 死灵之书：不死生物卷册 / 6. 新的怪物,物种概论：万族大全,[LM] 死灵之书：不死生物卷册
夺面者,6 种族书\LM死灵之书\6怪物\夺面者.htm,4,物种概论：万族大全 / [LM] 死灵之书：不死生物卷册 / 6. 新的怪物,物种概论：万族大全,[LM] 死灵之书：不死生物卷册
血脊髓,6 种族书\LM死灵之书\6怪物\血脊髓.htm,4,物种概论：万族大全 / [LM] 死灵之书：不死生物卷册 / 6. 新的怪物,物种概论：万族大全,[LM] 死灵之书：不死生物卷册
泣妖,6 种族书\LM死灵之书\6怪物\泣妖.htm,4,物种概论：万族大全 / [LM] 死灵之书：不死生物卷册 / 6. 新的怪物,物种概论：万族大全,[LM] 死灵之书：不死生物卷册
萎缩者后裔,6 种族书\LM死灵之书\6怪物\萎缩者后裔.htm,4,物种概论：万族大全 / [LM] 死灵之书：不死生物卷册 / 6. 新的怪物,物种概论：万族大全,[LM] 死灵之书：不死生物卷册
熵之收割者,6 种族书\LM死灵之书\6怪物\熵之收割者.htm,4,物种概论：万族大全 / [LM] 死灵之书：不死生物卷册 / 6. 新的怪物,物种概论：万族大全,[LM] 死灵之书：不死生物卷册
葬骨园,6 种族书\LM死灵之书\6怪物\葬骨园.htm,4,物种概论：万族大全 / [LM] 死灵之书：不死生物卷册 / 6. 新的怪物,物种概论：万族大全,[LM] 死灵之书：不死生物卷册
腐朽天使,6 种族书\LM死灵之书\6怪物\腐朽天使.htm,4,物种概论：万族大全 / [LM] 死灵之书：不死生物卷册 / 6. 新的怪物,物种概论：万族大全,[LM] 死灵之书：不死生物卷册
梦痕,6 种族书\LM死灵之书\6怪物\梦痕.htm,4,物种概论：万族大全 / [LM] 死灵之书：不死生物卷册 / 6. 新的怪物,物种概论：万族大全,[LM] 死灵之书：不死生物卷册
7. 战役中的不死生物,6 种族书\LM死灵之书\7战役\第七章_战役中的不死生物.htm,3,物种概论：万族大全 / [LM] 死灵之书：不死生物卷册,物种概论：万族大全,[LM] 死灵之书：不死生物卷册
安排亡灵遭遇战,6 种族书\LM死灵之书\7战役\安排亡灵遭遇战.htm,4,物种概论：万族大全 / [LM] 死灵之书：不死生物卷册 / 7. 战役中的不死生物,物种概论：万族大全,[LM] 死灵之书：不死生物卷册
将不死引入你的战役,6 种族书\LM死灵之书\7战役\将不死引入你的战役.htm,4,物种概论：万族大全 / [LM] 死灵之书：不死生物卷册 / 7. 战役中的不死生物,物种概论：万族大全,[LM] 死灵之书：不死生物卷册
扩展奥秘：英雄、武术、魔法和战争,,1,,扩展奥秘：英雄、武术、魔法和战争,
[MH] 模型手册/兵棋手册 (牛头人之书),7 扩展全新体系\MH模型手册\0插图\模型手册（MH）.htm,2,扩展奥秘：英雄、武术、魔法和战争,扩展奥秘：英雄、武术、魔法和战争,[MH] 模型手册/兵棋手册 (牛头人之书)
1. 角色,,3,扩展奥秘：英雄、武术、魔法和战争 / [MH] 模型手册/兵棋手册 (牛头人之书),扩展奥秘：英雄、武术、魔法和战争,[MH] 模型手册/兵棋手册 (牛头人之书)
基础职业,,4,扩展奥秘：英雄、武术、魔法和战争 / [MH] 模型手册/兵棋手册 (牛头人之书) / 1. 角色,扩展奥秘：英雄、武术、魔法和战争,[MH] 模型手册/兵棋手册 (牛头人之书)
元戎,7 扩展全新体系\MH模型手册\1基础\元戎.htm,5,扩展奥秘：英雄、武术、魔法和战争 / [MH] 模型手册/兵棋手册 (牛头人之书) / 1. 角色 / 基础职业,扩展奥秘：英雄、武术、魔法和战争,[MH] 模型手册/兵棋手册 (牛头人之书)
治疗师,7 扩展全新体系\MH模型手册\1基础\治疗师.htm,5,扩展奥秘：英雄、武术、魔法和战争 / [MH] 模型手册/兵棋手册 (牛头人之书) / 1. 角色 / 基础职业,扩展奥秘：英雄、武术、魔法和战争,[MH] 模型手册/兵棋手册 (牛头人之书)
进阶职业,,4,扩展奥秘：英雄、武术、魔法和战争 / [MH] 模型手册/兵棋手册 (牛头人之书) / 1. 角色,扩展奥秘：英雄、武术、魔法和战争,[MH] 模型手册/兵棋手册 (牛头人之书)
酋长,7 扩展全新体系\MH模型手册\2进阶\酋长.htm,5,扩展奥秘：英雄、武术、魔法和战争 / [MH] 模型手册/兵棋手册 (牛头人之书) / 1. 角色 / 进阶职业,扩展奥秘：英雄、武术、魔法和战争,[MH] 模型手册/兵棋手册 (牛头人之书)
战争巨人,7 扩展全新体系\MH模型手册\2进阶\狂战者.htm,5,扩展奥秘：英雄、武术、魔法和战争 / [MH] 模型手册/兵棋手册 (牛头人之书) / 1. 角色 / 进阶职业,扩展奥秘：英雄、武术、魔法和战争,[MH] 模型手册/兵棋手册 (牛头人之书)
战术之盾,7 扩展全新体系\MH模型手册\2进阶\战术之盾.htm,5,扩展奥秘：英雄、武术、魔法和战争 / [MH] 模型手册/兵棋手册 (牛头人之书) / 1. 角色 / 进阶职业,扩展奥秘：英雄、武术、魔法和战争,[MH] 模型手册/兵棋手册 (牛头人之书)
亡灵猎人,7 扩展全新体系\MH模型手册\2进阶\亡灵猎人.htm,5,扩展奥秘：英雄、武术、魔法和战争 / [MH] 模型手册/兵棋手册 (牛头人之书) / 1. 角色 / 进阶职业,扩展奥秘：英雄、武术、魔法和战争,[MH] 模型手册/兵棋手册 (牛头人之书)
浩劫法师,7 扩展全新体系\MH模型手册\2进阶\浩劫法师.htm,5,扩展奥秘：英雄、武术、魔法和战争 / [MH] 模型手册/兵棋手册 (牛头人之书) / 1. 角色 / 进阶职业,扩展奥秘：英雄、武术、魔法和战争,[MH] 模型手册/兵棋手册 (牛头人之书)
龙之武士,7 扩展全新体系\MH模型手册\2进阶\龙之武士.htm,5,扩展奥秘：英雄、武术、魔法和战争 / [MH] 模型手册/兵棋手册 (牛头人之书) / 1. 角色 / 进阶职业,扩展奥秘：英雄、武术、魔法和战争,[MH] 模型手册/兵棋手册 (牛头人之书)
元素召唤者,7 扩展全新体系\MH模型手册\2进阶\元素召唤者.htm,5,扩展奥秘：英雄、武术、魔法和战争 / [MH] 模型手册/兵棋手册 (牛头人之书) / 1. 角色 / 进阶职业,扩展奥秘：英雄、武术、魔法和战争,[MH] 模型手册/兵棋手册 (牛头人之书)
专长,,4,扩展奥秘：英雄、武术、魔法和战争 / [MH] 模型手册/兵棋手册 (牛头人之书) / 1. 角色,扩展奥秘：英雄、武术、魔法和战争,[MH] 模型手册/兵棋手册 (牛头人之书)
一般专长,7 扩展全新体系\MH模型手册\6角色\一般专长.htm,5,扩展奥秘：英雄、武术、魔法和战争 / [MH] 模型手册/兵棋手册 (牛头人之书) / 1. 角色 / 专长,扩展奥秘：英雄、武术、魔法和战争,[MH] 模型手册/兵棋手册 (牛头人之书)
超魔专长,7 扩展全新体系\MH模型手册\6角色\超魔专长.htm,5,扩展奥秘：英雄、武术、魔法和战争 / [MH] 模型手册/兵棋手册 (牛头人之书) / 1. 角色 / 专长,扩展奥秘：英雄、武术、魔法和战争,[MH] 模型手册/兵棋手册 (牛头人之书)
2. 魔法,,3,扩展奥秘：英雄、武术、魔法和战争 / [MH] 模型手册/兵棋手册 (牛头人之书),扩展奥秘：英雄、武术、魔法和战争,[MH] 模型手册/兵棋手册 (牛头人之书)
法术列表,7 扩展全新体系\MH模型手册\3魔法\法术列表.htm,4,扩展奥秘：英雄、武术、魔法和战争 / [MH] 模型手册/兵棋手册 (牛头人之书) / 2. 魔法,扩展奥秘：英雄、武术、魔法和战争,[MH] 模型手册/兵棋手册 (牛头人之书)
法术详述,7 扩展全新体系\MH模型手册\3魔法\法术详述.htm,4,扩展奥秘：英雄、武术、魔法和战争 / [MH] 模型手册/兵棋手册 (牛头人之书) / 2. 魔法,扩展奥秘：英雄、武术、魔法和战争,[MH] 模型手册/兵棋手册 (牛头人之书)
奇物,7 扩展全新体系\MH模型手册\3魔法\奇物.htm,4,扩展奥秘：英雄、武术、魔法和战争 / [MH] 模型手册/兵棋手册 (牛头人之书) / 2. 魔法,扩展奥秘：英雄、武术、魔法和战争,[MH] 模型手册/兵棋手册 (牛头人之书)
3. 怪物,,3,扩展奥秘：英雄、武术、魔法和战争 / [MH] 模型手册/兵棋手册 (牛头人之书),扩展奥秘：英雄、武术、魔法和战争,[MH] 模型手册/兵棋手册 (牛头人之书)
保卫者,7 扩展全新体系\MH模型手册\4怪物\保卫者.htm,4,扩展奥秘：英雄、武术、魔法和战争 / [MH] 模型手册/兵棋手册 (牛头人之书) / 3. 怪物,扩展奥秘：英雄、武术、魔法和战争,[MH] 模型手册/兵棋手册 (牛头人之书)
镰虫兽,7 扩展全新体系\MH模型手册\4怪物\镰虫兽.htm,4,扩展奥秘：英雄、武术、魔法和战争 / [MH] 模型手册/兵棋手册 (牛头人之书) / 3. 怪物,扩展奥秘：英雄、武术、魔法和战争,[MH] 模型手册/兵棋手册 (牛头人之书)
电鞭怪,7 扩展全新体系\MH模型手册\4怪物\电鞭怪.htm,4,扩展奥秘：英雄、武术、魔法和战争 / [MH] 模型手册/兵棋手册 (牛头人之书) / 3. 怪物,扩展奥秘：英雄、武术、魔法和战争,[MH] 模型手册/兵棋手册 (牛头人之书)
独眼怪,7 扩展全新体系\MH模型手册\4怪物\独眼怪.htm,4,扩展奥秘：英雄、武术、魔法和战争 / [MH] 模型手册/兵棋手册 (牛头人之书) / 3. 怪物,扩展奥秘：英雄、武术、魔法和战争,[MH] 模型手册/兵棋手册 (牛头人之书)
疯狂剃刀,7 扩展全新体系\MH模型手册\4怪物\疯狂剃刀.htm,4,扩展奥秘：英雄、武术、魔法和战争 / [MH] 模型手册/兵棋手册 (牛头人之书) / 3. 怪物,扩展奥秘：英雄、武术、魔法和战争,[MH] 模型手册/兵棋手册 (牛头人之书)
鳞片追踪者,7 扩展全新体系\MH模型手册\4怪物\鳞片追踪者.htm,4,扩展奥秘：英雄、武术、魔法和战争 / [MH] 模型手册/兵棋手册 (牛头人之书) / 3. 怪物,扩展奥秘：英雄、武术、魔法和战争,[MH] 模型手册/兵棋手册 (牛头人之书)
罗摩神使,7 扩展全新体系\MH模型手册\4怪物\罗摩神使.htm,4,扩展奥秘：英雄、武术、魔法和战争 / [MH] 模型手册/兵棋手册 (牛头人之书) / 3. 怪物,扩展奥秘：英雄、武术、魔法和战争,[MH] 模型手册/兵棋手册 (牛头人之书)
马人,7 扩展全新体系\MH模型手册\4怪物\马头人.htm,4,扩展奥秘：英雄、武术、魔法和战争 / [MH] 模型手册/兵棋手册 (牛头人之书) / 3. 怪物,扩展奥秘：英雄、武术、魔法和战争,[MH] 模型手册/兵棋手册 (牛头人之书)
猫人族,7 扩展全新体系\MH模型手册\4怪物\猫人族.htm,4,扩展奥秘：英雄、武术、魔法和战争 / [MH] 模型手册/兵棋手册 (牛头人之书) / 3. 怪物,扩展奥秘：英雄、武术、魔法和战争,[MH] 模型手册/兵棋手册 (牛头人之书)
墓穴猎犬,7 扩展全新体系\MH模型手册\4怪物\墓穴猎犬.htm,4,扩展奥秘：英雄、武术、魔法和战争 / [MH] 模型手册/兵棋手册 (牛头人之书) / 3. 怪物,扩展奥秘：英雄、武术、魔法和战争,[MH] 模型手册/兵棋手册 (牛头人之书)
刃轮兽,7 扩展全新体系\MH模型手册\4怪物\刃轮兽.htm,4,扩展奥秘：英雄、武术、魔法和战争 / [MH] 模型手册/兵棋手册 (牛头人之书) / 3. 怪物,扩展奥秘：英雄、武术、魔法和战争,[MH] 模型手册/兵棋手册 (牛头人之书)
闪光娜迦,7 扩展全新体系\MH模型手册\4怪物\闪光娜迦.htm,4,扩展奥秘：英雄、武术、魔法和战争 / [MH] 模型手册/兵棋手册 (牛头人之书) / 3. 怪物,扩展奥秘：英雄、武术、魔法和战争,[MH] 模型手册/兵棋手册 (牛头人之书)
深渊开膛魔,7 扩展全新体系\MH模型手册\4怪物\深渊开膛魔.htm,4,扩展奥秘：英雄、武术、魔法和战争 / [MH] 模型手册/兵棋手册 (牛头人之书) / 3. 怪物,扩展奥秘：英雄、武术、魔法和战争,[MH] 模型手册/兵棋手册 (牛头人之书)
石之子,7 扩展全新体系\MH模型手册\4怪物\石之子.htm,4,扩展奥秘：英雄、武术、魔法和战争 / [MH] 模型手册/兵棋手册 (牛头人之书) / 3. 怪物,扩展奥秘：英雄、武术、魔法和战争,[MH] 模型手册/兵棋手册 (牛头人之书)
位移蛇,7 扩展全新体系\MH模型手册\4怪物\位移蛇.htm,4,扩展奥秘：英雄、武术、魔法和战争 / [MH] 模型手册/兵棋手册 (牛头人之书) / 3. 怪物,扩展奥秘：英雄、武术、魔法和战争,[MH] 模型手册/兵棋手册 (牛头人之书)
穴居恐龙,7 扩展全新体系\MH模型手册\4怪物\穴居恐龙.htm,4,扩展奥秘：英雄、武术、魔法和战争 / [MH] 模型手册/兵棋手册 (牛头人之书) / 3. 怪物,扩展奥秘：英雄、武术、魔法和战争,[MH] 模型手册/兵棋手册 (牛头人之书)
岩浆投掷者,7 扩展全新体系\MH模型手册\4怪物\岩浆投掷者.htm,4,扩展奥秘：英雄、武术、魔法和战争 / [MH] 模型手册/兵棋手册 (牛头人之书) / 3. 怪物,扩展奥秘：英雄、武术、魔法和战争,[MH] 模型手册/兵棋手册 (牛头人之书)
移动屏障,7 扩展全新体系\MH模型手册\4怪物\移动屏障.htm,4,扩展奥秘：英雄、武术、魔法和战争 / [MH] 模型手册/兵棋手册 (牛头人之书) / 3. 怪物,扩展奥秘：英雄、武术、魔法和战争,[MH] 模型手册/兵棋手册 (牛头人之书)
诅咒幽魂,7 扩展全新体系\MH模型手册\4怪物\诅咒幽魂.htm,4,扩展奥秘：英雄、武术、魔法和战争 / [MH] 模型手册/兵棋手册 (牛头人之书) / 3. 怪物,扩展奥秘：英雄、武术、魔法和战争,[MH] 模型手册/兵棋手册 (牛头人之书)
4. 模型卡,7 扩展全新体系\MH模型手册\5模型卡\第四章_模型卡.htm,3,扩展奥秘：英雄、武术、魔法和战争 / [MH] 模型手册/兵棋手册 (牛头人之书),扩展奥秘：英雄、武术、魔法和战争,[MH] 模型手册/兵棋手册 (牛头人之书)
扮演规则,7 扩展全新体系\MH模型手册\5模型卡\扮演规则.htm,4,扩展奥秘：英雄、武术、魔法和战争 / [MH] 模型手册/兵棋手册 (牛头人之书) / 4. 模型卡,扩展奥秘：英雄、武术、魔法和战争,[MH] 模型手册/兵棋手册 (牛头人之书)
模型规则,7 扩展全新体系\MH模型手册\5模型卡\模型规则.htm,4,扩展奥秘：英雄、武术、魔法和战争 / [MH] 模型手册/兵棋手册 (牛头人之书) / 4. 模型卡,扩展奥秘：英雄、武术、魔法和战争,[MH] 模型手册/兵棋手册 (牛头人之书)
转换到模型规则,7 扩展全新体系\MH模型手册\5模型卡\转换到模型规则.htm,4,扩展奥秘：英雄、武术、魔法和战争 / [MH] 模型手册/兵棋手册 (牛头人之书) / 4. 模型卡,扩展奥秘：英雄、武术、魔法和战争,[MH] 模型手册/兵棋手册 (牛头人之书)
推算模型数值,7 扩展全新体系\MH模型手册\5模型卡\推算模型数值.htm,4,扩展奥秘：英雄、武术、魔法和战争 / [MH] 模型手册/兵棋手册 (牛头人之书) / 4. 模型卡,扩展奥秘：英雄、武术、魔法和战争,[MH] 模型手册/兵棋手册 (牛头人之书)
推算价格,7 扩展全新体系\MH模型手册\5模型卡\推算价格.htm,4,扩展奥秘：英雄、武术、魔法和战争 / [MH] 模型手册/兵棋手册 (牛头人之书) / 4. 模型卡,扩展奥秘：英雄、武术、魔法和战争,[MH] 模型手册/兵棋手册 (牛头人之书)
[HoB] 战争英雄,7 扩展全新体系\HoB战争英雄\0插图\战争英雄（HoB）.htm,2,扩展奥秘：英雄、武术、魔法和战争,扩展奥秘：英雄、武术、魔法和战争,[HoB] 战争英雄
1. 战争战役,,3,扩展奥秘：英雄、武术、魔法和战争 / [HoB] 战争英雄,扩展奥秘：英雄、武术、魔法和战争,[HoB] 战争英雄
什么是战场冒险,7 扩展全新体系\HoB战争英雄\1战争战役\什么是战场冒险.htm,4,扩展奥秘：英雄、武术、魔法和战争 / [HoB] 战争英雄 / 1. 战争战役,扩展奥秘：英雄、武术、魔法和战争,[HoB] 战争英雄
大处着眼小处着手,7 扩展全新体系\HoB战争英雄\1战争战役\大处着眼小处着手.htm,4,扩展奥秘：英雄、武术、魔法和战争 / [HoB] 战争英雄 / 1. 战争战役,扩展奥秘：英雄、武术、魔法和战争,[HoB] 战争英雄
玩家角色,7 扩展全新体系\HoB战争英雄\1战争战役\玩家角色.htm,4,扩展奥秘：英雄、武术、魔法和战争 / [HoB] 战争英雄 / 1. 战争战役,扩展奥秘：英雄、武术、魔法和战争,[HoB] 战争英雄
节奏,7 扩展全新体系\HoB战争英雄\1战争战役\节奏.htm,4,扩展奥秘：英雄、武术、魔法和战争 / [HoB] 战争英雄 / 1. 战争战役,扩展奥秘：英雄、武术、魔法和战争,[HoB] 战争英雄
战役规划,7 扩展全新体系\HoB战争英雄\1战争战役\战役规划.htm,4,扩展奥秘：英雄、武术、魔法和战争 / [HoB] 战争英雄 / 1. 战争战役,扩展奥秘：英雄、武术、魔法和战争,[HoB] 战争英雄
处理军阶与命令,7 扩展全新体系\HoB战争英雄\1战争战役\处理军阶与命令.htm,5,扩展奥秘：英雄、武术、魔法和战争 / [HoB] 战争英雄 / 1. 战争战役 / 战役规划,扩展奥秘：英雄、武术、魔法和战争,[HoB] 战争英雄
战争战役中的财富,7 扩展全新体系\HoB战争英雄\1战争战役\战争战役中的财富.htm,5,扩展奥秘：英雄、武术、魔法和战争 / [HoB] 战争英雄 / 1. 战争战役 / 战役规划,扩展奥秘：英雄、武术、魔法和战争,[HoB] 战争英雄
战略间歇期,7 扩展全新体系\HoB战争英雄\1战争战役\战略间歇期.htm,5,扩展奥秘：英雄、武术、魔法和战争 / [HoB] 战争英雄 / 1. 战争战役 / 战役规划,扩展奥秘：英雄、武术、魔法和战争,[HoB] 战争英雄
战场外的冒险,7 扩展全新体系\HoB战争英雄\1战争战役\战场外的冒险.htm,5,扩展奥秘：英雄、武术、魔法和战争 / [HoB] 战争英雄 / 1. 战争战役 / 战役规划,扩展奥秘：英雄、武术、魔法和战争,[HoB] 战争英雄
军事组织,7 扩展全新体系\HoB战争英雄\1战争战役\军事组织.htm,4,扩展奥秘：英雄、武术、魔法和战争 / [HoB] 战争英雄 / 1. 战争战役,扩展奥秘：英雄、武术、魔法和战争,[HoB] 战争英雄
2. 建构冒险,7 扩展全新体系\HoB战争英雄\2建构冒险\建构冒险.htm,3,扩展奥秘：英雄、武术、魔法和战争 / [HoB] 战争英雄,扩展奥秘：英雄、武术、魔法和战争,[HoB] 战争英雄
吸引玩家角色参战,7 扩展全新体系\HoB战争英雄\2建构冒险\吸引玩家角色参战.htm,4,扩展奥秘：英雄、武术、魔法和战争 / [HoB] 战争英雄 / 2. 建构冒险,扩展奥秘：英雄、武术、魔法和战争,[HoB] 战争英雄
设计战场,7 扩展全新体系\HoB战争英雄\2建构冒险\设计战场.htm,4,扩展奥秘：英雄、武术、魔法和战争 / [HoB] 战争英雄 / 2. 建构冒险,扩展奥秘：英雄、武术、魔法和战争,[HoB] 战争英雄
事件进程,7 扩展全新体系\HoB战争英雄\2建构冒险\事件进程.htm,5,扩展奥秘：英雄、武术、魔法和战争 / [HoB] 战争英雄 / 2. 建构冒险 / 设计战场,扩展奥秘：英雄、武术、魔法和战争,[HoB] 战争英雄
冒险流程图,7 扩展全新体系\HoB战争英雄\2建构冒险\冒险流程图.htm,4,扩展奥秘：英雄、武术、魔法和战争 / [HoB] 战争英雄 / 2. 建构冒险,扩展奥秘：英雄、武术、魔法和战争,[HoB] 战争英雄
创造难忘的遭遇,7 扩展全新体系\HoB战争英雄\2建构冒险\创造难忘的遭遇.htm,5,扩展奥秘：英雄、武术、魔法和战争 / [HoB] 战争英雄 / 2. 建构冒险 / 冒险流程图,扩展奥秘：英雄、武术、魔法和战争,[HoB] 战争英雄
遭遇节奏,7 扩展全新体系\HoB战争英雄\2建构冒险\遭遇节奏.htm,5,扩展奥秘：英雄、武术、魔法和战争 / [HoB] 战争英雄 / 2. 建构冒险 / 冒险流程图,扩展奥秘：英雄、武术、魔法和战争,[HoB] 战争英雄
填充方框,7 扩展全新体系\HoB战争英雄\2建构冒险\填充方框.htm,5,扩展奥秘：英雄、武术、魔法和战争 / [HoB] 战争英雄 / 2. 建构冒险 / 冒险流程图,扩展奥秘：英雄、武术、魔法和战争,[HoB] 战争英雄
设计奇幻军队,7 扩展全新体系\HoB战争英雄\2建构冒险\设计奇幻军队.htm,4,扩展奥秘：英雄、武术、魔法和战争 / [HoB] 战争英雄 / 2. 建构冒险,扩展奥秘：英雄、武术、魔法和战争,[HoB] 战争英雄
60分钟创建军队,7 扩展全新体系\HoB战争英雄\2建构冒险\60分钟创建军队.htm,5,扩展奥秘：英雄、武术、魔法和战争 / [HoB] 战争英雄 / 2. 建构冒险 / 设计奇幻军队,扩展奥秘：英雄、武术、魔法和战争,[HoB] 战争英雄
构建战场遭遇地图,7 扩展全新体系\HoB战争英雄\2建构冒险\构建战场遭遇地图.htm,4,扩展奥秘：英雄、武术、魔法和战争 / [HoB] 战争英雄 / 2. 建构冒险,扩展奥秘：英雄、武术、魔法和战争,[HoB] 战争英雄
地形,7 扩展全新体系\HoB战争英雄\2建构冒险\地形.htm,5,扩展奥秘：英雄、武术、魔法和战争 / [HoB] 战争英雄 / 2. 建构冒险 / 构建战场遭遇地图,扩展奥秘：英雄、武术、魔法和战争,[HoB] 战争英雄
障碍与屏障,7 扩展全新体系\HoB战争英雄\2建构冒险\障碍与屏障.htm,5,扩展奥秘：英雄、武术、魔法和战争 / [HoB] 战争英雄 / 2. 建构冒险 / 构建战场遭遇地图,扩展奥秘：英雄、武术、魔法和战争,[HoB] 战争英雄
防御工事,7 扩展全新体系\HoB战争英雄\2建构冒险\防御工事.htm,5,扩展奥秘：英雄、武术、魔法和战争 / [HoB] 战争英雄 / 2. 建构冒险 / 构建战场遭遇地图,扩展奥秘：英雄、武术、魔法和战争,[HoB] 战争英雄
其他危险,7 扩展全新体系\HoB战争英雄\2建构冒险\其他危险.htm,5,扩展奥秘：英雄、武术、魔法和战争 / [HoB] 战争英雄 / 2. 建构冒险 / 构建战场遭遇地图,扩展奥秘：英雄、武术、魔法和战争,[HoB] 战争英雄
古代战场,7 扩展全新体系\HoB战争英雄\2建构冒险\古代战场.htm,5,扩展奥秘：英雄、武术、魔法和战争 / [HoB] 战争英雄 / 2. 建构冒险 / 构建战场遭遇地图,扩展奥秘：英雄、武术、魔法和战争,[HoB] 战争英雄
奖励,7 扩展全新体系\HoB战争英雄\2建构冒险\奖励.htm,4,扩展奥秘：英雄、武术、魔法和战争 / [HoB] 战争英雄 / 2. 建构冒险,扩展奥秘：英雄、武术、魔法和战争,[HoB] 战争英雄
胜利点框架,7 扩展全新体系\HoB战争英雄\2建构冒险\胜利点框架.htm,5,扩展奥秘：英雄、武术、魔法和战争 / [HoB] 战争英雄 / 2. 建构冒险 / 奖励,扩展奥秘：英雄、武术、魔法和战争,[HoB] 战争英雄
当情况偏离图表时,7 扩展全新体系\HoB战争英雄\2建构冒险\当情况偏离图表时.htm,4,扩展奥秘：英雄、武术、魔法和战争 / [HoB] 战争英雄 / 2. 建构冒险,扩展奥秘：英雄、武术、魔法和战争,[HoB] 战争英雄
随机遭遇,7 扩展全新体系\HoB战争英雄\2建构冒险\随机遭遇.htm,4,扩展奥秘：英雄、武术、魔法和战争 / [HoB] 战争英雄 / 2. 建构冒险,扩展奥秘：英雄、武术、魔法和战争,[HoB] 战争英雄
3. 战场遭遇,,3,扩展奥秘：英雄、武术、魔法和战争 / [HoB] 战争英雄,扩展奥秘：英雄、武术、魔法和战争,[HoB] 战争英雄
特定单位,7 扩展全新体系\HoB战争英雄\3战场遭遇\特定单位.htm,4,扩展奥秘：英雄、武术、魔法和战争 / [HoB] 战争英雄 / 3. 战场遭遇,扩展奥秘：英雄、武术、魔法和战争,[HoB] 战争英雄
自然之怒军队,7 扩展全新体系\HoB战争英雄\3战场遭遇\自然之怒军队.htm,5,扩展奥秘：英雄、武术、魔法和战争 / [HoB] 战争英雄 / 3. 战场遭遇 / 特定单位,扩展奥秘：英雄、武术、魔法和战争,[HoB] 战争英雄
佩拉克的无生者军团,7 扩展全新体系\HoB战争英雄\3战场遭遇\佩拉克的无生者军团.htm,5,扩展奥秘：英雄、武术、魔法和战争 / [HoB] 战争英雄 / 3. 战场遭遇 / 特定单位,扩展奥秘：英雄、武术、魔法和战争,[HoB] 战争英雄
塔那厘恶魔游群,7 扩展全新体系\HoB战争英雄\3战场遭遇\塔那厘恶魔游群.htm,5,扩展奥秘：英雄、武术、魔法和战争 / [HoB] 战争英雄 / 3. 战场遭遇 / 特定单位,扩展奥秘：英雄、武术、魔法和战争,[HoB] 战争英雄
巴特祖魔鬼旅团,7 扩展全新体系\HoB战争英雄\3战场遭遇\巴特祖魔鬼旅团.htm,5,扩展奥秘：英雄、武术、魔法和战争 / [HoB] 战争英雄 / 3. 战场遭遇 / 特定单位,扩展奥秘：英雄、武术、魔法和战争,[HoB] 战争英雄
联盟军队,7 扩展全新体系\HoB战争英雄\3战场遭遇\联盟军队.htm,5,扩展奥秘：英雄、武术、魔法和战争 / [HoB] 战争英雄 / 3. 战场遭遇 / 特定单位,扩展奥秘：英雄、武术、魔法和战争,[HoB] 战争英雄
对抗巨人,7 扩展全新体系\HoB战争英雄\3战场遭遇\对抗巨人.htm,5,扩展奥秘：英雄、武术、魔法和战争 / [HoB] 战争英雄 / 3. 战场遭遇 / 特定单位,扩展奥秘：英雄、武术、魔法和战争,[HoB] 战争英雄
地精袭击者,7 扩展全新体系\HoB战争英雄\3战场遭遇\地精袭击者.htm,5,扩展奥秘：英雄、武术、魔法和战争 / [HoB] 战争英雄 / 3. 战场遭遇 / 特定单位,扩展奥秘：英雄、武术、魔法和战争,[HoB] 战争英雄
译者,7 扩展全新体系\HoB战争英雄\3战场遭遇\译者.htm,4,扩展奥秘：英雄、武术、魔法和战争 / [HoB] 战争英雄 / 3. 战场遭遇,扩展奥秘：英雄、武术、魔法和战争,[HoB] 战争英雄
4. 战争规则,,3,扩展奥秘：英雄、武术、魔法和战争 / [HoB] 战争英雄,扩展奥秘：英雄、武术、魔法和战争,[HoB] 战争英雄
攻城武器,7 扩展全新体系\HoB战争英雄\4规则\攻城武器.htm,4,扩展奥秘：英雄、武术、魔法和战争 / [HoB] 战争英雄 / 4. 战争规则,扩展奥秘：英雄、武术、魔法和战争,[HoB] 战争英雄
高空轰炸,7 扩展全新体系\HoB战争英雄\4规则\高空轰炸.htm,4,扩展奥秘：英雄、武术、魔法和战争 / [HoB] 战争英雄 / 4. 战争规则,扩展奥秘：英雄、武术、魔法和战争,[HoB] 战争英雄
箭雨,7 扩展全新体系\HoB战争英雄\4规则\箭雨.htm,4,扩展奥秘：英雄、武术、魔法和战争 / [HoB] 战争英雄 / 4. 战争规则,扩展奥秘：英雄、武术、魔法和战争,[HoB] 战争英雄
战略优势,7 扩展全新体系\HoB战争英雄\4规则\战略优势.htm,4,扩展奥秘：英雄、武术、魔法和战争 / [HoB] 战争英雄 / 4. 战争规则,扩展奥秘：英雄、武术、魔法和战争,[HoB] 战争英雄
士气检定,7 扩展全新体系\HoB战争英雄\4规则\士气检定.htm,4,扩展奥秘：英雄、武术、魔法和战争 / [HoB] 战争英雄 / 4. 战争规则,扩展奥秘：英雄、武术、魔法和战争,[HoB] 战争英雄
指挥官,7 扩展全新体系\HoB战争英雄\4规则\指挥官.htm,4,扩展奥秘：英雄、武术、魔法和战争 / [HoB] 战争英雄 / 4. 战争规则,扩展奥秘：英雄、武术、魔法和战争,[HoB] 战争英雄
胜利点,7 扩展全新体系\HoB战争英雄\4规则\胜利点.htm,4,扩展奥秘：英雄、武术、魔法和战争 / [HoB] 战争英雄 / 4. 战争规则,扩展奥秘：英雄、武术、魔法和战争,[HoB] 战争英雄
功勋点,7 扩展全新体系\HoB战争英雄\4规则\功勋点.htm,4,扩展奥秘：英雄、武术、魔法和战争 / [HoB] 战争英雄 / 4. 战争规则,扩展奥秘：英雄、武术、魔法和战争,[HoB] 战争英雄
5. 军事角色,,3,扩展奥秘：英雄、武术、魔法和战争 / [HoB] 战争英雄,扩展奥秘：英雄、武术、魔法和战争,[HoB] 战争英雄
技能,7 扩展全新体系\HoB战争英雄\2角色\技能.htm,4,扩展奥秘：英雄、武术、魔法和战争 / [HoB] 战争英雄 / 5. 军事角色,扩展奥秘：英雄、武术、魔法和战争,[HoB] 战争英雄
专长,7 扩展全新体系\HoB战争英雄\2角色\专长.htm,4,扩展奥秘：英雄、武术、魔法和战争 / [HoB] 战争英雄 / 5. 军事角色,扩展奥秘：英雄、武术、魔法和战争,[HoB] 战争英雄
进阶职业,,4,扩展奥秘：英雄、武术、魔法和战争 / [HoB] 战争英雄 / 5. 军事角色,扩展奥秘：英雄、武术、魔法和战争,[HoB] 战争英雄
传奇领袖,7 扩展全新体系\HoB战争英雄\1进阶\传奇领袖.htm,5,扩展奥秘：英雄、武术、魔法和战争 / [HoB] 战争英雄 / 5. 军事角色 / 进阶职业,扩展奥秘：英雄、武术、魔法和战争,[HoB] 战争英雄
恐惧突袭者,7 扩展全新体系\HoB战争英雄\1进阶\恐惧突袭者.htm,5,扩展奥秘：英雄、武术、魔法和战争 / [HoB] 战争英雄 / 5. 军事角色 / 进阶职业,扩展奥秘：英雄、武术、魔法和战争,[HoB] 战争英雄
战地医生,7 扩展全新体系\HoB战争英雄\1进阶\战地护士.htm,5,扩展奥秘：英雄、武术、魔法和战争 / [HoB] 战争英雄 / 5. 军事角色 / 进阶职业,扩展奥秘：英雄、武术、魔法和战争,[HoB] 战争英雄
织奥之梭,7 扩展全新体系\HoB战争英雄\1进阶\织奥之梭.htm,5,扩展奥秘：英雄、武术、魔法和战争 / [HoB] 战争英雄 / 5. 军事角色 / 进阶职业,扩展奥秘：英雄、武术、魔法和战争,[HoB] 战争英雄
6. 战争魔法,,3,扩展奥秘：英雄、武术、魔法和战争 / [HoB] 战争英雄,扩展奥秘：英雄、武术、魔法和战争,[HoB] 战争英雄
战场上的法术,7 扩展全新体系\HoB战争英雄\3魔法\战场上的法术.htm,4,扩展奥秘：英雄、武术、魔法和战争 / [HoB] 战争英雄 / 6. 战争魔法,扩展奥秘：英雄、武术、魔法和战争,[HoB] 战争英雄
新法术,7 扩展全新体系\HoB战争英雄\3魔法\新法术.htm,4,扩展奥秘：英雄、武术、魔法和战争 / [HoB] 战争英雄 / 6. 战争魔法,扩展奥秘：英雄、武术、魔法和战争,[HoB] 战争英雄
法术详述,7 扩展全新体系\HoB战争英雄\3魔法\法术详述.htm,5,扩展奥秘：英雄、武术、魔法和战争 / [HoB] 战争英雄 / 6. 战争魔法 / 新法术,扩展奥秘：英雄、武术、魔法和战争,[HoB] 战争英雄
魔法物品,7 扩展全新体系\HoB战争英雄\3魔法\魔法物品.htm,4,扩展奥秘：英雄、武术、魔法和战争 / [HoB] 战争英雄 / 6. 战争魔法,扩展奥秘：英雄、武术、魔法和战争,[HoB] 战争英雄
魔法攻城武器,7 扩展全新体系\HoB战争英雄\3魔法\魔法攻城武器.htm,4,扩展奥秘：英雄、武术、魔法和战争 / [HoB] 战争英雄 / 6. 战争魔法,扩展奥秘：英雄、武术、魔法和战争,[HoB] 战争英雄
[HoH] 惊骇英雄,7 扩展全新体系\HoH惊骇英雄\惊骇英雄.htm,2,扩展奥秘：英雄、武术、魔法和战争,扩展奥秘：英雄、武术、魔法和战争,[HoH] 惊骇英雄
1. 惊悚遭遇,7 扩展全新体系\HoH惊骇英雄\设定\惊悚遭遇.htm,3,扩展奥秘：英雄、武术、魔法和战争 / [HoH] 惊骇英雄,扩展奥秘：英雄、武术、魔法和战争,[HoH] 惊骇英雄
2. 惊悚冒险,7 扩展全新体系\HoH惊骇英雄\设定\惊悚冒险.htm,3,扩展奥秘：英雄、武术、魔法和战争 / [HoH] 惊骇英雄,扩展奥秘：英雄、武术、魔法和战争,[HoH] 惊骇英雄
范例冒险: 为了憎恨,7 扩展全新体系\HoH惊骇英雄\设定\战役模组.htm,4,扩展奥秘：英雄、武术、魔法和战争 / [HoH] 惊骇英雄 / 2. 惊悚冒险,扩展奥秘：英雄、武术、魔法和战争,[HoH] 惊骇英雄
3. 惊悚战役,7 扩展全新体系\HoH惊骇英雄\设定\惊悚战役.htm,3,扩展奥秘：英雄、武术、魔法和战争 / [HoH] 惊骇英雄,扩展奥秘：英雄、武术、魔法和战争,[HoH] 惊骇英雄
4. 恐怖守则,7 扩展全新体系\HoH惊骇英雄\设定\恐怖守则.htm,3,扩展奥秘：英雄、武术、魔法和战争 / [HoH] 惊骇英雄,扩展奥秘：英雄、武术、魔法和战争,[HoH] 惊骇英雄
邪恶污染,7 扩展全新体系\HoH惊骇英雄\设定\邪恶污染.htm,4,扩展奥秘：英雄、武术、魔法和战争 / [HoH] 惊骇英雄 / 4. 恐怖守则,扩展奥秘：英雄、武术、魔法和战争,[HoH] 惊骇英雄
战役规则,7 扩展全新体系\HoH惊骇英雄\设定\战役规则.htm,4,扩展奥秘：英雄、武术、魔法和战争 / [HoH] 惊骇英雄 / 4. 恐怖守则,扩展奥秘：英雄、武术、魔法和战争,[HoH] 惊骇英雄
5. 英雄与反英雄 (角色选项),,3,扩展奥秘：英雄、武术、魔法和战争 / [HoH] 惊骇英雄,扩展奥秘：英雄、武术、魔法和战争,[HoH] 惊骇英雄
基础职业,,4,扩展奥秘：英雄、武术、魔法和战争 / [HoH] 惊骇英雄 / 5. 英雄与反英雄 (角色选项),扩展奥秘：英雄、武术、魔法和战争,[HoH] 惊骇英雄
卷宗学者,7 扩展全新体系\HoH惊骇英雄\基础\卷宗学者.htm,5,扩展奥秘：英雄、武术、魔法和战争 / [HoH] 惊骇英雄 / 5. 英雄与反英雄 (角色选项) / 基础职业,扩展奥秘：英雄、武术、魔法和战争,[HoH] 惊骇英雄
恐惧死灵师,7 扩展全新体系\HoH惊骇英雄\基础\恐惧死灵师.htm,5,扩展奥秘：英雄、武术、魔法和战争 / [HoH] 惊骇英雄 / 5. 英雄与反英雄 (角色选项) / 基础职业,扩展奥秘：英雄、武术、魔法和战争,[HoH] 惊骇英雄
进阶职业,,4,扩展奥秘：英雄、武术、魔法和战争 / [HoH] 惊骇英雄 / 5. 英雄与反英雄 (角色选项),扩展奥秘：英雄、武术、魔法和战争,[HoH] 惊骇英雄
恐惧巫师,7 扩展全新体系\HoH惊骇英雄\进阶\恐惧巫师.htm,5,扩展奥秘：英雄、武术、魔法和战争 / [HoH] 惊骇英雄 / 5. 英雄与反英雄 (角色选项) / 进阶职业,扩展奥秘：英雄、武术、魔法和战争,[HoH] 惊骇英雄
污化学者,7 扩展全新体系\HoH惊骇英雄\进阶\污化学者.htm,5,扩展奥秘：英雄、武术、魔法和战争 / [HoH] 惊骇英雄 / 5. 英雄与反英雄 (角色选项) / 进阶职业,扩展奥秘：英雄、武术、魔法和战争,[HoH] 惊骇英雄
炼狱后裔,7 扩展全新体系\HoH惊骇英雄\进阶\炼狱后裔.htm,5,扩展奥秘：英雄、武术、魔法和战争 / [HoH] 惊骇英雄 / 5. 英雄与反英雄 (角色选项) / 进阶职业,扩展奥秘：英雄、武术、魔法和战争,[HoH] 惊骇英雄
圣教净化师,7 扩展全新体系\HoH惊骇英雄\进阶\圣教净化师.htm,5,扩展奥秘：英雄、武术、魔法和战争 / [HoH] 惊骇英雄 / 5. 英雄与反英雄 (角色选项) / 进阶职业,扩展奥秘：英雄、武术、魔法和战争,[HoH] 惊骇英雄
腐败复仇者,7 扩展全新体系\HoH惊骇英雄\进阶\腐败复仇者.htm,5,扩展奥秘：英雄、武术、魔法和战争 / [HoH] 惊骇英雄 / 5. 英雄与反英雄 (角色选项) / 进阶职业,扩展奥秘：英雄、武术、魔法和战争,[HoH] 惊骇英雄
死亡探索者,7 扩展全新体系\HoH惊骇英雄\进阶\死亡探索者.htm,5,扩展奥秘：英雄、武术、魔法和战争 / [HoH] 惊骇英雄 / 5. 英雄与反英雄 (角色选项) / 进阶职业,扩展奥秘：英雄、武术、魔法和战争,[HoH] 惊骇英雄
新专长,7 扩展全新体系\HoH惊骇英雄\专长与法术\专长.htm,4,扩展奥秘：英雄、武术、魔法和战争 / [HoH] 惊骇英雄 / 5. 英雄与反英雄 (角色选项),扩展奥秘：英雄、武术、魔法和战争,[HoH] 惊骇英雄
法术,7 扩展全新体系\HoH惊骇英雄\专长与法术\法术.htm,4,扩展奥秘：英雄、武术、魔法和战争 / [HoH] 惊骇英雄 / 5. 英雄与反英雄 (角色选项),扩展奥秘：英雄、武术、魔法和战争,[HoH] 惊骇英雄
6. 生物,,3,扩展奥秘：英雄、武术、魔法和战争 / [HoH] 惊骇英雄,扩展奥秘：英雄、武术、魔法和战争,[HoH] 惊骇英雄
怪物,,4,扩展奥秘：英雄、武术、魔法和战争 / [HoH] 惊骇英雄 / 6. 生物,扩展奥秘：英雄、武术、魔法和战争,[HoH] 惊骇英雄
灰小丑精,7 扩展全新体系\HoH惊骇英雄\生物\怪物\灰小丑精.htm,5,扩展奥秘：英雄、武术、魔法和战争 / [HoH] 惊骇英雄 / 6. 生物 / 怪物,扩展奥秘：英雄、武术、魔法和战争,[HoH] 惊骇英雄
泥沼小魔怪,7 扩展全新体系\HoH惊骇英雄\生物\怪物\泥沼小魔怪.htm,5,扩展奥秘：英雄、武术、魔法和战争 / [HoH] 惊骇英雄 / 6. 生物 / 怪物,扩展奥秘：英雄、武术、魔法和战争,[HoH] 惊骇英雄
腐血,7 扩展全新体系\HoH惊骇英雄\生物\怪物\腐血.htm,5,扩展奥秘：英雄、武术、魔法和战争 / [HoH] 惊骇英雄 / 6. 生物 / 怪物,扩展奥秘：英雄、武术、魔法和战争,[HoH] 惊骇英雄
灾祸缚灵,7 扩展全新体系\HoH惊骇英雄\生物\怪物\灾祸缚灵.htm,5,扩展奥秘：英雄、武术、魔法和战争 / [HoH] 惊骇英雄 / 6. 生物 / 怪物,扩展奥秘：英雄、武术、魔法和战争,[HoH] 惊骇英雄
死尸魔像,7 扩展全新体系\HoH惊骇英雄\生物\怪物\死尸魔像.htm,5,扩展奥秘：英雄、武术、魔法和战争 / [HoH] 惊骇英雄 / 6. 生物 / 怪物,扩展奥秘：英雄、武术、魔法和战争,[HoH] 惊骇英雄
污化元素,7 扩展全新体系\HoH惊骇英雄\生物\怪物\污化元素.htm,5,扩展奥秘：英雄、武术、魔法和战争 / [HoH] 惊骇英雄 / 6. 生物 / 怪物,扩展奥秘：英雄、武术、魔法和战争,[HoH] 惊骇英雄
模板,,4,扩展奥秘：英雄、武术、魔法和战争 / [HoH] 惊骇英雄 / 6. 生物,扩展奥秘：英雄、武术、魔法和战争,[HoH] 惊骇英雄
不洁子嗣,7 扩展全新体系\HoH惊骇英雄\生物\模板\不洁子嗣.htm,5,扩展奥秘：英雄、武术、魔法和战争 / [HoH] 惊骇英雄 / 6. 生物 / 模板,扩展奥秘：英雄、武术、魔法和战争,[HoH] 惊骇英雄
污化狂徒,7 扩展全新体系\HoH惊骇英雄\生物\模板\污化狂徒.htm,5,扩展奥秘：英雄、武术、魔法和战争 / [HoH] 惊骇英雄 / 6. 生物 / 模板,扩展奥秘：英雄、武术、魔法和战争,[HoH] 惊骇英雄
污化仆从,7 扩展全新体系\HoH惊骇英雄\生物\模板\污化仆从.htm,5,扩展奥秘：英雄、武术、魔法和战争 / [HoH] 惊骇英雄 / 6. 生物 / 模板,扩展奥秘：英雄、武术、魔法和战争,[HoH] 惊骇英雄
[MoI] 魂之魔法：全新力量来源,7 扩展全新体系\MoI魂之魔法\0插图\魂之魔法（MoI）.htm,2,扩展奥秘：英雄、武术、魔法和战争,扩展奥秘：英雄、武术、魔法和战争,[MoI] 魂之魔法：全新力量来源
介绍,7 扩展全新体系\MoI魂之魔法\0插图\前言1.html,3,扩展奥秘：英雄、武术、魔法和战争 / [MoI] 魂之魔法：全新力量来源,扩展奥秘：英雄、武术、魔法和战争,[MoI] 魂之魔法：全新力量来源
1. 种族,7 扩展全新体系\MoI魂之魔法\1种族\种族.html,3,扩展奥秘：英雄、武术、魔法和战争 / [MoI] 魂之魔法：全新力量来源,扩展奥秘：英雄、武术、魔法和战争,[MoI] 魂之魔法：全新力量来源
魂裔,7 扩展全新体系\MoI魂之魔法\1种族\2.1魂裔.html,4,扩展奥秘：英雄、武术、魔法和战争 / [MoI] 魂之魔法：全新力量来源 / 1. 种族,扩展奥秘：英雄、武术、魔法和战争,[MoI] 魂之魔法：全新力量来源
暮精,7 扩展全新体系\MoI魂之魔法\1种族\2.2暮精.html,4,扩展奥秘：英雄、武术、魔法和战争 / [MoI] 魂之魔法：全新力量来源 / 1. 种族,扩展奥秘：英雄、武术、魔法和战争,[MoI] 魂之魔法：全新力量来源
鳞族,7 扩展全新体系\MoI魂之魔法\1种族\2.3鳞族.html,4,扩展奥秘：英雄、武术、魔法和战争 / [MoI] 魂之魔法：全新力量来源 / 1. 种族,扩展奥秘：英雄、武术、魔法和战争,[MoI] 魂之魔法：全新力量来源
棘民,7 扩展全新体系\MoI魂之魔法\1种族\2.4棘民.html,4,扩展奥秘：英雄、武术、魔法和战争 / [MoI] 魂之魔法：全新力量来源 / 1. 种族,扩展奥秘：英雄、武术、魔法和战争,[MoI] 魂之魔法：全新力量来源
年龄、老化和身高体重,7 扩展全新体系\MoI魂之魔法\1种族\2.5年龄、身高和体重.html,4,扩展奥秘：英雄、武术、魔法和战争 / [MoI] 魂之魔法：全新力量来源 / 1. 种族,扩展奥秘：英雄、武术、魔法和战争,[MoI] 魂之魔法：全新力量来源
常见种族和魂能,7 扩展全新体系\MoI魂之魔法\1种族\2.6常见种族和魂能.html,4,扩展奥秘：英雄、武术、魔法和战争 / [MoI] 魂之魔法：全新力量来源 / 1. 种族,扩展奥秘：英雄、武术、魔法和战争,[MoI] 魂之魔法：全新力量来源
2. 职业,7 扩展全新体系\MoI魂之魔法\2职业\3.0第二章.html,3,扩展奥秘：英雄、武术、魔法和战争 / [MoI] 魂之魔法：全新力量来源,扩展奥秘：英雄、武术、魔法和战争,[MoI] 魂之魔法：全新力量来源
魂能师,7 扩展全新体系\MoI魂之魔法\2职业\3.1魂能师.html,4,扩展奥秘：英雄、武术、魔法和战争 / [MoI] 魂之魔法：全新力量来源 / 2. 职业,扩展奥秘：英雄、武术、魔法和战争,[MoI] 魂之魔法：全新力量来源
天魂者,7 扩展全新体系\MoI魂之魔法\2职业\3.2天魂者.html,4,扩展奥秘：英雄、武术、魔法和战争 / [MoI] 魂之魔法：全新力量来源 / 2. 职业,扩展奥秘：英雄、武术、魔法和战争,[MoI] 魂之魔法：全新力量来源
图腾师,7 扩展全新体系\MoI魂之魔法\2职业\3.3图腾师.html,4,扩展奥秘：英雄、武术、魔法和战争 / [MoI] 魂之魔法：全新力量来源 / 2. 职业,扩展奥秘：英雄、武术、魔法和战争,[MoI] 魂之魔法：全新力量来源
3. 角色选项,7 扩展全新体系\MoI魂之魔法\3角色\4.0第三章 角色选项.html,3,扩展奥秘：英雄、武术、魔法和战争 / [MoI] 魂之魔法：全新力量来源,扩展奥秘：英雄、武术、魔法和战争,[MoI] 魂之魔法：全新力量来源
技能,7 扩展全新体系\MoI魂之魔法\3角色\4.1技能.html,4,扩展奥秘：英雄、武术、魔法和战争 / [MoI] 魂之魔法：全新力量来源 / 3. 角色选项,扩展奥秘：英雄、武术、魔法和战争,[MoI] 魂之魔法：全新力量来源
专长,7 扩展全新体系\MoI魂之魔法\3角色\4.2专长.html,4,扩展奥秘：英雄、武术、魔法和战争 / [MoI] 魂之魔法：全新力量来源 / 3. 角色选项,扩展奥秘：英雄、武术、魔法和战争,[MoI] 魂之魔法：全新力量来源
种族替换等级,7 扩展全新体系\MoI魂之魔法\3角色\4.3种族替换等级.html,4,扩展奥秘：英雄、武术、魔法和战争 / [MoI] 魂之魔法：全新力量来源 / 3. 角色选项,扩展奥秘：英雄、武术、魔法和战争,[MoI] 魂之魔法：全新力量来源
4. 魂能 (灵魂融合),7 扩展全新体系\MoI魂之魔法\4魂能\5.0第四章 魂能.html,3,扩展奥秘：英雄、武术、魔法和战争 / [MoI] 魂之魔法：全新力量来源,扩展奥秘：英雄、武术、魔法和战争,[MoI] 魂之魔法：全新力量来源
塑造灵魂融合 (塑魂),7 扩展全新体系\MoI魂之魔法\4魂能\5.1塑造灵魂融合.html,4,扩展奥秘：英雄、武术、魔法和战争 / [MoI] 魂之魔法：全新力量来源 / 4. 魂能 (灵魂融合),扩展奥秘：英雄、武术、魔法和战争,[MoI] 魂之魔法：全新力量来源
灵魂融合描述,7 扩展全新体系\MoI魂之魔法\4魂能\5.2灵魂融合描述.html,4,扩展奥秘：英雄、武术、魔法和战争 / [MoI] 魂之魔法：全新力量来源 / 4. 魂能 (灵魂融合),扩展奥秘：英雄、武术、魔法和战争,[MoI] 魂之魔法：全新力量来源
灵魂融合详述,7 扩展全新体系\MoI魂之魔法\4魂能\5.3灵魂融合详述.html,4,扩展奥秘：英雄、武术、魔法和战争 / [MoI] 魂之魔法：全新力量来源 / 4. 魂能 (灵魂融合),扩展奥秘：英雄、武术、魔法和战争,[MoI] 魂之魔法：全新力量来源
5. 魔法,7 扩展全新体系\MoI魂之魔法\5魔法\6.0第五章.html,3,扩展奥秘：英雄、武术、魔法和战争 / [MoI] 魂之魔法：全新力量来源,扩展奥秘：英雄、武术、魔法和战争,[MoI] 魂之魔法：全新力量来源
法术列表,7 扩展全新体系\MoI魂之魔法\5魔法\6.1法术列表.html,4,扩展奥秘：英雄、武术、魔法和战争 / [MoI] 魂之魔法：全新力量来源 / 5. 魔法,扩展奥秘：英雄、武术、魔法和战争,[MoI] 魂之魔法：全新力量来源
新法术,7 扩展全新体系\MoI魂之魔法\5魔法\6.2新法术.html,4,扩展奥秘：英雄、武术、魔法和战争 / [MoI] 魂之魔法：全新力量来源 / 5. 魔法,扩展奥秘：英雄、武术、魔法和战争,[MoI] 魂之魔法：全新力量来源
新邪术,7 扩展全新体系\MoI魂之魔法\5魔法\6.3新邪术.html,4,扩展奥秘：英雄、武术、魔法和战争 / [MoI] 魂之魔法：全新力量来源 / 5. 魔法,扩展奥秘：英雄、武术、魔法和战争,[MoI] 魂之魔法：全新力量来源
新灵能,7 扩展全新体系\MoI魂之魔法\5魔法\6.4新灵能.html,4,扩展奥秘：英雄、武术、魔法和战争 / [MoI] 魂之魔法：全新力量来源 / 5. 魔法,扩展奥秘：英雄、武术、魔法和战争,[MoI] 魂之魔法：全新力量来源
魔法物品,7 扩展全新体系\MoI魂之魔法\5魔法\6.5魔法物品.html,4,扩展奥秘：英雄、武术、魔法和战争 / [MoI] 魂之魔法：全新力量来源 / 5. 魔法,扩展奥秘：英雄、武术、魔法和战争,[MoI] 魂之魔法：全新力量来源
6. 进阶职业,7 扩展全新体系\MoI魂之魔法\2职业\7.0第六章.html,3,扩展奥秘：英雄、武术、魔法和战争 / [MoI] 魂之魔法：全新力量来源,扩展奥秘：英雄、武术、魔法和战争,[MoI] 魂之魔法：全新力量来源
辉耀骑士,7 扩展全新体系\MoI魂之魔法\2职业\7.1辉耀骑士.html,4,扩展奥秘：英雄、武术、魔法和战争 / [MoI] 魂之魔法：全新力量来源 / 6. 进阶职业,扩展奥秘：英雄、武术、魔法和战争,[MoI] 魂之魔法：全新力量来源
魂能之刃,7 扩展全新体系\MoI魂之魔法\2职业\7.2魂能之刃.html,4,扩展奥秘：英雄、武术、魔法和战争 / [MoI] 魂之魔法：全新力量来源 / 6. 进阶职业,扩展奥秘：英雄、武术、魔法和战争,[MoI] 魂之魔法：全新力量来源
钢魂铸师,7 扩展全新体系\MoI魂之魔法\2职业\7.3钢魂铸师.html,4,扩展奥秘：英雄、武术、魔法和战争 / [MoI] 魂之魔法：全新力量来源 / 6. 进阶职业,扩展奥秘：英雄、武术、魔法和战争,[MoI] 魂之魔法：全新力量来源
死魂师,7 扩展全新体系\MoI魂之魔法\2职业\7.4死魂师.html,4,扩展奥秘：英雄、武术、魔法和战争 / [MoI] 魂之魔法：全新力量来源 / 6. 进阶职业,扩展奥秘：英雄、武术、魔法和战争,[MoI] 魂之魔法：全新力量来源
青玉主教,7 扩展全新体系\MoI魂之魔法\2职业\7.5青玉主教.html,4,扩展奥秘：英雄、武术、魔法和战争 / [MoI] 魂之魔法：全新力量来源 / 6. 进阶职业,扩展奥秘：英雄、武术、魔法和战争,[MoI] 魂之魔法：全新力量来源
魂术师,7 扩展全新体系\MoI魂之魔法\2职业\7.6魂术师.html,4,扩展奥秘：英雄、武术、魔法和战争 / [MoI] 魂之魔法：全新力量来源 / 6. 进阶职业,扩展奥秘：英雄、武术、魔法和战争,[MoI] 魂之魔法：全新力量来源
魂棘勇士,7 扩展全新体系\MoI魂之魔法\2职业\7.7魂棘勇士.html,4,扩展奥秘：英雄、武术、魔法和战争 / [MoI] 魂之魔法：全新力量来源 / 6. 进阶职业,扩展奥秘：英雄、武术、魔法和战争,[MoI] 魂之魔法：全新力量来源
图腾狂暴者,7 扩展全新体系\MoI魂之魔法\2职业\7.8图腾狂暴者.html,4,扩展奥秘：英雄、武术、魔法和战争 / [MoI] 魂之魔法：全新力量来源 / 6. 进阶职业,扩展奥秘：英雄、武术、魔法和战争,[MoI] 魂之魔法：全新力量来源
阴影门徒,7 扩展全新体系\MoI魂之魔法\2职业\7.9阴影门徒.html,4,扩展奥秘：英雄、武术、魔法和战争 / [MoI] 魂之魔法：全新力量来源 / 6. 进阶职业,扩展奥秘：英雄、武术、魔法和战争,[MoI] 魂之魔法：全新力量来源
缚巫者,7 扩展全新体系\MoI魂之魔法\2职业\7.10缚巫者.html,4,扩展奥秘：英雄、武术、魔法和战争 / [MoI] 魂之魔法：全新力量来源 / 6. 进阶职业,扩展奥秘：英雄、武术、魔法和战争,[MoI] 魂之魔法：全新力量来源
7. 怪物,,3,扩展奥秘：英雄、武术、魔法和战争 / [MoI] 魂之魔法：全新力量来源,扩展奥秘：英雄、武术、魔法和战争,[MoI] 魂之魔法：全新力量来源
魂裔,7 扩展全新体系\MoI魂之魔法\6怪物\阿祖尔.htm,4,扩展奥秘：英雄、武术、魔法和战争 / [MoI] 魂之魔法：全新力量来源 / 7. 怪物,扩展奥秘：英雄、武术、魔法和战争,[MoI] 魂之魔法：全新力量来源
魂火,7 扩展全新体系\MoI魂之魔法\6怪物\魂火.htm,4,扩展奥秘：英雄、武术、魔法和战争 / [MoI] 魂之魔法：全新力量来源 / 7. 怪物,扩展奥秘：英雄、武术、魔法和战争,[MoI] 魂之魔法：全新力量来源
魂能龙,7 扩展全新体系\MoI魂之魔法\6怪物\魂能龙.htm,4,扩展奥秘：英雄、武术、魔法和战争 / [MoI] 魂之魔法：全新力量来源 / 7. 怪物,扩展奥秘：英雄、武术、魔法和战争,[MoI] 魂之魔法：全新力量来源
溶解怪,7 扩展全新体系\MoI魂之魔法\6怪物\溶解怪.htm,4,扩展奥秘：英雄、武术、魔法和战争 / [MoI] 魂之魔法：全新力量来源 / 7. 怪物,扩展奥秘：英雄、武术、魔法和战争,[MoI] 魂之魔法：全新力量来源
死魂僵尸,7 扩展全新体系\MoI魂之魔法\6怪物\死魂僵尸.htm,4,扩展奥秘：英雄、武术、魔法和战争 / [MoI] 魂之魔法：全新力量来源 / 7. 怪物,扩展奥秘：英雄、武术、魔法和战争,[MoI] 魂之魔法：全新力量来源
8. 魂能战役,7 扩展全新体系\MoI魂之魔法\8魂能战役\9.0第八章 魂能战役.html,3,扩展奥秘：英雄、武术、魔法和战争 / [MoI] 魂之魔法：全新力量来源,扩展奥秘：英雄、武术、魔法和战争,[MoI] 魂之魔法：全新力量来源
战役主线,7 扩展全新体系\MoI魂之魔法\8魂能战役\9.1战役主线.html,4,扩展奥秘：英雄、武术、魔法和战争 / [MoI] 魂之魔法：全新力量来源 / 8. 魂能战役,扩展奥秘：英雄、武术、魔法和战争,[MoI] 魂之魔法：全新力量来源
魂能地点,7 扩展全新体系\MoI魂之魔法\8魂能战役\9.2魂能地点.html,4,扩展奥秘：英雄、武术、魔法和战争 / [MoI] 魂之魔法：全新力量来源 / 8. 魂能战役,扩展奥秘：英雄、武术、魔法和战争,[MoI] 魂之魔法：全新力量来源
五凰结社,7 扩展全新体系\MoI魂之魔法\8魂能战役\9.3五凰结社.html,4,扩展奥秘：英雄、武术、魔法和战争 / [MoI] 魂之魔法：全新力量来源 / 8. 魂能战役,扩展奥秘：英雄、武术、魔法和战争,[MoI] 魂之魔法：全新力量来源
9. 附录：传奇塑魂者,7 扩展全新体系\MoI魂之魔法\8魂能战役\10.0附录.html,3,扩展奥秘：英雄、武术、魔法和战争 / [MoI] 魂之魔法：全新力量来源,扩展奥秘：英雄、武术、魔法和战争,[MoI] 魂之魔法：全新力量来源
[ToM] 魔法卷册：契约、暗影与真名的魔法,7 扩展全新体系\ToM魔法卷册\0插图\魔法卷册（ToM）.htm,2,扩展奥秘：英雄、武术、魔法和战争,扩展奥秘：英雄、武术、魔法和战争,[ToM] 魔法卷册：契约、暗影与真名的魔法
前言,7 扩展全新体系\ToM魔法卷册\0插图\前言1.htm,3,扩展奥秘：英雄、武术、魔法和战争 / [ToM] 魔法卷册：契约、暗影与真名的魔法,扩展奥秘：英雄、武术、魔法和战争,[ToM] 魔法卷册：契约、暗影与真名的魔法
1. 契约之力,7 扩展全新体系\ToM魔法卷册\1契约之力\契约之力.htm,3,扩展奥秘：英雄、武术、魔法和战争 / [ToM] 魔法卷册：契约、暗影与真名的魔法,扩展奥秘：英雄、武术、魔法和战争,[ToM] 魔法卷册：契约、暗影与真名的魔法
基础职业: 灵契师,7 扩展全新体系\ToM魔法卷册\1契约之力\1灵契师\灵契师.htm,4,扩展奥秘：英雄、武术、魔法和战争 / [ToM] 魔法卷册：契约、暗影与真名的魔法 / 1. 契约之力,扩展奥秘：英雄、武术、魔法和战争,[ToM] 魔法卷册：契约、暗影与真名的魔法
契灵,7 扩展全新体系\ToM魔法卷册\1契约之力\2契灵\契灵.htm,4,扩展奥秘：英雄、武术、魔法和战争 / [ToM] 魔法卷册：契约、暗影与真名的魔法 / 1. 契约之力,扩展奥秘：英雄、武术、魔法和战争,[ToM] 魔法卷册：契约、暗影与真名的魔法
一级契灵,7 扩展全新体系\ToM魔法卷册\1契约之力\2契灵\一级契灵_.htm,5,扩展奥秘：英雄、武术、魔法和战争 / [ToM] 魔法卷册：契约、暗影与真名的魔法 / 1. 契约之力 / 契灵,扩展奥秘：英雄、武术、魔法和战争,[ToM] 魔法卷册：契约、暗影与真名的魔法
二级契灵,7 扩展全新体系\ToM魔法卷册\1契约之力\2契灵\二级契灵.htm,5,扩展奥秘：英雄、武术、魔法和战争 / [ToM] 魔法卷册：契约、暗影与真名的魔法 / 1. 契约之力 / 契灵,扩展奥秘：英雄、武术、魔法和战争,[ToM] 魔法卷册：契约、暗影与真名的魔法
三级契灵,7 扩展全新体系\ToM魔法卷册\1契约之力\2契灵\三级契灵.htm,5,扩展奥秘：英雄、武术、魔法和战争 / [ToM] 魔法卷册：契约、暗影与真名的魔法 / 1. 契约之力 / 契灵,扩展奥秘：英雄、武术、魔法和战争,[ToM] 魔法卷册：契约、暗影与真名的魔法
四级契灵,7 扩展全新体系\ToM魔法卷册\1契约之力\2契灵\四级契灵.htm,5,扩展奥秘：英雄、武术、魔法和战争 / [ToM] 魔法卷册：契约、暗影与真名的魔法 / 1. 契约之力 / 契灵,扩展奥秘：英雄、武术、魔法和战争,[ToM] 魔法卷册：契约、暗影与真名的魔法
五级契灵,7 扩展全新体系\ToM魔法卷册\1契约之力\2契灵\五级契灵.htm,5,扩展奥秘：英雄、武术、魔法和战争 / [ToM] 魔法卷册：契约、暗影与真名的魔法 / 1. 契约之力 / 契灵,扩展奥秘：英雄、武术、魔法和战争,[ToM] 魔法卷册：契约、暗影与真名的魔法
六级契灵,7 扩展全新体系\ToM魔法卷册\1契约之力\2契灵\六级契灵_.htm,5,扩展奥秘：英雄、武术、魔法和战争 / [ToM] 魔法卷册：契约、暗影与真名的魔法 / 1. 契约之力 / 契灵,扩展奥秘：英雄、武术、魔法和战争,[ToM] 魔法卷册：契约、暗影与真名的魔法
七级契灵,7 扩展全新体系\ToM魔法卷册\1契约之力\2契灵\七级契灵.htm,5,扩展奥秘：英雄、武术、魔法和战争 / [ToM] 魔法卷册：契约、暗影与真名的魔法 / 1. 契约之力 / 契灵,扩展奥秘：英雄、武术、魔法和战争,[ToM] 魔法卷册：契约、暗影与真名的魔法
八级契灵,7 扩展全新体系\ToM魔法卷册\1契约之力\2契灵\八级契灵.htm,5,扩展奥秘：英雄、武术、魔法和战争 / [ToM] 魔法卷册：契约、暗影与真名的魔法 / 1. 契约之力 / 契灵,扩展奥秘：英雄、武术、魔法和战争,[ToM] 魔法卷册：契约、暗影与真名的魔法
灵契进阶职业,,4,扩展奥秘：英雄、武术、魔法和战争 / [ToM] 魔法卷册：契约、暗影与真名的魔法 / 1. 契约之力,扩展奥秘：英雄、武术、魔法和战争,[ToM] 魔法卷册：契约、暗影与真名的魔法
灵魂法师,7 扩展全新体系\ToM魔法卷册\1契约之力\3进阶\灵魂法师.htm,5,扩展奥秘：英雄、武术、魔法和战争 / [ToM] 魔法卷册：契约、暗影与真名的魔法 / 1. 契约之力 / 灵契进阶职业,扩展奥秘：英雄、武术、魔法和战争,[ToM] 魔法卷册：契约、暗影与真名的魔法
但塔利恩子嗣,7 扩展全新体系\ToM魔法卷册\1契约之力\3进阶\但塔利恩子嗣.htm,5,扩展奥秘：英雄、武术、魔法和战争 / [ToM] 魔法卷册：契约、暗影与真名的魔法 / 1. 契约之力 / 灵契进阶职业,扩展奥秘：英雄、武术、魔法和战争,[ToM] 魔法卷册：契约、暗影与真名的魔法
阴晦变节者,7 扩展全新体系\ToM魔法卷册\1契约之力\3进阶\阴晦变节者.htm,5,扩展奥秘：英雄、武术、魔法和战争 / [ToM] 魔法卷册：契约、暗影与真名的魔法 / 1. 契约之力 / 灵契进阶职业,扩展奥秘：英雄、武术、魔法和战争,[ToM] 魔法卷册：契约、暗影与真名的魔法
女巫猎杀者,7 扩展全新体系\ToM魔法卷册\1契约之力\3进阶\女巫猎杀者.htm,5,扩展奥秘：英雄、武术、魔法和战争 / [ToM] 魔法卷册：契约、暗影与真名的魔法 / 1. 契约之力 / 灵契进阶职业,扩展奥秘：英雄、武术、魔法和战争,[ToM] 魔法卷册：契约、暗影与真名的魔法
圣印骑士,7 扩展全新体系\ToM魔法卷册\1契约之力\3进阶\圣印骑士.htm,5,扩展奥秘：英雄、武术、魔法和战争 / [ToM] 魔法卷册：契约、暗影与真名的魔法 / 1. 契约之力 / 灵契进阶职业,扩展奥秘：英雄、武术、魔法和战争,[ToM] 魔法卷册：契约、暗影与真名的魔法
契约魔法专长,7 扩展全新体系\ToM魔法卷册\1契约之力\1灵契师\契约专长.htm,4,扩展奥秘：英雄、武术、魔法和战争 / [ToM] 魔法卷册：契约、暗影与真名的魔法 / 1. 契约之力,扩展奥秘：英雄、武术、魔法和战争,[ToM] 魔法卷册：契约、暗影与真名的魔法
契约魔法物品,7 扩展全新体系\ToM魔法卷册\1契约之力\道具.htm,4,扩展奥秘：英雄、武术、魔法和战争 / [ToM] 魔法卷册：契约、暗影与真名的魔法 / 1. 契约之力,扩展奥秘：英雄、武术、魔法和战争,[ToM] 魔法卷册：契约、暗影与真名的魔法
灵契怪物,,4,扩展奥秘：英雄、武术、魔法和战争 / [ToM] 魔法卷册：契约、暗影与真名的魔法 / 1. 契约之力,扩展奥秘：英雄、武术、魔法和战争,[ToM] 魔法卷册：契约、暗影与真名的魔法
卡尔斯人,7 扩展全新体系\ToM魔法卷册\1契约之力\4怪物\卡尔斯人.htm,5,扩展奥秘：英雄、武术、魔法和战争 / [ToM] 魔法卷册：契约、暗影与真名的魔法 / 1. 契约之力 / 灵契怪物,扩展奥秘：英雄、武术、魔法和战争,[ToM] 魔法卷册：契约、暗影与真名的魔法
谋杀鸦群,7 扩展全新体系\ToM魔法卷册\1契约之力\4怪物\谋杀鸦群.html,5,扩展奥秘：英雄、武术、魔法和战争 / [ToM] 魔法卷册：契约、暗影与真名的魔法 / 1. 契约之力 / 灵契怪物,扩展奥秘：英雄、武术、魔法和战争,[ToM] 魔法卷册：契约、暗影与真名的魔法
轮转之手,7 扩展全新体系\ToM魔法卷册\1契约之力\4怪物\轮转之手.html,5,扩展奥秘：英雄、武术、魔法和战争 / [ToM] 魔法卷册：契约、暗影与真名的魔法 / 1. 契约之力 / 灵契怪物,扩展奥秘：英雄、武术、魔法和战争,[ToM] 魔法卷册：契约、暗影与真名的魔法
致命舞者,7 扩展全新体系\ToM魔法卷册\1契约之力\4怪物\致命舞者.html,5,扩展奥秘：英雄、武术、魔法和战争 / [ToM] 魔法卷册：契约、暗影与真名的魔法 / 1. 契约之力 / 灵契怪物,扩展奥秘：英雄、武术、魔法和战争,[ToM] 魔法卷册：契约、暗影与真名的魔法
角兽,7 扩展全新体系\ToM魔法卷册\1契约之力\4怪物\角兽.html,5,扩展奥秘：英雄、武术、魔法和战争 / [ToM] 魔法卷册：契约、暗影与真名的魔法 / 1. 契约之力 / 灵契怪物,扩展奥秘：英雄、武术、魔法和战争,[ToM] 魔法卷册：契约、暗影与真名的魔法
牙兽,7 扩展全新体系\ToM魔法卷册\1契约之力\4怪物\牙兽.html,5,扩展奥秘：英雄、武术、魔法和战争 / [ToM] 魔法卷册：契约、暗影与真名的魔法 / 1. 契约之力 / 灵契怪物,扩展奥秘：英雄、武术、魔法和战争,[ToM] 魔法卷册：契约、暗影与真名的魔法
死亡之首,7 扩展全新体系\ToM魔法卷册\1契约之力\4怪物\死亡之首.html,5,扩展奥秘：英雄、武术、魔法和战争 / [ToM] 魔法卷册：契约、暗影与真名的魔法 / 1. 契约之力 / 灵契怪物,扩展奥秘：英雄、武术、魔法和战争,[ToM] 魔法卷册：契约、暗影与真名的魔法
灵契组织,7 扩展全新体系\ToM魔法卷册\1契约之力\组织.htm,4,扩展奥秘：英雄、武术、魔法和战争 / [ToM] 魔法卷册：契约、暗影与真名的魔法 / 1. 契约之力,扩展奥秘：英雄、武术、魔法和战争,[ToM] 魔法卷册：契约、暗影与真名的魔法
2. 暗影秘闻,7 扩展全新体系\ToM魔法卷册\2暗影秘闻\暗影秘闻.htm,3,扩展奥秘：英雄、武术、魔法和战争 / [ToM] 魔法卷册：契约、暗影与真名的魔法,扩展奥秘：英雄、武术、魔法和战争,[ToM] 魔法卷册：契约、暗影与真名的魔法
基础职业: 暗影秘使,7 扩展全新体系\ToM魔法卷册\2暗影秘闻\暗影密使\暗影秘使.htm,4,扩展奥秘：英雄、武术、魔法和战争 / [ToM] 魔法卷册：契约、暗影与真名的魔法 / 2. 暗影秘闻,扩展奥秘：英雄、武术、魔法和战争,[ToM] 魔法卷册：契约、暗影与真名的魔法
暗影秘术,7 扩展全新体系\ToM魔法卷册\2暗影秘闻\秘术.htm,4,扩展奥秘：英雄、武术、魔法和战争 / [ToM] 魔法卷册：契约、暗影与真名的魔法 / 2. 暗影秘闻,扩展奥秘：英雄、武术、魔法和战争,[ToM] 魔法卷册：契约、暗影与真名的魔法
暗影进阶职业,,4,扩展奥秘：英雄、武术、魔法和战争 / [ToM] 魔法卷册：契约、暗影与真名的魔法 / 2. 暗影秘闻,扩展奥秘：英雄、武术、魔法和战争,[ToM] 魔法卷册：契约、暗影与真名的魔法
影刃,7 扩展全新体系\ToM魔法卷册\2暗影秘闻\进阶\影刃.htm,5,扩展奥秘：英雄、武术、魔法和战争 / [ToM] 魔法卷册：契约、暗影与真名的魔法 / 2. 暗影秘闻 / 暗影进阶职业,扩展奥秘：英雄、武术、魔法和战争,[ToM] 魔法卷册：契约、暗影与真名的魔法
夜之子,7 扩展全新体系\ToM魔法卷册\2暗影秘闻\进阶\夜之子.htm,5,扩展奥秘：英雄、武术、魔法和战争 / [ToM] 魔法卷册：契约、暗影与真名的魔法 / 2. 暗影秘闻 / 暗影进阶职业,扩展奥秘：英雄、武术、魔法和战争,[ToM] 魔法卷册：契约、暗影与真名的魔法
影之主,7 扩展全新体系\ToM魔法卷册\2暗影秘闻\进阶\影之主.htm,5,扩展奥秘：英雄、武术、魔法和战争 / [ToM] 魔法卷册：契约、暗影与真名的魔法 / 2. 暗影秘闻 / 暗影进阶职业,扩展奥秘：英雄、武术、魔法和战争,[ToM] 魔法卷册：契约、暗影与真名的魔法
掌夜者,7 扩展全新体系\ToM魔法卷册\2暗影秘闻\进阶\掌夜者.htm,5,扩展奥秘：英雄、武术、魔法和战争 / [ToM] 魔法卷册：契约、暗影与真名的魔法 / 2. 暗影秘闻 / 暗影进阶职业,扩展奥秘：英雄、武术、魔法和战争,[ToM] 魔法卷册：契约、暗影与真名的魔法
锻影匠,7 扩展全新体系\ToM魔法卷册\2暗影秘闻\进阶\锻影匠.htm,5,扩展奥秘：英雄、武术、魔法和战争 / [ToM] 魔法卷册：契约、暗影与真名的魔法 / 2. 暗影秘闻 / 暗影进阶职业,扩展奥秘：英雄、武术、魔法和战争,[ToM] 魔法卷册：契约、暗影与真名的魔法
暗影秘术专长,7 扩展全新体系\ToM魔法卷册\2暗影秘闻\暗影密使\专长.htm,4,扩展奥秘：英雄、武术、魔法和战争 / [ToM] 魔法卷册：契约、暗影与真名的魔法 / 2. 暗影秘闻,扩展奥秘：英雄、武术、魔法和战争,[ToM] 魔法卷册：契约、暗影与真名的魔法
暗影秘术物品,,4,扩展奥秘：英雄、武术、魔法和战争 / [ToM] 魔法卷册：契约、暗影与真名的魔法 / 2. 暗影秘闻,扩展奥秘：英雄、武术、魔法和战争,[ToM] 魔法卷册：契约、暗影与真名的魔法
附魔,7 扩展全新体系\ToM魔法卷册\2暗影秘闻\装备\附魔.htm,5,扩展奥秘：英雄、武术、魔法和战争 / [ToM] 魔法卷册：契约、暗影与真名的魔法 / 2. 暗影秘闻 / 暗影秘术物品,扩展奥秘：英雄、武术、魔法和战争,[ToM] 魔法卷册：契约、暗影与真名的魔法
权杖,7 扩展全新体系\ToM魔法卷册\2暗影秘闻\装备\权杖.htm,5,扩展奥秘：英雄、武术、魔法和战争 / [ToM] 魔法卷册：契约、暗影与真名的魔法 / 2. 暗影秘闻 / 暗影秘术物品,扩展奥秘：英雄、武术、魔法和战争,[ToM] 魔法卷册：契约、暗影与真名的魔法
奇物,7 扩展全新体系\ToM魔法卷册\2暗影秘闻\装备\奇物.htm,5,扩展奥秘：英雄、武术、魔法和战争 / [ToM] 魔法卷册：契约、暗影与真名的魔法 / 2. 暗影秘闻 / 暗影秘术物品,扩展奥秘：英雄、武术、魔法和战争,[ToM] 魔法卷册：契约、暗影与真名的魔法
暗影组织,7 扩展全新体系\ToM魔法卷册\2暗影秘闻\组织.htm,4,扩展奥秘：英雄、武术、魔法和战争 / [ToM] 魔法卷册：契约、暗影与真名的魔法 / 2. 暗影秘闻,扩展奥秘：英雄、武术、魔法和战争,[ToM] 魔法卷册：契约、暗影与真名的魔法
暗影怪物,,4,扩展奥秘：英雄、武术、魔法和战争 / [ToM] 魔法卷册：契约、暗影与真名的魔法 / 2. 暗影秘闻,扩展奥秘：英雄、武术、魔法和战争,[ToM] 魔法卷册：契约、暗影与真名的魔法
影元素,7 扩展全新体系\ToM魔法卷册\2暗影秘闻\怪物\影元素.htm,5,扩展奥秘：英雄、武术、魔法和战争 / [ToM] 魔法卷册：契约、暗影与真名的魔法 / 2. 暗影秘闻 / 暗影怪物,扩展奥秘：英雄、武术、魔法和战争,[ToM] 魔法卷册：契约、暗影与真名的魔法
瞬息刽子手,7 扩展全新体系\ToM魔法卷册\2暗影秘闻\怪物\瞬息刽子手.htm,5,扩展奥秘：英雄、武术、魔法和战争 / [ToM] 魔法卷册：契约、暗影与真名的魔法 / 2. 暗影秘闻 / 暗影怪物,扩展奥秘：英雄、武术、魔法和战争,[ToM] 魔法卷册：契约、暗影与真名的魔法
黑暗生物,7 扩展全新体系\ToM魔法卷册\1契约之力\4怪物\黑暗生物.htm,5,扩展奥秘：英雄、武术、魔法和战争 / [ToM] 魔法卷册：契约、暗影与真名的魔法 / 2. 暗影秘闻 / 暗影怪物,扩展奥秘：英雄、武术、魔法和战争,[ToM] 魔法卷册：契约、暗影与真名的魔法
3. 万物真名,7 扩展全新体系\ToM魔法卷册\3万物真名\万物真名.htm,3,扩展奥秘：英雄、武术、魔法和战争 / [ToM] 魔法卷册：契约、暗影与真名的魔法,扩展奥秘：英雄、武术、魔法和战争,[ToM] 魔法卷册：契约、暗影与真名的魔法
基础职业: 真名师,7 扩展全新体系\ToM魔法卷册\3万物真名\真名师.htm,4,扩展奥秘：英雄、武术、魔法和战争 / [ToM] 魔法卷册：契约、暗影与真名的魔法 / 3. 万物真名,扩展奥秘：英雄、武术、魔法和战争,[ToM] 魔法卷册：契约、暗影与真名的魔法
真名进阶职业,,4,扩展奥秘：英雄、武术、魔法和战争 / [ToM] 魔法卷册：契约、暗影与真名的魔法 / 3. 万物真名,扩展奥秘：英雄、武术、魔法和战争,[ToM] 魔法卷册：契约、暗影与真名的魔法
唯我论者,7 扩展全新体系\ToM魔法卷册\3万物真名\进阶\唯我论者.htm,5,扩展奥秘：英雄、武术、魔法和战争 / [ToM] 魔法卷册：契约、暗影与真名的魔法 / 3. 万物真名 / 真名进阶职业,扩展奥秘：英雄、武术、魔法和战争,[ToM] 魔法卷册：契约、暗影与真名的魔法
失丧者,7 扩展全新体系\ToM魔法卷册\3万物真名\进阶\失丧者.htm,5,扩展奥秘：英雄、武术、魔法和战争 / [ToM] 魔法卷册：契约、暗影与真名的魔法 / 3. 万物真名 / 真名进阶职业,扩展奥秘：英雄、武术、魔法和战争,[ToM] 魔法卷册：契约、暗影与真名的魔法
火言者,7 扩展全新体系\ToM魔法卷册\3万物真名\进阶\火言者.htm,5,扩展奥秘：英雄、武术、魔法和战争 / [ToM] 魔法卷册：契约、暗影与真名的魔法 / 3. 万物真名 / 真名进阶职业,扩展奥秘：英雄、武术、魔法和战争,[ToM] 魔法卷册：契约、暗影与真名的魔法
言之学徒,7 扩展全新体系\ToM魔法卷册\3万物真名\进阶\言之学徒.htm,5,扩展奥秘：英雄、武术、魔法和战争 / [ToM] 魔法卷册：契约、暗影与真名的魔法 / 3. 万物真名 / 真名进阶职业,扩展奥秘：英雄、武术、魔法和战争,[ToM] 魔法卷册：契约、暗影与真名的魔法
缚魔师,7 扩展全新体系\ToM魔法卷册\3万物真名\进阶\缚魔师.htm,5,扩展奥秘：英雄、武术、魔法和战争 / [ToM] 魔法卷册：契约、暗影与真名的魔法 / 3. 万物真名 / 真名进阶职业,扩展奥秘：英雄、武术、魔法和战争,[ToM] 魔法卷册：契约、暗影与真名的魔法
技能,7 扩展全新体系\ToM魔法卷册\3万物真名\技能.htm,4,扩展奥秘：英雄、武术、魔法和战争 / [ToM] 魔法卷册：契约、暗影与真名的魔法 / 3. 万物真名,扩展奥秘：英雄、武术、魔法和战争,[ToM] 魔法卷册：契约、暗影与真名的魔法
真名专长,7 扩展全新体系\ToM魔法卷册\3万物真名\专长.htm,4,扩展奥秘：英雄、武术、魔法和战争 / [ToM] 魔法卷册：契约、暗影与真名的魔法 / 3. 万物真名,扩展奥秘：英雄、武术、魔法和战争,[ToM] 魔法卷册：契约、暗影与真名的魔法
言灵,7 扩展全新体系\ToM魔法卷册\3万物真名\言灵\言灵.htm,4,扩展奥秘：英雄、武术、魔法和战争 / [ToM] 魔法卷册：契约、暗影与真名的魔法 / 3. 万物真名,扩展奥秘：英雄、武术、魔法和战争,[ToM] 魔法卷册：契约、暗影与真名的魔法
心智演化之语,7 扩展全新体系\ToM魔法卷册\3万物真名\言灵\心智演化之语.htm,5,扩展奥秘：英雄、武术、魔法和战争 / [ToM] 魔法卷册：契约、暗影与真名的魔法 / 3. 万物真名 / 言灵,扩展奥秘：英雄、武术、魔法和战争,[ToM] 魔法卷册：契约、暗影与真名的魔法
天工造物之语,7 扩展全新体系\ToM魔法卷册\3万物真名\言灵\天工造物之语.htm,5,扩展奥秘：英雄、武术、魔法和战争 / [ToM] 魔法卷册：契约、暗影与真名的魔法 / 3. 万物真名 / 言灵,扩展奥秘：英雄、武术、魔法和战争,[ToM] 魔法卷册：契约、暗影与真名的魔法
完美世界之语,7 扩展全新体系\ToM魔法卷册\3万物真名\言灵\完美世界之语_.htm,5,扩展奥秘：英雄、武术、魔法和战争 / [ToM] 魔法卷册：契约、暗影与真名的魔法 / 3. 万物真名 / 言灵,扩展奥秘：英雄、武术、魔法和战争,[ToM] 魔法卷册：契约、暗影与真名的魔法
真名法术,7 扩展全新体系\ToM魔法卷册\3万物真名\新增魔法.htm,4,扩展奥秘：英雄、武术、魔法和战争 / [ToM] 魔法卷册：契约、暗影与真名的魔法 / 3. 万物真名,扩展奥秘：英雄、武术、魔法和战争,[ToM] 魔法卷册：契约、暗影与真名的魔法
真名魔法物品,7 扩展全新体系\ToM魔法卷册\3万物真名\魔法物品.htm,4,扩展奥秘：英雄、武术、魔法和战争 / [ToM] 魔法卷册：契约、暗影与真名的魔法 / 3. 万物真名,扩展奥秘：英雄、武术、魔法和战争,[ToM] 魔法卷册：契约、暗影与真名的魔法
真名怪物,,4,扩展奥秘：英雄、武术、魔法和战争 / [ToM] 魔法卷册：契约、暗影与真名的魔法 / 3. 万物真名,扩展奥秘：英雄、武术、魔法和战争,[ToM] 魔法卷册：契约、暗影与真名的魔法
真言神使,7 扩展全新体系\ToM魔法卷册\3万物真名\怪物\真言神使.htm,5,扩展奥秘：英雄、武术、魔法和战争 / [ToM] 魔法卷册：契约、暗影与真名的魔法 / 3. 万物真名 / 真名怪物,扩展奥秘：英雄、武术、魔法和战争,[ToM] 魔法卷册：契约、暗影与真名的魔法
拔舌魔,7 扩展全新体系\ToM魔法卷册\3万物真名\怪物\拔舌魔.htm,5,扩展奥秘：英雄、武术、魔法和战争 / [ToM] 魔法卷册：契约、暗影与真名的魔法 / 3. 万物真名 / 真名怪物,扩展奥秘：英雄、武术、魔法和战争,[ToM] 魔法卷册：契约、暗影与真名的魔法
混淆者,7 扩展全新体系\ToM魔法卷册\3万物真名\怪物\混淆者.htm,5,扩展奥秘：英雄、武术、魔法和战争 / [ToM] 魔法卷册：契约、暗影与真名的魔法 / 3. 万物真名 / 真名怪物,扩展奥秘：英雄、武术、魔法和战争,[ToM] 魔法卷册：契约、暗影与真名的魔法
痛苦低语者,7 扩展全新体系\ToM魔法卷册\3万物真名\怪物\痛苦低语者.htm,5,扩展奥秘：英雄、武术、魔法和战争 / [ToM] 魔法卷册：契约、暗影与真名的魔法 / 3. 万物真名 / 真名怪物,扩展奥秘：英雄、武术、魔法和战争,[ToM] 魔法卷册：契约、暗影与真名的魔法
烦絮狮芬斯,7 扩展全新体系\ToM魔法卷册\3万物真名\怪物\烦絮狮芬斯.html,5,扩展奥秘：英雄、武术、魔法和战争 / [ToM] 魔法卷册：契约、暗影与真名的魔法 / 3. 万物真名 / 真名怪物,扩展奥秘：英雄、武术、魔法和战争,[ToM] 魔法卷册：契约、暗影与真名的魔法
真名组织,7 扩展全新体系\ToM魔法卷册\3万物真名\组织.htm,4,扩展奥秘：英雄、武术、魔法和战争 / [ToM] 魔法卷册：契约、暗影与真名的魔法 / 3. 万物真名,扩展奥秘：英雄、武术、魔法和战争,[ToM] 魔法卷册：契约、暗影与真名的魔法
[ToB] 战斗卷册：九剑之书,7 扩展全新体系\ToB战斗卷册\1基础\战斗卷册（ToB）.htm,2,扩展奥秘：英雄、武术、魔法和战争,扩展奥秘：英雄、武术、魔法和战争,[ToB] 战斗卷册：九剑之书
前言,7 扩展全新体系\ToB战斗卷册\1基础\前言1.htm,3,扩展奥秘：英雄、武术、魔法和战争 / [ToB] 战斗卷册：九剑之书,扩展奥秘：英雄、武术、魔法和战争,[ToB] 战斗卷册：九剑之书
1. 武术家 (基础职业),7 扩展全新体系\ToB战斗卷册\1基础\基础.htm,3,扩展奥秘：英雄、武术、魔法和战争 / [ToB] 战斗卷册：九剑之书,扩展奥秘：英雄、武术、魔法和战争,[ToB] 战斗卷册：九剑之书
天诛之剑,7 扩展全新体系\ToB战斗卷册\1基础\天诛之剑.htm,4,扩展奥秘：英雄、武术、魔法和战争 / [ToB] 战斗卷册：九剑之书 / 1. 武术家 (基础职业),扩展奥秘：英雄、武术、魔法和战争,[ToB] 战斗卷册：九剑之书
贤者之剑,7 扩展全新体系\ToB战斗卷册\1基础\贤者之剑.htm,4,扩展奥秘：英雄、武术、魔法和战争 / [ToB] 战斗卷册：九剑之书 / 1. 武术家 (基础职业),扩展奥秘：英雄、武术、魔法和战争,[ToB] 战斗卷册：九剑之书
军道之剑,7 扩展全新体系\ToB战斗卷册\1基础\军道之剑.htm,4,扩展奥秘：英雄、武术、魔法和战争 / [ToB] 战斗卷册：九剑之书 / 1. 武术家 (基础职业),扩展奥秘：英雄、武术、魔法和战争,[ToB] 战斗卷册：九剑之书
2. 技能与专长,,3,扩展奥秘：英雄、武术、魔法和战争 / [ToB] 战斗卷册：九剑之书,扩展奥秘：英雄、武术、魔法和战争,[ToB] 战斗卷册：九剑之书
新技能和新用法,7 扩展全新体系\ToB战斗卷册\3专长\新技能及其使用.htm,4,扩展奥秘：英雄、武术、魔法和战争 / [ToB] 战斗卷册：九剑之书 / 2. 技能与专长,扩展奥秘：英雄、武术、魔法和战争,[ToB] 战斗卷册：九剑之书
新专长,7 扩展全新体系\ToB战斗卷册\3专长\新专长.htm,4,扩展奥秘：英雄、武术、魔法和战争 / [ToB] 战斗卷册：九剑之书 / 2. 技能与专长,扩展奥秘：英雄、武术、魔法和战争,[ToB] 战斗卷册：九剑之书
战术专长,7 扩展全新体系\ToB战斗卷册\3专长\战术专长.htm,4,扩展奥秘：英雄、武术、魔法和战争 / [ToB] 战斗卷册：九剑之书 / 2. 技能与专长,扩展奥秘：英雄、武术、魔法和战争,[ToB] 战斗卷册：九剑之书
3. 招式基础规则,7 扩展全新体系\ToB战斗卷册\8招式\招式.htm,3,扩展奥秘：英雄、武术、魔法和战争 / [ToB] 战斗卷册：九剑之书,扩展奥秘：英雄、武术、魔法和战争,[ToB] 战斗卷册：九剑之书
武术之力,7 扩展全新体系\ToB战斗卷册\8招式\武术之力.htm,4,扩展奥秘：英雄、武术、魔法和战争 / [ToB] 战斗卷册：九剑之书 / 3. 招式基础规则,扩展奥秘：英雄、武术、魔法和战争,[ToB] 战斗卷册：九剑之书
武术力量与魔法,7 扩展全新体系\ToB战斗卷册\8招式\武术力量与魔法.htm,5,扩展奥秘：英雄、武术、魔法和战争 / [ToB] 战斗卷册：九剑之书 / 3. 招式基础规则 / 武术之力,扩展奥秘：英雄、武术、魔法和战争,[ToB] 战斗卷册：九剑之书
学习招式和架势,7 扩展全新体系\ToB战斗卷册\8招式\学习招式和架势.htm,4,扩展奥秘：英雄、武术、魔法和战争 / [ToB] 战斗卷册：九剑之书 / 3. 招式基础规则,扩展奥秘：英雄、武术、魔法和战争,[ToB] 战斗卷册：九剑之书
4. 九剑流派招式,,3,扩展奥秘：英雄、武术、魔法和战争 / [ToB] 战斗卷册：九剑之书,扩展奥秘：英雄、武术、魔法和战争,[ToB] 战斗卷册：九剑之书
九剑招式列表,7 扩展全新体系\ToB战斗卷册\4流派\九剑招式列表.htm,4,扩展奥秘：英雄、武术、魔法和战争 / [ToB] 战斗卷册：九剑之书 / 4. 九剑流派招式,扩展奥秘：英雄、武术、魔法和战争,[ToB] 战斗卷册：九剑之书
白鸦流武术,7 扩展全新体系\ToB战斗卷册\4流派\白鸦流武术.htm,4,扩展奥秘：英雄、武术、魔法和战争 / [ToB] 战斗卷册：九剑之书 / 4. 九剑流派招式,扩展奥秘：英雄、武术、魔法和战争,[ToB] 战斗卷册：九剑之书
钢魂流武术,7 扩展全新体系\ToB战斗卷册\4流派\钢魂流武术.htm,4,扩展奥秘：英雄、武术、魔法和战争 / [ToB] 战斗卷册：九剑之书 / 4. 九剑流派招式,扩展奥秘：英雄、武术、魔法和战争,[ToB] 战斗卷册：九剑之书
虎爪流武术,7 扩展全新体系\ToB战斗卷册\4流派\虎爪流武术.htm,4,扩展奥秘：英雄、武术、魔法和战争 / [ToB] 战斗卷册：九剑之书 / 4. 九剑流派招式,扩展奥秘：英雄、武术、魔法和战争,[ToB] 战斗卷册：九剑之书
漠风流武术,7 扩展全新体系\ToB战斗卷册\4流派\漠风流武术.htm,4,扩展奥秘：英雄、武术、魔法和战争 / [ToB] 战斗卷册：九剑之书 / 4. 九剑流派招式,扩展奥秘：英雄、武术、魔法和战争,[ToB] 战斗卷册：九剑之书
暮日流武术,7 扩展全新体系\ToB战斗卷册\4流派\暮日流武术.htm,4,扩展奥秘：英雄、武术、魔法和战争 / [ToB] 战斗卷册：九剑之书 / 4. 九剑流派招式,扩展奥秘：英雄、武术、魔法和战争,[ToB] 战斗卷册：九剑之书
虔心流武术,7 扩展全新体系\ToB战斗卷册\4流派\虔心流武术.htm,4,扩展奥秘：英雄、武术、魔法和战争 / [ToB] 战斗卷册：九剑之书 / 4. 九剑流派招式,扩展奥秘：英雄、武术、魔法和战争,[ToB] 战斗卷册：九剑之书
石龙流武术,7 扩展全新体系\ToB战斗卷册\4流派\石龙流武术.htm,4,扩展奥秘：英雄、武术、魔法和战争 / [ToB] 战斗卷册：九剑之书 / 4. 九剑流派招式,扩展奥秘：英雄、武术、魔法和战争,[ToB] 战斗卷册：九剑之书
铁心流武术,7 扩展全新体系\ToB战斗卷册\4流派\铁心流武术.htm,4,扩展奥秘：英雄、武术、魔法和战争 / [ToB] 战斗卷册：九剑之书 / 4. 九剑流派招式,扩展奥秘：英雄、武术、魔法和战争,[ToB] 战斗卷册：九剑之书
影手流武术,7 扩展全新体系\ToB战斗卷册\4流派\影手流武术.htm,4,扩展奥秘：英雄、武术、魔法和战争 / [ToB] 战斗卷册：九剑之书 / 4. 九剑流派招式,扩展奥秘：英雄、武术、魔法和战争,[ToB] 战斗卷册：九剑之书
5. 进阶职业,,3,扩展奥秘：英雄、武术、魔法和战争 / [ToB] 战斗卷册：九剑之书,扩展奥秘：英雄、武术、魔法和战争,[ToB] 战斗卷册：九剑之书
暴血之刃,7 扩展全新体系\ToB战斗卷册\2进阶\暴血之刃.htm,4,扩展奥秘：英雄、武术、魔法和战争 / [ToB] 战斗卷册：九剑之书 / 5. 进阶职业,扩展奥秘：英雄、武术、魔法和战争,[ToB] 战斗卷册：九剑之书
红玉神卫,7 扩展全新体系\ToB战斗卷册\2进阶\红玉神卫.htm,4,扩展奥秘：英雄、武术、魔法和战争 / [ToB] 战斗卷册：九剑之书 / 5. 进阶职业,扩展奥秘：英雄、武术、魔法和战争,[ToB] 战斗卷册：九剑之书
深石哨兵,7 扩展全新体系\ToB战斗卷册\2进阶\深石哨兵.htm,4,扩展奥秘：英雄、武术、魔法和战争 / [ToB] 战斗卷册：九剑之书 / 5. 进阶职业,扩展奥秘：英雄、武术、魔法和战争,[ToB] 战斗卷册：九剑之书
血爪大师,7 扩展全新体系\ToB战斗卷册\2进阶\血爪大师.htm,4,扩展奥秘：英雄、武术、魔法和战争 / [ToB] 战斗卷册：九剑之书 / 5. 进阶职业,扩展奥秘：英雄、武术、魔法和战争,[ToB] 战斗卷册：九剑之书
影日忍者,7 扩展全新体系\ToB战斗卷册\2进阶\影日忍者.htm,4,扩展奥秘：英雄、武术、魔法和战争 / [ToB] 战斗卷册：九剑之书 / 5. 进阶职业,扩展奥秘：英雄、武术、魔法和战争,[ToB] 战斗卷册：九剑之书
永恒之刃,7 扩展全新体系\ToB战斗卷册\2进阶\永恒之刃.htm,4,扩展奥秘：英雄、武术、魔法和战争 / [ToB] 战斗卷册：九剑之书 / 5. 进阶职业,扩展奥秘：英雄、武术、魔法和战争,[ToB] 战斗卷册：九剑之书
玉凤法师,7 扩展全新体系\ToB战斗卷册\2进阶\玉凤法师.htm,4,扩展奥秘：英雄、武术、魔法和战争 / [ToB] 战斗卷册：九剑之书 / 5. 进阶职业,扩展奥秘：英雄、武术、魔法和战争,[ToB] 战斗卷册：九剑之书
九剑宗师,7 扩展全新体系\ToB战斗卷册\2进阶\九剑宗师.htm,4,扩展奥秘：英雄、武术、魔法和战争 / [ToB] 战斗卷册：九剑之书 / 5. 进阶职业,扩展奥秘：英雄、武术、魔法和战争,[ToB] 战斗卷册：九剑之书
6. 九剑 (传古武器),,3,扩展奥秘：英雄、武术、魔法和战争 / [ToB] 战斗卷册：九剑之书,扩展奥秘：英雄、武术、魔法和战争,[ToB] 战斗卷册：九剑之书
传古武器,7 扩展全新体系\ToB战斗卷册\5九剑\传古武器.htm,4,扩展奥秘：英雄、武术、魔法和战争 / [ToB] 战斗卷册：九剑之书 / 6. 九剑 (传古武器),扩展奥秘：英雄、武术、魔法和战争,[ToB] 战斗卷册：九剑之书
白鸦流-孤城,7 扩展全新体系\ToB战斗卷册\5九剑\白鸦流传古武器_-_孤城（Blade_of_the_Last_Citadel）_.htm,4,扩展奥秘：英雄、武术、魔法和战争 / [ToB] 战斗卷册：九剑之书 / 6. 九剑 (传古武器),扩展奥秘：英雄、武术、魔法和战争,[ToB] 战斗卷册：九剑之书
钢魂流-天心,7 扩展全新体系\ToB战斗卷册\5九剑\钢魂流传古武器_-_天心（Supernal_Clarity）.htm,4,扩展奥秘：英雄、武术、魔法和战争 / [ToB] 战斗卷册：九剑之书 / 6. 九剑 (传古武器),扩展奥秘：英雄、武术、魔法和战争,[ToB] 战斗卷册：九剑之书
虎爪流-虎牙,7 扩展全新体系\ToB战斗卷册\5九剑\虎爪流传古武器_-_虎牙（Tiger_Fang）.htm,4,扩展奥秘：英雄、武术、魔法和战争 / [ToB] 战斗卷册：九剑之书 / 6. 九剑 (传古武器),扩展奥秘：英雄、武术、魔法和战争,[ToB] 战斗卷册：九剑之书
漠风流-漠风,7 扩展全新体系\ToB战斗卷册\5九剑\漠风流传古武器_-_漠风（Desert_Wind）.htm,4,扩展奥秘：英雄、武术、魔法和战争 / [ToB] 战斗卷册：九剑之书 / 6. 九剑 (传古武器),扩展奥秘：英雄、武术、魔法和战争,[ToB] 战斗卷册：九剑之书
暮日流-夕锋,7 扩展全新体系\ToB战斗卷册\5九剑\暮日流传古武器_-_夕锋（Eventides_Edge）_.htm,4,扩展奥秘：英雄、武术、魔法和战争 / [ToB] 战斗卷册：九剑之书 / 6. 九剑 (传古武器),扩展奥秘：英雄、武术、魔法和战争,[ToB] 战斗卷册：九剑之书
虔心流-信仇,7 扩展全新体系\ToB战斗卷册\5九剑\虔心流传古武器_-_信仇（Faithful_Avenger）.htm,4,扩展奥秘：英雄、武术、魔法和战争 / [ToB] 战斗卷册：九剑之书 / 6. 九剑 (传古武器),扩展奥秘：英雄、武术、魔法和战争,[ToB] 战斗卷册：九剑之书
石龙流-破缚,7 扩展全新体系\ToB战斗卷册\5九剑\石龙流传古武器_-_破缚（Unfettered）_.htm,4,扩展奥秘：英雄、武术、魔法和战争 / [ToB] 战斗卷册：九剑之书 / 6. 九剑 (传古武器),扩展奥秘：英雄、武术、魔法和战争,[ToB] 战斗卷册：九剑之书
铁心流-死意,7 扩展全新体系\ToB战斗卷册\5九剑\铁心流传古武器_-_死意（Kamate）_.htm,4,扩展奥秘：英雄、武术、魔法和战争 / [ToB] 战斗卷册：九剑之书 / 6. 九剑 (传古武器),扩展奥秘：英雄、武术、魔法和战争,[ToB] 战斗卷册：九剑之书
影手流-影芒,7 扩展全新体系\ToB战斗卷册\5九剑\影手流传古武器_-_影芒（Umbral_Awn）.htm,4,扩展奥秘：英雄、武术、魔法和战争 / [ToB] 战斗卷册：九剑之书 / 6. 九剑 (传古武器),扩展奥秘：英雄、武术、魔法和战争,[ToB] 战斗卷册：九剑之书
7. 魔法物品,,3,扩展奥秘：英雄、武术、魔法和战争 / [ToB] 战斗卷册：九剑之书,扩展奥秘：英雄、武术、魔法和战争,[ToB] 战斗卷册：九剑之书
新奇物,7 扩展全新体系\ToB战斗卷册\6装备\新奇物.htm,4,扩展奥秘：英雄、武术、魔法和战争 / [ToB] 战斗卷册：九剑之书 / 7. 魔法物品,扩展奥秘：英雄、武术、魔法和战争,[ToB] 战斗卷册：九剑之书
新武器附魔,7 扩展全新体系\ToB战斗卷册\6装备\新武器附魔.htm,4,扩展奥秘：英雄、武术、魔法和战争 / [ToB] 战斗卷册：九剑之书 / 7. 魔法物品,扩展奥秘：英雄、武术、魔法和战争,[ToB] 战斗卷册：九剑之书
8. 九剑怪物,,3,扩展奥秘：英雄、武术、魔法和战争 / [ToB] 战斗卷册：九剑之书,扩展奥秘：英雄、武术、魔法和战争,[ToB] 战斗卷册：九剑之书
邪火死士,7 扩展全新体系\ToB战斗卷册\7怪物\邪火死士.htm,4,扩展奥秘：英雄、武术、魔法和战争 / [ToB] 战斗卷册：九剑之书 / 8. 九剑怪物,扩展奥秘：英雄、武术、魔法和战争,[ToB] 战斗卷册：九剑之书
奈依天邪兽鬼,7 扩展全新体系\ToB战斗卷册\7怪物\奈依天邪兽鬼.htm,4,扩展奥秘：英雄、武术、魔法和战争 / [ToB] 战斗卷册：九剑之书 / 8. 九剑怪物,扩展奥秘：英雄、武术、魔法和战争,[ToB] 战斗卷册：九剑之书
女武神,7 扩展全新体系\ToB战斗卷册\7怪物\女武神.htm,4,扩展奥秘：英雄、武术、魔法和战争 / [ToB] 战斗卷册：九剑之书 / 8. 九剑怪物,扩展奥秘：英雄、武术、魔法和战争,[ToB] 战斗卷册：九剑之书
附录：问答,7 扩展全新体系\ToB战斗卷册\9附录\问答.htm,3,扩展奥秘：英雄、武术、魔法和战争 / [ToB] 战斗卷册：九剑之书,扩展奥秘：英雄、武术、魔法和战争,[ToB] 战斗卷册：九剑之书
[UA] 破译奥秘,7 扩展全新体系\UA破译奥秘\0插图\破译奥秘（UA）.htm,2,扩展奥秘：英雄、武术、魔法和战争,扩展奥秘：英雄、武术、魔法和战争,[UA] 破译奥秘
前言,7 扩展全新体系\UA破译奥秘\前言.htm,3,扩展奥秘：英雄、武术、魔法和战争 / [UA] 破译奥秘,扩展奥秘：英雄、武术、魔法和战争,[UA] 破译奥秘
1. 种族,7 扩展全新体系\UA破译奥秘\1种族\种族.htm,3,扩展奥秘：英雄、武术、魔法和战争 / [UA] 破译奥秘,扩展奥秘：英雄、武术、魔法和战争,[UA] 破译奥秘
种族环境变体,7 扩展全新体系\UA破译奥秘\1种族\种族亚种\种族亚种.htm,4,扩展奥秘：英雄、武术、魔法和战争 / [UA] 破译奥秘 / 1. 种族,扩展奥秘：英雄、武术、魔法和战争,[UA] 破译奥秘
水生种族,7 扩展全新体系\UA破译奥秘\1种族\种族亚种\水生种族.htm,5,扩展奥秘：英雄、武术、魔法和战争 / [UA] 破译奥秘 / 1. 种族 / 种族环境变体,扩展奥秘：英雄、武术、魔法和战争,[UA] 破译奥秘
极地种族,7 扩展全新体系\UA破译奥秘\1种族\种族亚种\极地种族.htm,5,扩展奥秘：英雄、武术、魔法和战争 / [UA] 破译奥秘 / 1. 种族 / 种族环境变体,扩展奥秘：英雄、武术、魔法和战争,[UA] 破译奥秘
沙漠种族,7 扩展全新体系\UA破译奥秘\2职业\职业特性变体\UA-种族环境变体补完.htm,5,扩展奥秘：英雄、武术、魔法和战争 / [UA] 破译奥秘 / 1. 种族 / 种族环境变体,扩展奥秘：英雄、武术、魔法和战争,[UA] 破译奥秘
丛林种族,7 扩展全新体系\UA破译奥秘\1种族\种族亚种\丛林种族.htm,5,扩展奥秘：英雄、武术、魔法和战争 / [UA] 破译奥秘 / 1. 种族 / 种族环境变体,扩展奥秘：英雄、武术、魔法和战争,[UA] 破译奥秘
元素种族变体,7 扩展全新体系\UA破译奥秘\1种族\元素种族变体.htm,4,扩展奥秘：英雄、武术、魔法和战争 / [UA] 破译奥秘 / 1. 种族,扩展奥秘：英雄、武术、魔法和战争,[UA] 破译奥秘
减少等级调整,7 扩展全新体系\UA破译奥秘\6战役\减少等级调整.htm,4,扩展奥秘：英雄、武术、魔法和战争 / [UA] 破译奥秘 / 1. 种族,扩展奥秘：英雄、武术、魔法和战争,[UA] 破译奥秘
血脉,7 扩展全新体系\UA破译奥秘\1种族\血脉.htm,4,扩展奥秘：英雄、武术、魔法和战争 / [UA] 破译奥秘 / 1. 种族,扩展奥秘：英雄、武术、魔法和战争,[UA] 破译奥秘
种族典范(暂缺),10 附录\填充页面.htm,4,扩展奥秘：英雄、武术、魔法和战争 / [UA] 破译奥秘 / 1. 种族,扩展奥秘：英雄、武术、魔法和战争,[UA] 破译奥秘
2. 职业,,3,扩展奥秘：英雄、武术、魔法和战争 / [UA] 破译奥秘,扩展奥秘：英雄、武术、魔法和战争,[UA] 破译奥秘
基础职业变体,,4,扩展奥秘：英雄、武术、魔法和战争 / [UA] 破译奥秘 / 2. 职业,扩展奥秘：英雄、武术、魔法和战争,[UA] 破译奥秘
野蛮人变体：图腾野蛮人,7 扩展全新体系\UA破译奥秘\2职业\变体\野蛮人变体.htm,5,扩展奥秘：英雄、武术、魔法和战争 / [UA] 破译奥秘 / 2. 职业 / 基础职业变体,扩展奥秘：英雄、武术、魔法和战争,[UA] 破译奥秘
吟游诗人变体,,5,扩展奥秘：英雄、武术、魔法和战争 / [UA] 破译奥秘 / 2. 职业 / 基础职业变体,扩展奥秘：英雄、武术、魔法和战争,[UA] 破译奥秘
吟游贤者,7 扩展全新体系\UA破译奥秘\2职业\变体\吟游贤者.htm,6,扩展奥秘：英雄、武术、魔法和战争 / [UA] 破译奥秘 / 2. 职业 / 基础职业变体 / 吟游诗人变体,扩展奥秘：英雄、武术、魔法和战争,[UA] 破译奥秘
神圣吟游诗人,7 扩展全新体系\UA破译奥秘\2职业\变体\神术诗人.htm,6,扩展奥秘：英雄、武术、魔法和战争 / [UA] 破译奥秘 / 2. 职业 / 基础职业变体 / 吟游诗人变体,扩展奥秘：英雄、武术、魔法和战争,[UA] 破译奥秘
野蛮吟游诗人,7 扩展全新体系\UA破译奥秘\2职业\变体\野蛮诗人.htm,6,扩展奥秘：英雄、武术、魔法和战争 / [UA] 破译奥秘 / 2. 职业 / 基础职业变体 / 吟游诗人变体,扩展奥秘：英雄、武术、魔法和战争,[UA] 破译奥秘
牧师变体：修道牧师,7 扩展全新体系\UA破译奥秘\2职业\变体\牧师变体.htm,5,扩展奥秘：英雄、武术、魔法和战争 / [UA] 破译奥秘 / 2. 职业 / 基础职业变体,扩展奥秘：英雄、武术、魔法和战争,[UA] 破译奥秘
德鲁伊变体：德鲁伊复仇者,7 扩展全新体系\UA破译奥秘\2职业\变体\德鲁伊变体.htm,5,扩展奥秘：英雄、武术、魔法和战争 / [UA] 破译奥秘 / 2. 职业 / 基础职业变体,扩展奥秘：英雄、武术、魔法和战争,[UA] 破译奥秘
战士变体：暴徒,7 扩展全新体系\UA破译奥秘\2职业\变体\战士变体.htm,5,扩展奥秘：英雄、武术、魔法和战争 / [UA] 破译奥秘 / 2. 职业 / 基础职业变体,扩展奥秘：英雄、武术、魔法和战争,[UA] 破译奥秘
武僧变体：战斗方式,7 扩展全新体系\UA破译奥秘\2职业\变体\武僧变体.htm,5,扩展奥秘：英雄、武术、魔法和战争 / [UA] 破译奥秘 / 2. 职业 / 基础职业变体,扩展奥秘：英雄、武术、魔法和战争,[UA] 破译奥秘
圣武士变体,7 扩展全新体系\UA破译奥秘\2职业\变体\圣武士变体.htm,5,扩展奥秘：英雄、武术、魔法和战争 / [UA] 破译奥秘 / 2. 职业 / 基础职业变体,扩展奥秘：英雄、武术、魔法和战争,[UA] 破译奥秘
自由圣武士,7 扩展全新体系\UA破译奥秘\2职业\变体\自由圣武士.htm,6,扩展奥秘：英雄、武术、魔法和战争 / [UA] 破译奥秘 / 2. 职业 / 基础职业变体 / 圣武士变体,扩展奥秘：英雄、武术、魔法和战争,[UA] 破译奥秘
杀戮圣武士,7 扩展全新体系\UA破译奥秘\2职业\变体\杀戮圣武士.htm,6,扩展奥秘：英雄、武术、魔法和战争 / [UA] 破译奥秘 / 2. 职业 / 基础职业变体 / 圣武士变体,扩展奥秘：英雄、武术、魔法和战争,[UA] 破译奥秘
专制圣武士,7 扩展全新体系\UA破译奥秘\2职业\变体\专制圣武士.htm,6,扩展奥秘：英雄、武术、魔法和战争 / [UA] 破译奥秘 / 2. 职业 / 基础职业变体 / 圣武士变体,扩展奥秘：英雄、武术、魔法和战争,[UA] 破译奥秘
巡林客变体,,5,扩展奥秘：英雄、武术、魔法和战争 / [UA] 破译奥秘 / 2. 职业 / 基础职业变体,扩展奥秘：英雄、武术、魔法和战争,[UA] 破译奥秘
位面巡林客,7 扩展全新体系\UA破译奥秘\2职业\变体\巡林客变体.htm,6,扩展奥秘：英雄、武术、魔法和战争 / [UA] 破译奥秘 / 2. 职业 / 基础职业变体 / 巡林客变体,扩展奥秘：英雄、武术、魔法和战争,[UA] 破译奥秘
城市巡林客,7 扩展全新体系\UA破译奥秘\2职业\变体\城市游侠.htm,6,扩展奥秘：英雄、武术、魔法和战争 / [UA] 破译奥秘 / 2. 职业 / 基础职业变体 / 巡林客变体,扩展奥秘：英雄、武术、魔法和战争,[UA] 破译奥秘
游荡者变体：荒野游荡者,7 扩展全新体系\UA破译奥秘\2职业\变体\游荡者变体.htm,5,扩展奥秘：英雄、武术、魔法和战争 / [UA] 破译奥秘 / 2. 职业 / 基础职业变体,扩展奥秘：英雄、武术、魔法和战争,[UA] 破译奥秘
术士变体：战斗术士,7 扩展全新体系\UA破译奥秘\2职业\变体\术士变体.htm,5,扩展奥秘：英雄、武术、魔法和战争 / [UA] 破译奥秘 / 2. 职业 / 基础职业变体,扩展奥秘：英雄、武术、魔法和战争,[UA] 破译奥秘
法师变体,,5,扩展奥秘：英雄、武术、魔法和战争 / [UA] 破译奥秘 / 2. 职业 / 基础职业变体,扩展奥秘：英雄、武术、魔法和战争,[UA] 破译奥秘
领域法师,7 扩展全新体系\UA破译奥秘\2职业\变体\法师变体.htm,6,扩展奥秘：英雄、武术、魔法和战争 / [UA] 破译奥秘 / 2. 职业 / 基础职业变体 / 法师变体,扩展奥秘：英雄、武术、魔法和战争,[UA] 破译奥秘
专精法师变体,7 扩展全新体系\UA破译奥秘\2职业\变体\法师专精变体.htm,6,扩展奥秘：英雄、武术、魔法和战争 / [UA] 破译奥秘 / 2. 职业 / 基础职业变体 / 法师变体,扩展奥秘：英雄、武术、魔法和战争,[UA] 破译奥秘
其它职业变体 (无名变体),7 扩展全新体系\UA破译奥秘\2职业\变体\无名变体\无名变体.htm,5,扩展奥秘：英雄、武术、魔法和战争 / [UA] 破译奥秘 / 2. 职业 / 基础职业变体,扩展奥秘：英雄、武术、魔法和战争,[UA] 破译奥秘
野蛮人(宿敌、战斗风格),7 扩展全新体系\UA破译奥秘\2职业\变体\无名变体\野蛮人.htm,6,扩展奥秘：英雄、武术、魔法和战争 / [UA] 破译奥秘 / 2. 职业 / 基础职业变体 / 其它职业变体 (无名变体),扩展奥秘：英雄、武术、魔法和战争,[UA] 破译奥秘
吟游诗人(德鲁伊能力),7 扩展全新体系\UA破译奥秘\2职业\变体\无名变体\吟游诗人.htm,6,扩展奥秘：英雄、武术、魔法和战争 / [UA] 破译奥秘 / 2. 职业 / 基础职业变体 / 其它职业变体 (无名变体),扩展奥秘：英雄、武术、魔法和战争,[UA] 破译奥秘
牧师(圣武士能力),7 扩展全新体系\UA破译奥秘\2职业\变体\无名变体\牧师.htm,6,扩展奥秘：英雄、武术、魔法和战争 / [UA] 破译奥秘 / 2. 职业 / 基础职业变体 / 其它职业变体 (无名变体),扩展奥秘：英雄、武术、魔法和战争,[UA] 破译奥秘
德鲁伊(武僧与游侠能力),7 扩展全新体系\UA破译奥秘\2职业\变体\无名变体\德鲁伊.htm,6,扩展奥秘：英雄、武术、魔法和战争 / [UA] 破译奥秘 / 2. 职业 / 基础职业变体 / 其它职业变体 (无名变体),扩展奥秘：英雄、武术、魔法和战争,[UA] 破译奥秘
战士(偷袭),7 扩展全新体系\UA破译奥秘\2职业\变体\无名变体\战士.htm,6,扩展奥秘：英雄、武术、魔法和战争 / [UA] 破译奥秘 / 2. 职业 / 基础职业变体 / 其它职业变体 (无名变体),扩展奥秘：英雄、武术、魔法和战争,[UA] 破译奥秘
武僧(伤害减免),7 扩展全新体系\UA破译奥秘\2职业\变体\无名变体\武僧.htm,6,扩展奥秘：英雄、武术、魔法和战争 / [UA] 破译奥秘 / 2. 职业 / 基础职业变体 / 其它职业变体 (无名变体),扩展奥秘：英雄、武术、魔法和战争,[UA] 破译奥秘
圣武士(宿敌),7 扩展全新体系\UA破译奥秘\2职业\变体\无名变体\圣武士.htm,6,扩展奥秘：英雄、武术、魔法和战争 / [UA] 破译奥秘 / 2. 职业 / 基础职业变体 / 其它职业变体 (无名变体),扩展奥秘：英雄、武术、魔法和战争,[UA] 破译奥秘
巡林客(荒野变形和移速),7 扩展全新体系\UA破译奥秘\2职业\变体\无名变体\巡林客.htm,6,扩展奥秘：英雄、武术、魔法和战争 / [UA] 破译奥秘 / 2. 职业 / 基础职业变体 / 其它职业变体 (无名变体),扩展奥秘：英雄、武术、魔法和战争,[UA] 破译奥秘
游荡者(战士奖励专长),7 扩展全新体系\UA破译奥秘\2职业\变体\无名变体\盗贼.htm,6,扩展奥秘：英雄、武术、魔法和战争 / [UA] 破译奥秘 / 2. 职业 / 基础职业变体 / 其它职业变体 (无名变体),扩展奥秘：英雄、武术、魔法和战争,[UA] 破译奥秘
术士/法师(动物伙伴),7 扩展全新体系\UA破译奥秘\2职业\变体\无名变体\术士法师.htm,6,扩展奥秘：英雄、武术、魔法和战争 / [UA] 破译奥秘 / 2. 职业 / 基础职业变体 / 其它职业变体 (无名变体),扩展奥秘：英雄、武术、魔法和战争,[UA] 破译奥秘
法师(战士奖励专长),7 扩展全新体系\UA破译奥秘\2职业\变体\无名变体\法师.htm,6,扩展奥秘：英雄、武术、魔法和战争 / [UA] 破译奥秘 / 2. 职业 / 基础职业变体 / 其它职业变体 (无名变体),扩展奥秘：英雄、武术、魔法和战争,[UA] 破译奥秘
自发神术施法者,7 扩展全新体系\UA破译奥秘\2职业\职业特性变体\自发神术变体.htm,5,扩展奥秘：英雄、武术、魔法和战争 / [UA] 破译奥秘 / 2. 职业 / 基础职业变体,扩展奥秘：英雄、武术、魔法和战争,[UA] 破译奥秘
职业特性变体,,5,扩展奥秘：英雄、武术、魔法和战争 / [UA] 破译奥秘 / 2. 职业 / 基础职业变体,扩展奥秘：英雄、武术、魔法和战争,[UA] 破译奥秘
狂暴变体：旋风狂暴,7 扩展全新体系\UA破译奥秘\2职业\职业特性变体\狂暴变体：旋风狂暴.htm,6,扩展奥秘：英雄、武术、魔法和战争 / [UA] 破译奥秘 / 2. 职业 / 基础职业变体 / 职业特性变体,扩展奥秘：英雄、武术、魔法和战争,[UA] 破译奥秘
荒野形态变体：自然特征,7 扩展全新体系\UA破译奥秘\2职业\职业特性变体\荒野形态变体：自然特征.htm,6,扩展奥秘：英雄、武术、魔法和战争 / [UA] 破译奥秘 / 2. 职业 / 基础职业变体 / 职业特性变体,扩展奥秘：英雄、武术、魔法和战争,[UA] 破译奥秘
宿敌变体：偏好自然环境,7 扩展全新体系\UA破译奥秘\2职业\职业特性变体\宿敌变体：偏好自然环境.htm,6,扩展奥秘：英雄、武术、魔法和战争 / [UA] 破译奥秘 / 2. 职业 / 基础职业变体 / 职业特性变体,扩展奥秘：英雄、武术、魔法和战争,[UA] 破译奥秘
进阶职业,7 扩展全新体系\UA破译奥秘\2职业\进阶\职业进阶.htm,4,扩展奥秘：英雄、武术、魔法和战争 / [UA] 破译奥秘 / 2. 职业,扩展奥秘：英雄、武术、魔法和战争,[UA] 破译奥秘
进阶诗人,7 扩展全新体系\UA破译奥秘\2职业\进阶\进阶诗人.htm,5,扩展奥秘：英雄、武术、魔法和战争 / [UA] 破译奥秘 / 2. 职业 / 进阶职业,扩展奥秘：英雄、武术、魔法和战争,[UA] 破译奥秘
进阶圣武士,7 扩展全新体系\UA破译奥秘\2职业\进阶\进阶圣武士.htm,5,扩展奥秘：英雄、武术、魔法和战争 / [UA] 破译奥秘 / 2. 职业 / 进阶职业,扩展奥秘：英雄、武术、魔法和战争,[UA] 破译奥秘
进阶巡林客,7 扩展全新体系\UA破译奥秘\2职业\进阶\进阶巡林客.htm,5,扩展奥秘：英雄、武术、魔法和战争 / [UA] 破译奥秘 / 2. 职业 / 进阶职业,扩展奥秘：英雄、武术、魔法和战争,[UA] 破译奥秘
双重角色,7 扩展全新体系\UA破译奥秘\完型角色.htm,4,扩展奥秘：英雄、武术、魔法和战争 / [UA] 破译奥秘 / 2. 职业,扩展奥秘：英雄、武术、魔法和战争,[UA] 破译奥秘
泛用职业,7 扩展全新体系\UA破译奥秘\2职业\泛用职业\泛用职业.htm,4,扩展奥秘：英雄、武术、魔法和战争 / [UA] 破译奥秘 / 2. 职业,扩展奥秘：英雄、武术、魔法和战争,[UA] 破译奥秘
施法者,7 扩展全新体系\UA破译奥秘\2职业\泛用职业\施法者.htm,5,扩展奥秘：英雄、武术、魔法和战争 / [UA] 破译奥秘 / 2. 职业 / 泛用职业,扩展奥秘：英雄、武术、魔法和战争,[UA] 破译奥秘
武者,7 扩展全新体系\UA破译奥秘\2职业\泛用职业\武者.htm,5,扩展奥秘：英雄、武术、魔法和战争 / [UA] 破译奥秘 / 2. 职业 / 泛用职业,扩展奥秘：英雄、武术、魔法和战争,[UA] 破译奥秘
专家,7 扩展全新体系\UA破译奥秘\2职业\泛用职业\专家.htm,5,扩展奥秘：英雄、武术、魔法和战争 / [UA] 破译奥秘 / 2. 职业 / 泛用职业,扩展奥秘：英雄、武术、魔法和战争,[UA] 破译奥秘
3. 构筑角色,7 扩展全新体系\UA破译奥秘\3角色\构建角色.htm,3,扩展奥秘：英雄、武术、魔法和战争 / [UA] 破译奥秘,扩展奥秘：英雄、武术、魔法和战争,[UA] 破译奥秘
角色特性,7 扩展全新体系\UA破译奥秘\3角色\角色特性.htm,4,扩展奥秘：英雄、武术、魔法和战争 / [UA] 破译奥秘 / 3. 构筑角色,扩展奥秘：英雄、武术、魔法和战争,[UA] 破译奥秘
角色缺陷,7 扩展全新体系\UA破译奥秘\3角色\缺陷.htm,4,扩展奥秘：英雄、武术、魔法和战争 / [UA] 破译奥秘 / 3. 构筑角色,扩展奥秘：英雄、武术、魔法和战争,[UA] 破译奥秘
法触专长,7 扩展全新体系\UA破译奥秘\3角色\法触专长.htm,4,扩展奥秘：英雄、武术、魔法和战争 / [UA] 破译奥秘 / 3. 构筑角色,扩展奥秘：英雄、武术、魔法和战争,[UA] 破译奥秘
武器组专长,7 扩展全新体系\UA破译奥秘\4冒险\UA94 武器组专长.htm,4,扩展奥秘：英雄、武术、魔法和战争 / [UA] 破译奥秘 / 3. 构筑角色,扩展奥秘：英雄、武术、魔法和战争,[UA] 破译奥秘
4. 冒险,,3,扩展奥秘：英雄、武术、魔法和战争 / [UA] 破译奥秘,扩展奥秘：英雄、武术、魔法和战争,[UA] 破译奥秘
伤残点,7 扩展全新体系\UA破译奥秘\4冒险\伤残点系统.htm,4,扩展奥秘：英雄、武术、魔法和战争 / [UA] 破译奥秘 / 4. 冒险,扩展奥秘：英雄、武术、魔法和战争,[UA] 破译奥秘
战斗面向,7 扩展全新体系\UA破译奥秘\4冒险\战斗面向.htm,4,扩展奥秘：英雄、武术、魔法和战争 / [UA] 破译奥秘 / 4. 冒险,扩展奥秘：英雄、武术、魔法和战争,[UA] 破译奥秘
六角格,7 扩展全新体系\UA破译奥秘\4冒险\六角格.htm,4,扩展奥秘：英雄、武术、魔法和战争 / [UA] 破译奥秘 / 4. 冒险,扩展奥秘：英雄、武术、魔法和战争,[UA] 破译奥秘
5. 魔法,,3,扩展奥秘：英雄、武术、魔法和战争 / [UA] 破译奥秘,扩展奥秘：英雄、武术、魔法和战争,[UA] 破译奥秘
魔法等级,7 扩展全新体系\UA破译奥秘\5魔法\魔法等级.htm,4,扩展奥秘：英雄、武术、魔法和战争 / [UA] 破译奥秘 / 5. 魔法,扩展奥秘：英雄、武术、魔法和战争,[UA] 破译奥秘
自发超魔,7 扩展全新体系\UA破译奥秘\5魔法\自发超魔.htm,4,扩展奥秘：英雄、武术、魔法和战争 / [UA] 破译奥秘 / 5. 魔法,扩展奥秘：英雄、武术、魔法和战争,[UA] 破译奥秘
魔力值系统,7 扩展全新体系\UA破译奥秘\5魔法\魔力值系统.htm,4,扩展奥秘：英雄、武术、魔法和战争 / [UA] 破译奥秘 / 5. 魔法,扩展奥秘：英雄、武术、魔法和战争,[UA] 破译奥秘
再充能法术,7 扩展全新体系\UA破译奥秘\5魔法\再充能法术.htm,4,扩展奥秘：英雄、武术、魔法和战争 / [UA] 破译奥秘 / 5. 魔法,扩展奥秘：英雄、武术、魔法和战争,[UA] 破译奥秘
物品魔宠,7 扩展全新体系\UA破译奥秘\5魔法\物品魔宠.htm,4,扩展奥秘：英雄、武术、魔法和战争 / [UA] 破译奥秘 / 5. 魔法,扩展奥秘：英雄、武术、魔法和战争,[UA] 破译奥秘
仪式,7 扩展全新体系\UA破译奥秘\5魔法\仪式.htm,4,扩展奥秘：英雄、武术、魔法和战争 / [UA] 破译奥秘 / 5. 魔法,扩展奥秘：英雄、武术、魔法和战争,[UA] 破译奥秘
6. 战役,,3,扩展奥秘：英雄、武术、魔法和战争 / [UA] 破译奥秘,扩展奥秘：英雄、武术、魔法和战争,[UA] 破译奥秘
污化进阶职业,,4,扩展奥秘：英雄、武术、魔法和战争 / [UA] 破译奥秘 / 6. 战役,扩展奥秘：英雄、武术、魔法和战争,[UA] 破译奥秘
污化术士,7 扩展全新体系\UA破译奥秘\6战役\污化术士.htm,5,扩展奥秘：英雄、武术、魔法和战争 / [UA] 破译奥秘 / 6. 战役 / 污化进阶职业,扩展奥秘：英雄、武术、魔法和战争,[UA] 破译奥秘
污化武者,7 扩展全新体系\UA破译奥秘\6战役\污化武者.htm,5,扩展奥秘：英雄、武术、魔法和战争 / [UA] 破译奥秘 / 6. 战役 / 污化进阶职业,扩展奥秘：英雄、武术、魔法和战争,[UA] 破译奥秘
理智值,7 扩展全新体系\UA破译奥秘\6战役\理智值.htm,4,扩展奥秘：英雄、武术、魔法和战争 / [UA] 破译奥秘 / 6. 战役,扩展奥秘：英雄、武术、魔法和战争,[UA] 破译奥秘
战役引钩：传古武器、恶人与邪物,,1,,战役引钩：传古武器、恶人与邪物,
[WoL] 传古武器：威力巨大之物,8 战役引钩\WoL传古武器\0插图\传古武器（WoL）.htm,2,战役引钩：传古武器、恶人与邪物,战役引钩：传古武器、恶人与邪物,[WoL] 传古武器：威力巨大之物
传古武器,,3,战役引钩：传古武器、恶人与邪物 / [WoL] 传古武器：威力巨大之物,战役引钩：传古武器、恶人与邪物,[WoL] 传古武器：威力巨大之物
装备传古物品,8 战役引钩\WoL传古武器\1传古武器\装备传古物品.htm,4,战役引钩：传古武器、恶人与邪物 / [WoL] 传古武器：威力巨大之物 / 传古武器,战役引钩：传古武器、恶人与邪物,[WoL] 传古武器：威力巨大之物
传古英雄,,3,战役引钩：传古武器、恶人与邪物 / [WoL] 传古武器：威力巨大之物,战役引钩：传古武器、恶人与邪物,[WoL] 传古武器：威力巨大之物
传古专长,8 战役引钩\WoL传古武器\2传古英雄\传古专长.htm,4,战役引钩：传古武器、恶人与邪物 / [WoL] 传古武器：威力巨大之物 / 传古英雄,战役引钩：传古武器、恶人与邪物,[WoL] 传古武器：威力巨大之物
进阶职业: 传古斗士,8 战役引钩\WoL传古武器\2传古英雄\进阶：传古斗士.htm,4,战役引钩：传古武器、恶人与邪物 / [WoL] 传古武器：威力巨大之物 / 传古英雄,战役引钩：传古武器、恶人与邪物,[WoL] 传古武器：威力巨大之物
传古道具,,3,战役引钩：传古武器、恶人与邪物 / [WoL] 传古武器：威力巨大之物,战役引钩：传古武器、恶人与邪物,[WoL] 传古武器：威力巨大之物
阿德罗斯圣甲虫,8 战役引钩\WoL传古武器\3传古道具\Aradros圣甲虫.htm,4,战役引钩：传古武器、恶人与邪物 / [WoL] 传古武器：威力巨大之物 / 传古道具,战役引钩：传古武器、恶人与邪物,[WoL] 传古武器：威力巨大之物
阴险与恶毒,8 战役引钩\WoL传古武器\3传古道具\Devious_and_Vicious.htm,4,战役引钩：传古武器、恶人与邪物 / [WoL] 传古武器：威力巨大之物 / 传古道具,战役引钩：传古武器、恶人与邪物,[WoL] 传古武器：威力巨大之物
悲惨之风投石索,8 战役引钩\WoL传古武器\3传古道具\悲惨之风投石索.htm,4,战役引钩：传古武器、恶人与邪物 / [WoL] 传古武器：威力巨大之物 / 传古道具,战役引钩：传古武器、恶人与邪物,[WoL] 传古武器：威力巨大之物
鞭笞,8 战役引钩\WoL传古武器\3传古道具\鞭笞.htm,4,战役引钩：传古武器、恶人与邪物 / [WoL] 传古武器：威力巨大之物 / 传古道具,战役引钩：传古武器、恶人与邪物,[WoL] 传古武器：威力巨大之物
残骸,8 战役引钩\WoL传古武器\3传古道具\残骸.htm,4,战役引钩：传古武器、恶人与邪物 / [WoL] 传古武器：威力巨大之物 / 传古道具,战役引钩：传古武器、恶人与邪物,[WoL] 传古武器：威力巨大之物
灿烂晚星,8 战役引钩\WoL传古武器\3传古道具\灿烂晚星.htm,4,战役引钩：传古武器、恶人与邪物 / [WoL] 传古武器：威力巨大之物 / 传古道具,战役引钩：传古武器、恶人与邪物,[WoL] 传古武器：威力巨大之物
打手臂铠,8 战役引钩\WoL传古武器\3传古道具\打手臂铠.htm,4,战役引钩：传古武器、恶人与邪物 / [WoL] 传古武器：威力巨大之物 / 传古道具,战役引钩：传古武器、恶人与邪物,[WoL] 传古武器：威力巨大之物
杜兰达尔,8 战役引钩\WoL传古武器\3传古道具\杜兰达尔.htm,4,战役引钩：传古武器、恶人与邪物 / [WoL] 传古武器：威力巨大之物 / 传古道具,战役引钩：传古武器、恶人与邪物,[WoL] 传古武器：威力巨大之物
火焰投掷者的弩箭,8 战役引钩\WoL传古武器\3传古道具\火焰投掷者的弩箭.htm,4,战役引钩：传古武器、恶人与邪物 / [WoL] 传古武器：威力巨大之物 / 传古道具,战役引钩：传古武器、恶人与邪物,[WoL] 传古武器：威力巨大之物
李鹏的臂骨,8 战役引钩\WoL传古武器\3传古道具\李鹏的臂骨.htm,4,战役引钩：传古武器、恶人与邪物 / [WoL] 传古武器：威力巨大之物 / 传古道具,战役引钩：传古武器、恶人与邪物,[WoL] 传古武器：威力巨大之物
密林挚友,8 战役引钩\WoL传古武器\3传古道具\密林挚友.htm,4,战役引钩：传古武器、恶人与邪物 / [WoL] 传古武器：威力巨大之物 / 传古道具,战役引钩：传古武器、恶人与邪物,[WoL] 传古武器：威力巨大之物
魔杰哈,8 战役引钩\WoL传古武器\3传古道具\魔杰哈1.htm,4,战役引钩：传古武器、恶人与邪物 / [WoL] 传古武器：威力巨大之物 / 传古道具,战役引钩：传古武器、恶人与邪物,[WoL] 传古武器：威力巨大之物
神圣星火,8 战役引钩\WoL传古武器\3传古道具\神圣星火.htm,4,战役引钩：传古武器、恶人与邪物 / [WoL] 传古武器：威力巨大之物 / 传古道具,战役引钩：传古武器、恶人与邪物,[WoL] 传古武器：威力巨大之物
渗透者,8 战役引钩\WoL传古武器\3传古道具\渗透者.htm,4,战役引钩：传古武器、恶人与邪物 / [WoL] 传古武器：威力巨大之物 / 传古道具,战役引钩：传古武器、恶人与邪物,[WoL] 传古武器：威力巨大之物
狮子丸,8 战役引钩\WoL传古武器\3传古道具\狮子丸.htm,4,战役引钩：传古武器、恶人与邪物 / [WoL] 传古武器：威力巨大之物 / 传古道具,战役引钩：传古武器、恶人与邪物,[WoL] 传古武器：威力巨大之物
霜燃狂怒,8 战役引钩\WoL传古武器\3传古道具\霜燃狂怒.htm,4,战役引钩：传古武器、恶人与邪物 / [WoL] 传古武器：威力巨大之物 / 传古道具,战役引钩：传古武器、恶人与邪物,[WoL] 传古武器：威力巨大之物
逃亡,8 战役引钩\WoL传古武器\3传古道具\逃亡.htm,4,战役引钩：传古武器、恶人与邪物 / [WoL] 传古武器：威力巨大之物 / 传古道具,战役引钩：传古武器、恶人与邪物,[WoL] 传古武器：威力巨大之物
位面行者之刃,8 战役引钩\WoL传古武器\3传古道具\位面行者之刃.htm,4,战役引钩：传古武器、恶人与邪物 / [WoL] 传古武器：威力巨大之物 / 传古道具,战役引钩：传古武器、恶人与邪物,[WoL] 传古武器：威力巨大之物
乌尔手斧,8 战役引钩\WoL传古武器\3传古道具\乌尔手斧.htm,4,战役引钩：传古武器、恶人与邪物 / [WoL] 传古武器：威力巨大之物 / 传古道具,战役引钩：传古武器、恶人与邪物,[WoL] 传古武器：威力巨大之物
血泣者之锤,8 战役引钩\WoL传古武器\3传古道具\血泣者之锤.htm,4,战役引钩：传古武器、恶人与邪物 / [WoL] 传古武器：威力巨大之物 / 传古道具,战役引钩：传古武器、恶人与邪物,[WoL] 传古武器：威力巨大之物
发掘传古,,3,战役引钩：传古武器、恶人与邪物 / [WoL] 传古武器：威力巨大之物,战役引钩：传古武器、恶人与邪物,[WoL] 传古武器：威力巨大之物
创造传古物品,8 战役引钩\WoL传古武器\4发掘传古\创造传古物品.htm,4,战役引钩：传古武器、恶人与邪物 / [WoL] 传古武器：威力巨大之物 / 发掘传古,战役引钩：传古武器、恶人与邪物,[WoL] 传古武器：威力巨大之物
能力列表A,8 战役引钩\WoL传古武器\4发掘传古\能力列表A.htm,5,战役引钩：传古武器、恶人与邪物 / [WoL] 传古武器：威力巨大之物 / 发掘传古 / 创造传古物品,战役引钩：传古武器、恶人与邪物,[WoL] 传古武器：威力巨大之物
能力列表B,8 战役引钩\WoL传古武器\4发掘传古\能力列表B.htm,5,战役引钩：传古武器、恶人与邪物 / [WoL] 传古武器：威力巨大之物 / 发掘传古 / 创造传古物品,战役引钩：传古武器、恶人与邪物,[WoL] 传古武器：威力巨大之物
能力列表C,8 战役引钩\WoL传古武器\4发掘传古\能力列表C.htm,5,战役引钩：传古武器、恶人与邪物 / [WoL] 传古武器：威力巨大之物 / 发掘传古 / 创造传古物品,战役引钩：传古武器、恶人与邪物,[WoL] 传古武器：威力巨大之物
能力列表D,8 战役引钩\WoL传古武器\4发掘传古\能力列表D.htm,5,战役引钩：传古武器、恶人与邪物 / [WoL] 传古武器：威力巨大之物 / 发掘传古 / 创造传古物品,战役引钩：传古武器、恶人与邪物,[WoL] 传古武器：威力巨大之物
能力列表E,8 战役引钩\WoL传古武器\4发掘传古\能力列表E.htm,5,战役引钩：传古武器、恶人与邪物 / [WoL] 传古武器：威力巨大之物 / 发掘传古 / 创造传古物品,战役引钩：传古武器、恶人与邪物,[WoL] 传古武器：威力巨大之物
能力列表F,8 战役引钩\WoL传古武器\4发掘传古\能力列表F.htm,5,战役引钩：传古武器、恶人与邪物 / [WoL] 传古武器：威力巨大之物 / 发掘传古 / 创造传古物品,战役引钩：传古武器、恶人与邪物,[WoL] 传古武器：威力巨大之物
能力列表G,8 战役引钩\WoL传古武器\4发掘传古\能力列表G.htm,5,战役引钩：传古武器、恶人与邪物 / [WoL] 传古武器：威力巨大之物 / 发掘传古 / 创造传古物品,战役引钩：传古武器、恶人与邪物,[WoL] 传古武器：威力巨大之物
能力列表H,8 战役引钩\WoL传古武器\4发掘传古\能力列表H.htm,5,战役引钩：传古武器、恶人与邪物 / [WoL] 传古武器：威力巨大之物 / 发掘传古 / 创造传古物品,战役引钩：传古武器、恶人与邪物,[WoL] 传古武器：威力巨大之物
能力列表I,8 战役引钩\WoL传古武器\4发掘传古\能力列表I.htm,5,战役引钩：传古武器、恶人与邪物 / [WoL] 传古武器：威力巨大之物 / 发掘传古 / 创造传古物品,战役引钩：传古武器、恶人与邪物,[WoL] 传古武器：威力巨大之物
个人代价,8 战役引钩\WoL传古武器\4发掘传古\个人代价.htm,4,战役引钩：传古武器、恶人与邪物 / [WoL] 传古武器：威力巨大之物 / 发掘传古,战役引钩：传古武器、恶人与邪物,[WoL] 传古武器：威力巨大之物
[EoE] 邪恶范例：致命的敌人们,8 战役引钩\EoE邪恶典范\封面.htm,2,战役引钩：传古武器、恶人与邪物,战役引钩：传古武器、恶人与邪物,[EoE] 邪恶范例：致命的敌人们
1. 重要反派,8 战役引钩\EoE邪恶典范\重要反派\重要反派.htm,3,战役引钩：传古武器、恶人与邪物 / [EoE] 邪恶范例：致命的敌人们,战役引钩：传古武器、恶人与邪物,[EoE] 邪恶范例：致命的敌人们
典型反派,8 战役引钩\EoE邪恶典范\重要反派\反派原型.htm,4,战役引钩：传古武器、恶人与邪物 / [EoE] 邪恶范例：致命的敌人们 / 1. 重要反派,战役引钩：传古武器、恶人与邪物,[EoE] 邪恶范例：致命的敌人们
反派的动机,8 战役引钩\EoE邪恶典范\重要反派\反派的故事.htm,4,战役引钩：传古武器、恶人与邪物 / [EoE] 邪恶范例：致命的敌人们 / 1. 重要反派,战役引钩：传古武器、恶人与邪物,[EoE] 邪恶范例：致命的敌人们
反派的阴谋,8 战役引钩\EoE邪恶典范\重要反派\反派情节.htm,4,战役引钩：传古武器、恶人与邪物 / [EoE] 邪恶范例：致命的敌人们 / 1. 重要反派,战役引钩：传古武器、恶人与邪物,[EoE] 邪恶范例：致命的敌人们
刻画反派,8 战役引钩\EoE邪恶典范\重要反派\新建项目.htm,4,战役引钩：传古武器、恶人与邪物 / [EoE] 邪恶范例：致命的敌人们 / 1. 重要反派,战役引钩：传古武器、恶人与邪物,[EoE] 邪恶范例：致命的敌人们
反派组织,8 战役引钩\EoE邪恶典范\重要反派\反派组织.htm,4,战役引钩：传古武器、恶人与邪物 / [EoE] 邪恶范例：致命的敌人们 / 1. 重要反派,战役引钩：传古武器、恶人与邪物,[EoE] 邪恶范例：致命的敌人们
介绍反派,8 战役引钩\EoE邪恶典范\重要反派\介绍反派.htm,4,战役引钩：传古武器、恶人与邪物 / [EoE] 邪恶范例：致命的敌人们 / 1. 重要反派,战役引钩：传古武器、恶人与邪物,[EoE] 邪恶范例：致命的敌人们
1.1 角色选项,,3,战役引钩：传古武器、恶人与邪物 / [EoE] 邪恶范例：致命的敌人们,战役引钩：传古武器、恶人与邪物,[EoE] 邪恶范例：致命的敌人们
职业替换能力,8 战役引钩\EoE邪恶典范\职业替换能力.htm,4,战役引钩：传古武器、恶人与邪物 / [EoE] 邪恶范例：致命的敌人们 / 1.1 角色选项,战役引钩：传古武器、恶人与邪物,[EoE] 邪恶范例：致命的敌人们
专长,8 战役引钩\EoE邪恶典范\新建项目.htm,4,战役引钩：传古武器、恶人与邪物 / [EoE] 邪恶范例：致命的敌人们 / 1.1 角色选项,战役引钩：传古武器、恶人与邪物,[EoE] 邪恶范例：致命的敌人们
法术,8 战役引钩\EoE邪恶典范\法术描述.htm,4,战役引钩：传古武器、恶人与邪物 / [EoE] 邪恶范例：致命的敌人们 / 1.1 角色选项,战役引钩：传古武器、恶人与邪物,[EoE] 邪恶范例：致命的敌人们
3. 托尔斯托夫姐弟,8 战役引钩\EoE邪恶典范\Tolstoff姐弟\Tolstoff姐弟.htm,3,战役引钩：传古武器、恶人与邪物 / [EoE] 邪恶范例：致命的敌人们,战役引钩：传古武器、恶人与邪物,[EoE] 邪恶范例：致命的敌人们
背景,8 战役引钩\EoE邪恶典范\Tolstoff姐弟\背景.htm,4,战役引钩：传古武器、恶人与邪物 / [EoE] 邪恶范例：致命的敌人们 / 3. 托尔斯托夫姐弟,战役引钩：传古武器、恶人与邪物,[EoE] 邪恶范例：致命的敌人们
目的,8 战役引钩\EoE邪恶典范\Tolstoff姐弟\目的.htm,4,战役引钩：传古武器、恶人与邪物 / [EoE] 邪恶范例：致命的敌人们 / 3. 托尔斯托夫姐弟,战役引钩：传古武器、恶人与邪物,[EoE] 邪恶范例：致命的敌人们
使用这些反派,8 战役引钩\EoE邪恶典范\Tolstoff姐弟\使用这些反派.htm,4,战役引钩：传古武器、恶人与邪物 / [EoE] 邪恶范例：致命的敌人们 / 3. 托尔斯托夫姐弟,战役引钩：传古武器、恶人与邪物,[EoE] 邪恶范例：致命的敌人们
德拉恩·瑞尔加,8 战役引钩\EoE邪恶典范\Tolstoff姐弟\DRAEN_RALGAEL.htm,4,战役引钩：传古武器、恶人与邪物 / [EoE] 邪恶范例：致命的敌人们 / 3. 托尔斯托夫姐弟,战役引钩：传古武器、恶人与邪物,[EoE] 邪恶范例：致命的敌人们
托尔斯托夫f城楼,8 战役引钩\EoE邪恶典范\Tolstoff姐弟\Tolstoff城楼.htm,4,战役引钩：传古武器、恶人与邪物 / [EoE] 邪恶范例：致命的敌人们 / 3. 托尔斯托夫姐弟,战役引钩：传古武器、恶人与邪物,[EoE] 邪恶范例：致命的敌人们
5. 卡莱西 弧冬,8 战役引钩\EoE邪恶典范\Calais Archwinter\Calais_Archwinter.htm,3,战役引钩：传古武器、恶人与邪物 / [EoE] 邪恶范例：致命的敌人们,战役引钩：传古武器、恶人与邪物,[EoE] 邪恶范例：致命的敌人们
背景,8 战役引钩\EoE邪恶典范\Calais Archwinter\背景.htm,4,战役引钩：传古武器、恶人与邪物 / [EoE] 邪恶范例：致命的敌人们 / 5. 卡莱西 弧冬,战役引钩：传古武器、恶人与邪物,[EoE] 邪恶范例：致命的敌人们
目的,8 战役引钩\EoE邪恶典范\Calais Archwinter\目的.htm,4,战役引钩：传古武器、恶人与邪物 / [EoE] 邪恶范例：致命的敌人们 / 5. 卡莱西 弧冬,战役引钩：传古武器、恶人与邪物,[EoE] 邪恶范例：致命的敌人们
使用这些反派,8 战役引钩\EoE邪恶典范\Calais Archwinter\使用这些反派.htm,4,战役引钩：传古武器、恶人与邪物 / [EoE] 邪恶范例：致命的敌人们 / 5. 卡莱西 弧冬,战役引钩：传古武器、恶人与邪物,[EoE] 邪恶范例：致命的敌人们
达尔泽曼,8 战役引钩\EoE邪恶典范\Calais Archwinter\DARZEMAAN.htm,4,战役引钩：传古武器、恶人与邪物 / [EoE] 邪恶范例：致命的敌人们 / 5. 卡莱西 弧冬,战役引钩：传古武器、恶人与邪物,[EoE] 邪恶范例：致命的敌人们
未见者卡伽罗,8 战役引钩\EoE邪恶典范\Calais Archwinter\KJARLO_THE_UNSEEN_.htm,4,战役引钩：传古武器、恶人与邪物 / [EoE] 邪恶范例：致命的敌人们 / 5. 卡莱西 弧冬,战役引钩：传古武器、恶人与邪物,[EoE] 邪恶范例：致命的敌人们
[EE] 上古邪物,8 战役引钩\EE上古邪物\上古邪物（EE）.htm,2,战役引钩：传古武器、恶人与邪物,战役引钩：传古武器、恶人与邪物,[EE] 上古邪物
邪物从不沉睡,,3,战役引钩：传古武器、恶人与邪物 / [EE] 上古邪物,战役引钩：传古武器、恶人与邪物,[EE] 上古邪物
上古邪物特性与扩展邪兆,8 战役引钩\EE上古邪物\1介绍\上古邪物特征.htm,4,战役引钩：传古武器、恶人与邪物 / [EE] 上古邪物 / 邪物从不沉睡,战役引钩：传古武器、恶人与邪物,[EE] 上古邪物
扩展邪兆,8 战役引钩\EE上古邪物\1介绍\扩展邪兆.htm,4,战役引钩：传古武器、恶人与邪物 / [EE] 上古邪物 / 邪物从不沉睡,战役引钩：传古武器、恶人与邪物,[EE] 上古邪物
活腐症,8 战役引钩\EE上古邪物\1介绍\活腐症.htm,4,战役引钩：传古武器、恶人与邪物 / [EE] 上古邪物 / 邪物从不沉睡,战役引钩：传古武器、恶人与邪物,[EE] 上古邪物
上古邪物的侍者,8 战役引钩\EE上古邪物\1介绍\上古邪物的侍者.htm,4,战役引钩：传古武器、恶人与邪物 / [EE] 上古邪物 / 邪物从不沉睡,战役引钩：传古武器、恶人与邪物,[EE] 上古邪物
专长描述,8 战役引钩\EE上古邪物\1介绍\专长描述.htm,5,战役引钩：传古武器、恶人与邪物 / [EE] 上古邪物 / 邪物从不沉睡 / 上古邪物的侍者,战役引钩：传古武器、恶人与邪物,[EE] 上古邪物
灭世死星,8 战役引钩\EE上古邪物\灭世死星.htm,3,战役引钩：传古武器、恶人与邪物 / [EE] 上古邪物,战役引钩：传古武器、恶人与邪物,[EE] 上古邪物
归来者扎贡,8 战役引钩\EE上古邪物\归来者扎贡.htm,3,战役引钩：传古武器、恶人与邪物 / [EE] 上古邪物,战役引钩：传古武器、恶人与邪物,[EE] 上古邪物
君父黎米克,8 战役引钩\EE上古邪物\情歌教父.htm,3,战役引钩：传古武器、恶人与邪物 / [EE] 上古邪物,战役引钩：传古武器、恶人与邪物,[EE] 上古邪物
索萨巨神兵,8 战役引钩\EE上古邪物\巨神兵.htm,3,战役引钩：传古武器、恶人与邪物 / [EE] 上古邪物,战役引钩：传古武器、恶人与邪物,[EE] 上古邪物
利维坦,8 战役引钩\EE上古邪物\利维坦.htm,3,战役引钩：传古武器、恶人与邪物 / [EE] 上古邪物,战役引钩：传古武器、恶人与邪物,[EE] 上古邪物
屠神者,8 战役引钩\EE上古邪物\屠神者.htm,3,战役引钩：传古武器、恶人与邪物 / [EE] 上古邪物,战役引钩：传古武器、恶人与邪物,[EE] 上古邪物
腐败母树,8 战役引钩\EE上古邪物\腐败母树.htm,3,战役引钩：传古武器、恶人与邪物 / [EE] 上古邪物,战役引钩：传古武器、恶人与邪物,[EE] 上古邪物
憎恶蛇魔,8 战役引钩\EE上古邪物\憎恶蛇魔.htm,3,战役引钩：传古武器、恶人与邪物 / [EE] 上古邪物,战役引钩：传古武器、恶人与邪物,[EE] 上古邪物
蠕虫行者,8 战役引钩\EE上古邪物\蠕虫行者.htm,3,战役引钩：传古武器、恶人与邪物 / [EE] 上古邪物,战役引钩：传古武器、恶人与邪物,[EE] 上古邪物
3e的战役引钩向内容,,2,战役引钩：传古武器、恶人与邪物,战役引钩：传古武器、恶人与邪物,3e的战役引钩向内容
(暂缺)[DDG] 龙与地下城大事典,10 附录\填充页面.htm,3,战役引钩：传古武器、恶人与邪物 / 3e的战役引钩向内容,战役引钩：传古武器、恶人与邪物,3e的战役引钩向内容
(暂缺)[E＆A] 敌人与盟友,10 附录\填充页面.htm,3,战役引钩：传古武器、恶人与邪物 / 3e的战役引钩向内容,战役引钩：传古武器、恶人与邪物,3e的战役引钩向内容
(暂缺)[BoC] 挑战之书,10 附录\填充页面.htm,3,战役引钩：传古武器、恶人与邪物 / 3e的战役引钩向内容,战役引钩：传古武器、恶人与邪物,3e的战役引钩向内容
世设：多元宇宙的构成,,1,,世设：多元宇宙的构成,
官方,,2,世设：多元宇宙的构成,世设：多元宇宙的构成,官方
[部分内容] 灰鹰 Greyhawk,9 世设\灰鹰\灰鹰综述.html,3,世设：多元宇宙的构成 / 官方,世设：多元宇宙的构成,官方
(暂缺)[LLG] 动态灰鹰大事典,10 附录\填充页面.htm,4,世设：多元宇宙的构成 / 官方 / [部分内容] 灰鹰 Greyhawk,世设：多元宇宙的构成,官方
灰鹰的诸神,9 世设\灰鹰\灰鹰的诸神\灰鹰的诸神.html,4,世设：多元宇宙的构成 / 官方 / [部分内容] 灰鹰 Greyhawk,世设：多元宇宙的构成,官方
灰鹰的诸神【A-E】,9 世设\灰鹰\灰鹰的诸神\灰鹰诸神A-E.html,5,世设：多元宇宙的构成 / 官方 / [部分内容] 灰鹰 Greyhawk / 灰鹰的诸神,世设：多元宇宙的构成,官方
灰鹰的树,9 世设\灰鹰\灰鹰的树.html,4,世设：多元宇宙的构成 / 官方 / [部分内容] 灰鹰 Greyhawk,世设：多元宇宙的构成,官方
绿龙旅店,9 世设\灰鹰\绿龙酒馆.html,4,世设：多元宇宙的构成 / 官方 / [部分内容] 灰鹰 Greyhawk,世设：多元宇宙的构成,官方
[部分内容] 被遗忘的国度 Forgotten Realm,,3,世设：多元宇宙的构成 / 官方,世设：多元宇宙的构成,官方
编者注 (by 狮鹫电力),9 世设\FR\编者注.html,4,世设：多元宇宙的构成 / 官方 / [部分内容] 被遗忘的国度 Forgotten Realm,世设：多元宇宙的构成,官方
[暂缺][FRCS] 被遗忘的国度战役设定集 (3e),10 附录\填充页面.htm,4,世设：多元宇宙的构成 / 官方 / [部分内容] 被遗忘的国度 Forgotten Realm,世设：多元宇宙的构成,官方
[暂缺][PGtF] 费伦玩家指南,10 附录\填充页面.htm,4,世设：多元宇宙的构成 / 官方 / [部分内容] 被遗忘的国度 Forgotten Realm,世设：多元宇宙的构成,官方
[Und] 幽暗地域,10 附录\填充页面.htm,4,世设：多元宇宙的构成 / 官方 / [部分内容] 被遗忘的国度 Forgotten Realm,世设：多元宇宙的构成,官方
种族,,5,世设：多元宇宙的构成 / 官方 / [部分内容] 被遗忘的国度 Forgotten Realm / [Und] 幽暗地域,世设：多元宇宙的构成,官方
半蛛人,9 世设\FR\UND幽暗地域\半蛛人.htm,6,世设：多元宇宙的构成 / 官方 / [部分内容] 被遗忘的国度 Forgotten Realm / [Und] 幽暗地域 / 种族,世设：多元宇宙的构成,官方
地渊伊玛斯卡人,9 世设\FR\UND幽暗地域\地渊伊玛斯卡人.htm,6,世设：多元宇宙的构成 / 官方 / [部分内容] 被遗忘的国度 Forgotten Realm / [Und] 幽暗地域 / 种族,世设：多元宇宙的构成,官方
杜加矮人,9 世设\FR\UND幽暗地域\杜加矮人.htm,6,世设：多元宇宙的构成 / 官方 / [部分内容] 被遗忘的国度 Forgotten Realm / [Und] 幽暗地域 / 种族,世设：多元宇宙的构成,官方
光灵,9 世设\FR\UND幽暗地域\光灵.htm,6,世设：多元宇宙的构成 / 官方 / [部分内容] 被遗忘的国度 Forgotten Realm / [Und] 幽暗地域 / 种族,世设：多元宇宙的构成,官方
石盲蛮族,9 世设\FR\UND幽暗地域\石盲蛮族.htm,6,世设：多元宇宙的构成 / 官方 / [部分内容] 被遗忘的国度 Forgotten Realm / [Und] 幽暗地域 / 种族,世设：多元宇宙的构成,官方
寇涛鱼人,9 世设\FR\UND幽暗地域\寇涛鱼人.htm,6,世设：多元宇宙的构成 / 官方 / [部分内容] 被遗忘的国度 Forgotten Realm / [Und] 幽暗地域 / 种族,世设：多元宇宙的构成,官方
卓尔,9 世设\FR\UND幽暗地域\卓尔.htm,6,世设：多元宇宙的构成 / 官方 / [部分内容] 被遗忘的国度 Forgotten Realm / [Und] 幽暗地域 / 种族,世设：多元宇宙的构成,官方
斯莱斯人,9 世设\FR\UND幽暗地域\斯莱斯人.htm,6,世设：多元宇宙的构成 / 官方 / [部分内容] 被遗忘的国度 Forgotten Realm / [Und] 幽暗地域 / 种族,世设：多元宇宙的构成,官方
地底侏儒,9 世设\FR\UND幽暗地域\地底侏儒.htm,6,世设：多元宇宙的构成 / 官方 / [部分内容] 被遗忘的国度 Forgotten Realm / [Und] 幽暗地域 / 种族,世设：多元宇宙的构成,官方
其他玩家种族,9 世设\FR\UND幽暗地域\其他玩家种族.htm,6,世设：多元宇宙的构成 / 官方 / [部分内容] 被遗忘的国度 Forgotten Realm / [Und] 幽暗地域 / 种族,世设：多元宇宙的构成,官方
种族的年龄身高体重,9 世设\FR\UND幽暗地域\种族的年龄身高体重.htm,6,世设：多元宇宙的构成 / 官方 / [部分内容] 被遗忘的国度 Forgotten Realm / [Und] 幽暗地域 / 种族,世设：多元宇宙的构成,官方
地区与专长,,5,世设：多元宇宙的构成 / 官方 / [部分内容] 被遗忘的国度 Forgotten Realm / [Und] 幽暗地域,世设：多元宇宙的构成,官方
地区,9 世设\FR\UND幽暗地域\地区.htm,6,世设：多元宇宙的构成 / 官方 / [部分内容] 被遗忘的国度 Forgotten Realm / [Und] 幽暗地域 / 地区与专长,世设：多元宇宙的构成,官方
专长,9 世设\FR\UND幽暗地域\专长.htm,6,世设：多元宇宙的构成 / 官方 / [部分内容] 被遗忘的国度 Forgotten Realm / [Und] 幽暗地域 / 地区与专长,世设：多元宇宙的构成,官方
进阶职业,,5,世设：多元宇宙的构成 / 官方 / [部分内容] 被遗忘的国度 Forgotten Realm / [Und] 幽暗地域,世设：多元宇宙的构成,官方
蜘蛛法师,9 世设\FR\UND幽暗地域\蜘蛛法师.htm,6,世设：多元宇宙的构成 / 官方 / [部分内容] 被遗忘的国度 Forgotten Realm / [Und] 幽暗地域 / 进阶职业,世设：多元宇宙的构成,官方
洞窟之主,9 世设\FR\UND幽暗地域\洞窟之主.htm,6,世设：多元宇宙的构成 / 官方 / [部分内容] 被遗忘的国度 Forgotten Realm / [Und] 幽暗地域 / 进阶职业,世设：多元宇宙的构成,官方
深土预言师,9 世设\FR\UND幽暗地域\深土预言师.htm,6,世设：多元宇宙的构成 / 官方 / [部分内容] 被遗忘的国度 Forgotten Realm / [Und] 幽暗地域 / 进阶职业,世设：多元宇宙的构成,官方
黑暗精灵审判者,9 世设\FR\UND幽暗地域\黑暗精灵审判者.htm,6,世设：多元宇宙的构成 / 官方 / [部分内容] 被遗忘的国度 Forgotten Realm / [Und] 幽暗地域 / 进阶职业,世设：多元宇宙的构成,官方
灵吸怪强制者,9 世设\FR\UND幽暗地域\灵吸怪强制者.htm,6,世设：多元宇宙的构成 / 官方 / [部分内容] 被遗忘的国度 Forgotten Realm / [Und] 幽暗地域 / 进阶职业,世设：多元宇宙的构成,官方
淹溺女神的执法长老,9 世设\FR\UND幽暗地域\淹溺女神的执法长老.htm,6,世设：多元宇宙的构成 / 官方 / [部分内容] 被遗忘的国度 Forgotten Realm / [Und] 幽暗地域 / 进阶职业,世设：多元宇宙的构成,官方
幽暗地域向导专家,9 世设\FR\UND幽暗地域\幽暗地域向导专家.html,6,世设：多元宇宙的构成 / 官方 / [部分内容] 被遗忘的国度 Forgotten Realm / [Und] 幽暗地域 / 进阶职业,世设：多元宇宙的构成,官方
海母之鞭,9 世设\FR\UND幽暗地域\海母之鞭.htm,6,世设：多元宇宙的构成 / 官方 / [部分内容] 被遗忘的国度 Forgotten Realm / [Und] 幽暗地域 / 进阶职业,世设：多元宇宙的构成,官方
塑影师,9 世设\FR\UND幽暗地域\塑影师.htm,6,世设：多元宇宙的构成 / 官方 / [部分内容] 被遗忘的国度 Forgotten Realm / [Und] 幽暗地域 / 进阶职业,世设：多元宇宙的构成,官方
饲虫师,9 世设\FR\UND幽暗地域\饲虫师.htm,6,世设：多元宇宙的构成 / 官方 / [部分内容] 被遗忘的国度 Forgotten Realm / [Und] 幽暗地域 / 进阶职业,世设：多元宇宙的构成,官方
亚斯科尔蛛网骑手,9 世设\FR\UND幽暗地域\亚斯科尔蛛网骑手.htm,6,世设：多元宇宙的构成 / 官方 / [部分内容] 被遗忘的国度 Forgotten Realm / [Und] 幽暗地域 / 进阶职业,世设：多元宇宙的构成,官方
伊马斯卡复仇者,9 世设\FR\UND幽暗地域\伊马斯卡复仇者.htm,6,世设：多元宇宙的构成 / 官方 / [部分内容] 被遗忘的国度 Forgotten Realm / [Und] 幽暗地域 / 进阶职业,世设：多元宇宙的构成,官方
魔法,9 世设\FR\UND幽暗地域\魔法.htm,5,世设：多元宇宙的构成 / 官方 / [部分内容] 被遗忘的国度 Forgotten Realm / [Und] 幽暗地域,世设：多元宇宙的构成,官方
节点魔法,9 世设\FR\UND幽暗地域\节点魔法.htm,6,世设：多元宇宙的构成 / 官方 / [部分内容] 被遗忘的国度 Forgotten Realm / [Und] 幽暗地域 / 魔法,世设：多元宇宙的构成,官方
法术详述,9 世设\FR\UND幽暗地域\法术详述.htm,6,世设：多元宇宙的构成 / 官方 / [部分内容] 被遗忘的国度 Forgotten Realm / [Und] 幽暗地域 / 魔法,世设：多元宇宙的构成,官方
传送门,9 世设\FR\UND幽暗地域\传送门.htm,6,世设：多元宇宙的构成 / 官方 / [部分内容] 被遗忘的国度 Forgotten Realm / [Und] 幽暗地域 / 魔法,世设：多元宇宙的构成,官方
新领域,9 世设\FR\UND幽暗地域\新领域.htm,6,世设：多元宇宙的构成 / 官方 / [部分内容] 被遗忘的国度 Forgotten Realm / [Und] 幽暗地域 / 魔法,世设：多元宇宙的构成,官方
地脉辐射,9 世设\FR\UND幽暗地域\地脉辐射.htm,6,世设：多元宇宙的构成 / 官方 / [部分内容] 被遗忘的国度 Forgotten Realm / [Und] 幽暗地域 / 魔法,世设：多元宇宙的构成,官方
装备与魔法物品,,5,世设：多元宇宙的构成 / 官方 / [部分内容] 被遗忘的国度 Forgotten Realm / [Und] 幽暗地域,世设：多元宇宙的构成,官方
冒险用具、武器、盔甲、其他、毒药,9 世设\FR\UND幽暗地域\冒险用具、武器、盔甲、其他、毒药.htm,6,世设：多元宇宙的构成 / 官方 / [部分内容] 被遗忘的国度 Forgotten Realm / [Und] 幽暗地域 / 装备与魔法物品,世设：多元宇宙的构成,官方
魔法物品,,6,世设：多元宇宙的构成 / 官方 / [部分内容] 被遗忘的国度 Forgotten Realm / [Und] 幽暗地域 / 装备与魔法物品,世设：多元宇宙的构成,官方
武器,9 世设\FR\UND幽暗地域\武器.htm,7,世设：多元宇宙的构成 / 官方 / [部分内容] 被遗忘的国度 Forgotten Realm / [Und] 幽暗地域 / 装备与魔法物品 / 魔法物品,世设：多元宇宙的构成,官方
护甲,9 世设\FR\UND幽暗地域\防具.htm,7,世设：多元宇宙的构成 / 官方 / [部分内容] 被遗忘的国度 Forgotten Realm / [Und] 幽暗地域 / 装备与魔法物品 / 魔法物品,世设：多元宇宙的构成,官方
戒指,9 世设\FR\UND幽暗地域\戒指.htm,7,世设：多元宇宙的构成 / 官方 / [部分内容] 被遗忘的国度 Forgotten Realm / [Und] 幽暗地域 / 装备与魔法物品 / 魔法物品,世设：多元宇宙的构成,官方
权杖,9 世设\FR\UND幽暗地域\权杖.htm,7,世设：多元宇宙的构成 / 官方 / [部分内容] 被遗忘的国度 Forgotten Realm / [Und] 幽暗地域 / 装备与魔法物品 / 魔法物品,世设：多元宇宙的构成,官方
法杖,9 世设\FR\UND幽暗地域\法杖.htm,7,世设：多元宇宙的构成 / 官方 / [部分内容] 被遗忘的国度 Forgotten Realm / [Und] 幽暗地域 / 装备与魔法物品 / 魔法物品,世设：多元宇宙的构成,官方
奇物,9 世设\FR\UND幽暗地域\奇物.htm,7,世设：多元宇宙的构成 / 官方 / [部分内容] 被遗忘的国度 Forgotten Realm / [Und] 幽暗地域 / 装备与魔法物品 / 魔法物品,世设：多元宇宙的构成,官方
次等神器,9 世设\FR\UND幽暗地域\次等神器.htm,7,世设：多元宇宙的构成 / 官方 / [部分内容] 被遗忘的国度 Forgotten Realm / [Und] 幽暗地域 / 装备与魔法物品 / 魔法物品,世设：多元宇宙的构成,官方
神器,9 世设\FR\UND幽暗地域\神器.htm,7,世设：多元宇宙的构成 / 官方 / [部分内容] 被遗忘的国度 Forgotten Realm / [Und] 幽暗地域 / 装备与魔法物品 / 魔法物品,世设：多元宇宙的构成,官方
怪物,,5,世设：多元宇宙的构成 / 官方 / [部分内容] 被遗忘的国度 Forgotten Realm / [Und] 幽暗地域,世设：多元宇宙的构成,官方
万物皆食,9 世设\FR\UND幽暗地域\万物皆食.htm,6,世设：多元宇宙的构成 / 官方 / [部分内容] 被遗忘的国度 Forgotten Realm / [Und] 幽暗地域 / 怪物,世设：多元宇宙的构成,官方
歼灭者,9 世设\FR\UND幽暗地域\歼灭.htm,6,世设：多元宇宙的构成 / 官方 / [部分内容] 被遗忘的国度 Forgotten Realm / [Und] 幽暗地域 / 怪物,世设：多元宇宙的构成,官方
蛛形生物,9 世设\FR\UND幽暗地域\蛛形生物.htm,6,世设：多元宇宙的构成 / 官方 / [部分内容] 被遗忘的国度 Forgotten Realm / [Und] 幽暗地域 / 怪物,世设：多元宇宙的构成,官方
巴菲角魔人,9 世设\FR\UND幽暗地域\巴菲角魔人.htm,6,世设：多元宇宙的构成 / 官方 / [部分内容] 被遗忘的国度 Forgotten Realm / [Und] 幽暗地域 / 怪物,世设：多元宇宙的构成,官方
变色生物,9 世设\FR\UND幽暗地域\变色生物.htm,6,世设：多元宇宙的构成 / 官方 / [部分内容] 被遗忘的国度 Forgotten Realm / [Und] 幽暗地域 / 怪物,世设：多元宇宙的构成,官方
地翔,9 世设\FR\UND幽暗地域\地翔.htm,6,世设：多元宇宙的构成 / 官方 / [部分内容] 被遗忘的国度 Forgotten Realm / [Und] 幽暗地域 / 怪物,世设：多元宇宙的构成,官方
主脑,9 世设\FR\UND幽暗地域\长脑.htm,6,世设：多元宇宙的构成 / 官方 / [部分内容] 被遗忘的国度 Forgotten Realm / [Und] 幽暗地域 / 怪物,世设：多元宇宙的构成,官方
注能生物,9 世设\FR\UND幽暗地域\注能生物.htm,6,世设：多元宇宙的构成 / 官方 / [部分内容] 被遗忘的国度 Forgotten Realm / [Und] 幽暗地域 / 怪物,世设：多元宇宙的构成,官方
巨蟑螂,9 世设\FR\UND幽暗地域\巨蟑螂.htm,6,世设：多元宇宙的构成 / 官方 / [部分内容] 被遗忘的国度 Forgotten Realm / [Und] 幽暗地域 / 怪物,世设：多元宇宙的构成,官方
巨蛆,9 世设\FR\UND幽暗地域\巨蛆.htm,6,世设：多元宇宙的构成 / 官方 / [部分内容] 被遗忘的国度 Forgotten Realm / [Und] 幽暗地域 / 怪物,世设：多元宇宙的构成,官方
蛾伶,9 世设\FR\UND幽暗地域\蛾伶.htm,6,世设：多元宇宙的构成 / 官方 / [部分内容] 被遗忘的国度 Forgotten Realm / [Und] 幽暗地域 / 怪物,世设：多元宇宙的构成,官方
半灵吸怪,9 世设\FR\UND幽暗地域\半灵吸怪.htm,6,世设：多元宇宙的构成 / 官方 / [部分内容] 被遗忘的国度 Forgotten Realm / [Und] 幽暗地域 / 怪物,世设：多元宇宙的构成,官方
难喻恐怖,9 世设\FR\UND幽暗地域\难喻恐怖.htm,6,世设：多元宇宙的构成 / 官方 / [部分内容] 被遗忘的国度 Forgotten Realm / [Und] 幽暗地域 / 怪物,世设：多元宇宙的构成,官方
寇涛水怪,9 世设\FR\UND幽暗地域\寇涛水怪.htm,6,世设：多元宇宙的构成 / 官方 / [部分内容] 被遗忘的国度 Forgotten Realm / [Und] 幽暗地域 / 怪物,世设：多元宇宙的构成,官方
灵石兽,9 世设\FR\UND幽暗地域\灵石兽.htm,6,世设：多元宇宙的构成 / 官方 / [部分内容] 被遗忘的国度 Forgotten Realm / [Und] 幽暗地域 / 怪物,世设：多元宇宙的构成,官方
潜伏怪,9 世设\FR\UND幽暗地域\潜伏怪.htm,6,世设：多元宇宙的构成 / 官方 / [部分内容] 被遗忘的国度 Forgotten Realm / [Und] 幽暗地域 / 怪物,世设：多元宇宙的构成,官方
毛尔巨人(驼巨人),9 世设\FR\UND幽暗地域\毛尔巨人.htm,6,世设：多元宇宙的构成 / 官方 / [部分内容] 被遗忘的国度 Forgotten Realm / [Und] 幽暗地域 / 怪物,世设：多元宇宙的构成,官方
矿化勇士,9 世设\FR\UND幽暗地域\矿化勇士.htm,6,世设：多元宇宙的构成 / 官方 / [部分内容] 被遗忘的国度 Forgotten Realm / [Und] 幽暗地域 / 怪物,世设：多元宇宙的构成,官方
四睛蜥人,9 世设\FR\UND幽暗地域\四睛蜥人.htm,6,世设：多元宇宙的构成 / 官方 / [部分内容] 被遗忘的国度 Forgotten Realm / [Und] 幽暗地域 / 怪物,世设：多元宇宙的构成,官方
门龙兽,9 世设\FR\UND幽暗地域\门龙兽.htm,6,世设：多元宇宙的构成 / 官方 / [部分内容] 被遗忘的国度 Forgotten Realm / [Und] 幽暗地域 / 怪物,世设：多元宇宙的构成,官方
穿石兽,9 世设\FR\UND幽暗地域\穿石兽.htm,6,世设：多元宇宙的构成 / 官方 / [部分内容] 被遗忘的国度 Forgotten Realm / [Und] 幽暗地域 / 怪物,世设：多元宇宙的构成,官方
探索幽暗地域,,5,世设：多元宇宙的构成 / 官方 / [部分内容] 被遗忘的国度 Forgotten Realm / [Und] 幽暗地域,世设：多元宇宙的构成,官方
幽暗地域的自然环境,9 世设\FR\UND幽暗地域\幽暗地域的自然环境.htm,6,世设：多元宇宙的构成 / 官方 / [部分内容] 被遗忘的国度 Forgotten Realm / [Und] 幽暗地域 / 探索幽暗地域,世设：多元宇宙的构成,官方
洞穴探险,9 世设\FR\UND幽暗地域\洞穴探险.htm,6,世设：多元宇宙的构成 / 官方 / [部分内容] 被遗忘的国度 Forgotten Realm / [Und] 幽暗地域 / 探索幽暗地域,世设：多元宇宙的构成,官方
幽暗地域入门,9 世设\FR\UND幽暗地域\幽暗地域入门.htm,6,世设：多元宇宙的构成 / 官方 / [部分内容] 被遗忘的国度 Forgotten Realm / [Und] 幽暗地域 / 探索幽暗地域,世设：多元宇宙的构成,官方
幽暗地域地理,9 世设\FR\UND幽暗地域\幽暗地域地理.htm,5,世设：多元宇宙的构成 / 官方 / [部分内容] 被遗忘的国度 Forgotten Realm / [Und] 幽暗地域,世设：多元宇宙的构成,官方
幽暗地域区域,9 世设\FR\UND幽暗地域\幽暗地域区域.htm,6,世设：多元宇宙的构成 / 官方 / [部分内容] 被遗忘的国度 Forgotten Realm / [Und] 幽暗地域 / 幽暗地域地理,世设：多元宇宙的构成,官方
有趣的地点,9 世设\FR\UND幽暗地域\有趣的地方.htm,6,世设：多元宇宙的构成 / 官方 / [部分内容] 被遗忘的国度 Forgotten Realm / [Und] 幽暗地域 / 幽暗地域地理,世设：多元宇宙的构成,官方
阿玛林达,9 世设\FR\UND幽暗地域\阿玛林达.htm,6,世设：多元宇宙的构成 / 官方 / [部分内容] 被遗忘的国度 Forgotten Realm / [Und] 幽暗地域 / 幽暗地域地理,世设：多元宇宙的构成,官方
埃罗麦寇斯,9 世设\FR\UND幽暗地域\埃罗麦寇斯.htm,6,世设：多元宇宙的构成 / 官方 / [部分内容] 被遗忘的国度 Forgotten Realm / [Und] 幽暗地域 / 幽暗地域地理,世设：多元宇宙的构成,官方
受祝海湾,9 世设\FR\UND幽暗地域\受祝海湾.htm,6,世设：多元宇宙的构成 / 官方 / [部分内容] 被遗忘的国度 Forgotten Realm / [Und] 幽暗地域 / 幽暗地域地理,世设：多元宇宙的构成,官方
布灵登石城,9 世设\FR\UND幽暗地域\布灵登石城.htm,6,世设：多元宇宙的构成 / 官方 / [部分内容] 被遗忘的国度 Forgotten Realm / [Und] 幽暗地域 / 幽暗地域地理,世设：多元宇宙的构成,官方
枯骨之庭,9 世设\FR\UND幽暗地域\枯骨之庭.htm,6,世设：多元宇宙的构成 / 官方 / [部分内容] 被遗忘的国度 Forgotten Realm / [Und] 幽暗地域 / 幽暗地域地理,世设：多元宇宙的构成,官方
布里克莱斯特,9 世设\FR\UND幽暗地域\布里克莱斯特.htm,6,世设：多元宇宙的构成 / 官方 / [部分内容] 被遗忘的国度 Forgotten Realm / [Und] 幽暗地域 / 幽暗地域地理,世设：多元宇宙的构成,官方
凯恩海姆,9 世设\FR\UND幽暗地域\凯恩海姆，多空之领地.htm,6,世设：多元宇宙的构成 / 官方 / [部分内容] 被遗忘的国度 Forgotten Realm / [Und] 幽暗地域 / 幽暗地域地理,世设：多元宇宙的构成,官方
查尔森,9 世设\FR\UND幽暗地域\查尔森.html,6,世设：多元宇宙的构成 / 官方 / [部分内容] 被遗忘的国度 Forgotten Realm / [Und] 幽暗地域 / 幽暗地域地理,世设：多元宇宙的构成,官方
契德·纳撒,9 世设\FR\UND幽暗地域\契德·纳撒.htm,6,世设：多元宇宙的构成 / 官方 / [部分内容] 被遗忘的国度 Forgotten Realm / [Und] 幽暗地域 / 幽暗地域地理,世设：多元宇宙的构成,官方
奇奇特尔,9 世设\FR\UND幽暗地域\奇奇特尔，地下王国.htm,6,世设：多元宇宙的构成 / 官方 / [部分内容] 被遗忘的国度 Forgotten Realm / [Und] 幽暗地域 / 幽暗地域地理,世设：多元宇宙的构成,官方
蛰伏伪怪之所,9 世设\FR\UND幽暗地域\蛰伏伪怪之所.htm,6,世设：多元宇宙的构成 / 官方 / [部分内容] 被遗忘的国度 Forgotten Realm / [Und] 幽暗地域 / 幽暗地域地理,世设：多元宇宙的构成,官方
暗湖,9 世设\FR\UND幽暗地域\暗湖.htm,6,世设：多元宇宙的构成 / 官方 / [部分内容] 被遗忘的国度 Forgotten Realm / [Und] 幽暗地域 / 幽暗地域地理,世设：多元宇宙的构成,官方
地渊伊马斯卡,9 世设\FR\UND幽暗地域\地渊伊马斯卡，伟大封印之城.htm,6,世设：多元宇宙的构成 / 官方 / [部分内容] 被遗忘的国度 Forgotten Realm / [Und] 幽暗地域 / 幽暗地域地理,世设：多元宇宙的构成,官方
边栏：幽暗地域全图和史诗等级手册,9 世设\FR\UND幽暗地域\边栏.htm,6,世设：多元宇宙的构成 / 官方 / [部分内容] 被遗忘的国度 Forgotten Realm / [Und] 幽暗地域 / 幽暗地域地理,世设：多元宇宙的构成,官方
[暂缺] 幽暗地域冒险,10 附录\填充页面.htm,5,世设：多元宇宙的构成 / 官方 / [部分内容] 被遗忘的国度 Forgotten Realm / [Und] 幽暗地域,世设：多元宇宙的构成,官方
[SK] 巨蛇王国,,4,世设：多元宇宙的构成 / 官方 / [部分内容] 被遗忘的国度 Forgotten Realm,世设：多元宇宙的构成,官方
种族,,5,世设：多元宇宙的构成 / 官方 / [部分内容] 被遗忘的国度 Forgotten Realm / [SK] 巨蛇王国,世设：多元宇宙的构成,官方
巫虺族(撒鲁克),9 世设\FR\SK巨蛇王国\巫虺族种族.htm,6,世设：多元宇宙的构成 / 官方 / [部分内容] 被遗忘的国度 Forgotten Realm / [SK] 巨蛇王国 / 种族,世设：多元宇宙的构成,官方
娜迦,9 世设\FR\SK巨蛇王国\娜迦种族.htm,6,世设：多元宇宙的构成 / 官方 / [部分内容] 被遗忘的国度 Forgotten Realm / [SK] 巨蛇王国 / 种族,世设：多元宇宙的构成,官方
隐民,9 世设\FR\SK巨蛇王国\隐民.htm,6,世设：多元宇宙的构成 / 官方 / [部分内容] 被遗忘的国度 Forgotten Realm / [SK] 巨蛇王国 / 种族,世设：多元宇宙的构成,官方
亚蛇人,9 世设\FR\SK巨蛇王国\亚蛇人.htm,7,世设：多元宇宙的构成 / 官方 / [部分内容] 被遗忘的国度 Forgotten Realm / [SK] 巨蛇王国 / 种族 / 隐民,世设：多元宇宙的构成,官方
翼龙人,9 世设\FR\SK巨蛇王国\翼龙人.htm,7,世设：多元宇宙的构成 / 官方 / [部分内容] 被遗忘的国度 Forgotten Realm / [SK] 巨蛇王国 / 种族 / 隐民,世设：多元宇宙的构成,官方
蜥蜴族,9 世设\FR\SK巨蛇王国\蜥蜴族.htm,6,世设：多元宇宙的构成 / 官方 / [部分内容] 被遗忘的国度 Forgotten Realm / [SK] 巨蛇王国 / 种族,世设：多元宇宙的构成,官方
埃塞比蜥人,9 世设\FR\SK巨蛇王国\埃塞比蜥人.htm,7,世设：多元宇宙的构成 / 官方 / [部分内容] 被遗忘的国度 Forgotten Realm / [SK] 巨蛇王国 / 种族 / 蜥蜴族,世设：多元宇宙的构成,官方
火蝾螈人,9 世设\FR\SK巨蛇王国\火蝾螈人.htm,7,世设：多元宇宙的构成 / 官方 / [部分内容] 被遗忘的国度 Forgotten Realm / [SK] 巨蛇王国 / 种族 / 蜥蜴族,世设：多元宇宙的构成,官方
喀斯塔,9 世设\FR\SK巨蛇王国\喀斯塔.htm,7,世设：多元宇宙的构成 / 官方 / [部分内容] 被遗忘的国度 Forgotten Realm / [SK] 巨蛇王国 / 种族 / 蜥蜴族,世设：多元宇宙的构成,官方
蜥蜴之王,9 世设\FR\SK巨蛇王国\蜥蜴之王.htm,7,世设：多元宇宙的构成 / 官方 / [部分内容] 被遗忘的国度 Forgotten Realm / [SK] 巨蛇王国 / 种族 / 蜥蜴族,世设：多元宇宙的构成,官方
战蜥人和特伦蜥人,9 世设\FR\SK巨蛇王国\战蜥人和特伦蜥人.htm,7,世设：多元宇宙的构成 / 官方 / [部分内容] 被遗忘的国度 Forgotten Realm / [SK] 巨蛇王国 / 种族 / 蜥蜴族,世设：多元宇宙的构成,官方
蛇人,9 世设\FR\SK巨蛇王国\蛇人.htm,6,世设：多元宇宙的构成 / 官方 / [部分内容] 被遗忘的国度 Forgotten Realm / [SK] 巨蛇王国 / 种族,世设：多元宇宙的构成,官方
诸国度,9 世设\FR\SK巨蛇王国\诸国度.htm,5,世设：多元宇宙的构成 / 官方 / [部分内容] 被遗忘的国度 Forgotten Realm / [SK] 巨蛇王国,世设：多元宇宙的构成,官方
隆德斯,9 世设\FR\SK巨蛇王国\隆德斯.htm,6,世设：多元宇宙的构成 / 官方 / [部分内容] 被遗忘的国度 Forgotten Realm / [SK] 巨蛇王国 / 诸国度,世设：多元宇宙的构成,官方
伊斯托赛菲弗,9 世设\FR\SK巨蛇王国\伊斯托赛菲弗.htm,6,世设：多元宇宙的构成 / 官方 / [部分内容] 被遗忘的国度 Forgotten Realm / [SK] 巨蛇王国 / 诸国度,世设：多元宇宙的构成,官方
拉帕利亚,9 世设\FR\SK巨蛇王国\拉帕利亚.htm,6,世设：多元宇宙的构成 / 官方 / [部分内容] 被遗忘的国度 Forgotten Realm / [SK] 巨蛇王国 / 诸国度,世设：多元宇宙的构成,官方
纳迦拉,9 世设\FR\SK巨蛇王国\纳迦拉.htm,6,世设：多元宇宙的构成 / 官方 / [部分内容] 被遗忘的国度 Forgotten Realm / [SK] 巨蛇王国 / 诸国度,世设：多元宇宙的构成,官方
奥寇斯帝国,9 世设\FR\SK巨蛇王国\奥寇斯帝国.htm,6,世设：多元宇宙的构成 / 官方 / [部分内容] 被遗忘的国度 Forgotten Realm / [SK] 巨蛇王国 / 诸国度,世设：多元宇宙的构成,官方
萨玛拉克,9 世设\FR\SK巨蛇王国\萨玛拉克.htm,6,世设：多元宇宙的构成 / 官方 / [部分内容] 被遗忘的国度 Forgotten Realm / [SK] 巨蛇王国 / 诸国度,世设：多元宇宙的构成,官方
瑟彭提斯帝国,9 世设\FR\SK巨蛇王国\瑟彭提斯帝国.htm,6,世设：多元宇宙的构成 / 官方 / [部分内容] 被遗忘的国度 Forgotten Realm / [SK] 巨蛇王国 / 诸国度,世设：多元宇宙的构成,官方
苏克王国,9 世设\FR\SK巨蛇王国\苏克王国.htm,6,世设：多元宇宙的构成 / 官方 / [部分内容] 被遗忘的国度 Forgotten Realm / [SK] 巨蛇王国 / 诸国度,世设：多元宇宙的构成,官方
塔沙拉尔,9 世设\FR\SK巨蛇王国\塔沙拉尔.htm,6,世设：多元宇宙的构成 / 官方 / [部分内容] 被遗忘的国度 Forgotten Realm / [SK] 巨蛇王国 / 诸国度,世设：多元宇宙的构成,官方
廷朵尔,9 世设\FR\SK巨蛇王国\廷朵尔.htm,6,世设：多元宇宙的构成 / 官方 / [部分内容] 被遗忘的国度 Forgotten Realm / [SK] 巨蛇王国 / 诸国度,世设：多元宇宙的构成,官方
其他领地,9 世设\FR\SK巨蛇王国\其他领地.htm,6,世设：多元宇宙的构成 / 官方 / [部分内容] 被遗忘的国度 Forgotten Realm / [SK] 巨蛇王国 / 诸国度,世设：多元宇宙的构成,官方
进阶职业,,5,世设：多元宇宙的构成 / 官方 / [部分内容] 被遗忘的国度 Forgotten Realm / [SK] 巨蛇王国,世设：多元宇宙的构成,官方
古老大师,9 世设\FR\SK巨蛇王国\古老大师.htm,6,世设：多元宇宙的构成 / 官方 / [部分内容] 被遗忘的国度 Forgotten Realm / [SK] 巨蛇王国 / 进阶职业,世设：多元宇宙的构成,官方
螺旋秘法师,9 世设\FR\SK巨蛇王国\螺旋秘法师.htm,6,世设：多元宇宙的构成 / 官方 / [部分内容] 被遗忘的国度 Forgotten Realm / [SK] 巨蛇王国 / 进阶职业,世设：多元宇宙的构成,官方
赛斯之牙,9 世设\FR\SK巨蛇王国\赛斯之牙.htm,6,世设：多元宇宙的构成 / 官方 / [部分内容] 被遗忘的国度 Forgotten Realm / [SK] 巨蛇王国 / 进阶职业,世设：多元宇宙的构成,官方
毒蛇大师,9 世设\FR\SK巨蛇王国\毒蛇大师.htm,6,世设：多元宇宙的构成 / 官方 / [部分内容] 被遗忘的国度 Forgotten Realm / [SK] 巨蛇王国 / 进阶职业,世设：多元宇宙的构成,官方
娜迦霸主,9 世设\FR\SK巨蛇王国\娜迦霸主.htm,6,世设：多元宇宙的构成 / 官方 / [部分内容] 被遗忘的国度 Forgotten Realm / [SK] 巨蛇王国 / 进阶职业,世设：多元宇宙的构成,官方
屠蛇者,9 世设\FR\SK巨蛇王国\屠蛇者.htm,6,世设：多元宇宙的构成 / 官方 / [部分内容] 被遗忘的国度 Forgotten Realm / [SK] 巨蛇王国 / 进阶职业,世设：多元宇宙的构成,官方
装备,9 世设\FR\SK巨蛇王国\装备.htm,5,世设：多元宇宙的构成 / 官方 / [部分内容] 被遗忘的国度 Forgotten Realm / [SK] 巨蛇王国,世设：多元宇宙的构成,官方
盔甲,9 世设\FR\SK巨蛇王国\盔甲.htm,6,世设：多元宇宙的构成 / 官方 / [部分内容] 被遗忘的国度 Forgotten Realm / [SK] 巨蛇王国 / 装备,世设：多元宇宙的构成,官方
武器,9 世设\FR\SK巨蛇王国\武器.htm,6,世设：多元宇宙的构成 / 官方 / [部分内容] 被遗忘的国度 Forgotten Realm / [SK] 巨蛇王国 / 装备,世设：多元宇宙的构成,官方
特殊物质,9 世设\FR\SK巨蛇王国\特殊物质.htm,6,世设：多元宇宙的构成 / 官方 / [部分内容] 被遗忘的国度 Forgotten Realm / [SK] 巨蛇王国 / 装备,世设：多元宇宙的构成,官方
毒药,9 世设\FR\SK巨蛇王国\毒药.htm,6,世设：多元宇宙的构成 / 官方 / [部分内容] 被遗忘的国度 Forgotten Realm / [SK] 巨蛇王国 / 装备,世设：多元宇宙的构成,官方
高等神器,9 世设\FR\SK巨蛇王国\高等神器.htm,6,世设：多元宇宙的构成 / 官方 / [部分内容] 被遗忘的国度 Forgotten Realm / [SK] 巨蛇王国 / 装备,世设：多元宇宙的构成,官方
蛇人移植体,9 世设\FR\SK巨蛇王国\蛇人移植体.htm,6,世设：多元宇宙的构成 / 官方 / [部分内容] 被遗忘的国度 Forgotten Realm / [SK] 巨蛇王国 / 装备,世设：多元宇宙的构成,官方
魔法物品,9 世设\FR\SK巨蛇王国\魔法物品.htm,6,世设：多元宇宙的构成 / 官方 / [部分内容] 被遗忘的国度 Forgotten Realm / [SK] 巨蛇王国 / 装备,世设：多元宇宙的构成,官方
专长,9 世设\FR\SK巨蛇王国\专长.htm,5,世设：多元宇宙的构成 / 官方 / [部分内容] 被遗忘的国度 Forgotten Realm / [SK] 巨蛇王国,世设：多元宇宙的构成,官方
法术详述,9 世设\FR\SK巨蛇王国\法术详述.htm,5,世设：多元宇宙的构成 / 官方 / [部分内容] 被遗忘的国度 Forgotten Realm / [SK] 巨蛇王国,世设：多元宇宙的构成,官方
怪物,,5,世设：多元宇宙的构成 / 官方 / [部分内容] 被遗忘的国度 Forgotten Realm / [SK] 巨蛇王国,世设：多元宇宙的构成,官方
巫虺族,9 世设\FR\SK巨蛇王国\巫虺族怪物.htm,6,世设：多元宇宙的构成 / 官方 / [部分内容] 被遗忘的国度 Forgotten Realm / [SK] 巨蛇王国 / 怪物,世设：多元宇宙的构成,官方
泥居蛇人,9 世设\FR\SK巨蛇王国\泥居蛇人.htm,6,世设：多元宇宙的构成 / 官方 / [部分内容] 被遗忘的国度 Forgotten Realm / [SK] 巨蛇王国 / 怪物,世设：多元宇宙的构成,官方
双头蛇,9 世设\FR\SK巨蛇王国\双头蛇.htm,6,世设：多元宇宙的构成 / 官方 / [部分内容] 被遗忘的国度 Forgotten Realm / [SK] 巨蛇王国 / 怪物,世设：多元宇宙的构成,官方
死亡缠绕,9 世设\FR\SK巨蛇王国\死亡缠绕.htm,6,世设：多元宇宙的构成 / 官方 / [部分内容] 被遗忘的国度 Forgotten Realm / [SK] 巨蛇王国 / 怪物,世设：多元宇宙的构成,官方
恐龙,9 世设\FR\SK巨蛇王国\恐龙.htm,6,世设：多元宇宙的构成 / 官方 / [部分内容] 被遗忘的国度 Forgotten Realm / [SK] 巨蛇王国 / 怪物,世设：多元宇宙的构成,官方
角鼻龙,9 世设\FR\SK巨蛇王国\角鼻龙.htm,7,世设：多元宇宙的构成 / 官方 / [部分内容] 被遗忘的国度 Forgotten Realm / [SK] 巨蛇王国 / 怪物 / 恐龙,世设：多元宇宙的构成,官方
翼龙,9 世设\FR\SK巨蛇王国\翼龙.htm,7,世设：多元宇宙的构成 / 官方 / [部分内容] 被遗忘的国度 Forgotten Realm / [SK] 巨蛇王国 / 怪物 / 恐龙,世设：多元宇宙的构成,官方
剑龙,9 世设\FR\SK巨蛇王国\剑龙.htm,7,世设：多元宇宙的构成 / 官方 / [部分内容] 被遗忘的国度 Forgotten Realm / [SK] 巨蛇王国 / 怪物 / 恐龙,世设：多元宇宙的构成,官方
娜迦,9 世设\FR\SK巨蛇王国\娜迦简述.htm,6,世设：多元宇宙的构成 / 官方 / [部分内容] 被遗忘的国度 Forgotten Realm / [SK] 巨蛇王国 / 怪物,世设：多元宇宙的构成,官方
多头娜迦,9 世设\FR\SK巨蛇王国\多头纳迦.htm,7,世设：多元宇宙的构成 / 官方 / [部分内容] 被遗忘的国度 Forgotten Realm / [SK] 巨蛇王国 / 怪物 / 娜迦,世设：多元宇宙的构成,官方
虹彩娜迦,9 世设\FR\SK巨蛇王国\虹彩纳迦.html,7,世设：多元宇宙的构成 / 官方 / [部分内容] 被遗忘的国度 Forgotten Realm / [SK] 巨蛇王国 / 怪物 / 娜迦,世设：多元宇宙的构成,官方
费伦娜迦领主,9 世设\FR\SK巨蛇王国\费伦纳迦领主.htm,7,世设：多元宇宙的构成 / 官方 / [部分内容] 被遗忘的国度 Forgotten Realm / [SK] 巨蛇王国 / 怪物 / 娜迦,世设：多元宇宙的构成,官方
灾祸娜迦,9 世设\FR\SK巨蛇王国\灾祸娜迦.htm,7,世设：多元宇宙的构成 / 官方 / [部分内容] 被遗忘的国度 Forgotten Realm / [SK] 巨蛇王国 / 怪物 / 娜迦,世设：多元宇宙的构成,官方
骨娜迦,9 世设\FR\SK巨蛇王国\骨娜迦.htm,7,世设：多元宇宙的构成 / 官方 / [部分内容] 被遗忘的国度 Forgotten Realm / [SK] 巨蛇王国 / 怪物 / 娜迦,世设：多元宇宙的构成,官方
幻色蛇,9 世设\FR\SK巨蛇王国\幻色蛇.htm,6,世设：多元宇宙的构成 / 官方 / [部分内容] 被遗忘的国度 Forgotten Realm / [SK] 巨蛇王国 / 怪物,世设：多元宇宙的构成,官方
蜥蜴之王/女王,9 世设\FR\SK巨蛇王国\蜥蜴之王或女王.htm,6,世设：多元宇宙的构成 / 官方 / [部分内容] 被遗忘的国度 Forgotten Realm / [SK] 巨蛇王国 / 怪物,世设：多元宇宙的构成,官方
蛇化人,9 世设\FR\SK巨蛇王国\蛇化人.htm,6,世设：多元宇宙的构成 / 官方 / [部分内容] 被遗忘的国度 Forgotten Realm / [SK] 巨蛇王国 / 怪物,世设：多元宇宙的构成,官方
蛇肉魔像,9 世设\FR\SK巨蛇王国\蛇肉魔像.htm,6,世设：多元宇宙的构成 / 官方 / [部分内容] 被遗忘的国度 Forgotten Realm / [SK] 巨蛇王国 / 怪物,世设：多元宇宙的构成,官方
蛇,9 世设\FR\SK巨蛇王国\蛇.htm,6,世设：多元宇宙的构成 / 官方 / [部分内容] 被遗忘的国度 Forgotten Realm / [SK] 巨蛇王国 / 怪物,世设：多元宇宙的构成,官方
粪蛇,9 世设\FR\SK巨蛇王国\粪蛇.htm,7,世设：多元宇宙的构成 / 官方 / [部分内容] 被遗忘的国度 Forgotten Realm / [SK] 巨蛇王国 / 怪物 / 蛇,世设：多元宇宙的构成,官方
冰川蛇,9 世设\FR\SK巨蛇王国\冰川蛇.htm,7,世设：多元宇宙的构成 / 官方 / [部分内容] 被遗忘的国度 Forgotten Realm / [SK] 巨蛇王国 / 怪物 / 蛇,世设：多元宇宙的构成,官方
芦苇蛇,9 世设\FR\SK巨蛇王国\芦苇蛇.htm,7,世设：多元宇宙的构成 / 官方 / [部分内容] 被遗忘的国度 Forgotten Realm / [SK] 巨蛇王国 / 怪物 / 蛇,世设：多元宇宙的构成,官方
污沟蛇,9 世设\FR\SK巨蛇王国\污沟蛇.htm,7,世设：多元宇宙的构成 / 官方 / [部分内容] 被遗忘的国度 Forgotten Realm / [SK] 巨蛇王国 / 怪物 / 蛇,世设：多元宇宙的构成,官方
树蟒,9 世设\FR\SK巨蛇王国\树蟒.htm,7,世设：多元宇宙的构成 / 官方 / [部分内容] 被遗忘的国度 Forgotten Realm / [SK] 巨蛇王国 / 怪物 / 蛇,世设：多元宇宙的构成,官方
鞭蛇,9 世设\FR\SK巨蛇王国\鞭蛇.htm,7,世设：多元宇宙的构成 / 官方 / [部分内容] 被遗忘的国度 Forgotten Realm / [SK] 巨蛇王国 / 怪物 / 蛇,世设：多元宇宙的构成,官方
蛇人巫师杀手,9 世设\FR\SK巨蛇王国\蛇人巫师杀手.htm,6,世设：多元宇宙的构成 / 官方 / [部分内容] 被遗忘的国度 Forgotten Realm / [SK] 巨蛇王国 / 怪物,世设：多元宇宙的构成,官方
蛇人神圣卫士,9 世设\FR\SK巨蛇王国\蛇人神圣卫士.htm,6,世设：多元宇宙的构成 / 官方 / [部分内容] 被遗忘的国度 Forgotten Realm / [SK] 巨蛇王国 / 怪物,世设：多元宇宙的构成,官方
特伦蜥人,9 世设\FR\SK巨蛇王国\特伦蜥人.htm,6,世设：多元宇宙的构成 / 官方 / [部分内容] 被遗忘的国度 Forgotten Realm / [SK] 巨蛇王国 / 怪物,世设：多元宇宙的构成,官方
尼芬犬,9 世设\FR\SK巨蛇王国\尼芬犬.htm,6,世设：多元宇宙的构成 / 官方 / [部分内容] 被遗忘的国度 Forgotten Realm / [SK] 巨蛇王国 / 怪物,世设：多元宇宙的构成,官方
姆拉劳恩蛇,9 世设\FR\SK巨蛇王国\姆拉劳恩蛇.htm,6,世设：多元宇宙的构成 / 官方 / [部分内容] 被遗忘的国度 Forgotten Realm / [SK] 巨蛇王国 / 怪物,世设：多元宇宙的构成,官方
官方勘误,9 世设\FR\SK巨蛇王国\官方勘误.htm,5,世设：多元宇宙的构成 / 官方 / [部分内容] 被遗忘的国度 Forgotten Realm / [SK] 巨蛇王国,世设：多元宇宙的构成,官方
[SS] 光辉南方,,4,世设：多元宇宙的构成 / 官方 / [部分内容] 被遗忘的国度 Forgotten Realm,世设：多元宇宙的构成,官方
种族与地区,,5,世设：多元宇宙的构成 / 官方 / [部分内容] 被遗忘的国度 Forgotten Realm / [SS] 光辉南方,世设：多元宇宙的构成,官方
专长,9 世设\FR\SS光辉南方\种族与地区\专长.htm,6,世设：多元宇宙的构成 / 官方 / [部分内容] 被遗忘的国度 Forgotten Realm / [SS] 光辉南方 / 种族与地区,世设：多元宇宙的构成,官方
种族,,6,世设：多元宇宙的构成 / 官方 / [部分内容] 被遗忘的国度 Forgotten Realm / [SS] 光辉南方 / 种族与地区,世设：多元宇宙的构成,官方
斯理克林人(螳螂人),9 世设\FR\SS光辉南方\种族与地区\种族\斯理克林人(螳螂人).htm,7,世设：多元宇宙的构成 / 官方 / [部分内容] 被遗忘的国度 Forgotten Realm / [SS] 光辉南方 / 种族与地区 / 种族,世设：多元宇宙的构成,官方
洛索象人,9 世设\FR\SS光辉南方\种族与地区\种族\洛索象人.htm,7,世设：多元宇宙的构成 / 官方 / [部分内容] 被遗忘的国度 Forgotten Realm / [SS] 光辉南方 / 种族与地区 / 种族,世设：多元宇宙的构成,官方
人类,,7,世设：多元宇宙的构成 / 官方 / [部分内容] 被遗忘的国度 Forgotten Realm / [SS] 光辉南方 / 种族与地区 / 种族,世设：多元宇宙的构成,官方
夏亚人,9 世设\FR\SS光辉南方\种族与地区\种族\夏亚人.htm,8,世设：多元宇宙的构成 / 官方 / [部分内容] 被遗忘的国度 Forgotten Realm / [SS] 光辉南方 / 种族与地区 / 种族 / 人类,世设：多元宇宙的构成,官方
哈鲁阿人,9 世设\FR\SS光辉南方\种族与地区\种族\哈鲁阿人.htm,8,世设：多元宇宙的构成 / 官方 / [部分内容] 被遗忘的国度 Forgotten Realm / [SS] 光辉南方 / 种族与地区 / 种族 / 人类,世设：多元宇宙的构成,官方
都帕人,9 世设\FR\SS光辉南方\种族与地区\种族\都帕人.htm,8,世设：多元宇宙的构成 / 官方 / [部分内容] 被遗忘的国度 Forgotten Realm / [SS] 光辉南方 / 种族与地区 / 种族 / 人类,世设：多元宇宙的构成,官方
阿凯恩人,9 世设\FR\SS光辉南方\种族与地区\种族\阿凯恩人.htm,8,世设：多元宇宙的构成 / 官方 / [部分内容] 被遗忘的国度 Forgotten Realm / [SS] 光辉南方 / 种族与地区 / 种族 / 人类,世设：多元宇宙的构成,官方
年龄、身高、体重,9 世设\FR\SS光辉南方\种族与地区\种族\年龄、身高、体重.htm,7,世设：多元宇宙的构成 / 官方 / [部分内容] 被遗忘的国度 Forgotten Realm / [SS] 光辉南方 / 种族与地区 / 种族,世设：多元宇宙的构成,官方
角色地区,9 世设\FR\SS光辉南方\种族与地区\角色地区.htm,6,世设：多元宇宙的构成 / 官方 / [部分内容] 被遗忘的国度 Forgotten Realm / [SS] 光辉南方 / 种族与地区,世设：多元宇宙的构成,官方
进阶职业,,5,世设：多元宇宙的构成 / 官方 / [部分内容] 被遗忘的国度 Forgotten Realm / [SS] 光辉南方,世设：多元宇宙的构成,官方
克伶提阴影劫掠者,9 世设\FR\SS光辉南方\进阶职业\克伶提阴影劫掠者.htm,6,世设：多元宇宙的构成 / 官方 / [部分内容] 被遗忘的国度 Forgotten Realm / [SS] 光辉南方 / 进阶职业,世设：多元宇宙的构成,官方
大裂谷深域卫士,9 世设\FR\SS光辉南方\进阶职业\大裂谷深域卫士.htm,6,世设：多元宇宙的构成 / 官方 / [部分内容] 被遗忘的国度 Forgotten Realm / [SS] 光辉南方 / 进阶职业,世设：多元宇宙的构成,官方
哈鲁阿长老,9 世设\FR\SS光辉南方\进阶职业\哈鲁阿长老.htm,6,世设：多元宇宙的构成 / 官方 / [部分内容] 被遗忘的国度 Forgotten Realm / [SS] 光辉南方 / 进阶职业,世设：多元宇宙的构成,官方
哈鲁阿猎巫者,9 世设\FR\SS光辉南方\进阶职业\哈鲁阿猎巫者.htm,6,世设：多元宇宙的构成 / 官方 / [部分内容] 被遗忘的国度 Forgotten Realm / [SS] 光辉南方 / 进阶职业,世设：多元宇宙的构成,官方
阿达玛之手,9 世设\FR\SS光辉南方\进阶职业\阿达玛之手.htm,6,世设：多元宇宙的构成 / 官方 / [部分内容] 被遗忘的国度 Forgotten Realm / [SS] 光辉南方 / 进阶职业,世设：多元宇宙的构成,官方
乔丹·维齐,9 世设\FR\SS光辉南方\进阶职业\乔丹·维齐.htm,6,世设：多元宇宙的构成 / 官方 / [部分内容] 被遗忘的国度 Forgotten Realm / [SS] 光辉南方 / 进阶职业,世设：多元宇宙的构成,官方
卢伊伦哨卫,9 世设\FR\SS光辉南方\进阶职业\卢伊伦哨卫.htm,6,世设：多元宇宙的构成 / 官方 / [部分内容] 被遗忘的国度 Forgotten Realm / [SS] 光辉南方 / 进阶职业,世设：多元宇宙的构成,官方
马奎尔圣战军,9 世设\FR\SS光辉南方\进阶职业\马奎尔圣战军.htm,6,世设：多元宇宙的构成 / 官方 / [部分内容] 被遗忘的国度 Forgotten Realm / [SS] 光辉南方 / 进阶职业,世设：多元宇宙的构成,官方
灾祸少女,9 世设\FR\SS光辉南方\进阶职业\灾祸少女.htm,6,世设：多元宇宙的构成 / 官方 / [部分内容] 被遗忘的国度 Forgotten Realm / [SS] 光辉南方 / 进阶职业,世设：多元宇宙的构成,官方
法术详述,9 世设\FR\SS光辉南方\法术详述.htm,5,世设：多元宇宙的构成 / 官方 / [部分内容] 被遗忘的国度 Forgotten Realm / [SS] 光辉南方,世设：多元宇宙的构成,官方
魔法物品,9 世设\FR\SS光辉南方\魔法物品.htm,5,世设：多元宇宙的构成 / 官方 / [部分内容] 被遗忘的国度 Forgotten Realm / [SS] 光辉南方,世设：多元宇宙的构成,官方
南方的怪物,,5,世设：多元宇宙的构成 / 官方 / [部分内容] 被遗忘的国度 Forgotten Realm / [SS] 光辉南方,世设：多元宇宙的构成,官方
贝尔鼠,9 世设\FR\SS光辉南方\南方的怪物\贝尔鼠.htm,6,世设：多元宇宙的构成 / 官方 / [部分内容] 被遗忘的国度 Forgotten Realm / [SS] 光辉南方 / 南方的怪物,世设：多元宇宙的构成,官方
独眼巨人,9 世设\FR\SS光辉南方\南方的怪物\独眼巨人.htm,6,世设：多元宇宙的构成 / 官方 / [部分内容] 被遗忘的国度 Forgotten Realm / [SS] 光辉南方 / 南方的怪物,世设：多元宇宙的构成,官方
响尾龙,9 世设\FR\SS光辉南方\南方的怪物\响尾龙.htm,6,世设：多元宇宙的构成 / 官方 / [部分内容] 被遗忘的国度 Forgotten Realm / [SS] 光辉南方 / 南方的怪物,世设：多元宇宙的构成,官方
长人,9 世设\FR\SS光辉南方\南方的怪物\长人.htm,6,世设：多元宇宙的构成 / 官方 / [部分内容] 被遗忘的国度 Forgotten Realm / [SS] 光辉南方 / 南方的怪物,世设：多元宇宙的构成,官方
螳螂人,9 世设\FR\SS光辉南方\南方的怪物\螳螂人.htm,6,世设：多元宇宙的构成 / 官方 / [部分内容] 被遗忘的国度 Forgotten Realm / [SS] 光辉南方 / 南方的怪物,世设：多元宇宙的构成,官方
洛索象人,9 世设\FR\SS光辉南方\南方的怪物\洛索象人.htm,6,世设：多元宇宙的构成 / 官方 / [部分内容] 被遗忘的国度 Forgotten Realm / [SS] 光辉南方 / 南方的怪物,世设：多元宇宙的构成,官方
暗木,9 世设\FR\SS光辉南方\南方的怪物\暗木.htm,6,世设：多元宇宙的构成 / 官方 / [部分内容] 被遗忘的国度 Forgotten Realm / [SS] 光辉南方 / 南方的怪物,世设：多元宇宙的构成,官方
哈鲁阿青足龙蛇,9 世设\FR\SS光辉南方\南方的怪物\哈鲁阿青足龙蛇.htm,6,世设：多元宇宙的构成 / 官方 / [部分内容] 被遗忘的国度 Forgotten Realm / [SS] 光辉南方 / 南方的怪物,世设：多元宇宙的构成,官方
剌雅肯,9 世设\FR\SS光辉南方\南方的怪物\剌雅肯.htm,6,世设：多元宇宙的构成 / 官方 / [部分内容] 被遗忘的国度 Forgotten Realm / [SS] 光辉南方 / 南方的怪物,世设：多元宇宙的构成,官方
星蛇,9 世设\FR\SS光辉南方\南方的怪物\星蛇.htm,6,世设：多元宇宙的构成 / 官方 / [部分内容] 被遗忘的国度 Forgotten Realm / [SS] 光辉南方 / 南方的怪物,世设：多元宇宙的构成,官方
曼提梅拉,9 世设\FR\SS光辉南方\南方的怪物\曼提梅拉.htm,6,世设：多元宇宙的构成 / 官方 / [部分内容] 被遗忘的国度 Forgotten Realm / [SS] 光辉南方 / 南方的怪物,世设：多元宇宙的构成,官方
阔嘴怪,9 世设\FR\SS光辉南方\南方的怪物\阔嘴怪.htm,6,世设：多元宇宙的构成 / 官方 / [部分内容] 被遗忘的国度 Forgotten Realm / [SS] 光辉南方 / 南方的怪物,世设：多元宇宙的构成,官方
[LEoF] 费伦的失落帝国,,4,世设：多元宇宙的构成 / 官方 / [部分内容] 被遗忘的国度 Forgotten Realm,世设：多元宇宙的构成,官方
魔法物品,9 世设\FR\LEoF费伦的失落帝国\魔法物品.htm,5,世设：多元宇宙的构成 / 官方 / [部分内容] 被遗忘的国度 Forgotten Realm / [LEoF] 费伦的失落帝国,世设：多元宇宙的构成,官方
武器,9 世设\FR\LEoF费伦的失落帝国\武器.htm,6,世设：多元宇宙的构成 / 官方 / [部分内容] 被遗忘的国度 Forgotten Realm / [LEoF] 费伦的失落帝国 / 魔法物品,世设：多元宇宙的构成,官方
戒指,9 世设\FR\LEoF费伦的失落帝国\戒指.htm,6,世设：多元宇宙的构成 / 官方 / [部分内容] 被遗忘的国度 Forgotten Realm / [LEoF] 费伦的失落帝国 / 魔法物品,世设：多元宇宙的构成,官方
法杖,9 世设\FR\LEoF费伦的失落帝国\法杖.htm,6,世设：多元宇宙的构成 / 官方 / [部分内容] 被遗忘的国度 Forgotten Realm / [LEoF] 费伦的失落帝国 / 魔法物品,世设：多元宇宙的构成,官方
仪杖,9 世设\FR\LEoF费伦的失落帝国\仪杖.htm,6,世设：多元宇宙的构成 / 官方 / [部分内容] 被遗忘的国度 Forgotten Realm / [LEoF] 费伦的失落帝国 / 魔法物品,世设：多元宇宙的构成,官方
奇物,9 世设\FR\LEoF费伦的失落帝国\奇物.htm,6,世设：多元宇宙的构成 / 官方 / [部分内容] 被遗忘的国度 Forgotten Realm / [LEoF] 费伦的失落帝国 / 魔法物品,世设：多元宇宙的构成,官方
高等神器,9 世设\FR\LEoF费伦的失落帝国\高等神器.htm,5,世设：多元宇宙的构成 / 官方 / [部分内容] 被遗忘的国度 Forgotten Realm / [LEoF] 费伦的失落帝国,世设：多元宇宙的构成,官方
专长,9 世设\FR\LEoF费伦的失落帝国\专长.htm,5,世设：多元宇宙的构成 / 官方 / [部分内容] 被遗忘的国度 Forgotten Realm / [LEoF] 费伦的失落帝国,世设：多元宇宙的构成,官方
进阶职业,,5,世设：多元宇宙的构成 / 官方 / [部分内容] 被遗忘的国度 Forgotten Realm / [LEoF] 费伦的失落帝国,世设：多元宇宙的构成,官方
荣光侍者,9 世设\FR\LEoF费伦的失落帝国\荣光侍者.htm,6,世设：多元宇宙的构成 / 官方 / [部分内容] 被遗忘的国度 Forgotten Realm / [LEoF] 费伦的失落帝国 / 进阶职业,世设：多元宇宙的构成,官方
守密者,9 世设\FR\LEoF费伦的失落帝国\守密者.htm,6,世设：多元宇宙的构成 / 官方 / [部分内容] 被遗忘的国度 Forgotten Realm / [LEoF] 费伦的失落帝国 / 进阶职业,世设：多元宇宙的构成,官方
太阳主宰,9 世设\FR\LEoF费伦的失落帝国\太阳主宰.htm,6,世设：多元宇宙的构成 / 官方 / [部分内容] 被遗忘的国度 Forgotten Realm / [LEoF] 费伦的失落帝国 / 进阶职业,世设：多元宇宙的构成,官方
法师领主,9 世设\FR\LEoF费伦的失落帝国\法师领主.htm,6,世设：多元宇宙的构成 / 官方 / [部分内容] 被遗忘的国度 Forgotten Realm / [LEoF] 费伦的失落帝国 / 进阶职业,世设：多元宇宙的构成,官方
破碎之峰信徒,9 世设\FR\LEoF费伦的失落帝国\破碎之峰信徒.htm,6,世设：多元宇宙的构成 / 官方 / [部分内容] 被遗忘的国度 Forgotten Realm / [LEoF] 费伦的失落帝国 / 进阶职业,世设：多元宇宙的构成,官方
法术详述,9 世设\FR\LEoF费伦的失落帝国\法术详述.htm,5,世设：多元宇宙的构成 / 官方 / [部分内容] 被遗忘的国度 Forgotten Realm / [LEoF] 费伦的失落帝国,世设：多元宇宙的构成,官方
怪物,,5,世设：多元宇宙的构成 / 官方 / [部分内容] 被遗忘的国度 Forgotten Realm / [LEoF] 费伦的失落帝国,世设：多元宇宙的构成,官方
A,,6,世设：多元宇宙的构成 / 官方 / [部分内容] 被遗忘的国度 Forgotten Realm / [LEoF] 费伦的失落帝国 / 怪物,世设：多元宇宙的构成,官方
巨型蛛形生物,9 世设\FR\LEoF费伦的失落帝国\巨型蛛形生物.htm,7,世设：多元宇宙的构成 / 官方 / [部分内容] 被遗忘的国度 Forgotten Realm / [LEoF] 费伦的失落帝国 / 怪物 / A,世设：多元宇宙的构成,官方
B,,6,世设：多元宇宙的构成 / 官方 / [部分内容] 被遗忘的国度 Forgotten Realm / [LEoF] 费伦的失落帝国 / 怪物,世设：多元宇宙的构成,官方
灾祸守卫,9 世设\FR\LEoF费伦的失落帝国\灾祸守卫.htm,7,世设：多元宇宙的构成 / 官方 / [部分内容] 被遗忘的国度 Forgotten Realm / [LEoF] 费伦的失落帝国 / 怪物 / B,世设：多元宇宙的构成,官方
C,,6,世设：多元宇宙的构成 / 官方 / [部分内容] 被遗忘的国度 Forgotten Realm / [LEoF] 费伦的失落帝国 / 怪物,世设：多元宇宙的构成,官方
被诅咒者,9 世设\FR\LEoF费伦的失落帝国\被诅咒者.htm,7,世设：多元宇宙的构成 / 官方 / [部分内容] 被遗忘的国度 Forgotten Realm / [LEoF] 费伦的失落帝国 / 怪物 / C,世设：多元宇宙的构成,官方
蠕行之爪,9 世设\FR\LEoF费伦的失落帝国\蠕行之爪.htm,7,世设：多元宇宙的构成 / 官方 / [部分内容] 被遗忘的国度 Forgotten Realm / [LEoF] 费伦的失落帝国 / 怪物 / C,世设：多元宇宙的构成,官方
D,,6,世设：多元宇宙的构成 / 官方 / [部分内容] 被遗忘的国度 Forgotten Realm / [LEoF] 费伦的失落帝国 / 怪物,世设：多元宇宙的构成,官方
牛魔,9 世设\FR\LEoF费伦的失落帝国\牛魔.htm,7,世设：多元宇宙的构成 / 官方 / [部分内容] 被遗忘的国度 Forgotten Realm / [LEoF] 费伦的失落帝国 / 怪物 / D,世设：多元宇宙的构成,官方
地栖卵,9 世设\FR\LEoF费伦的失落帝国\地栖卵.htm,7,世设：多元宇宙的构成 / 官方 / [部分内容] 被遗忘的国度 Forgotten Realm / [LEoF] 费伦的失落帝国 / 怪物 / D,世设：多元宇宙的构成,官方
惧栗武者,9 世设\FR\LEoF费伦的失落帝国\惧栗武者.htm,7,世设：多元宇宙的构成 / 官方 / [部分内容] 被遗忘的国度 Forgotten Realm / [LEoF] 费伦的失落帝国 / 怪物 / D,世设：多元宇宙的构成,官方
惊惧之臂,9 世设\FR\LEoF费伦的失落帝国\惊惧之臂.htm,7,世设：多元宇宙的构成 / 官方 / [部分内容] 被遗忘的国度 Forgotten Realm / [LEoF] 费伦的失落帝国 / 怪物 / D,世设：多元宇宙的构成,官方
F,,6,世设：多元宇宙的构成 / 官方 / [部分内容] 被遗忘的国度 Forgotten Realm / [LEoF] 费伦的失落帝国 / 怪物,世设：多元宇宙的构成,官方
燃焰头骨,9 世设\FR\LEoF费伦的失落帝国\燃烧头骨.htm,7,世设：多元宇宙的构成 / 官方 / [部分内容] 被遗忘的国度 Forgotten Realm / [LEoF] 费伦的失落帝国 / 怪物 / F,世设：多元宇宙的构成,官方
邪翼怪,9 世设\FR\LEoF费伦的失落帝国\邪翼怪.htm,7,世设：多元宇宙的构成 / 官方 / [部分内容] 被遗忘的国度 Forgotten Realm / [LEoF] 费伦的失落帝国 / 怪物 / F,世设：多元宇宙的构成,官方
G,,6,世设：多元宇宙的构成 / 官方 / [部分内容] 被遗忘的国度 Forgotten Realm / [LEoF] 费伦的失落帝国 / 怪物,世设：多元宇宙的构成,官方
三头龙,9 世设\FR\LEoF费伦的失落帝国\三头龙.htm,7,世设：多元宇宙的构成 / 官方 / [部分内容] 被遗忘的国度 Forgotten Realm / [LEoF] 费伦的失落帝国 / 怪物 / G,世设：多元宇宙的构成,官方
绿缚生物,9 世设\FR\LEoF费伦的失落帝国\绿缚生物.htm,7,世设：多元宇宙的构成 / 官方 / [部分内容] 被遗忘的国度 Forgotten Realm / [LEoF] 费伦的失落帝国 / 怪物 / G,世设：多元宇宙的构成,官方
H,,6,世设：多元宇宙的构成 / 官方 / [部分内容] 被遗忘的国度 Forgotten Realm / [LEoF] 费伦的失落帝国 / 怪物,世设：多元宇宙的构成,官方
恐怖铠甲,9 世设\FR\LEoF费伦的失落帝国\恐怖铠甲.html,7,世设：多元宇宙的构成 / 官方 / [部分内容] 被遗忘的国度 Forgotten Realm / [LEoF] 费伦的失落帝国 / 怪物 / H,世设：多元宇宙的构成,官方
I,,6,世设：多元宇宙的构成 / 官方 / [部分内容] 被遗忘的国度 Forgotten Realm / [LEoF] 费伦的失落帝国 / 怪物,世设：多元宇宙的构成,官方
伊克赞,9 世设\FR\LEoF费伦的失落帝国\伊克赞.htm,7,世设：多元宇宙的构成 / 官方 / [部分内容] 被遗忘的国度 Forgotten Realm / [LEoF] 费伦的失落帝国 / 怪物 / I,世设：多元宇宙的构成,官方
L,,6,世设：多元宇宙的构成 / 官方 / [部分内容] 被遗忘的国度 Forgotten Realm / [LEoF] 费伦的失落帝国 / 怪物,世设：多元宇宙的构成,官方
兽化人,9 世设\FR\LEoF费伦的失落帝国\兽化人.htm,7,世设：多元宇宙的构成 / 官方 / [部分内容] 被遗忘的国度 Forgotten Realm / [LEoF] 费伦的失落帝国 / 怪物 / L,世设：多元宇宙的构成,官方
卓尔蝙蝠人,9 世设\FR\LEoF费伦的失落帝国\卓尔蝙蝠人.htm,8,世设：多元宇宙的构成 / 官方 / [部分内容] 被遗忘的国度 Forgotten Realm / [LEoF] 费伦的失落帝国 / 怪物 / L / 兽化人,世设：多元宇宙的构成,官方
猫人,9 世设\FR\LEoF费伦的失落帝国\猫人.htm,8,世设：多元宇宙的构成 / 官方 / [部分内容] 被遗忘的国度 Forgotten Realm / [LEoF] 费伦的失落帝国 / 怪物 / L / 兽化人,世设：多元宇宙的构成,官方
鳄鱼人,9 世设\FR\LEoF费伦的失落帝国\鳄鱼人.htm,8,世设：多元宇宙的构成 / 官方 / [部分内容] 被遗忘的国度 Forgotten Realm / [LEoF] 费伦的失落帝国 / 怪物 / L / 兽化人,世设：多元宇宙的构成,官方
鲨鱼人,9 世设\FR\LEoF费伦的失落帝国\鲨鱼人.htm,8,世设：多元宇宙的构成 / 官方 / [部分内容] 被遗忘的国度 Forgotten Realm / [LEoF] 费伦的失落帝国 / 怪物 / L / 兽化人,世设：多元宇宙的构成,官方
M,,6,世设：多元宇宙的构成 / 官方 / [部分内容] 被遗忘的国度 Forgotten Realm / [LEoF] 费伦的失落帝国 / 怪物,世设：多元宇宙的构成,官方
金属之主,9 世设\FR\LEoF费伦的失落帝国\金属之主.htm,7,世设：多元宇宙的构成 / 官方 / [部分内容] 被遗忘的国度 Forgotten Realm / [LEoF] 费伦的失落帝国 / 怪物 / M,世设：多元宇宙的构成,官方
N,,6,世设：多元宇宙的构成 / 官方 / [部分内容] 被遗忘的国度 Forgotten Realm / [LEoF] 费伦的失落帝国 / 怪物,世设：多元宇宙的构成,官方
霓吸雾,9 世设\FR\LEoF费伦的失落帝国\霓吸雾.htm,7,世设：多元宇宙的构成 / 官方 / [部分内容] 被遗忘的国度 Forgotten Realm / [LEoF] 费伦的失落帝国 / 怪物 / N,世设：多元宇宙的构成,官方
夜魔,9 世设\FR\LEoF费伦的失落帝国\夜魔.htm,7,世设：多元宇宙的构成 / 官方 / [部分内容] 被遗忘的国度 Forgotten Realm / [LEoF] 费伦的失落帝国 / 怪物 / N,世设：多元宇宙的构成,官方
P,,6,世设：多元宇宙的构成 / 官方 / [部分内容] 被遗忘的国度 Forgotten Realm / [LEoF] 费伦的失落帝国 / 怪物,世设：多元宇宙的构成,官方
费林魔葵,9 世设\FR\LEoF费伦的失落帝国\费林魔葵.htm,7,世设：多元宇宙的构成 / 官方 / [部分内容] 被遗忘的国度 Forgotten Realm / [LEoF] 费伦的失落帝国 / 怪物 / P,世设：多元宇宙的构成,官方
T,,6,世设：多元宇宙的构成 / 官方 / [部分内容] 被遗忘的国度 Forgotten Realm / [LEoF] 费伦的失落帝国 / 怪物,世设：多元宇宙的构成,官方
翼猫,9 世设\FR\LEoF费伦的失落帝国\翼猫.htm,7,世设：多元宇宙的构成 / 官方 / [部分内容] 被遗忘的国度 Forgotten Realm / [LEoF] 费伦的失落帝国 / 怪物 / T,世设：多元宇宙的构成,官方
墓穴敲击者,9 世设\FR\LEoF费伦的失落帝国\墓穴敲击者.htm,7,世设：多元宇宙的构成 / 官方 / [部分内容] 被遗忘的国度 Forgotten Realm / [LEoF] 费伦的失落帝国 / 怪物 / T,世设：多元宇宙的构成,官方
V,,6,世设：多元宇宙的构成 / 官方 / [部分内容] 被遗忘的国度 Forgotten Realm / [LEoF] 费伦的失落帝国 / 怪物,世设：多元宇宙的构成,官方
巨型天鹅绒虫,9 世设\FR\LEoF费伦的失落帝国\巨型天鹅绒虫.htm,7,世设：多元宇宙的构成 / 官方 / [部分内容] 被遗忘的国度 Forgotten Realm / [LEoF] 费伦的失落帝国 / 怪物 / V,世设：多元宇宙的构成,官方
暂未分类的杂项,,5,世设：多元宇宙的构成 / 官方 / [部分内容] 被遗忘的国度 Forgotten Realm / [LEoF] 费伦的失落帝国,世设：多元宇宙的构成,官方
皇冠战争,9 世设\FR\LEoF费伦的失落帝国\皇冠战争.htm,6,世设：多元宇宙的构成 / 官方 / [部分内容] 被遗忘的国度 Forgotten Realm / [LEoF] 费伦的失落帝国 / 暂未分类的杂项,世设：多元宇宙的构成,官方
至高森林的国度,9 世设\FR\LEoF费伦的失落帝国\至高森林的国度.htm,6,世设：多元宇宙的构成 / 官方 / [部分内容] 被遗忘的国度 Forgotten Realm / [LEoF] 费伦的失落帝国 / 暂未分类的杂项,世设：多元宇宙的构成,官方
古老北地,9 世设\FR\LEoF费伦的失落帝国\古老北地.htm,6,世设：多元宇宙的构成 / 官方 / [部分内容] 被遗忘的国度 Forgotten Realm / [LEoF] 费伦的失落帝国 / 暂未分类的杂项,世设：多元宇宙的构成,官方
迷锁,9 世设\FR\LEoF费伦的失落帝国\迷锁.htm,6,世设：多元宇宙的构成 / 官方 / [部分内容] 被遗忘的国度 Forgotten Realm / [LEoF] 费伦的失落帝国 / 暂未分类的杂项,世设：多元宇宙的构成,官方
传奇法术,9 世设\FR\LEoF费伦的失落帝国\传奇法术.htm,6,世设：多元宇宙的构成 / 官方 / [部分内容] 被遗忘的国度 Forgotten Realm / [LEoF] 费伦的失落帝国 / 暂未分类的杂项,世设：多元宇宙的构成,官方
传奇法术种子,9 世设\FR\LEoF费伦的失落帝国\传奇法术种子.htm,6,世设：多元宇宙的构成 / 官方 / [部分内容] 被遗忘的国度 Forgotten Realm / [LEoF] 费伦的失落帝国 / 暂未分类的杂项,世设：多元宇宙的构成,官方
暗月武僧,9 世设\FR\LEoF费伦的失落帝国\暗月武僧.htm,6,世设：多元宇宙的构成 / 官方 / [部分内容] 被遗忘的国度 Forgotten Realm / [LEoF] 费伦的失落帝国 / 暂未分类的杂项,世设：多元宇宙的构成,官方
[CoR] 毁灭斗士/废墟勇士,,4,世设：多元宇宙的构成 / 官方 / [部分内容] 被遗忘的国度 Forgotten Realm,世设：多元宇宙的构成,官方
引言,9 世设\FR\CoR毁灭斗士\引言.htm,5,世设：多元宇宙的构成 / 官方 / [部分内容] 被遗忘的国度 Forgotten Realm / [CoR] 毁灭斗士/废墟勇士,世设：多元宇宙的构成,官方
种族,9 世设\FR\CoR毁灭斗士\种族.htm,5,世设：多元宇宙的构成 / 官方 / [部分内容] 被遗忘的国度 Forgotten Realm / [CoR] 毁灭斗士/废墟勇士,世设：多元宇宙的构成,官方
魔裔卓尔,9 世设\FR\CoR毁灭斗士\魔裔卓尔.htm,6,世设：多元宇宙的构成 / 官方 / [部分内容] 被遗忘的国度 Forgotten Realm / [CoR] 毁灭斗士/废墟勇士 / 种族,世设：多元宇宙的构成,官方
半蛇人,9 世设\FR\CoR毁灭斗士\半蛇人.htm,6,世设：多元宇宙的构成 / 官方 / [部分内容] 被遗忘的国度 Forgotten Realm / [CoR] 毁灭斗士/废墟勇士 / 种族,世设：多元宇宙的构成,官方
克林斯,9 世设\FR\CoR毁灭斗士\克林斯.htm,6,世设：多元宇宙的构成 / 官方 / [部分内容] 被遗忘的国度 Forgotten Realm / [CoR] 毁灭斗士/废墟勇士 / 种族,世设：多元宇宙的构成,官方
专长,,5,世设：多元宇宙的构成 / 官方 / [部分内容] 被遗忘的国度 Forgotten Realm / [CoR] 毁灭斗士/废墟勇士,世设：多元宇宙的构成,官方
专长,9 世设\FR\CoR毁灭斗士\专长.htm,6,世设：多元宇宙的构成 / 官方 / [部分内容] 被遗忘的国度 Forgotten Realm / [CoR] 毁灭斗士/废墟勇士 / 专长,世设：多元宇宙的构成,官方
入信者专长,9 世设\FR\CoR毁灭斗士\入信者专长.htm,6,世设：多元宇宙的构成 / 官方 / [部分内容] 被遗忘的国度 Forgotten Realm / [CoR] 毁灭斗士/废墟勇士 / 专长,世设：多元宇宙的构成,官方
进阶职业,,5,世设：多元宇宙的构成 / 官方 / [部分内容] 被遗忘的国度 Forgotten Realm / [CoR] 毁灭斗士/废墟勇士,世设：多元宇宙的构成,官方
黑血信徒,9 世设\FR\CoR毁灭斗士\黑血信徒.htm,6,世设：多元宇宙的构成 / 官方 / [部分内容] 被遗忘的国度 Forgotten Realm / [CoR] 毁灭斗士/废墟勇士 / 进阶职业,世设：多元宇宙的构成,官方
林灾审判者,9 世设\FR\CoR毁灭斗士\林灾审判者.htm,6,世设：多元宇宙的构成 / 官方 / [部分内容] 被遗忘的国度 Forgotten Realm / [CoR] 毁灭斗士/废墟勇士 / 进阶职业,世设：多元宇宙的构成,官方
暗夜面具的死亡使者,9 世设\FR\CoR毁灭斗士\暗夜面具的死亡使者.htm,6,世设：多元宇宙的构成 / 官方 / [部分内容] 被遗忘的国度 Forgotten Realm / [CoR] 毁灭斗士/废墟勇士 / 进阶职业,世设：多元宇宙的构成,官方
暗影猎手,9 世设\FR\CoR毁灭斗士\暗影猎手.htm,6,世设：多元宇宙的构成 / 官方 / [部分内容] 被遗忘的国度 Forgotten Realm / [CoR] 毁灭斗士/废墟勇士 / 进阶职业,世设：多元宇宙的构成,官方
塞尔角斗士,9 世设\FR\CoR毁灭斗士\塞尔角斗士.htm,6,世设：多元宇宙的构成 / 官方 / [部分内容] 被遗忘的国度 Forgotten Realm / [CoR] 毁灭斗士/废墟勇士 / 进阶职业,世设：多元宇宙的构成,官方
复仇骑士,9 世设\FR\CoR毁灭斗士\复仇骑士.htm,6,世设：多元宇宙的构成 / 官方 / [部分内容] 被遗忘的国度 Forgotten Realm / [CoR] 毁灭斗士/废墟勇士 / 进阶职业,世设：多元宇宙的构成,官方
邪恶之地,9 世设\FR\CoR毁灭斗士\邪恶之地.htm,5,世设：多元宇宙的构成 / 官方 / [部分内容] 被遗忘的国度 Forgotten Realm / [CoR] 毁灭斗士/废墟勇士,世设：多元宇宙的构成,官方
邪恶节点,9 世设\FR\CoR毁灭斗士\邪恶节点.htm,6,世设：多元宇宙的构成 / 官方 / [部分内容] 被遗忘的国度 Forgotten Realm / [CoR] 毁灭斗士/废墟勇士 / 邪恶之地,世设：多元宇宙的构成,官方
影魔网节点,9 世设\FR\CoR毁灭斗士\影魔网节点.htm,6,世设：多元宇宙的构成 / 官方 / [部分内容] 被遗忘的国度 Forgotten Realm / [CoR] 毁灭斗士/废墟勇士 / 邪恶之地,世设：多元宇宙的构成,官方
圣祠,9 世设\FR\CoR毁灭斗士\圣祠.htm,6,世设：多元宇宙的构成 / 官方 / [部分内容] 被遗忘的国度 Forgotten Realm / [CoR] 毁灭斗士/废墟勇士 / 邪恶之地,世设：多元宇宙的构成,官方
低语之谷,9 世设\FR\CoR毁灭斗士\低语之谷.htm,7,世设：多元宇宙的构成 / 官方 / [部分内容] 被遗忘的国度 Forgotten Realm / [CoR] 毁灭斗士/废墟勇士 / 邪恶之地 / 圣祠,世设：多元宇宙的构成,官方
血岩,9 世设\FR\CoR毁灭斗士\血岩.htm,7,世设：多元宇宙的构成 / 官方 / [部分内容] 被遗忘的国度 Forgotten Realm / [CoR] 毁灭斗士/废墟勇士 / 邪恶之地 / 圣祠,世设：多元宇宙的构成,官方
雷鸣之室,9 世设\FR\CoR毁灭斗士\雷鸣之室.htm,7,世设：多元宇宙的构成 / 官方 / [部分内容] 被遗忘的国度 Forgotten Realm / [CoR] 毁灭斗士/废墟勇士 / 邪恶之地 / 圣祠,世设：多元宇宙的构成,官方
众彩陷坑,9 世设\FR\CoR毁灭斗士\众彩陷坑.htm,7,世设：多元宇宙的构成 / 官方 / [部分内容] 被遗忘的国度 Forgotten Realm / [CoR] 毁灭斗士/废墟勇士 / 邪恶之地 / 圣祠,世设：多元宇宙的构成,官方
刺痛,9 世设\FR\CoR毁灭斗士\刺痛.htm,7,世设：多元宇宙的构成 / 官方 / [部分内容] 被遗忘的国度 Forgotten Realm / [CoR] 毁灭斗士/废墟勇士 / 邪恶之地 / 圣祠,世设：多元宇宙的构成,官方
魔法,,5,世设：多元宇宙的构成 / 官方 / [部分内容] 被遗忘的国度 Forgotten Realm / [CoR] 毁灭斗士/废墟勇士,世设：多元宇宙的构成,官方
法术详述,9 世设\FR\CoR毁灭斗士\法术详述.htm,6,世设：多元宇宙的构成 / 官方 / [部分内容] 被遗忘的国度 Forgotten Realm / [CoR] 毁灭斗士/废墟勇士 / 魔法,世设：多元宇宙的构成,官方
传奇法术,9 世设\FR\CoR毁灭斗士\传奇法术.htm,6,世设：多元宇宙的构成 / 官方 / [部分内容] 被遗忘的国度 Forgotten Realm / [CoR] 毁灭斗士/废墟勇士 / 魔法,世设：多元宇宙的构成,官方
魔法物品,9 世设\FR\CoR毁灭斗士\魔法物品.htm,6,世设：多元宇宙的构成 / 官方 / [部分内容] 被遗忘的国度 Forgotten Realm / [CoR] 毁灭斗士/废墟勇士 / 魔法,世设：多元宇宙的构成,官方
邪恶组织,9 世设\FR\CoR毁灭斗士\邪恶组织.htm,5,世设：多元宇宙的构成 / 官方 / [部分内容] 被遗忘的国度 Forgotten Realm / [CoR] 毁灭斗士/废墟勇士,世设：多元宇宙的构成,官方
拜龙教,9 世设\FR\CoR毁灭斗士\拜龙教.htm,6,世设：多元宇宙的构成 / 官方 / [部分内容] 被遗忘的国度 Forgotten Realm / [CoR] 毁灭斗士/废墟勇士 / 邪恶组织,世设：多元宇宙的构成,官方
胜利之刃,9 世设\FR\CoR毁灭斗士\胜利之刃.htm,6,世设：多元宇宙的构成 / 官方 / [部分内容] 被遗忘的国度 Forgotten Realm / [CoR] 毁灭斗士/废墟勇士 / 邪恶组织,世设：多元宇宙的构成,官方
散塔林会,9 世设\FR\CoR毁灭斗士\散塔林会.htm,6,世设：多元宇宙的构成 / 官方 / [部分内容] 被遗忘的国度 Forgotten Realm / [CoR] 毁灭斗士/废墟勇士 / 邪恶组织,世设：多元宇宙的构成,官方
拜月教,9 世设\FR\CoR毁灭斗士\拜月教.htm,6,世设：多元宇宙的构成 / 官方 / [部分内容] 被遗忘的国度 Forgotten Realm / [CoR] 毁灭斗士/废墟勇士 / 邪恶组织,世设：多元宇宙的构成,官方
伊尔神思因的不肖之徒,9 世设\FR\CoR毁灭斗士\伊尔神思因的不肖之徒.htm,6,世设：多元宇宙的构成 / 官方 / [部分内容] 被遗忘的国度 Forgotten Realm / [CoR] 毁灭斗士/废墟勇士 / 邪恶组织,世设：多元宇宙的构成,官方
莎尔信徒小组,9 世设\FR\CoR毁灭斗士\莎尔信徒小组.htm,6,世设：多元宇宙的构成 / 官方 / [部分内容] 被遗忘的国度 Forgotten Realm / [CoR] 毁灭斗士/废墟勇士 / 邪恶组织,世设：多元宇宙的构成,官方
暗月武僧,9 世设\FR\CoR毁灭斗士\暗月武僧.htm,6,世设：多元宇宙的构成 / 官方 / [部分内容] 被遗忘的国度 Forgotten Realm / [CoR] 毁灭斗士/废墟勇士 / 邪恶组织,世设：多元宇宙的构成,官方
邪恶斗士,,5,世设：多元宇宙的构成 / 官方 / [部分内容] 被遗忘的国度 Forgotten Realm / [CoR] 毁灭斗士/废墟勇士,世设：多元宇宙的构成,官方
进阶：埃尔塔伯的仆役,9 世设\FR\CoR毁灭斗士\埃尔塔伯的仆役.htm,6,世设：多元宇宙的构成 / 官方 / [部分内容] 被遗忘的国度 Forgotten Realm / [CoR] 毁灭斗士/废墟勇士 / 邪恶斗士,世设：多元宇宙的构成,官方
[CoSW] 璀璨之深水城,,4,世设：多元宇宙的构成 / 官方 / [部分内容] 被遗忘的国度 Forgotten Realm,世设：多元宇宙的构成,官方
引言,9 世设\FR\COSW深水城\引言.htm,5,世设：多元宇宙的构成 / 官方 / [部分内容] 被遗忘的国度 Forgotten Realm / [CoSW] 璀璨之深水城,世设：多元宇宙的构成,官方
深水城的历史,9 世设\FR\COSW深水城\深水城的历史.htm,5,世设：多元宇宙的构成 / 官方 / [部分内容] 被遗忘的国度 Forgotten Realm / [CoSW] 璀璨之深水城,世设：多元宇宙的构成,官方
地点缩写,9 世设\FR\COSW深水城\深水城_地点缩写.htm,5,世设：多元宇宙的构成 / 官方 / [部分内容] 被遗忘的国度 Forgotten Realm / [CoSW] 璀璨之深水城,世设：多元宇宙的构成,官方
深水城的人们,9 世设\FR\COSW深水城\深水城_深水城的人民.htm,5,世设：多元宇宙的构成 / 官方 / [部分内容] 被遗忘的国度 Forgotten Realm / [CoSW] 璀璨之深水城,世设：多元宇宙的构成,官方
公会和组织,9 世设\FR\COSW深水城\深水城_工会和组织.htm,6,世设：多元宇宙的构成 / 官方 / [部分内容] 被遗忘的国度 Forgotten Realm / [CoSW] 璀璨之深水城 / 深水城的人们,世设：多元宇宙的构成,官方
奥术学校与实践者,9 世设\FR\COSW深水城\深水城_奥术学校与实践者.htm,6,世设：多元宇宙的构成 / 官方 / [部分内容] 被遗忘的国度 Forgotten Realm / [CoSW] 璀璨之深水城 / 深水城的人们,世设：多元宇宙的构成,官方
黑杖塔,9 世设\FR\COSW深水城\黑杖塔.htm,7,世设：多元宇宙的构成 / 官方 / [部分内容] 被遗忘的国度 Forgotten Realm / [CoSW] 璀璨之深水城 / 深水城的人们 / 奥术学校与实践者,世设：多元宇宙的构成,官方
艾尔托察学院,9 世设\FR\COSW深水城\艾尔托察学院.htm,7,世设：多元宇宙的构成 / 官方 / [部分内容] 被遗忘的国度 Forgotten Realm / [CoSW] 璀璨之深水城 / 深水城的人们 / 奥术学校与实践者,世设：多元宇宙的构成,官方
红魔法飞地,9 世设\FR\COSW深水城\红魔法飞地.htm,7,世设：多元宇宙的构成 / 官方 / [部分内容] 被遗忘的国度 Forgotten Realm / [CoSW] 璀璨之深水城 / 深水城的人们 / 奥术学校与实践者,世设：多元宇宙的构成,官方
海拉斯特之裔,9 世设\FR\COSW深水城\海拉斯特之裔.htm,7,世设：多元宇宙的构成 / 官方 / [部分内容] 被遗忘的国度 Forgotten Realm / [CoSW] 璀璨之深水城 / 深水城的人们 / 奥术学校与实践者,世设：多元宇宙的构成,官方
新奥莱姆,9 世设\FR\COSW深水城\新奥莱姆.htm,7,世设：多元宇宙的构成 / 官方 / [部分内容] 被遗忘的国度 Forgotten Realm / [CoSW] 璀璨之深水城 / 深水城的人们 / 奥术学校与实践者,世设：多元宇宙的构成,官方
法师与守护者守望会,9 世设\FR\COSW深水城\法师与守护者守望会.htm,7,世设：多元宇宙的构成 / 官方 / [部分内容] 被遗忘的国度 Forgotten Realm / [CoSW] 璀璨之深水城 / 深水城的人们 / 奥术学校与实践者,世设：多元宇宙的构成,官方
其余奥术实践者,9 世设\FR\COSW深水城\其余奥术实践者.htm,7,世设：多元宇宙的构成 / 官方 / [部分内容] 被遗忘的国度 Forgotten Realm / [CoSW] 璀璨之深水城 / 深水城的人们 / 奥术学校与实践者,世设：多元宇宙的构成,官方
武装力量,9 世设\FR\COSW深水城\武装力量.htm,6,世设：多元宇宙的构成 / 官方 / [部分内容] 被遗忘的国度 Forgotten Realm / [CoSW] 璀璨之深水城 / 深水城的人们,世设：多元宇宙的构成,官方
狮鹫骑兵,9 世设\FR\COSW深水城\狮鹫骑兵.htm,7,世设：多元宇宙的构成 / 官方 / [部分内容] 被遗忘的国度 Forgotten Realm / [CoSW] 璀璨之深水城 / 深水城的人们 / 武装力量,世设：多元宇宙的构成,官方
城市卫队,9 世设\FR\COSW深水城\城市卫队.htm,7,世设：多元宇宙的构成 / 官方 / [部分内容] 被遗忘的国度 Forgotten Realm / [CoSW] 璀璨之深水城 / 深水城的人们 / 武装力量,世设：多元宇宙的构成,官方
城市海军,9 世设\FR\COSW深水城\城市海军.htm,7,世设：多元宇宙的构成 / 官方 / [部分内容] 被遗忘的国度 Forgotten Realm / [CoSW] 璀璨之深水城 / 深水城的人们 / 武装力量,世设：多元宇宙的构成,官方
城市守望者,9 世设\FR\COSW深水城\城市守望者.htm,7,世设：多元宇宙的构成 / 官方 / [部分内容] 被遗忘的国度 Forgotten Realm / [CoSW] 璀璨之深水城 / 深水城的人们 / 武装力量,世设：多元宇宙的构成,官方
灰掌,9 世设\FR\COSW深水城\灰掌.htm,7,世设：多元宇宙的构成 / 官方 / [部分内容] 被遗忘的国度 Forgotten Realm / [CoSW] 璀璨之深水城 / 深水城的人们 / 武装力量,世设：多元宇宙的构成,官方
教会与宗教修会,9 世设\FR\COSW深水城\教会与宗教修会.htm,6,世设：多元宇宙的构成 / 官方 / [部分内容] 被遗忘的国度 Forgotten Realm / [CoSW] 璀璨之深水城 / 深水城的人们,世设：多元宇宙的构成,官方
希瑞克教会,9 世设\FR\COSW深水城\希瑞克教会.htm,7,世设：多元宇宙的构成 / 官方 / [部分内容] 被遗忘的国度 Forgotten Realm / [CoSW] 璀璨之深水城 / 深水城的人们 / 教会与宗教修会,世设：多元宇宙的构成,官方
贡德教会,9 世设\FR\COSW深水城\贡德教会.htm,7,世设：多元宇宙的构成 / 官方 / [部分内容] 被遗忘的国度 Forgotten Realm / [CoSW] 璀璨之深水城 / 深水城的人们 / 教会与宗教修会,世设：多元宇宙的构成,官方
洛山达教会,9 世设\FR\COSW深水城\洛山达教会.htm,7,世设：多元宇宙的构成 / 官方 / [部分内容] 被遗忘的国度 Forgotten Realm / [CoSW] 璀璨之深水城 / 深水城的人们 / 教会与宗教修会,世设：多元宇宙的构成,官方
劳薇塔教会,9 世设\FR\COSW深水城\劳薇塔教会.htm,7,世设：多元宇宙的构成 / 官方 / [部分内容] 被遗忘的国度 Forgotten Realm / [CoSW] 璀璨之深水城 / 深水城的人们 / 教会与宗教修会,世设：多元宇宙的构成,官方
蜜丝特拉教会,9 世设\FR\COSW深水城\蜜丝特拉教会.htm,7,世设：多元宇宙的构成 / 官方 / [部分内容] 被遗忘的国度 Forgotten Realm / [CoSW] 璀璨之深水城 / 深水城的人们 / 教会与宗教修会,世设：多元宇宙的构成,官方
欧格玛教会,9 世设\FR\COSW深水城\欧格玛教会.htm,7,世设：多元宇宙的构成 / 官方 / [部分内容] 被遗忘的国度 Forgotten Realm / [CoSW] 璀璨之深水城 / 深水城的人们 / 教会与宗教修会,世设：多元宇宙的构成,官方
塞伦涅教会,9 世设\FR\COSW深水城\塞伦涅教会.htm,7,世设：多元宇宙的构成 / 官方 / [部分内容] 被遗忘的国度 Forgotten Realm / [CoSW] 璀璨之深水城 / 深水城的人们 / 教会与宗教修会,世设：多元宇宙的构成,官方
莎尔教会,9 世设\FR\COSW深水城\莎尔教会.htm,7,世设：多元宇宙的构成 / 官方 / [部分内容] 被遗忘的国度 Forgotten Realm / [CoSW] 璀璨之深水城 / 深水城的人们 / 教会与宗教修会,世设：多元宇宙的构成,官方
塔洛斯教会,9 世设\FR\COSW深水城\塔洛斯教会.htm,7,世设：多元宇宙的构成 / 官方 / [部分内容] 被遗忘的国度 Forgotten Realm / [CoSW] 璀璨之深水城 / 深水城的人们 / 教会与宗教修会,世设：多元宇宙的构成,官方
泰摩拉教会,9 世设\FR\COSW深水城\泰摩拉教会.htm,7,世设：多元宇宙的构成 / 官方 / [部分内容] 被遗忘的国度 Forgotten Realm / [CoSW] 璀璨之深水城 / 深水城的人们 / 教会与宗教修会,世设：多元宇宙的构成,官方
提尔教会,9 世设\FR\COSW深水城\提尔教会.htm,7,世设：多元宇宙的构成 / 官方 / [部分内容] 被遗忘的国度 Forgotten Realm / [CoSW] 璀璨之深水城 / 深水城的人们 / 教会与宗教修会,世设：多元宇宙的构成,官方
安博里教会,9 世设\FR\COSW深水城\安博里教会.htm,7,世设：多元宇宙的构成 / 官方 / [部分内容] 被遗忘的国度 Forgotten Realm / [CoSW] 璀璨之深水城 / 深水城的人们 / 教会与宗教修会,世设：多元宇宙的构成,官方
销赃犯和走私者,9 世设\FR\COSW深水城\销赃犯和走私者.htm,6,世设：多元宇宙的构成 / 官方 / [部分内容] 被遗忘的国度 Forgotten Realm / [CoSW] 璀璨之深水城 / 深水城的人们,世设：多元宇宙的构成,官方
公会与商人,9 世设\FR\COSW深水城\公会与商人.html,6,世设：多元宇宙的构成 / 官方 / [部分内容] 被遗忘的国度 Forgotten Realm / [CoSW] 璀璨之深水城 / 深水城的人们,世设：多元宇宙的构成,官方
深水城诸领主,9 世设\FR\COSW深水城\深水城诸领主.htm,6,世设：多元宇宙的构成 / 官方 / [部分内容] 被遗忘的国度 Forgotten Realm / [CoSW] 璀璨之深水城 / 深水城的人们,世设：多元宇宙的构成,官方
雇佣兵与向导,9 世设\FR\COSW深水城\雇佣兵与向导.htm,6,世设：多元宇宙的构成 / 官方 / [部分内容] 被遗忘的国度 Forgotten Realm / [CoSW] 璀璨之深水城 / 深水城的人们,世设：多元宇宙的构成,官方
怪物,9 世设\FR\COSW深水城\怪物.htm,6,世设：多元宇宙的构成 / 官方 / [部分内容] 被遗忘的国度 Forgotten Realm / [CoSW] 璀璨之深水城 / 深水城的人们,世设：多元宇宙的构成,官方
龙,9 世设\FR\COSW深水城\龙.htm,7,世设：多元宇宙的构成 / 官方 / [部分内容] 被遗忘的国度 Forgotten Realm / [CoSW] 璀璨之深水城 / 深水城的人们 / 怪物,世设：多元宇宙的构成,官方
疫病之鼠,9 世设\FR\COSW深水城\疫病之鼠.htm,7,世设：多元宇宙的构成 / 官方 / [部分内容] 被遗忘的国度 Forgotten Realm / [CoSW] 璀璨之深水城 / 深水城的人们 / 怪物,世设：多元宇宙的构成,官方
暗潮学者,9 世设\FR\COSW深水城\暗潮学者.htm,7,世设：多元宇宙的构成 / 官方 / [部分内容] 被遗忘的国度 Forgotten Realm / [CoSW] 璀璨之深水城 / 深水城的人们 / 怪物,世设：多元宇宙的构成,官方
无形者,9 世设\FR\COSW深水城\无形者.htm,7,世设：多元宇宙的构成 / 官方 / [部分内容] 被遗忘的国度 Forgotten Realm / [CoSW] 璀璨之深水城 / 深水城的人们 / 怪物,世设：多元宇宙的构成,官方
吸血鬼,9 世设\FR\COSW深水城\吸血鬼.htm,7,世设：多元宇宙的构成 / 官方 / [部分内容] 被遗忘的国度 Forgotten Realm / [CoSW] 璀璨之深水城 / 深水城的人们 / 怪物,世设：多元宇宙的构成,官方
贵族,9 世设\FR\COSW深水城\贵族.htm,6,世设：多元宇宙的构成 / 官方 / [部分内容] 被遗忘的国度 Forgotten Realm / [CoSW] 璀璨之深水城 / 深水城的人们,世设：多元宇宙的构成,官方
阿达布伦特,9 世设\FR\COSW深水城\阿达布伦特.htm,7,世设：多元宇宙的构成 / 官方 / [部分内容] 被遗忘的国度 Forgotten Realm / [CoSW] 璀璨之深水城 / 深水城的人们 / 贵族,世设：多元宇宙的构成,官方
安姆卡斯拉,9 世设\FR\COSW深水城\安姆卡斯拉.html,7,世设：多元宇宙的构成 / 官方 / [部分内容] 被遗忘的国度 Forgotten Realm / [CoSW] 璀璨之深水城 / 深水城的人们 / 贵族,世设：多元宇宙的构成,官方
月星,9 世设\FR\COSW深水城\月星家族.htm,7,世设：多元宇宙的构成 / 官方 / [部分内容] 被遗忘的国度 Forgotten Realm / [CoSW] 璀璨之深水城 / 深水城的人们 / 贵族,世设：多元宇宙的构成,官方
坦恩,9 世设\FR\COSW深水城\坦恩家族.htm,7,世设：多元宇宙的构成 / 官方 / [部分内容] 被遗忘的国度 Forgotten Realm / [CoSW] 璀璨之深水城 / 深水城的人们 / 贵族,世设：多元宇宙的构成,官方
魔杖,9 世设\FR\COSW深水城\魔杖家族.htm,7,世设：多元宇宙的构成 / 官方 / [部分内容] 被遗忘的国度 Forgotten Realm / [CoSW] 璀璨之深水城 / 深水城的人们 / 贵族,世设：多元宇宙的构成,官方
边栏：其余贵族家族,9 世设\FR\COSW深水城\边栏：其他家族”.htm,7,世设：多元宇宙的构成 / 官方 / [部分内容] 被遗忘的国度 Forgotten Realm / [CoSW] 璀璨之深水城 / 深水城的人们 / 贵族,世设：多元宇宙的构成,官方
盗贼与恶徒,9 世设\FR\COSW深水城\盗贼和恶徒.htm,6,世设：多元宇宙的构成 / 官方 / [部分内容] 被遗忘的国度 Forgotten Realm / [CoSW] 璀璨之深水城 / 深水城的人们,世设：多元宇宙的构成,官方
眼之代理人,9 世设\FR\COSW深水城\眼之代理人.htm,7,世设：多元宇宙的构成 / 官方 / [部分内容] 被遗忘的国度 Forgotten Realm / [CoSW] 璀璨之深水城 / 深水城的人们 / 盗贼与恶徒,世设：多元宇宙的构成,官方
黑野猪部落,9 世设\FR\COSW深水城\黑野猪部落.htm,7,世设：多元宇宙的构成 / 官方 / [部分内容] 被遗忘的国度 Forgotten Realm / [CoSW] 璀璨之深水城 / 深水城的人们 / 盗贼与恶徒,世设：多元宇宙的构成,官方
牛鹿部落,9 世设\FR\COSW深水城\牛鹿部落.htm,7,世设：多元宇宙的构成 / 官方 / [部分内容] 被遗忘的国度 Forgotten Realm / [CoSW] 璀璨之深水城 / 深水城的人们 / 盗贼与恶徒,世设：多元宇宙的构成,官方
影贼,9 世设\FR\COSW深水城\影贼.htm,7,世设：多元宇宙的构成 / 官方 / [部分内容] 被遗忘的国度 Forgotten Realm / [CoSW] 璀璨之深水城 / 深水城的人们 / 盗贼与恶徒,世设：多元宇宙的构成,官方
独立代理人,9 世设\FR\COSW深水城\独立代理人.htm,7,世设：多元宇宙的构成 / 官方 / [部分内容] 被遗忘的国度 Forgotten Realm / [CoSW] 璀璨之深水城 / 深水城的人们 / 盗贼与恶徒,世设：多元宇宙的构成,官方
贤者与博学家,9 世设\FR\COSW深水城\贤者与博学家.htm,6,世设：多元宇宙的构成 / 官方 / [部分内容] 被遗忘的国度 Forgotten Realm / [CoSW] 璀璨之深水城 / 深水城的人们,世设：多元宇宙的构成,官方
秘密结社,9 世设\FR\COSW深水城\秘密结社.htm,6,世设：多元宇宙的构成 / 官方 / [部分内容] 被遗忘的国度 Forgotten Realm / [CoSW] 璀璨之深水城 / 深水城的人们,世设：多元宇宙的构成,官方
竖琴手,9 世设\FR\COSW深水城\竖琴手.htm,7,世设：多元宇宙的构成 / 官方 / [部分内容] 被遗忘的国度 Forgotten Realm / [CoSW] 璀璨之深水城 / 深水城的人们 / 秘密结社,世设：多元宇宙的构成,官方
坚盾骑士团,9 世设\FR\COSW深水城\坚盾骑士团.htm,7,世设：多元宇宙的构成 / 官方 / [部分内容] 被遗忘的国度 Forgotten Realm / [CoSW] 璀璨之深水城 / 深水城的人们 / 秘密结社,世设：多元宇宙的构成,官方
克拉肯结社,9 世设\FR\COSW深水城\克拉肯结社.htm,7,世设：多元宇宙的构成 / 官方 / [部分内容] 被遗忘的国度 Forgotten Realm / [CoSW] 璀璨之深水城 / 深水城的人们 / 秘密结社,世设：多元宇宙的构成,官方
红色饰带,9 世设\FR\COSW深水城\红色饰带.htm,7,世设：多元宇宙的构成 / 官方 / [部分内容] 被遗忘的国度 Forgotten Realm / [CoSW] 璀璨之深水城 / 深水城的人们 / 秘密结社,世设：多元宇宙的构成,官方
月星,9 世设\FR\COSW深水城\月星.htm,7,世设：多元宇宙的构成 / 官方 / [部分内容] 被遗忘的国度 Forgotten Realm / [CoSW] 璀璨之深水城 / 深水城的人们 / 秘密结社,世设：多元宇宙的构成,官方
深水城地点,9 世设\FR\COSW深水城\深水城地点.html,5,世设：多元宇宙的构成 / 官方 / [部分内容] 被遗忘的国度 Forgotten Realm / [CoSW] 璀璨之深水城,世设：多元宇宙的构成,官方
海滨区,9 世设\FR\COSW深水城\海滨区.html,6,世设：多元宇宙的构成 / 官方 / [部分内容] 被遗忘的国度 Forgotten Realm / [CoSW] 璀璨之深水城 / 深水城地点,世设：多元宇宙的构成,官方
北区,9 世设\FR\COSW深水城\北区.html,6,世设：多元宇宙的构成 / 官方 / [部分内容] 被遗忘的国度 Forgotten Realm / [CoSW] 璀璨之深水城 / 深水城地点,世设：多元宇宙的构成,官方
城堡区,9 世设\FR\COSW深水城\城堡区.html,6,世设：多元宇宙的构成 / 官方 / [部分内容] 被遗忘的国度 Forgotten Realm / [CoSW] 璀璨之深水城 / 深水城地点,世设：多元宇宙的构成,官方
贸易区,9 世设\FR\COSW深水城\贸易区.html,6,世设：多元宇宙的构成 / 官方 / [部分内容] 被遗忘的国度 Forgotten Realm / [CoSW] 璀璨之深水城 / 深水城地点,世设：多元宇宙的构成,官方
死者之城,9 世设\FR\COSW深水城\死者之城.html,6,世设：多元宇宙的构成 / 官方 / [部分内容] 被遗忘的国度 Forgotten Realm / [CoSW] 璀璨之深水城 / 深水城地点,世设：多元宇宙的构成,官方
码头区,9 世设\FR\COSW深水城\码头区.html,6,世设：多元宇宙的构成 / 官方 / [部分内容] 被遗忘的国度 Forgotten Realm / [CoSW] 璀璨之深水城 / 深水城地点,世设：多元宇宙的构成,官方
南区,9 世设\FR\COSW深水城\南区.html,6,世设：多元宇宙的构成 / 官方 / [部分内容] 被遗忘的国度 Forgotten Realm / [CoSW] 璀璨之深水城 / 深水城地点,世设：多元宇宙的构成,官方
深水港,9 世设\FR\COSW深水城\深水港.html,6,世设：多元宇宙的构成 / 官方 / [部分内容] 被遗忘的国度 Forgotten Realm / [CoSW] 璀璨之深水城 / 深水城地点,世设：多元宇宙的构成,官方
内部社区,9 世设\FR\COSW深水城\内部社区.html,6,世设：多元宇宙的构成 / 官方 / [部分内容] 被遗忘的国度 Forgotten Realm / [CoSW] 璀璨之深水城 / 深水城地点,世设：多元宇宙的构成,官方
进阶职业,,5,世设：多元宇宙的构成 / 官方 / [部分内容] 被遗忘的国度 Forgotten Realm / [CoSW] 璀璨之深水城,世设：多元宇宙的构成,官方
蓝月骑士,9 世设\FR\COSW深水城\蓝月骑士.htm,6,世设：多元宇宙的构成 / 官方 / [部分内容] 被遗忘的国度 Forgotten Realm / [CoSW] 璀璨之深水城 / 进阶职业,世设：多元宇宙的构成,官方
星月密探,9 世设\FR\COSW深水城\星月密探.htm,6,世设：多元宇宙的构成 / 官方 / [部分内容] 被遗忘的国度 Forgotten Realm / [CoSW] 璀璨之深水城 / 进阶职业,世设：多元宇宙的构成,官方
太阳魂武僧,9 世设\FR\COSW深水城\太阳魂武僧.htm,6,世设：多元宇宙的构成 / 官方 / [部分内容] 被遗忘的国度 Forgotten Realm / [CoSW] 璀璨之深水城 / 进阶职业,世设：多元宇宙的构成,官方
灰掌执法者,9 世设\FR\COSW深水城\灰掌执法者.htm,6,世设：多元宇宙的构成 / 官方 / [部分内容] 被遗忘的国度 Forgotten Realm / [CoSW] 璀璨之深水城 / 进阶职业,世设：多元宇宙的构成,官方
英雄与魔法,,5,世设：多元宇宙的构成 / 官方 / [部分内容] 被遗忘的国度 Forgotten Realm / [CoSW] 璀璨之深水城,世设：多元宇宙的构成,官方
专长,9 世设\FR\COSW深水城\专长.htm,6,世设：多元宇宙的构成 / 官方 / [部分内容] 被遗忘的国度 Forgotten Realm / [CoSW] 璀璨之深水城 / 英雄与魔法,世设：多元宇宙的构成,官方
魔法物品,9 世设\FR\COSW深水城\魔法物品.htm,6,世设：多元宇宙的构成 / 官方 / [部分内容] 被遗忘的国度 Forgotten Realm / [CoSW] 璀璨之深水城 / 英雄与魔法,世设：多元宇宙的构成,官方
武器特殊能力,9 世设\FR\COSW深水城\魔法武器.htm,7,世设：多元宇宙的构成 / 官方 / [部分内容] 被遗忘的国度 Forgotten Realm / [CoSW] 璀璨之深水城 / 英雄与魔法 / 魔法物品,世设：多元宇宙的构成,官方
特殊魔法武器,9 世设\FR\COSW深水城\特殊魔法武器.htm,7,世设：多元宇宙的构成 / 官方 / [部分内容] 被遗忘的国度 Forgotten Realm / [CoSW] 璀璨之深水城 / 英雄与魔法 / 魔法物品,世设：多元宇宙的构成,官方
法杖,9 世设\FR\COSW深水城\法杖.htm,7,世设：多元宇宙的构成 / 官方 / [部分内容] 被遗忘的国度 Forgotten Realm / [CoSW] 璀璨之深水城 / 英雄与魔法 / 魔法物品,世设：多元宇宙的构成,官方
戒指,9 世设\FR\COSW深水城\戒指.htm,7,世设：多元宇宙的构成 / 官方 / [部分内容] 被遗忘的国度 Forgotten Realm / [CoSW] 璀璨之深水城 / 英雄与魔法 / 魔法物品,世设：多元宇宙的构成,官方
奇物,9 世设\FR\COSW深水城\奇物.htm,7,世设：多元宇宙的构成 / 官方 / [部分内容] 被遗忘的国度 Forgotten Realm / [CoSW] 璀璨之深水城 / 英雄与魔法 / 魔法物品,世设：多元宇宙的构成,官方
毒药,9 世设\FR\COSW深水城\毒药.htm,7,世设：多元宇宙的构成 / 官方 / [部分内容] 被遗忘的国度 Forgotten Realm / [CoSW] 璀璨之深水城 / 英雄与魔法 / 魔法物品,世设：多元宇宙的构成,官方
次等神器,9 世设\FR\COSW深水城\次等神器.htm,7,世设：多元宇宙的构成 / 官方 / [部分内容] 被遗忘的国度 Forgotten Realm / [CoSW] 璀璨之深水城 / 英雄与魔法 / 魔法物品,世设：多元宇宙的构成,官方
法术详述,9 世设\FR\COSW深水城\法术详述.htm,6,世设：多元宇宙的构成 / 官方 / [部分内容] 被遗忘的国度 Forgotten Realm / [CoSW] 璀璨之深水城 / 英雄与魔法,世设：多元宇宙的构成,官方
怪物,9 世设\FR\COSW深水城\怪物.htm,5,世设：多元宇宙的构成 / 官方 / [部分内容] 被遗忘的国度 Forgotten Realm / [CoSW] 璀璨之深水城,世设：多元宇宙的构成,官方
斯卡拉达蝎,9 世设\FR\COSW深水城\斯卡拉达蝎.htm,6,世设：多元宇宙的构成 / 官方 / [部分内容] 被遗忘的国度 Forgotten Realm / [CoSW] 璀璨之深水城 / 怪物,世设：多元宇宙的构成,官方
盗思鸟,9 世设\FR\COSW深水城\盗思鸟.htm,6,世设：多元宇宙的构成 / 官方 / [部分内容] 被遗忘的国度 Forgotten Realm / [CoSW] 璀璨之深水城 / 怪物,世设：多元宇宙的构成,官方
守望蜘蛛,9 世设\FR\COSW深水城\守望蜘蛛Watchspider.htm,6,世设：多元宇宙的构成 / 官方 / [部分内容] 被遗忘的国度 Forgotten Realm / [CoSW] 璀璨之深水城 / 怪物,世设：多元宇宙的构成,官方
守卫石像鬼,9 世设\FR\COSW深水城\守卫石像鬼Guardgoyle.htm,6,世设：多元宇宙的构成 / 官方 / [部分内容] 被遗忘的国度 Forgotten Realm / [CoSW] 璀璨之深水城 / 怪物,世设：多元宇宙的构成,官方
拟声尖牙兽,9 世设\FR\COSW深水城\拟声尖牙兽Leucrotta.htm,6,世设：多元宇宙的构成 / 官方 / [部分内容] 被遗忘的国度 Forgotten Realm / [CoSW] 璀璨之深水城 / 怪物,世设：多元宇宙的构成,官方
深水城自走雕像,9 世设\FR\COSW深水城\深水城自走雕像Walking Statue of Waterdeep.htm,6,世设：多元宇宙的构成 / 官方 / [部分内容] 被遗忘的国度 Forgotten Realm / [CoSW] 璀璨之深水城 / 怪物,世设：多元宇宙的构成,官方
海缚灵,9 世设\FR\COSW深水城\海缚灵Wraith，Sea.htm,6,世设：多元宇宙的构成 / 官方 / [部分内容] 被遗忘的国度 Forgotten Realm / [CoSW] 璀璨之深水城 / 怪物,世设：多元宇宙的构成,官方
咒文吞食者,9 世设\FR\COSW深水城\咒文吞食者Dweomervore.htm,6,世设：多元宇宙的构成 / 官方 / [部分内容] 被遗忘的国度 Forgotten Realm / [CoSW] 璀璨之深水城 / 怪物,世设：多元宇宙的构成,官方
[CoV] 英勇斗士/荣光勇士,,4,世设：多元宇宙的构成 / 官方 / [部分内容] 被遗忘的国度 Forgotten Realm,世设：多元宇宙的构成,官方
引言,9 世设\FR\COV英勇斗士\引言.htm,5,世设：多元宇宙的构成 / 官方 / [部分内容] 被遗忘的国度 Forgotten Realm / [CoV] 英勇斗士/荣光勇士,世设：多元宇宙的构成,官方
英勇英雄,9 世设\FR\COV英勇斗士\英勇英雄.htm,5,世设：多元宇宙的构成 / 官方 / [部分内容] 被遗忘的国度 Forgotten Realm / [CoV] 英勇斗士/荣光勇士,世设：多元宇宙的构成,官方
费伦的善与恶,9 世设\FR\COV英勇斗士\费伦的善与恶.htm,6,世设：多元宇宙的构成 / 官方 / [部分内容] 被遗忘的国度 Forgotten Realm / [CoV] 英勇斗士/荣光勇士 / 英勇英雄,世设：多元宇宙的构成,官方
奖励英勇行为,9 世设\FR\COV英勇斗士\奖励英勇行为.htm,6,世设：多元宇宙的构成 / 官方 / [部分内容] 被遗忘的国度 Forgotten Realm / [CoV] 英勇斗士/荣光勇士 / 英勇英雄,世设：多元宇宙的构成,官方
DM的工作,9 世设\FR\COV英勇斗士\DM的工作.htm,6,世设：多元宇宙的构成 / 官方 / [部分内容] 被遗忘的国度 Forgotten Realm / [CoV] 英勇斗士/荣光勇士 / 英勇英雄,世设：多元宇宙的构成,官方
创造英勇挑战,9 世设\FR\COV英勇斗士\创造英勇挑战.htm,6,世设：多元宇宙的构成 / 官方 / [部分内容] 被遗忘的国度 Forgotten Realm / [CoV] 英勇斗士/荣光勇士 / 英勇英雄,世设：多元宇宙的构成,官方
英勇英雄原型,9 世设\FR\COV英勇斗士\英勇英雄原型.htm,6,世设：多元宇宙的构成 / 官方 / [部分内容] 被遗忘的国度 Forgotten Realm / [CoV] 英勇斗士/荣光勇士 / 英勇英雄,世设：多元宇宙的构成,官方
不完美的善良斗士,9 世设\FR\COV英勇斗士\不完美的善良斗士.htm,6,世设：多元宇宙的构成 / 官方 / [部分内容] 被遗忘的国度 Forgotten Realm / [CoV] 英勇斗士/荣光勇士 / 英勇英雄,世设：多元宇宙的构成,官方
角色对角色,9 世设\FR\COV英勇斗士\角色对角色.htm,6,世设：多元宇宙的构成 / 官方 / [部分内容] 被遗忘的国度 Forgotten Realm / [CoV] 英勇斗士/荣光勇士 / 英勇英雄,世设：多元宇宙的构成,官方
善良对善良,9 世设\FR\COV英勇斗士\善良对善良.htm,6,世设：多元宇宙的构成 / 官方 / [部分内容] 被遗忘的国度 Forgotten Realm / [CoV] 英勇斗士/荣光勇士 / 英勇英雄,世设：多元宇宙的构成,官方
其他扩展的种族,9 世设\FR\COV英勇斗士\其它扩展种族.htm,6,世设：多元宇宙的构成 / 官方 / [部分内容] 被遗忘的国度 Forgotten Realm / [CoV] 英勇斗士/荣光勇士 / 英勇英雄,世设：多元宇宙的构成,官方
英勇种族原型,9 世设\FR\COV英勇斗士\英雄种族原型.htm,6,世设：多元宇宙的构成 / 官方 / [部分内容] 被遗忘的国度 Forgotten Realm / [CoV] 英勇斗士/荣光勇士 / 英勇英雄,世设：多元宇宙的构成,官方
给英勇英雄的50件事,9 世设\FR\COV英勇斗士\给英勇英雄的50件事.htm,6,世设：多元宇宙的构成 / 官方 / [部分内容] 被遗忘的国度 Forgotten Realm / [CoV] 英勇斗士/荣光勇士 / 英勇英雄,世设：多元宇宙的构成,官方
角色选项,,5,世设：多元宇宙的构成 / 官方 / [部分内容] 被遗忘的国度 Forgotten Realm / [CoV] 英勇斗士/荣光勇士,世设：多元宇宙的构成,官方
地区背景,9 世设\FR\COV英勇斗士\地区背景.htm,6,世设：多元宇宙的构成 / 官方 / [部分内容] 被遗忘的国度 Forgotten Realm / [CoV] 英勇斗士/荣光勇士 / 角色选项,世设：多元宇宙的构成,官方
专长,9 世设\FR\COV英勇斗士\专长.htm,6,世设：多元宇宙的构成 / 官方 / [部分内容] 被遗忘的国度 Forgotten Realm / [CoV] 英勇斗士/荣光勇士 / 角色选项,世设：多元宇宙的构成,官方
职业替代等级,9 世设\FR\COV英勇斗士\职业替换等级.htm,6,世设：多元宇宙的构成 / 官方 / [部分内容] 被遗忘的国度 Forgotten Realm / [CoV] 英勇斗士/荣光勇士 / 角色选项,世设：多元宇宙的构成,官方
官网增补替代等级,9 世设\FR\COV英勇斗士\官网增补替代等级.htm,6,世设：多元宇宙的构成 / 官方 / [部分内容] 被遗忘的国度 Forgotten Realm / [CoV] 英勇斗士/荣光勇士 / 角色选项,世设：多元宇宙的构成,官方
法术详述,9 世设\FR\COV英勇斗士\法术详述.htm,6,世设：多元宇宙的构成 / 官方 / [部分内容] 被遗忘的国度 Forgotten Realm / [CoV] 英勇斗士/荣光勇士 / 角色选项,世设：多元宇宙的构成,官方
英勇组织,9 世设\FR\COV英勇斗士\英勇组织.html,5,世设：多元宇宙的构成 / 官方 / [部分内容] 被遗忘的国度 Forgotten Realm / [CoV] 英勇斗士/荣光勇士,世设：多元宇宙的构成,官方
北地骑士团,9 世设\FR\COV英勇斗士\北地骑士团.html,6,世设：多元宇宙的构成 / 官方 / [部分内容] 被遗忘的国度 Forgotten Realm / [CoV] 英勇斗士/荣光勇士 / 英勇组织,世设：多元宇宙的构成,官方
柔和之爪,9 世设\FR\COV英勇斗士\柔和之爪.html,6,世设：多元宇宙的构成 / 官方 / [部分内容] 被遗忘的国度 Forgotten Realm / [CoV] 英勇斗士/荣光勇士 / 英勇组织,世设：多元宇宙的构成,官方
高树德鲁伊,9 世设\FR\COV英勇斗士\高树德鲁伊.html,6,世设：多元宇宙的构成 / 官方 / [部分内容] 被遗忘的国度 Forgotten Realm / [CoV] 英勇斗士/荣光勇士 / 英勇组织,世设：多元宇宙的构成,官方
尖牙之盾,9 世设\FR\COV英勇斗士\尖牙之盾.html,6,世设：多元宇宙的构成 / 官方 / [部分内容] 被遗忘的国度 Forgotten Realm / [CoV] 英勇斗士/荣光勇士 / 英勇组织,世设：多元宇宙的构成,官方
紫杖同盟会,9 世设\FR\COV英勇斗士\紫杖同盟会.html,6,世设：多元宇宙的构成 / 官方 / [部分内容] 被遗忘的国度 Forgotten Realm / [CoV] 英勇斗士/荣光勇士 / 英勇组织,世设：多元宇宙的构成,官方
魔网卫士,9 世设\FR\COV英勇斗士\魔网卫士.html,6,世设：多元宇宙的构成 / 官方 / [部分内容] 被遗忘的国度 Forgotten Realm / [CoV] 英勇斗士/荣光勇士 / 英勇组织,世设：多元宇宙的构成,官方
飞猎骑士团,9 世设\FR\COV英勇斗士\飞猎骑士团.html,6,世设：多元宇宙的构成 / 官方 / [部分内容] 被遗忘的国度 Forgotten Realm / [CoV] 英勇斗士/荣光勇士 / 英勇组织,世设：多元宇宙的构成,官方
因菲拉斯二世骑士团,9 世设\FR\COV英勇斗士\因菲拉斯二世骑士团.html,6,世设：多元宇宙的构成 / 官方 / [部分内容] 被遗忘的国度 Forgotten Realm / [CoV] 英勇斗士/荣光勇士 / 英勇组织,世设：多元宇宙的构成,官方
小型组织,9 世设\FR\COV英勇斗士\小型组织.html,6,世设：多元宇宙的构成 / 官方 / [部分内容] 被遗忘的国度 Forgotten Realm / [CoV] 英勇斗士/荣光勇士 / 英勇组织,世设：多元宇宙的构成,官方
进阶职业,,5,世设：多元宇宙的构成 / 官方 / [部分内容] 被遗忘的国度 Forgotten Realm / [CoV] 英勇斗士/荣光勇士,世设：多元宇宙的构成,官方
魔网骑士,9 世设\FR\COV英勇斗士\魔网骑士.htm,6,世设：多元宇宙的构成 / 官方 / [部分内容] 被遗忘的国度 Forgotten Realm / [CoV] 英勇斗士/荣光勇士 / 进阶职业,世设：多元宇宙的构成,官方
三圣骑士,9 世设\FR\COV英勇斗士\三圣骑士.html,6,世设：多元宇宙的构成 / 官方 / [部分内容] 被遗忘的国度 Forgotten Realm / [CoV] 英勇斗士/荣光勇士 / 进阶职业,世设：多元宇宙的构成,官方
飞猎骑士,9 世设\FR\COV英勇斗士\飞猎骑士.htm,6,世设：多元宇宙的构成 / 官方 / [部分内容] 被遗忘的国度 Forgotten Realm / [CoV] 英勇斗士/荣光勇士 / 进阶职业,世设：多元宇宙的构成,官方
月之海天空哨卫,9 世设\FR\COV英勇斗士\月之海天空哨卫.htm,6,世设：多元宇宙的构成 / 官方 / [部分内容] 被遗忘的国度 Forgotten Realm / [CoV] 英勇斗士/荣光勇士 / 进阶职业,世设：多元宇宙的构成,官方
英勇地点,9 世设\FR\COV英勇斗士\英勇地点.html,5,世设：多元宇宙的构成 / 官方 / [部分内容] 被遗忘的国度 Forgotten Realm / [CoV] 英勇斗士/荣光勇士,世设：多元宇宙的构成,官方
路易曼修士洞穴,9 世设\FR\COV英勇斗士\路易曼修士洞穴.html,6,世设：多元宇宙的构成 / 官方 / [部分内容] 被遗忘的国度 Forgotten Realm / [CoV] 英勇斗士/荣光勇士 / 英勇地点,世设：多元宇宙的构成,官方
响彻正义礼拜堂,9 世设\FR\COV英勇斗士\响彻正义礼拜堂.html,6,世设：多元宇宙的构成 / 官方 / [部分内容] 被遗忘的国度 Forgotten Realm / [CoV] 英勇斗士/荣光勇士 / 英勇地点,世设：多元宇宙的构成,官方
卡尔林战场,9 世设\FR\COV英勇斗士\卡尔林战场.html,6,世设：多元宇宙的构成 / 官方 / [部分内容] 被遗忘的国度 Forgotten Realm / [CoV] 英勇斗士/荣光勇士 / 英勇地点,世设：多元宇宙的构成,官方
幽暗少女之跃,9 世设\FR\COV英勇斗士\幽暗少女之跃.html,6,世设：多元宇宙的构成 / 官方 / [部分内容] 被遗忘的国度 Forgotten Realm / [CoV] 英勇斗士/荣光勇士 / 英勇地点,世设：多元宇宙的构成,官方
莫洛·杜林哈尔,9 世设\FR\COV英勇斗士\莫洛·杜林哈尔.html,6,世设：多元宇宙的构成 / 官方 / [部分内容] 被遗忘的国度 Forgotten Realm / [CoV] 英勇斗士/荣光勇士 / 英勇地点,世设：多元宇宙的构成,官方
特米沙里尔,9 世设\FR\COV英勇斗士\特米沙里尔.html,6,世设：多元宇宙的构成 / 官方 / [部分内容] 被遗忘的国度 Forgotten Realm / [CoV] 英勇斗士/荣光勇士 / 英勇地点,世设：多元宇宙的构成,官方
鸣泣花园,9 世设\FR\COV英勇斗士\鸣泣花园.html,6,世设：多元宇宙的构成 / 官方 / [部分内容] 被遗忘的国度 Forgotten Realm / [CoV] 英勇斗士/荣光勇士 / 英勇地点,世设：多元宇宙的构成,官方
魔法物品,9 世设\FR\COV英勇斗士\魔法物品.html,5,世设：多元宇宙的构成 / 官方 / [部分内容] 被遗忘的国度 Forgotten Realm / [CoV] 英勇斗士/荣光勇士,世设：多元宇宙的构成,官方
埃尔布鲁因,9 世设\FR\COV英勇斗士\埃尔布鲁因.html,6,世设：多元宇宙的构成 / 官方 / [部分内容] 被遗忘的国度 Forgotten Realm / [CoV] 英勇斗士/荣光勇士 / 魔法物品,世设：多元宇宙的构成,官方
查森拜尔之心,9 世设\FR\COV英勇斗士\查森拜尔之心.html,6,世设：多元宇宙的构成 / 官方 / [部分内容] 被遗忘的国度 Forgotten Realm / [CoV] 英勇斗士/荣光勇士 / 魔法物品,世设：多元宇宙的构成,官方
多纳沃尔,9 世设\FR\COV英勇斗士\多纳沃尔.html,6,世设：多元宇宙的构成 / 官方 / [部分内容] 被遗忘的国度 Forgotten Realm / [CoV] 英勇斗士/荣光勇士 / 魔法物品,世设：多元宇宙的构成,官方
德卡手珊瑚,9 世设\FR\COV英勇斗士\德卡手珊瑚.html,6,世设：多元宇宙的构成 / 官方 / [部分内容] 被遗忘的国度 Forgotten Realm / [CoV] 英勇斗士/荣光勇士 / 魔法物品,世设：多元宇宙的构成,官方
信仰令牌,9 世设\FR\COV英勇斗士\信仰令牌.html,6,世设：多元宇宙的构成 / 官方 / [部分内容] 被遗忘的国度 Forgotten Realm / [CoV] 英勇斗士/荣光勇士 / 魔法物品,世设：多元宇宙的构成,官方
魔法武器特殊能力,9 世设\FR\COV英勇斗士\魔法武器特殊能力.html,6,世设：多元宇宙的构成 / 官方 / [部分内容] 被遗忘的国度 Forgotten Realm / [CoV] 英勇斗士/荣光勇士 / 魔法物品,世设：多元宇宙的构成,官方
飞猎盔甲,9 世设\FR\COV英勇斗士\飞猎盔甲.html,6,世设：多元宇宙的构成 / 官方 / [部分内容] 被遗忘的国度 Forgotten Realm / [CoV] 英勇斗士/荣光勇士 / 魔法物品,世设：多元宇宙的构成,官方
赞达耶瑞莉姆的永恒信物,9 世设\FR\COV英勇斗士\赞达耶瑞莉姆的永恒信物.html,6,世设：多元宇宙的构成 / 官方 / [部分内容] 被遗忘的国度 Forgotten Realm / [CoV] 英勇斗士/荣光勇士 / 魔法物品,世设：多元宇宙的构成,官方
真言之戒,9 世设\FR\COV英勇斗士\真言之戒.html,6,世设：多元宇宙的构成 / 官方 / [部分内容] 被遗忘的国度 Forgotten Realm / [CoV] 英勇斗士/荣光勇士 / 魔法物品,世设：多元宇宙的构成,官方
犹豫四剑,9 世设\FR\COV英勇斗士\犹豫四剑.html,6,世设：多元宇宙的构成 / 官方 / [部分内容] 被遗忘的国度 Forgotten Realm / [CoV] 英勇斗士/荣光勇士 / 魔法物品,世设：多元宇宙的构成,官方
竖琴手信物,9 世设\FR\COV英勇斗士\竖琴手信物.html,6,世设：多元宇宙的构成 / 官方 / [部分内容] 被遗忘的国度 Forgotten Realm / [CoV] 英勇斗士/荣光勇士 / 魔法物品,世设：多元宇宙的构成,官方
誓言战锤,9 世设\FR\COV英勇斗士\誓言战锤.html,6,世设：多元宇宙的构成 / 官方 / [部分内容] 被遗忘的国度 Forgotten Realm / [CoV] 英勇斗士/荣光勇士 / 魔法物品,世设：多元宇宙的构成,官方
风暴盔甲,9 世设\FR\COV英勇斗士\风暴盔甲.html,6,世设：多元宇宙的构成 / 官方 / [部分内容] 被遗忘的国度 Forgotten Realm / [CoV] 英勇斗士/荣光勇士 / 魔法物品,世设：多元宇宙的构成,官方
宁布罗传令官大衣,9 世设\FR\COV英勇斗士\宁布罗传令官大衣.html,6,世设：多元宇宙的构成 / 官方 / [部分内容] 被遗忘的国度 Forgotten Realm / [CoV] 英勇斗士/荣光勇士 / 魔法物品,世设：多元宇宙的构成,官方
哈德利斯,9 世设\FR\COV英勇斗士\哈德利斯.html,6,世设：多元宇宙的构成 / 官方 / [部分内容] 被遗忘的国度 Forgotten Realm / [CoV] 英勇斗士/荣光勇士 / 魔法物品,世设：多元宇宙的构成,官方
次级神器,9 世设\FR\COV英勇斗士\次级神器.html,6,世设：多元宇宙的构成 / 官方 / [部分内容] 被遗忘的国度 Forgotten Realm / [CoV] 英勇斗士/荣光勇士 / 魔法物品,世设：多元宇宙的构成,官方
救赎物品,9 世设\FR\COV英勇斗士\救赎物品.html,6,世设：多元宇宙的构成 / 官方 / [部分内容] 被遗忘的国度 Forgotten Realm / [CoV] 英勇斗士/荣光勇士 / 魔法物品,世设：多元宇宙的构成,官方
善良探员,9 世设\FR\COV英勇斗士\善良探员.html,5,世设：多元宇宙的构成 / 官方 / [部分内容] 被遗忘的国度 Forgotten Realm / [CoV] 英勇斗士/荣光勇士,世设：多元宇宙的构成,官方
NPC,9 世设\FR\COV英勇斗士\NPC.html,6,世设：多元宇宙的构成 / 官方 / [部分内容] 被遗忘的国度 Forgotten Realm / [CoV] 英勇斗士/荣光勇士 / 善良探员,世设：多元宇宙的构成,官方
巴克拉·希斯普尔,9 世设\FR\COV英勇斗士\巴克拉·希斯普尔.html,7,世设：多元宇宙的构成 / 官方 / [部分内容] 被遗忘的国度 Forgotten Realm / [CoV] 英勇斗士/荣光勇士 / 善良探员 / NPC,世设：多元宇宙的构成,官方
布伦沃尔·白额,9 世设\FR\COV英勇斗士\布伦沃尔·白额.html,7,世设：多元宇宙的构成 / 官方 / [部分内容] 被遗忘的国度 Forgotten Realm / [CoV] 英勇斗士/荣光勇士 / 善良探员 / NPC,世设：多元宇宙的构成,官方
布雷扬·破石者,9 世设\FR\COV英勇斗士\布雷扬·破石者.html,7,世设：多元宇宙的构成 / 官方 / [部分内容] 被遗忘的国度 Forgotten Realm / [CoV] 英勇斗士/荣光勇士 / 善良探员 / NPC,世设：多元宇宙的构成,官方
达尔西里亚,9 世设\FR\COV英勇斗士\达尔西里亚.html,7,世设：多元宇宙的构成 / 官方 / [部分内容] 被遗忘的国度 Forgotten Realm / [CoV] 英勇斗士/荣光勇士 / 善良探员 / NPC,世设：多元宇宙的构成,官方
多格法尔·颤岩,9 世设\FR\COV英勇斗士\多格法尔·颤岩.html,7,世设：多元宇宙的构成 / 官方 / [部分内容] 被遗忘的国度 Forgotten Realm / [CoV] 英勇斗士/荣光勇士 / 善良探员 / NPC,世设：多元宇宙的构成,官方
凯莉·塔林德拉斯,9 世设\FR\COV英勇斗士\凯莉·塔林德拉斯.html,7,世设：多元宇宙的构成 / 官方 / [部分内容] 被遗忘的国度 Forgotten Realm / [CoV] 英勇斗士/荣光勇士 / 善良探员 / NPC,世设：多元宇宙的构成,官方
拉玛斯-泰斯·安克,9 世设\FR\COV英勇斗士\拉玛斯-泰斯·安克.html,7,世设：多元宇宙的构成 / 官方 / [部分内容] 被遗忘的国度 Forgotten Realm / [CoV] 英勇斗士/荣光勇士 / 善良探员 / NPC,世设：多元宇宙的构成,官方
林登·瓦索托,9 世设\FR\COV英勇斗士\林登·瓦索托.html,7,世设：多元宇宙的构成 / 官方 / [部分内容] 被遗忘的国度 Forgotten Realm / [CoV] 英勇斗士/荣光勇士 / 善良探员 / NPC,世设：多元宇宙的构成,官方
萨拉德·格德雷格斯特,9 世设\FR\COV英勇斗士\萨拉德·格德雷格斯特.html,7,世设：多元宇宙的构成 / 官方 / [部分内容] 被遗忘的国度 Forgotten Realm / [CoV] 英勇斗士/荣光勇士 / 善良探员 / NPC,世设：多元宇宙的构成,官方
风暴之翼,9 世设\FR\COV英勇斗士\风暴之翼.html,7,世设：多元宇宙的构成 / 官方 / [部分内容] 被遗忘的国度 Forgotten Realm / [CoV] 英勇斗士/荣光勇士 / 善良探员 / NPC,世设：多元宇宙的构成,官方
怪物,9 世设\FR\COV英勇斗士\怪物.html,6,世设：多元宇宙的构成 / 官方 / [部分内容] 被遗忘的国度 Forgotten Realm / [CoV] 英勇斗士/荣光勇士 / 善良探员,世设：多元宇宙的构成,官方
战斗雕像,9 世设\FR\COV英勇斗士\战斗雕像.html,7,世设：多元宇宙的构成 / 官方 / [部分内容] 被遗忘的国度 Forgotten Realm / [CoV] 英勇斗士/荣光勇士 / 善良探员 / 怪物,世设：多元宇宙的构成,官方
马类,9 世设\FR\COV英勇斗士\马类.html,7,世设：多元宇宙的构成 / 官方 / [部分内容] 被遗忘的国度 Forgotten Realm / [CoV] 英勇斗士/荣光勇士 / 善良探员 / 怪物,世设：多元宇宙的构成,官方
[PoF] 费伦的势力,,4,世设：多元宇宙的构成 / 官方 / [部分内容] 被遗忘的国度 Forgotten Realm,世设：多元宇宙的构成,官方
引言,9 世设\FR\PoF费伦的势力\引言.htm,5,世设：多元宇宙的构成 / 官方 / [部分内容] 被遗忘的国度 Forgotten Realm / [PoF] 费伦的势力,世设：多元宇宙的构成,官方
游戏性资源,,5,世设：多元宇宙的构成 / 官方 / [部分内容] 被遗忘的国度 Forgotten Realm / [PoF] 费伦的势力,世设：多元宇宙的构成,官方
进阶职业,,6,世设：多元宇宙的构成 / 官方 / [部分内容] 被遗忘的国度 Forgotten Realm / [PoF] 费伦的势力 / 游戏性资源,世设：多元宇宙的构成,官方
宫廷纹章官,9 世设\FR\PoF费伦的势力\进阶：宫廷纹章官.htm,7,世设：多元宇宙的构成 / 官方 / [部分内容] 被遗忘的国度 Forgotten Realm / [PoF] 费伦的势力 / 游戏性资源 / 进阶职业,世设：多元宇宙的构成,官方
商贾君王,9 世设\FR\PoF费伦的势力\进阶：商贾君王.htm,7,世设：多元宇宙的构成 / 官方 / [部分内容] 被遗忘的国度 Forgotten Realm / [PoF] 费伦的势力 / 游戏性资源 / 进阶职业,世设：多元宇宙的构成,官方
专长,9 世设\FR\PoF费伦的势力\专长.htm,6,世设：多元宇宙的构成 / 官方 / [部分内容] 被遗忘的国度 Forgotten Realm / [PoF] 费伦的势力 / 游戏性资源,世设：多元宇宙的构成,官方
草药与疾病,9 世设\FR\PoF费伦的势力\草药与疾病.htm,6,世设：多元宇宙的构成 / 官方 / [部分内容] 被遗忘的国度 Forgotten Realm / [PoF] 费伦的势力 / 游戏性资源,世设：多元宇宙的构成,官方
宫廷秩序,9 世设\FR\PoF费伦的势力\宫廷秩序.htm,5,世设：多元宇宙的构成 / 官方 / [部分内容] 被遗忘的国度 Forgotten Realm / [PoF] 费伦的势力,世设：多元宇宙的构成,官方
现世领袖,9 世设\FR\PoF费伦的势力\现世领袖.htm,6,世设：多元宇宙的构成 / 官方 / [部分内容] 被遗忘的国度 Forgotten Realm / [PoF] 费伦的势力 / 宫廷秩序,世设：多元宇宙的构成,官方
游玩政治游戏,9 世设\FR\PoF费伦的势力\游玩政治游戏.htm,6,世设：多元宇宙的构成 / 官方 / [部分内容] 被遗忘的国度 Forgotten Realm / [PoF] 费伦的势力 / 宫廷秩序,世设：多元宇宙的构成,官方
获得头衔,9 世设\FR\PoF费伦的势力\获得头衔.htm,6,世设：多元宇宙的构成 / 官方 / [部分内容] 被遗忘的国度 Forgotten Realm / [PoF] 费伦的势力 / 宫廷秩序,世设：多元宇宙的构成,官方
获得头衔(边境),9 世设\FR\PoF费伦的势力\获得头衔（边境）.htm,7,世设：多元宇宙的构成 / 官方 / [部分内容] 被遗忘的国度 Forgotten Realm / [PoF] 费伦的势力 / 宫廷秩序 / 获得头衔,世设：多元宇宙的构成,官方
统治国度,9 世设\FR\PoF费伦的势力\统治国度.htm,6,世设：多元宇宙的构成 / 官方 / [部分内容] 被遗忘的国度 Forgotten Realm / [PoF] 费伦的势力 / 宫廷秩序,世设：多元宇宙的构成,官方
冲突,9 世设\FR\PoF费伦的势力\宫廷冲突.htm,6,世设：多元宇宙的构成 / 官方 / [部分内容] 被遗忘的国度 Forgotten Realm / [PoF] 费伦的势力 / 宫廷秩序,世设：多元宇宙的构成,官方
奖赏,9 世设\FR\PoF费伦的势力\奖赏（宫廷）.htm,6,世设：多元宇宙的构成 / 官方 / [部分内容] 被遗忘的国度 Forgotten Realm / [PoF] 费伦的势力 / 宫廷秩序,世设：多元宇宙的构成,官方
宫廷堡垒,9 世设\FR\PoF费伦的势力\宫廷堡垒.htm,6,世设：多元宇宙的构成 / 官方 / [部分内容] 被遗忘的国度 Forgotten Realm / [PoF] 费伦的势力 / 宫廷秩序,世设：多元宇宙的构成,官方
范例：高塔王庭,9 世设\FR\PoF费伦的势力\范例：高塔王庭.htm,6,世设：多元宇宙的构成 / 官方 / [部分内容] 被遗忘的国度 Forgotten Realm / [PoF] 费伦的势力 / 宫廷秩序,世设：多元宇宙的构成,官方
赢得战场,9 世设\FR\PoF费伦的势力\赢得战场.htm,5,世设：多元宇宙的构成 / 官方 / [部分内容] 被遗忘的国度 Forgotten Realm / [PoF] 费伦的势力,世设：多元宇宙的构成,官方
指挥的负担,9 世设\FR\PoF费伦的势力\指挥的负担.htm,6,世设：多元宇宙的构成 / 官方 / [部分内容] 被遗忘的国度 Forgotten Realm / [PoF] 费伦的势力 / 赢得战场,世设：多元宇宙的构成,官方
游玩军事游戏,9 世设\FR\PoF费伦的势力\游玩军事游戏.htm,6,世设：多元宇宙的构成 / 官方 / [部分内容] 被遗忘的国度 Forgotten Realm / [PoF] 费伦的势力 / 赢得战场,世设：多元宇宙的构成,官方
获得军衔,9 世设\FR\PoF费伦的势力\获得军衔.htm,6,世设：多元宇宙的构成 / 官方 / [部分内容] 被遗忘的国度 Forgotten Realm / [PoF] 费伦的势力 / 赢得战场,世设：多元宇宙的构成,官方
领导军队,9 世设\FR\PoF费伦的势力\领导军队.htm,6,世设：多元宇宙的构成 / 官方 / [部分内容] 被遗忘的国度 Forgotten Realm / [PoF] 费伦的势力 / 赢得战场,世设：多元宇宙的构成,官方
冲突,9 世设\FR\PoF费伦的势力\军事冲突.htm,6,世设：多元宇宙的构成 / 官方 / [部分内容] 被遗忘的国度 Forgotten Realm / [PoF] 费伦的势力 / 赢得战场,世设：多元宇宙的构成,官方
奖赏,9 世设\FR\PoF费伦的势力\奖赏（军事）.htm,6,世设：多元宇宙的构成 / 官方 / [部分内容] 被遗忘的国度 Forgotten Realm / [PoF] 费伦的势力 / 赢得战场,世设：多元宇宙的构成,官方
军事堡垒,9 世设\FR\PoF费伦的势力\军事堡垒.htm,6,世设：多元宇宙的构成 / 官方 / [部分内容] 被遗忘的国度 Forgotten Realm / [PoF] 费伦的势力 / 赢得战场,世设：多元宇宙的构成,官方
范例：索斯利珊帝国,9 世设\FR\PoF费伦的势力\范例：索斯利珊帝国.htm,6,世设：多元宇宙的构成 / 官方 / [部分内容] 被遗忘的国度 Forgotten Realm / [PoF] 费伦的势力 / 赢得战场,世设：多元宇宙的构成,官方
维持信仰,9 世设\FR\PoF费伦的势力\维持信仰.htm,5,世设：多元宇宙的构成 / 官方 / [部分内容] 被遗忘的国度 Forgotten Realm / [PoF] 费伦的势力,世设：多元宇宙的构成,官方
精神领袖,9 世设\FR\PoF费伦的势力\精神领袖.htm,6,世设：多元宇宙的构成 / 官方 / [部分内容] 被遗忘的国度 Forgotten Realm / [PoF] 费伦的势力 / 维持信仰,世设：多元宇宙的构成,官方
游玩宗教游戏,9 世设\FR\PoF费伦的势力\游玩宗教游戏.htm,6,世设：多元宇宙的构成 / 官方 / [部分内容] 被遗忘的国度 Forgotten Realm / [PoF] 费伦的势力 / 维持信仰,世设：多元宇宙的构成,官方
提升等阶,9 世设\FR\PoF费伦的势力\提升等阶.htm,6,世设：多元宇宙的构成 / 官方 / [部分内容] 被遗忘的国度 Forgotten Realm / [PoF] 费伦的势力 / 维持信仰,世设：多元宇宙的构成,官方
引导羊群,9 世设\FR\PoF费伦的势力\引导羊群.htm,6,世设：多元宇宙的构成 / 官方 / [部分内容] 被遗忘的国度 Forgotten Realm / [PoF] 费伦的势力 / 维持信仰,世设：多元宇宙的构成,官方
冲突,9 世设\FR\PoF费伦的势力\信仰冲突.htm,6,世设：多元宇宙的构成 / 官方 / [部分内容] 被遗忘的国度 Forgotten Realm / [PoF] 费伦的势力 / 维持信仰,世设：多元宇宙的构成,官方
奖赏,9 世设\FR\PoF费伦的势力\奖赏（信仰）.htm,6,世设：多元宇宙的构成 / 官方 / [部分内容] 被遗忘的国度 Forgotten Realm / [PoF] 费伦的势力 / 维持信仰,世设：多元宇宙的构成,官方
宗教堡垒,9 世设\FR\PoF费伦的势力\宗教堡垒.htm,6,世设：多元宇宙的构成 / 官方 / [部分内容] 被遗忘的国度 Forgotten Realm / [PoF] 费伦的势力 / 维持信仰,世设：多元宇宙的构成,官方
范例：阿曼纳塔之上升,9 世设\FR\PoF费伦的势力\范例：阿曼纳塔之上升.htm,6,世设：多元宇宙的构成 / 官方 / [部分内容] 被遗忘的国度 Forgotten Realm / [PoF] 费伦的势力 / 维持信仰,世设：多元宇宙的构成,官方
玩转市场,9 世设\FR\PoF费伦的势力\玩转市场.htm,5,世设：多元宇宙的构成 / 官方 / [部分内容] 被遗忘的国度 Forgotten Realm / [PoF] 费伦的势力,世设：多元宇宙的构成,官方
商业领袖,9 世设\FR\PoF费伦的势力\商业领袖.htm,6,世设：多元宇宙的构成 / 官方 / [部分内容] 被遗忘的国度 Forgotten Realm / [PoF] 费伦的势力 / 玩转市场,世设：多元宇宙的构成,官方
游玩经济游戏,9 世设\FR\PoF费伦的势力\游玩经济游戏.htm,6,世设：多元宇宙的构成 / 官方 / [部分内容] 被遗忘的国度 Forgotten Realm / [PoF] 费伦的势力 / 玩转市场,世设：多元宇宙的构成,官方
创建贸易联盟,9 世设\FR\PoF费伦的势力\创建贸易联盟.htm,6,世设：多元宇宙的构成 / 官方 / [部分内容] 被遗忘的国度 Forgotten Realm / [PoF] 费伦的势力 / 玩转市场,世设：多元宇宙的构成,官方
进阶：商贾君王,9 世设\FR\PoF费伦的势力\进阶：商贾君王.htm,6,世设：多元宇宙的构成 / 官方 / [部分内容] 被遗忘的国度 Forgotten Realm / [PoF] 费伦的势力 / 玩转市场,世设：多元宇宙的构成,官方
控制市场,9 世设\FR\PoF费伦的势力\控制市场.htm,6,世设：多元宇宙的构成 / 官方 / [部分内容] 被遗忘的国度 Forgotten Realm / [PoF] 费伦的势力 / 玩转市场,世设：多元宇宙的构成,官方
冲突,9 世设\FR\PoF费伦的势力\市场冲突.htm,6,世设：多元宇宙的构成 / 官方 / [部分内容] 被遗忘的国度 Forgotten Realm / [PoF] 费伦的势力 / 玩转市场,世设：多元宇宙的构成,官方
奖赏,9 世设\FR\PoF费伦的势力\奖赏（经济）.htm,6,世设：多元宇宙的构成 / 官方 / [部分内容] 被遗忘的国度 Forgotten Realm / [PoF] 费伦的势力 / 玩转市场,世设：多元宇宙的构成,官方
经济堡垒,9 世设\FR\PoF费伦的势力\经济堡垒.htm,6,世设：多元宇宙的构成 / 官方 / [部分内容] 被遗忘的国度 Forgotten Realm / [PoF] 费伦的势力 / 玩转市场,世设：多元宇宙的构成,官方
范例：碎裂王座,9 世设\FR\PoF费伦的势力\范例：碎裂王座.htm,6,世设：多元宇宙的构成 / 官方 / [部分内容] 被遗忘的国度 Forgotten Realm / [PoF] 费伦的势力 / 玩转市场,世设：多元宇宙的构成,官方
驯服边疆,9 世设\FR\PoF费伦的势力\驯服边疆.html,5,世设：多元宇宙的构成 / 官方 / [部分内容] 被遗忘的国度 Forgotten Realm / [PoF] 费伦的势力,世设：多元宇宙的构成,官方
边境领袖,9 世设\FR\PoF费伦的势力\边境领袖.htm,6,世设：多元宇宙的构成 / 官方 / [部分内容] 被遗忘的国度 Forgotten Realm / [PoF] 费伦的势力 / 驯服边疆,世设：多元宇宙的构成,官方
游玩边境游戏,9 世设\FR\PoF费伦的势力\游玩边境游戏.htm,6,世设：多元宇宙的构成 / 官方 / [部分内容] 被遗忘的国度 Forgotten Realm / [PoF] 费伦的势力 / 驯服边疆,世设：多元宇宙的构成,官方
获得头衔,9 世设\FR\PoF费伦的势力\获得头衔.htm,6,世设：多元宇宙的构成 / 官方 / [部分内容] 被遗忘的国度 Forgotten Realm / [PoF] 费伦的势力 / 驯服边疆,世设：多元宇宙的构成,官方
统治封地,9 世设\FR\PoF费伦的势力\统治封地.htm,6,世设：多元宇宙的构成 / 官方 / [部分内容] 被遗忘的国度 Forgotten Realm / [PoF] 费伦的势力 / 驯服边疆,世设：多元宇宙的构成,官方
冲突,9 世设\FR\PoF费伦的势力\边境冲突.htm,6,世设：多元宇宙的构成 / 官方 / [部分内容] 被遗忘的国度 Forgotten Realm / [PoF] 费伦的势力 / 驯服边疆,世设：多元宇宙的构成,官方
奖赏,9 世设\FR\PoF费伦的势力\奖赏（边境）.htm,6,世设：多元宇宙的构成 / 官方 / [部分内容] 被遗忘的国度 Forgotten Realm / [PoF] 费伦的势力 / 驯服边疆,世设：多元宇宙的构成,官方
边境堡垒,9 世设\FR\PoF费伦的势力\边境堡垒.htm,6,世设：多元宇宙的构成 / 官方 / [部分内容] 被遗忘的国度 Forgotten Realm / [PoF] 费伦的势力 / 驯服边疆,世设：多元宇宙的构成,官方
范例：星影男爵领,9 世设\FR\PoF费伦的势力\范例：星影男爵领.htm,6,世设：多元宇宙的构成 / 官方 / [部分内容] 被遗忘的国度 Forgotten Realm / [PoF] 费伦的势力 / 驯服边疆,世设：多元宇宙的构成,官方
道路之王,9 世设\FR\PoF费伦的势力\道路之王.htm,5,世设：多元宇宙的构成 / 官方 / [部分内容] 被遗忘的国度 Forgotten Realm / [PoF] 费伦的势力,世设：多元宇宙的构成,官方
法律的长臂,9 世设\FR\PoF费伦的势力\法律的长臂.htm,6,世设：多元宇宙的构成 / 官方 / [部分内容] 被遗忘的国度 Forgotten Realm / [PoF] 费伦的势力 / 道路之王,世设：多元宇宙的构成,官方
进阶：宫廷纹章官,9 世设\FR\PoF费伦的势力\进阶：宫廷纹章官.htm,6,世设：多元宇宙的构成 / 官方 / [部分内容] 被遗忘的国度 Forgotten Realm / [PoF] 费伦的势力 / 道路之王,世设：多元宇宙的构成,官方
游玩游荡游戏,9 世设\FR\PoF费伦的势力\游玩游荡游戏.htm,6,世设：多元宇宙的构成 / 官方 / [部分内容] 被遗忘的国度 Forgotten Realm / [PoF] 费伦的势力 / 道路之王,世设：多元宇宙的构成,官方
高级挑战,9 世设\FR\PoF费伦的势力\高级挑战.htm,5,世设：多元宇宙的构成 / 官方 / [部分内容] 被遗忘的国度 Forgotten Realm / [PoF] 费伦的势力,世设：多元宇宙的构成,官方
神祇,9 世设\FR\PoF费伦的势力\神祇.htm,6,世设：多元宇宙的构成 / 官方 / [部分内容] 被遗忘的国度 Forgotten Realm / [PoF] 费伦的势力 / 高级挑战,世设：多元宇宙的构成,官方
高等巨龙,9 世设\FR\PoF费伦的势力\高等巨龙.htm,6,世设：多元宇宙的构成 / 官方 / [部分内容] 被遗忘的国度 Forgotten Realm / [PoF] 费伦的势力 / 高级挑战,世设：多元宇宙的构成,官方
敌对冒险者,9 世设\FR\PoF费伦的势力\敌对冒险者.htm,6,世设：多元宇宙的构成 / 官方 / [部分内容] 被遗忘的国度 Forgotten Realm / [PoF] 费伦的势力 / 高级挑战,世设：多元宇宙的构成,官方
侵略军队与部落,9 世设\FR\PoF费伦的势力\侵略军队与部落.htm,6,世设：多元宇宙的构成 / 官方 / [部分内容] 被遗忘的国度 Forgotten Realm / [PoF] 费伦的势力 / 高级挑战,世设：多元宇宙的构成,官方
边境王国,9 世设\FR\PoF费伦的势力\边境王国.htm,5,世设：多元宇宙的构成 / 官方 / [部分内容] 被遗忘的国度 Forgotten Realm / [PoF] 费伦的势力,世设：多元宇宙的构成,官方
阿达格拉斯特,9 世设\FR\PoF费伦的势力\阿达格拉斯特.htm,6,世设：多元宇宙的构成 / 官方 / [部分内容] 被遗忘的国度 Forgotten Realm / [PoF] 费伦的势力 / 边境王国,世设：多元宇宙的构成,官方
黑鞍男爵领,9 世设\FR\PoF费伦的势力\黑鞍男爵领.htm,6,世设：多元宇宙的构成 / 官方 / [部分内容] 被遗忘的国度 Forgotten Realm / [PoF] 费伦的势力 / 边境王国,世设：多元宇宙的构成,官方
贝多恩,9 世设\FR\PoF费伦的势力\贝多恩.htm,6,世设：多元宇宙的构成 / 官方 / [部分内容] 被遗忘的国度 Forgotten Realm / [PoF] 费伦的势力 / 边境王国,世设：多元宇宙的构成,官方
德拉斯克,9 世设\FR\PoF费伦的势力\德拉斯克.htm,6,世设：多元宇宙的构成 / 官方 / [部分内容] 被遗忘的国度 Forgotten Realm / [PoF] 费伦的势力 / 边境王国,世设：多元宇宙的构成,官方
薄暮森林,9 世设\FR\PoF费伦的势力\薄暮森林.htm,6,世设：多元宇宙的构成 / 官方 / [部分内容] 被遗忘的国度 Forgotten Realm / [PoF] 费伦的势力 / 边境王国,世设：多元宇宙的构成,官方
香塔尔大公国,9 世设\FR\PoF费伦的势力\香塔尔大公国.htm,6,世设：多元宇宙的构成 / 官方 / [部分内容] 被遗忘的国度 Forgotten Realm / [PoF] 费伦的势力 / 边境王国,世设：多元宇宙的构成,官方
艾尔,9 世设\FR\PoF费伦的势力\艾尔.htm,6,世设：多元宇宙的构成 / 官方 / [部分内容] 被遗忘的国度 Forgotten Realm / [PoF] 费伦的势力 / 边境王国,世设：多元宇宙的构成,官方
均达林,9 世设\FR\PoF费伦的势力\均达林.htm,6,世设：多元宇宙的构成 / 官方 / [部分内容] 被遗忘的国度 Forgotten Realm / [PoF] 费伦的势力 / 边境王国,世设：多元宇宙的构成,官方
双王子之地,9 世设\FR\PoF费伦的势力\双王子之地.htm,6,世设：多元宇宙的构成 / 官方 / [部分内容] 被遗忘的国度 Forgotten Realm / [PoF] 费伦的势力 / 边境王国,世设：多元宇宙的构成,官方
卢斯贝恩,9 世设\FR\PoF费伦的势力\卢斯贝恩.htm,6,世设：多元宇宙的构成 / 官方 / [部分内容] 被遗忘的国度 Forgotten Realm / [PoF] 费伦的势力 / 边境王国,世设：多元宇宙的构成,官方
众河镇,9 世设\FR\PoF费伦的势力\众河镇.htm,6,世设：多元宇宙的构成 / 官方 / [部分内容] 被遗忘的国度 Forgotten Realm / [PoF] 费伦的势力 / 边境王国,世设：多元宇宙的构成,官方
耐斯立足森林,9 世设\FR\PoF费伦的势力\耐斯立足森林.htm,6,世设：多元宇宙的构成 / 官方 / [部分内容] 被遗忘的国度 Forgotten Realm / [PoF] 费伦的势力 / 边境王国,世设：多元宇宙的构成,官方
奥布尔,9 世设\FR\PoF费伦的势力\奥布尔.htm,6,世设：多元宇宙的构成 / 官方 / [部分内容] 被遗忘的国度 Forgotten Realm / [PoF] 费伦的势力 / 边境王国,世设：多元宇宙的构成,官方
昂迪姆,9 世设\FR\PoF费伦的势力\昂迪姆.htm,6,世设：多元宇宙的构成 / 官方 / [部分内容] 被遗忘的国度 Forgotten Realm / [PoF] 费伦的势力 / 边境王国,世设：多元宇宙的构成,官方
枭堡,9 世设\FR\PoF费伦的势力\枭堡.htm,6,世设：多元宇宙的构成 / 官方 / [部分内容] 被遗忘的国度 Forgotten Realm / [PoF] 费伦的势力 / 边境王国,世设：多元宇宙的构成,官方
奎斯森林,9 世设\FR\PoF费伦的势力\奎斯森林.htm,6,世设：多元宇宙的构成 / 官方 / [部分内容] 被遗忘的国度 Forgotten Realm / [PoF] 费伦的势力 / 边境王国,世设：多元宇宙的构成,官方
峰峦王国,9 世设\FR\PoF费伦的势力\峰峦王国.htm,6,世设：多元宇宙的构成 / 官方 / [部分内容] 被遗忘的国度 Forgotten Realm / [PoF] 费伦的势力 / 边境王国,世设：多元宇宙的构成,官方
枕戈之地,9 世设\FR\PoF费伦的势力\枕戈之地.htm,6,世设：多元宇宙的构成 / 官方 / [部分内容] 被遗忘的国度 Forgotten Realm / [PoF] 费伦的势力 / 边境王国,世设：多元宇宙的构成,官方
如何统治,9 世设\FR\PoF费伦的势力\如何统治.htm,5,世设：多元宇宙的构成 / 官方 / [部分内容] 被遗忘的国度 Forgotten Realm / [PoF] 费伦的势力,世设：多元宇宙的构成,官方
统治本身即为奖励,9 世设\FR\PoF费伦的势力\统治本身即为奖励.htm,6,世设：多元宇宙的构成 / 官方 / [部分内容] 被遗忘的国度 Forgotten Realm / [PoF] 费伦的势力 / 如何统治,世设：多元宇宙的构成,官方
领导力,9 世设\FR\PoF费伦的势力\领导力.htm,6,世设：多元宇宙的构成 / 官方 / [部分内容] 被遗忘的国度 Forgotten Realm / [PoF] 费伦的势力 / 如何统治,世设：多元宇宙的构成,官方
影响力,9 世设\FR\PoF费伦的势力\影响力.htm,6,世设：多元宇宙的构成 / 官方 / [部分内容] 被遗忘的国度 Forgotten Realm / [PoF] 费伦的势力 / 如何统治,世设：多元宇宙的构成,官方
[MotM] 月海秘辛,,4,世设：多元宇宙的构成 / 官方 / [部分内容] 被遗忘的国度 Forgotten Realm,世设：多元宇宙的构成,官方
引言,9 世设\FR\MotM月海秘辛\引言.htm,5,世设：多元宇宙的构成 / 官方 / [部分内容] 被遗忘的国度 Forgotten Realm / [MotM] 月海秘辛,世设：多元宇宙的构成,官方
梅尔沃特与北部,9 世设\FR\MotM月海秘辛\梅尔沃特与北部.htm,5,世设：多元宇宙的构成 / 官方 / [部分内容] 被遗忘的国度 Forgotten Realm / [MotM] 月海秘辛,世设：多元宇宙的构成,官方
梅尔沃特，众剑之城,9 世设\FR\MotM月海秘辛\梅尔沃特，众剑之城.htm,6,世设：多元宇宙的构成 / 官方 / [部分内容] 被遗忘的国度 Forgotten Realm / [MotM] 月海秘辛 / 梅尔沃特与北部,世设：多元宇宙的构成,官方
梅尔沃特中的敌人,9 世设\FR\MotM月海秘辛\梅尔沃特中的敌人.htm,6,世设：多元宇宙的构成 / 官方 / [部分内容] 被遗忘的国度 Forgotten Realm / [MotM] 月海秘辛 / 梅尔沃特与北部,世设：多元宇宙的构成,官方
梅尔沃特的谣言,9 世设\FR\MotM月海秘辛\梅尔沃特的谣言.htm,6,世设：多元宇宙的构成 / 官方 / [部分内容] 被遗忘的国度 Forgotten Realm / [MotM] 月海秘辛 / 梅尔沃特与北部,世设：多元宇宙的构成,官方
远山镇与南部,9 世设\FR\MotM月海秘辛\远山镇与南部.htm,5,世设：多元宇宙的构成 / 官方 / [部分内容] 被遗忘的国度 Forgotten Realm / [MotM] 月海秘辛,世设：多元宇宙的构成,官方
远山镇，贸易之城,9 世设\FR\MotM月海秘辛\远山镇，贸易之城.htm,6,世设：多元宇宙的构成 / 官方 / [部分内容] 被遗忘的国度 Forgotten Realm / [MotM] 月海秘辛 / 远山镇与南部,世设：多元宇宙的构成,官方
穆尔玛斯特与东部,9 世设\FR\MotM月海秘辛\穆尔玛斯特与东部.htm,5,世设：多元宇宙的构成 / 官方 / [部分内容] 被遗忘的国度 Forgotten Realm / [MotM] 月海秘辛,世设：多元宇宙的构成,官方
穆尔玛斯特，危机之城,9 世设\FR\MotM月海秘辛\穆尔玛斯特，危机之城.htm,6,世设：多元宇宙的构成 / 官方 / [部分内容] 被遗忘的国度 Forgotten Realm / [MotM] 月海秘辛 / 穆尔玛斯特与东部,世设：多元宇宙的构成,官方
散提尔堡与西部,9 世设\FR\MotM月海秘辛\散提尔堡与西部.htm,5,世设：多元宇宙的构成 / 官方 / [部分内容] 被遗忘的国度 Forgotten Realm / [MotM] 月海秘辛,世设：多元宇宙的构成,官方
散提尔堡,9 世设\FR\MotM月海秘辛\散提尔堡.htm,6,世设：多元宇宙的构成 / 官方 / [部分内容] 被遗忘的国度 Forgotten Realm / [MotM] 月海秘辛 / 散提尔堡与西部,世设：多元宇宙的构成,官方
[DrF] 费伦的巨龙,,4,世设：多元宇宙的构成 / 官方 / [部分内容] 被遗忘的国度 Forgotten Realm,世设：多元宇宙的构成,官方
前言,9 世设\FR\DrF费伦的龙\前言\引言.htm,5,世设：多元宇宙的构成 / 官方 / [部分内容] 被遗忘的国度 Forgotten Realm / [DrF] 费伦的巨龙,世设：多元宇宙的构成,官方
使用本书,9 世设\FR\DrF费伦的龙\前言\使用本书.html,6,世设：多元宇宙的构成 / 官方 / [部分内容] 被遗忘的国度 Forgotten Realm / [DrF] 费伦的巨龙 / 前言,世设：多元宇宙的构成,官方
以龙为中心的战役,9 世设\FR\DrF费伦的龙\前言\以龙为中心的战役.html,6,世设：多元宇宙的构成 / 官方 / [部分内容] 被遗忘的国度 Forgotten Realm / [DrF] 费伦的巨龙 / 前言,世设：多元宇宙的构成,官方
你需要什么来进行游戏,9 世设\FR\DrF费伦的龙\前言\你需要什么来进行游戏.html,6,世设：多元宇宙的构成 / 官方 / [部分内容] 被遗忘的国度 Forgotten Realm / [DrF] 费伦的巨龙 / 前言,世设：多元宇宙的构成,官方
世界上的真龙,9 世设\FR\DrF费伦的龙\世界上的龙\世界上的真龙.html,5,世设：多元宇宙的构成 / 官方 / [部分内容] 被遗忘的国度 Forgotten Realm / [DrF] 费伦的巨龙,世设：多元宇宙的构成,官方
龙类的历史,9 世设\FR\DrF费伦的龙\世界上的龙\龙类的历史.html,6,世设：多元宇宙的构成 / 官方 / [部分内容] 被遗忘的国度 Forgotten Realm / [DrF] 费伦的巨龙 / 世界上的真龙,世设：多元宇宙的构成,官方
龙的角色,9 世设\FR\DrF费伦的龙\世界上的龙\龙的角色.html,6,世设：多元宇宙的构成 / 官方 / [部分内容] 被遗忘的国度 Forgotten Realm / [DrF] 费伦的巨龙 / 世界上的真龙,世设：多元宇宙的构成,官方
真龙,9 世设\FR\DrF费伦的龙\世界上的龙\真龙\真龙.html,6,世设：多元宇宙的构成 / 官方 / [部分内容] 被遗忘的国度 Forgotten Realm / [DrF] 费伦的巨龙 / 世界上的真龙,世设：多元宇宙的构成,官方
金焰阿洛斯克劳巴拉,9 世设\FR\DrF费伦的龙\世界上的龙\真龙\金焰阿洛斯克劳巴拉.html,7,世设：多元宇宙的构成 / 官方 / [部分内容] 被遗忘的国度 Forgotten Realm / [DrF] 费伦的巨龙 / 世界上的真龙 / 真龙,世设：多元宇宙的构成,官方
深渊守卫安塔西李克斯,9 世设\FR\DrF费伦的龙\世界上的龙\真龙\深渊守卫安塔西李克斯.html,7,世设：多元宇宙的构成 / 官方 / [部分内容] 被遗忘的国度 Forgotten Realm / [DrF] 费伦的巨龙 / 世界上的真龙 / 真龙,世设：多元宇宙的构成,官方
"Arsekaslyx，""Guardian of the well""",9 世设\FR\DrF费伦的龙\世界上的龙\真龙\Arsekaslyx，“Guardian of the well”.html,7,世设：多元宇宙的构成 / 官方 / [部分内容] 被遗忘的国度 Forgotten Realm / [DrF] 费伦的巨龙 / 世界上的真龙 / 真龙,世设：多元宇宙的构成,官方
"艾尔维娅图莱丝(Arveiaturace)""The white worm""",9 世设\FR\DrF费伦的龙\世界上的龙\真龙\艾尔维娅图莱丝（Arveiaturace）“The white worm”.html,7,世设：多元宇宙的构成 / 官方 / [部分内容] 被遗忘的国度 Forgotten Realm / [DrF] 费伦的巨龙 / 世界上的真龙 / 真龙,世设：多元宇宙的构成,官方
"Buchembrallor""The Terror of Velen""",9 世设\FR\DrF费伦的龙\世界上的龙\真龙\Buchembrallor“The Terror of Velen”.html,7,世设：多元宇宙的构成 / 官方 / [部分内容] 被遗忘的国度 Forgotten Realm / [DrF] 费伦的巨龙 / 世界上的真龙 / 真龙,世设：多元宇宙的构成,官方
"克劳吉丽娅玛塔(Claugiyliamatar)""Old Gnawbone""",9 世设\FR\DrF费伦的龙\世界上的龙\真龙\克劳吉丽娅玛塔(Claugiyliamatar)“Old Gnawbone”.html,7,世设：多元宇宙的构成 / 官方 / [部分内容] 被遗忘的国度 Forgotten Realm / [DrF] 费伦的巨龙 / 世界上的真龙 / 真龙,世设：多元宇宙的构成,官方
"""锐齿(sharpfangs)""艾薇柯拉萨格兰",9 世设\FR\DrF费伦的龙\世界上的龙\真龙\“锐齿(sharpfangs)”艾薇柯拉萨格兰.html,7,世设：多元宇宙的构成 / 官方 / [部分内容] 被遗忘的国度 Forgotten Realm / [DrF] 费伦的巨龙 / 世界上的真龙 / 真龙,世设：多元宇宙的构成,官方
"夏兰薇珞丝(Jalanvaloss)，""千法之龙""",9 世设\FR\DrF费伦的龙\世界上的龙\真龙\夏兰薇珞丝(Jalanvaloss)，“千法之龙”.html,7,世设：多元宇宙的构成 / 官方 / [部分内容] 被遗忘的国度 Forgotten Realm / [DrF] 费伦的巨龙 / 世界上的真龙 / 真龙,世设：多元宇宙的构成,官方
"Nartheling，""master of the mountain""",9 世设\FR\DrF费伦的龙\世界上的龙\真龙\Nartheling，“master of the mountain”.html,7,世设：多元宇宙的构成 / 官方 / [部分内容] 被遗忘的国度 Forgotten Realm / [DrF] 费伦的巨龙 / 世界上的真龙 / 真龙,世设：多元宇宙的构成,官方
"奥罗森特(Olothontor)，""The Minstrel Wyrm""",9 世设\FR\DrF费伦的龙\世界上的龙\真龙\奥罗森特(Olothontor)，“The Minstrel Wyrm”.html,7,世设：多元宇宙的构成 / 官方 / [部分内容] 被遗忘的国度 Forgotten Realm / [DrF] 费伦的巨龙 / 世界上的真龙 / 真龙,世设：多元宇宙的构成,官方
"Protanther，""King of the Ice""",9 世设\FR\DrF费伦的龙\世界上的龙\真龙\Protanther，“King of the Ice”.html,7,世设：多元宇宙的构成 / 官方 / [部分内容] 被遗忘的国度 Forgotten Realm / [DrF] 费伦的巨龙 / 世界上的真龙 / 真龙,世设：多元宇宙的构成,官方
"赛琳黛拉格罗斯托(Saryndalaghlothtor)，""Lady Gemcloak""",9 世设\FR\DrF费伦的龙\世界上的龙\真龙\赛琳黛拉格罗斯托(Saryndalaghlothtor)，“Lady Gemcloak”.html,7,世设：多元宇宙的构成 / 官方 / [部分内容] 被遗忘的国度 Forgotten Realm / [DrF] 费伦的巨龙 / 世界上的真龙 / 真龙,世设：多元宇宙的构成,官方
"Taraunramorlamurla，""Serenescales""",9 世设\FR\DrF费伦的龙\世界上的龙\真龙\Taraunramorlamurla，“Serenescales”.html,7,世设：多元宇宙的构成 / 官方 / [部分内容] 被遗忘的国度 Forgotten Realm / [DrF] 费伦的巨龙 / 世界上的真龙 / 真龙,世设：多元宇宙的构成,官方
察斯萨(Tchazzar)，提亚马特的选民,9 世设\FR\DrF费伦的龙\世界上的龙\真龙\察斯萨(Tchazzar)，提亚马特的选民.html,7,世设：多元宇宙的构成 / 官方 / [部分内容] 被遗忘的国度 Forgotten Realm / [DrF] 费伦的巨龙 / 世界上的真龙 / 真龙,世设：多元宇宙的构成,官方
"""银焰""塔斯庭·雅洛斯劳夫(Tostyn Alaerthmaugh)",9 世设\FR\DrF费伦的龙\世界上的龙\真龙\“银焰”塔斯庭·雅洛斯劳夫(Tostyn Alaerthmaugh).html,7,世设：多元宇宙的构成 / 官方 / [部分内容] 被遗忘的国度 Forgotten Realm / [DrF] 费伦的巨龙 / 世界上的真龙 / 真龙,世设：多元宇宙的构成,官方
北地的龙,9 世设\FR\DrF费伦的龙\世界上的龙\北地的龙.html,6,世设：多元宇宙的构成 / 官方 / [部分内容] 被遗忘的国度 Forgotten Realm / [DrF] 费伦的巨龙 / 世界上的真龙,世设：多元宇宙的构成,官方
亡灵真龙,9 世设\FR\DrF费伦的龙\世界上的龙\亡灵真龙\亡灵真龙.htm,6,世设：多元宇宙的构成 / 官方 / [部分内容] 被遗忘的国度 Forgotten Realm / [DrF] 费伦的巨龙 / 世界上的真龙,世设：多元宇宙的构成,官方
"Alasklerbanbastos, the Great Bone Wyrm",9 世设\FR\DrF费伦的龙\世界上的龙\亡灵真龙\Alasklerbanbastos.html,7,世设：多元宇宙的构成 / 官方 / [部分内容] 被遗忘的国度 Forgotten Realm / [DrF] 费伦的巨龙 / 世界上的真龙 / 亡灵真龙,世设：多元宇宙的构成,官方
"Dretchroyaster,""The Monarch Reborn""","9 世设\FR\DrF费伦的龙\世界上的龙\亡灵真龙\Dretchroyaster,“The Monarch Reborn”.html",7,世设：多元宇宙的构成 / 官方 / [部分内容] 被遗忘的国度 Forgotten Realm / [DrF] 费伦的巨龙 / 世界上的真龙 / 亡灵真龙,世设：多元宇宙的构成,官方
"Ghaulantatra, ""Old Mother Wyrm""","9 世设\FR\DrF费伦的龙\世界上的龙\亡灵真龙\Ghaulantatra, “Old Mother Wyrm”.html",7,世设：多元宇宙的构成 / 官方 / [部分内容] 被遗忘的国度 Forgotten Realm / [DrF] 费伦的巨龙 / 世界上的真龙 / 亡灵真龙,世设：多元宇宙的构成,官方
"Iltharagh,""Golden Night""","9 世设\FR\DrF费伦的龙\世界上的龙\亡灵真龙\Iltharagh,“Golden Night”.html",7,世设：多元宇宙的构成 / 官方 / [部分内容] 被遗忘的国度 Forgotten Realm / [DrF] 费伦的巨龙 / 世界上的真龙 / 亡灵真龙,世设：多元宇宙的构成,官方
拜龙教,9 世设\FR\DrF费伦的龙\拜龙教\拜龙教.html,5,世设：多元宇宙的构成 / 官方 / [部分内容] 被遗忘的国度 Forgotten Realm / [DrF] 费伦的巨龙,世设：多元宇宙的构成,官方
拜龙教的历史,9 世设\FR\DrF费伦的龙\拜龙教\拜龙教的历史.html,6,世设：多元宇宙的构成 / 官方 / [部分内容] 被遗忘的国度 Forgotten Realm / [DrF] 费伦的巨龙 / 拜龙教,世设：多元宇宙的构成,官方
组织,9 世设\FR\DrF费伦的龙\拜龙教\组织.html,6,世设：多元宇宙的构成 / 官方 / [部分内容] 被遗忘的国度 Forgotten Realm / [DrF] 费伦的巨龙 / 拜龙教,世设：多元宇宙的构成,官方
拜龙教基层组织,9 世设\FR\DrF费伦的龙\拜龙教\拜龙教基层组织.html,6,世设：多元宇宙的构成 / 官方 / [部分内容] 被遗忘的国度 Forgotten Realm / [DrF] 费伦的巨龙 / 拜龙教,世设：多元宇宙的构成,官方
龙之井,9 世设\FR\DrF费伦的龙\拜龙教\龙之井.html,7,世设：多元宇宙的构成 / 官方 / [部分内容] 被遗忘的国度 Forgotten Realm / [DrF] 费伦的巨龙 / 拜龙教 / 拜龙教基层组织,世设：多元宇宙的构成,官方
莫尔克塔,9 世设\FR\DrF费伦的龙\拜龙教\莫尔克塔.html,7,世设：多元宇宙的构成 / 官方 / [部分内容] 被遗忘的国度 Forgotten Realm / [DrF] 费伦的巨龙 / 拜龙教 / 拜龙教基层组织,世设：多元宇宙的构成,官方
桑比亚,9 世设\FR\DrF费伦的龙\拜龙教\桑比亚.html,7,世设：多元宇宙的构成 / 官方 / [部分内容] 被遗忘的国度 Forgotten Realm / [DrF] 费伦的巨龙 / 拜龙教 / 拜龙教基层组织,世设：多元宇宙的构成,官方
Wyrmsmoke,9 世设\FR\DrF费伦的龙\拜龙教\Wyrmsmoke.html,7,世设：多元宇宙的构成 / 官方 / [部分内容] 被遗忘的国度 Forgotten Realm / [DrF] 费伦的巨龙 / 拜龙教 / 拜龙教基层组织,世设：多元宇宙的构成,官方
鳞之道的追随者,9 世设\FR\DrF费伦的龙\拜龙教\鳞之道的追随者.html,6,世设：多元宇宙的构成 / 官方 / [部分内容] 被遗忘的国度 Forgotten Realm / [DrF] 费伦的巨龙 / 拜龙教,世设：多元宇宙的构成,官方
拜龙教的魔法,9 世设\FR\DrF费伦的龙\拜龙教\拜龙教的魔法.html,6,世设：多元宇宙的构成 / 官方 / [部分内容] 被遗忘的国度 Forgotten Realm / [DrF] 费伦的巨龙 / 拜龙教,世设：多元宇宙的构成,官方
Karthaut的悬崖,9 世设\FR\DrF费伦的龙\拜龙教\Karthaut的悬崖.html,6,世设：多元宇宙的构成 / 官方 / [部分内容] 被遗忘的国度 Forgotten Realm / [DrF] 费伦的巨龙 / 拜龙教,世设：多元宇宙的构成,官方
冒险提要,9 世设\FR\DrF费伦的龙\拜龙教\冒险提要.html,7,世设：多元宇宙的构成 / 官方 / [部分内容] 被遗忘的国度 Forgotten Realm / [DrF] 费伦的巨龙 / 拜龙教 / Karthaut的悬崖,世设：多元宇宙的构成,官方
龙后的暴政,9 世设\FR\DrF费伦的龙\龙后的暴政\龙后的暴政.html,5,世设：多元宇宙的构成 / 官方 / [部分内容] 被遗忘的国度 Forgotten Realm / [DrF] 费伦的巨龙,世设：多元宇宙的构成,官方
恩瑟：龙后的国度,9 世设\FR\DrF费伦的龙\龙后的暴政\恩瑟：龙后的国度.html,6,世设：多元宇宙的构成 / 官方 / [部分内容] 被遗忘的国度 Forgotten Realm / [DrF] 费伦的巨龙 / 龙后的暴政,世设：多元宇宙的构成,官方
色雷斯凯：骨龙之地,9 世设\FR\DrF费伦的龙\龙后的暴政\色雷斯凯：骨龙之地.html,6,世设：多元宇宙的构成 / 官方 / [部分内容] 被遗忘的国度 Forgotten Realm / [DrF] 费伦的巨龙 / 龙后的暴政,世设：多元宇宙的构成,官方
提亚马特的教会,9 世设\FR\DrF费伦的龙\龙后的暴政\提亚马特的教会.html,6,世设：多元宇宙的构成 / 官方 / [部分内容] 被遗忘的国度 Forgotten Realm / [DrF] 费伦的巨龙 / 龙后的暴政,世设：多元宇宙的构成,官方
鳞之祭坛,9 世设\FR\DrF费伦的龙\龙后的暴政\鳞之祭坛.html,6,世设：多元宇宙的构成 / 官方 / [部分内容] 被遗忘的国度 Forgotten Realm / [DrF] 费伦的巨龙 / 龙后的暴政,世设：多元宇宙的构成,官方
龙的组织,9 世设\FR\DrF费伦的龙\龙的组织\龙的组织.html,5,世设：多元宇宙的构成 / 官方 / [部分内容] 被遗忘的国度 Forgotten Realm / [DrF] 费伦的巨龙,世设：多元宇宙的构成,官方
莫雷米之血,9 世设\FR\DrF费伦的龙\龙的组织\莫雷米之血.html,6,世设：多元宇宙的构成 / 官方 / [部分内容] 被遗忘的国度 Forgotten Realm / [DrF] 费伦的巨龙 / 龙的组织,世设：多元宇宙的构成,官方
察斯萨教会,9 世设\FR\DrF费伦的龙\龙的组织\察斯萨教会.html,6,世设：多元宇宙的构成 / 官方 / [部分内容] 被遗忘的国度 Forgotten Realm / [DrF] 费伦的巨龙 / 龙的组织,世设：多元宇宙的构成,官方
集会,9 世设\FR\DrF费伦的龙\龙的组织\集会.html,6,世设：多元宇宙的构成 / 官方 / [部分内容] 被遗忘的国度 Forgotten Realm / [DrF] 费伦的巨龙 / 龙的组织,世设：多元宇宙的构成,官方
Orogoth家族,9 世设\FR\DrF费伦的龙\龙的组织\Orogoth家族.html,6,世设：多元宇宙的构成 / 官方 / [部分内容] 被遗忘的国度 Forgotten Realm / [DrF] 费伦的巨龙 / 龙的组织,世设：多元宇宙的构成,官方
埃森布拉姐妹会,9 世设\FR\DrF费伦的龙\龙的组织\埃森布拉姐妹会.html,6,世设：多元宇宙的构成 / 官方 / [部分内容] 被遗忘的国度 Forgotten Realm / [DrF] 费伦的巨龙 / 龙的组织,世设：多元宇宙的构成,官方
正义之爪,9 世设\FR\DrF费伦的龙\龙的组织\正义之爪.html,6,世设：多元宇宙的构成 / 官方 / [部分内容] 被遗忘的国度 Forgotten Realm / [DrF] 费伦的巨龙 / 龙的组织,世设：多元宇宙的构成,官方
龙巢,9 世设\FR\DrF费伦的龙\龙巢\龙巢.html,5,世设：多元宇宙的构成 / 官方 / [部分内容] 被遗忘的国度 Forgotten Realm / [DrF] 费伦的巨龙,世设：多元宇宙的构成,官方
巢穴陷阱,9 世设\FR\DrF费伦的龙\龙巢\巢穴陷阱.html,6,世设：多元宇宙的构成 / 官方 / [部分内容] 被遗忘的国度 Forgotten Realm / [DrF] 费伦的巨龙 / 龙巢,世设：多元宇宙的构成,官方
巢穴的危险,9 世设\FR\DrF费伦的龙\龙巢\巢穴的危险.html,6,世设：多元宇宙的构成 / 官方 / [部分内容] 被遗忘的国度 Forgotten Realm / [DrF] 费伦的巨龙 / 龙巢,世设：多元宇宙的构成,官方
与龙相关的生物,9 世设\FR\DrF费伦的龙\龙巢\与龙有关的生物.html,6,世设：多元宇宙的构成 / 官方 / [部分内容] 被遗忘的国度 Forgotten Realm / [DrF] 费伦的巨龙 / 龙巢,世设：多元宇宙的构成,官方
与龙有关的法术,9 世设\FR\DrF费伦的龙\与龙有关的魔法\与龙有关的法术.html,5,世设：多元宇宙的构成 / 官方 / [部分内容] 被遗忘的国度 Forgotten Realm / [DrF] 费伦的巨龙,世设：多元宇宙的构成,官方
快速查询,9 世设\FR\DrF费伦的龙\与龙有关的魔法\快速查询.html,6,世设：多元宇宙的构成 / 官方 / [部分内容] 被遗忘的国度 Forgotten Realm / [DrF] 费伦的巨龙 / 与龙有关的法术,世设：多元宇宙的构成,官方
新法术,9 世设\FR\DrF费伦的龙\与龙有关的魔法\新法术.html,6,世设：多元宇宙的构成 / 官方 / [部分内容] 被遗忘的国度 Forgotten Realm / [DrF] 费伦的巨龙 / 与龙有关的法术,世设：多元宇宙的构成,官方
传奇法术,9 世设\FR\DrF费伦的龙\与龙有关的魔法\传奇法术.html,6,世设：多元宇宙的构成 / 官方 / [部分内容] 被遗忘的国度 Forgotten Realm / [DrF] 费伦的巨龙 / 与龙有关的法术,世设：多元宇宙的构成,官方
魔法物品,9 世设\FR\DrF费伦的龙\魔法物品\魔法物品.html,5,世设：多元宇宙的构成 / 官方 / [部分内容] 被遗忘的国度 Forgotten Realm / [DrF] 费伦的巨龙,世设：多元宇宙的构成,官方
魔法武器,9 世设\FR\DrF费伦的龙\魔法物品\魔法武器.html,6,世设：多元宇宙的构成 / 官方 / [部分内容] 被遗忘的国度 Forgotten Realm / [DrF] 费伦的巨龙 / 魔法物品,世设：多元宇宙的构成,官方
其他魔法物品,9 世设\FR\DrF费伦的龙\魔法物品\其它魔法物品.html,6,世设：多元宇宙的构成 / 官方 / [部分内容] 被遗忘的国度 Forgotten Realm / [DrF] 费伦的巨龙 / 魔法物品,世设：多元宇宙的构成,官方
次等神器,9 世设\FR\DrF费伦的龙\魔法物品\次等神器.html,6,世设：多元宇宙的构成 / 官方 / [部分内容] 被遗忘的国度 Forgotten Realm / [DrF] 费伦的巨龙 / 魔法物品,世设：多元宇宙的构成,官方
高等神器,9 世设\FR\DrF费伦的龙\魔法物品\高等神器.html,6,世设：多元宇宙的构成 / 官方 / [部分内容] 被遗忘的国度 Forgotten Realm / [DrF] 费伦的巨龙 / 魔法物品,世设：多元宇宙的构成,官方
新的龙,9 世设\FR\DrF费伦的龙\新的龙\新的龙.html,5,世设：多元宇宙的构成 / 官方 / [部分内容] 被遗忘的国度 Forgotten Realm / [DrF] 费伦的巨龙,世设：多元宇宙的构成,官方
水银龙,9 世设\FR\DrF费伦的龙\新的龙\水银龙.html,6,世设：多元宇宙的构成 / 官方 / [部分内容] 被遗忘的国度 Forgotten Realm / [DrF] 费伦的巨龙 / 新的龙,世设：多元宇宙的构成,官方
钢龙,9 世设\FR\DrF费伦的龙\新的龙\钢龙.html,6,世设：多元宇宙的构成 / 官方 / [部分内容] 被遗忘的国度 Forgotten Realm / [DrF] 费伦的巨龙 / 新的龙,世设：多元宇宙的构成,官方
雾龙,9 世设\FR\DrF费伦的龙\新的龙\雾龙.html,6,世设：多元宇宙的构成 / 官方 / [部分内容] 被遗忘的国度 Forgotten Realm / [DrF] 费伦的巨龙 / 新的龙,世设：多元宇宙的构成,官方
附录：Roll Call of Dragons,9 世设\FR\DrF费伦的龙\附录_Roll_Call_of_Dragons.html,5,世设：多元宇宙的构成 / 官方 / [部分内容] 被遗忘的国度 Forgotten Realm / [DrF] 费伦的巨龙,世设：多元宇宙的构成,官方
[暂缺][MC:MoF] 怪物大全：费伦的怪物 (3e),10 附录\填充页面.htm,4,世设：多元宇宙的构成 / 官方 / [部分内容] 被遗忘的国度 Forgotten Realm,世设：多元宇宙的构成,官方
[暂缺][MoF] 费伦的魔法 (3e),10 附录\填充页面.htm,4,世设：多元宇宙的构成 / 官方 / [部分内容] 被遗忘的国度 Forgotten Realm,世设：多元宇宙的构成,官方
[暂缺][RoF] 费伦的种族 (3e),10 附录\填充页面.htm,4,世设：多元宇宙的构成 / 官方 / [部分内容] 被遗忘的国度 Forgotten Realm,世设：多元宇宙的构成,官方
[暂缺][LoD] 黑暗之主 (3e),10 附录\填充页面.htm,4,世设：多元宇宙的构成 / 官方 / [部分内容] 被遗忘的国度 Forgotten Realm,世设：多元宇宙的构成,官方
[暂缺][UE] 绝境东域 (3e),10 附录\填充页面.htm,4,世设：多元宇宙的构成 / 官方 / [部分内容] 被遗忘的国度 Forgotten Realm,世设：多元宇宙的构成,官方
[暂缺][F＆P] 信仰与神系 (3e),10 附录\填充页面.htm,4,世设：多元宇宙的构成 / 官方 / [部分内容] 被遗忘的国度 Forgotten Realm,世设：多元宇宙的构成,官方
[暂缺][SM/SiM] 银色联邦 (3e),10 附录\填充页面.htm,4,世设：多元宇宙的构成 / 官方 / [部分内容] 被遗忘的国度 Forgotten Realm,世设：多元宇宙的构成,官方
艾伯伦 Eberron,,3,世设：多元宇宙的构成 / 官方,世设：多元宇宙的构成,官方
[ECS] 艾伯伦战役设定集,9 世设\艾伯伦\ECS艾伯伦战役设定集\封面.htm,4,世设：多元宇宙的构成 / 官方 / 艾伯伦 Eberron,世设：多元宇宙的构成,官方
概述,9 世设\艾伯伦\ECS艾伯伦战役设定集\0概述\概述.htm,5,世设：多元宇宙的构成 / 官方 / 艾伯伦 Eberron / [ECS] 艾伯伦战役设定集,世设：多元宇宙的构成,官方
制作人名单(中译),9 世设\艾伯伦\ECS艾伯伦战役设定集\0概述\制作人名单（中译）.htm,6,世设：多元宇宙的构成 / 官方 / 艾伯伦 Eberron / [ECS] 艾伯伦战役设定集 / 概述,世设：多元宇宙的构成,官方
制作人名单(英),9 世设\艾伯伦\ECS艾伯伦战役设定集\0概述\制作人名单（英）.htm,6,世设：多元宇宙的构成 / 官方 / 艾伯伦 Eberron / [ECS] 艾伯伦战役设定集 / 概述,世设：多元宇宙的构成,官方
十大要点,9 世设\艾伯伦\ECS艾伯伦战役设定集\0概述\十大要点.htm,6,世设：多元宇宙的构成 / 官方 / 艾伯伦 Eberron / [ECS] 艾伯伦战役设定集 / 概述,世设：多元宇宙的构成,官方
编者的话,9 世设\艾伯伦\ECS艾伯伦战役设定集\0概述\编者的话.htm,6,世设：多元宇宙的构成 / 官方 / 艾伯伦 Eberron / [ECS] 艾伯伦战役设定集 / 概述,世设：多元宇宙的构成,官方
能够启发你的电影,9 世设\艾伯伦\ECS艾伯伦战役设定集\0概述\能够启发你的电影.htm,6,世设：多元宇宙的构成 / 官方 / 艾伯伦 Eberron / [ECS] 艾伯伦战役设定集 / 概述,世设：多元宇宙的构成,官方
艾伯伦的特色,9 世设\艾伯伦\ECS艾伯伦战役设定集\0概述\艾伯伦的特色.htm,6,世设：多元宇宙的构成 / 官方 / 艾伯伦 Eberron / [ECS] 艾伯伦战役设定集 / 概述,世设：多元宇宙的构成,官方
第一章：种族,,5,世设：多元宇宙的构成 / 官方 / 艾伯伦 Eberron / [ECS] 艾伯伦战役设定集,世设：多元宇宙的构成,官方
世界构成,9 世设\艾伯伦\ECS艾伯伦战役设定集\1第一章 种族\世界构成.htm,6,世设：多元宇宙的构成 / 官方 / 艾伯伦 Eberron / [ECS] 艾伯伦战役设定集 / 第一章：种族,世设：多元宇宙的构成,官方
人类,9 世设\艾伯伦\ECS艾伯伦战役设定集\1第一章 种族\人类.htm,6,世设：多元宇宙的构成 / 官方 / 艾伯伦 Eberron / [ECS] 艾伯伦战役设定集 / 第一章：种族,世设：多元宇宙的构成,官方
侏儒,9 世设\艾伯伦\ECS艾伯伦战役设定集\1第一章 种族\侏儒.htm,6,世设：多元宇宙的构成 / 官方 / 艾伯伦 Eberron / [ECS] 艾伯伦战役设定集 / 第一章：种族,世设：多元宇宙的构成,官方
其他种族,9 世设\艾伯伦\ECS艾伯伦战役设定集\1第一章 种族\其他种族.htm,6,世设：多元宇宙的构成 / 官方 / 艾伯伦 Eberron / [ECS] 艾伯伦战役设定集 / 第一章：种族,世设：多元宇宙的构成,官方
半兽人,9 世设\艾伯伦\ECS艾伯伦战役设定集\1第一章 种族\半兽人.htm,6,世设：多元宇宙的构成 / 官方 / 艾伯伦 Eberron / [ECS] 艾伯伦战役设定集 / 第一章：种族,世设：多元宇宙的构成,官方
半兽化人,9 世设\艾伯伦\ECS艾伯伦战役设定集\1第一章 种族\半兽化人.htm,6,世设：多元宇宙的构成 / 官方 / 艾伯伦 Eberron / [ECS] 艾伯伦战役设定集 / 第一章：种族,世设：多元宇宙的构成,官方
半变形怪种族特性,9 世设\艾伯伦\ECS艾伯伦战役设定集\1第一章 种族\半变形怪种族特性.htm,6,世设：多元宇宙的构成 / 官方 / 艾伯伦 Eberron / [ECS] 艾伯伦战役设定集 / 第一章：种族,世设：多元宇宙的构成,官方
半梦灵,9 世设\艾伯伦\ECS艾伯伦战役设定集\1第一章 种族\半梦灵.htm,6,世设：多元宇宙的构成 / 官方 / 艾伯伦 Eberron / [ECS] 艾伯伦战役设定集 / 第一章：种族,世设：多元宇宙的构成,官方
半精灵,9 世设\艾伯伦\ECS艾伯伦战役设定集\1第一章 种族\半精灵.htm,6,世设：多元宇宙的构成 / 官方 / 艾伯伦 Eberron / [ECS] 艾伯伦战役设定集 / 第一章：种族,世设：多元宇宙的构成,官方
半身人,9 世设\艾伯伦\ECS艾伯伦战役设定集\1第一章 种族\半身人.htm,6,世设：多元宇宙的构成 / 官方 / 艾伯伦 Eberron / [ECS] 艾伯伦战役设定集 / 第一章：种族,世设：多元宇宙的构成,官方
战俑,9 世设\艾伯伦\ECS艾伯伦战役设定集\1第一章 种族\战俑.htm,6,世设：多元宇宙的构成 / 官方 / 艾伯伦 Eberron / [ECS] 艾伯伦战役设定集 / 第一章：种族,世设：多元宇宙的构成,官方
战俑简史,9 世设\艾伯伦\ECS艾伯伦战役设定集\1第一章 种族\战俑简史.htm,6,世设：多元宇宙的构成 / 官方 / 艾伯伦 Eberron / [ECS] 艾伯伦战役设定集 / 第一章：种族,世设：多元宇宙的构成,官方
矮人,9 世设\艾伯伦\ECS艾伯伦战役设定集\1第一章 种族\矮人.htm,6,世设：多元宇宙的构成 / 官方 / 艾伯伦 Eberron / [ECS] 艾伯伦战役设定集 / 第一章：种族,世设：多元宇宙的构成,官方
种族,9 世设\艾伯伦\ECS艾伯伦战役设定集\1第一章 种族\种族.htm,6,世设：多元宇宙的构成 / 官方 / 艾伯伦 Eberron / [ECS] 艾伯伦战役设定集 / 第一章：种族,世设：多元宇宙的构成,官方
籍贯,9 世设\艾伯伦\ECS艾伯伦战役设定集\1第一章 种族\籍贯.htm,6,世设：多元宇宙的构成 / 官方 / 艾伯伦 Eberron / [ECS] 艾伯伦战役设定集 / 第一章：种族,世设：多元宇宙的构成,官方
精灵,9 世设\艾伯伦\ECS艾伯伦战役设定集\1第一章 种族\精灵.htm,6,世设：多元宇宙的构成 / 官方 / 艾伯伦 Eberron / [ECS] 艾伯伦战役设定集 / 第一章：种族,世设：多元宇宙的构成,官方
艾伯伦籍贯全览,9 世设\艾伯伦\ECS艾伯伦战役设定集\1第一章 种族\艾伯伦籍贯全览.htm,6,世设：多元宇宙的构成 / 官方 / 艾伯伦 Eberron / [ECS] 艾伯伦战役设定集 / 第一章：种族,世设：多元宇宙的构成,官方
第二章：职业,9 世设\艾伯伦\ECS艾伯伦战役设定集\2第二章 职业\第二章.htm,5,世设：多元宇宙的构成 / 官方 / 艾伯伦 Eberron / [ECS] 艾伯伦战役设定集,世设：多元宇宙的构成,官方
吟游诗人,9 世设\艾伯伦\ECS艾伯伦战役设定集\2第二章 职业\吟游诗人.htm,6,世设：多元宇宙的构成 / 官方 / 艾伯伦 Eberron / [ECS] 艾伯伦战役设定集 / 第二章：职业,世设：多元宇宙的构成,官方
圣武士,9 世设\艾伯伦\ECS艾伯伦战役设定集\2第二章 职业\圣武士.htm,6,世设：多元宇宙的构成 / 官方 / 艾伯伦 Eberron / [ECS] 艾伯伦战役设定集 / 第二章：职业,世设：多元宇宙的构成,官方
巡林客,9 世设\艾伯伦\ECS艾伯伦战役设定集\2第二章 职业\巡林客.htm,6,世设：多元宇宙的构成 / 官方 / 艾伯伦 Eberron / [ECS] 艾伯伦战役设定集 / 第二章：职业,世设：多元宇宙的构成,官方
德鲁伊,9 世设\艾伯伦\ECS艾伯伦战役设定集\2第二章 职业\德鲁伊.htm,6,世设：多元宇宙的构成 / 官方 / 艾伯伦 Eberron / [ECS] 艾伯伦战役设定集 / 第二章：职业,世设：多元宇宙的构成,官方
术士,9 世设\艾伯伦\ECS艾伯伦战役设定集\2第二章 职业\术士.htm,6,世设：多元宇宙的构成 / 官方 / 艾伯伦 Eberron / [ECS] 艾伯伦战役设定集 / 第二章：职业,世设：多元宇宙的构成,官方
机关术士1,9 世设\艾伯伦\ECS艾伯伦战役设定集\2第二章 职业\机关术士1.htm,6,世设：多元宇宙的构成 / 官方 / 艾伯伦 Eberron / [ECS] 艾伯伦战役设定集 / 第二章：职业,世设：多元宇宙的构成,官方
机关术士表格,9 世设\艾伯伦\ECS艾伯伦战役设定集\2第二章 职业\机关术士表格.htm,6,世设：多元宇宙的构成 / 官方 / 艾伯伦 Eberron / [ECS] 艾伯伦战役设定集 / 第二章：职业,世设：多元宇宙的构成,官方
机关术士进阶数据,9 世设\艾伯伦\ECS艾伯伦战役设定集\2第二章 职业\机关术士进阶数据.htm,6,世设：多元宇宙的构成 / 官方 / 艾伯伦 Eberron / [ECS] 艾伯伦战役设定集 / 第二章：职业,世设：多元宇宙的构成,官方
武僧,9 世设\艾伯伦\ECS艾伯伦战役设定集\2第二章 职业\武僧.htm,6,世设：多元宇宙的构成 / 官方 / 艾伯伦 Eberron / [ECS] 艾伯伦战役设定集 / 第二章：职业,世设：多元宇宙的构成,官方
法师,9 世设\艾伯伦\ECS艾伯伦战役设定集\2第二章 职业\法师.htm,6,世设：多元宇宙的构成 / 官方 / 艾伯伦 Eberron / [ECS] 艾伯伦战役设定集 / 第二章：职业,世设：多元宇宙的构成,官方
游荡者,9 世设\艾伯伦\ECS艾伯伦战役设定集\2第二章 职业\游荡者.htm,6,世设：多元宇宙的构成 / 官方 / 艾伯伦 Eberron / [ECS] 艾伯伦战役设定集 / 第二章：职业,世设：多元宇宙的构成,官方
灵能职业,9 世设\艾伯伦\ECS艾伯伦战役设定集\2第二章 职业\灵能职业.htm,6,世设：多元宇宙的构成 / 官方 / 艾伯伦 Eberron / [ECS] 艾伯伦战役设定集 / 第二章：职业,世设：多元宇宙的构成,官方
牧师,9 世设\艾伯伦\ECS艾伯伦战役设定集\2第二章 职业\牧师.htm,6,世设：多元宇宙的构成 / 官方 / 艾伯伦 Eberron / [ECS] 艾伯伦战役设定集 / 第二章：职业,世设：多元宇宙的构成,官方
野蛮人,9 世设\艾伯伦\ECS艾伯伦战役设定集\2第二章 职业\野蛮人.htm,6,世设：多元宇宙的构成 / 官方 / 艾伯伦 Eberron / [ECS] 艾伯伦战役设定集 / 第二章：职业,世设：多元宇宙的构成,官方
第三章：英雄的特性,9 世设\艾伯伦\ECS艾伯伦战役设定集\3第三章 英雄的特性\第三章.htm,5,世设：多元宇宙的构成 / 官方 / 艾伯伦 Eberron / [ECS] 艾伯伦战役设定集,世设：多元宇宙的构成,官方
不朽评议会,9 世设\艾伯伦\ECS艾伯伦战役设定集\3第三章 英雄的特性\不朽评议会.htm,6,世设：多元宇宙的构成 / 官方 / 艾伯伦 Eberron / [ECS] 艾伯伦战役设定集 / 第三章：英雄的特性,世设：多元宇宙的构成,官方
专长,9 世设\艾伯伦\ECS艾伯伦战役设定集\3第三章 英雄的特性\专长.htm,6,世设：多元宇宙的构成 / 官方 / 艾伯伦 Eberron / [ECS] 艾伯伦战役设定集 / 第三章：英雄的特性,世设：多元宇宙的构成,官方
专长总览,9 世设\艾伯伦\ECS艾伯伦战役设定集\3第三章 英雄的特性\专长总览.htm,6,世设：多元宇宙的构成 / 官方 / 艾伯伦 Eberron / [ECS] 艾伯伦战役设定集 / 第三章：英雄的特性,世设：多元宇宙的构成,官方
使用潜能点,9 世设\艾伯伦\ECS艾伯伦战役设定集\3第三章 英雄的特性\使用潜能点.htm,6,世设：多元宇宙的构成 / 官方 / 艾伯伦 Eberron / [ECS] 艾伯伦战役设定集 / 第三章：英雄的特性,世设：多元宇宙的构成,官方
侦测龙纹,9 世设\艾伯伦\ECS艾伯伦战役设定集\3第三章 英雄的特性\侦测龙纹.htm,6,世设：多元宇宙的构成 / 官方 / 艾伯伦 Eberron / [ECS] 艾伯伦战役设定集 / 第三章：英雄的特性,世设：多元宇宙的构成,官方
光芒大道,9 世设\艾伯伦\ECS艾伯伦战役设定集\3第三章 英雄的特性\光芒大道.htm,6,世设：多元宇宙的构成 / 官方 / 艾伯伦 Eberron / [ECS] 艾伯伦战役设定集 / 第三章：英雄的特性,世设：多元宇宙的构成,官方
创造龙纹,9 世设\艾伯伦\ECS艾伯伦战役设定集\3第三章 英雄的特性\创造龙纹.htm,6,世设：多元宇宙的构成 / 官方 / 艾伯伦 Eberron / [ECS] 艾伯伦战役设定集 / 第三章：英雄的特性,世设：多元宇宙的构成,官方
医疗龙纹,9 世设\艾伯伦\ECS艾伯伦战役设定集\3第三章 英雄的特性\医疗龙纹.htm,6,世设：多元宇宙的构成 / 官方 / 艾伯伦 Eberron / [ECS] 艾伯伦战役设定集 / 第三章：英雄的特性,世设：多元宇宙的构成,官方
博得雷,9 世设\艾伯伦\ECS艾伯伦战役设定集\3第三章 英雄的特性\博得雷.htm,6,世设：多元宇宙的构成 / 官方 / 艾伯伦 Eberron / [ECS] 艾伯伦战役设定集 / 第三章：英雄的特性,世设：多元宇宙的构成,官方
吞噬,9 世设\艾伯伦\ECS艾伯伦战役设定集\3第三章 英雄的特性\吞噬.htm,6,世设：多元宇宙的构成 / 官方 / 艾伯伦 Eberron / [ECS] 艾伯伦战役设定集 / 第三章：英雄的特性,世设：多元宇宙的构成,官方
嘲弄,9 世设\艾伯伦\ECS艾伯伦战役设定集\3第三章 英雄的特性\嘲弄.htm,6,世设：多元宇宙的构成 / 官方 / 艾伯伦 Eberron / [ECS] 艾伯伦战役设定集 / 第三章：英雄的特性,世设：多元宇宙的构成,官方
天命诸神,9 世设\艾伯伦\ECS艾伯伦战役设定集\3第三章 英雄的特性\天命诸神.htm,6,世设：多元宇宙的构成 / 官方 / 艾伯伦 Eberron / [ECS] 艾伯伦战役设定集 / 第三章：英雄的特性,世设：多元宇宙的构成,官方
奥林,9 世设\艾伯伦\ECS艾伯伦战役设定集\3第三章 英雄的特性\奥林.htm,6,世设：多元宇宙的构成 / 官方 / 艾伯伦 Eberron / [ECS] 艾伯伦战役设定集 / 第三章：英雄的特性,世设：多元宇宙的构成,官方
守护龙纹,9 世设\艾伯伦\ECS艾伯伦战役设定集\3第三章 英雄的特性\守护龙纹.htm,6,世设：多元宇宙的构成 / 官方 / 艾伯伦 Eberron / [ECS] 艾伯伦战役设定集 / 第三章：英雄的特性,世设：多元宇宙的构成,官方
宗教,9 世设\艾伯伦\ECS艾伯伦战役设定集\3第三章 英雄的特性\宗教.htm,6,世设：多元宇宙的构成 / 官方 / 艾伯伦 Eberron / [ECS] 艾伯伦战役设定集 / 第三章：英雄的特性,世设：多元宇宙的构成,官方
寇·柯兰,9 世设\艾伯伦\ECS艾伯伦战役设定集\3第三章 英雄的特性\寇·柯兰.htm,6,世设：多元宇宙的构成 / 官方 / 艾伯伦 Eberron / [ECS] 艾伯伦战役设定集 / 第三章：英雄的特性,世设：多元宇宙的构成,官方
愤恨,9 世设\艾伯伦\ECS艾伯伦战役设定集\3第三章 英雄的特性\愤恨.htm,6,世设：多元宇宙的构成 / 官方 / 艾伯伦 Eberron / [ECS] 艾伯伦战役设定集 / 第三章：英雄的特性,世设：多元宇宙的构成,官方
技能,9 世设\艾伯伦\ECS艾伯伦战役设定集\3第三章 英雄的特性\技能.htm,6,世设：多元宇宙的构成 / 官方 / 艾伯伦 Eberron / [ECS] 艾伯伦战役设定集 / 第三章：英雄的特性,世设：多元宇宙的构成,官方
抄录龙纹,9 世设\艾伯伦\ECS艾伯伦战役设定集\3第三章 英雄的特性\抄录龙纹.htm,6,世设：多元宇宙的构成 / 官方 / 艾伯伦 Eberron / [ECS] 艾伯伦战役设定集 / 第三章：英雄的特性,世设：多元宇宙的构成,官方
招待龙纹,9 世设\艾伯伦\ECS艾伯伦战役设定集\3第三章 英雄的特性\招待龙纹.htm,6,世设：多元宇宙的构成 / 官方 / 艾伯伦 Eberron / [ECS] 艾伯伦战役设定集 / 第三章：英雄的特性,世设：多元宇宙的构成,官方
探索龙纹,9 世设\艾伯伦\ECS艾伯伦战役设定集\3第三章 英雄的特性\探索龙纹.htm,6,世设：多元宇宙的构成 / 官方 / 艾伯伦 Eberron / [ECS] 艾伯伦战役设定集 / 第三章：英雄的特性,世设：多元宇宙的构成,官方
旅者,9 世设\艾伯伦\ECS艾伯伦战役设定集\3第三章 英雄的特性\旅者.htm,6,世设：多元宇宙的构成 / 官方 / 艾伯伦 Eberron / [ECS] 艾伯伦战役设定集 / 第三章：英雄的特性,世设：多元宇宙的构成,官方
昂那塔,9 世设\艾伯伦\ECS艾伯伦战役设定集\3第三章 英雄的特性\昂那塔.htm,6,世设：多元宇宙的构成 / 官方 / 艾伯伦 Eberron / [ECS] 艾伯伦战役设定集 / 第三章：英雄的特性,世设：多元宇宙的构成,官方
暴风龙纹,9 世设\艾伯伦\ECS艾伯伦战役设定集\3第三章 英雄的特性\暴风龙纹.htm,6,世设：多元宇宙的构成 / 官方 / 艾伯伦 Eberron / [ECS] 艾伯伦战役设定集 / 第三章：英雄的特性,世设：多元宇宙的构成,官方
杜·哈拉(DolArrah),9 世设\艾伯伦\ECS艾伯伦战役设定集\3第三章 英雄的特性\杜·哈拉(DolArrah).htm,6,世设：多元宇宙的构成 / 官方 / 艾伯伦 Eberron / [ECS] 艾伯伦战役设定集 / 第三章：英雄的特性,世设：多元宇宙的构成,官方
杜·顿恩,9 世设\艾伯伦\ECS艾伯伦战役设定集\3第三章 英雄的特性\杜·顿恩.htm,6,世设：多元宇宙的构成 / 官方 / 艾伯伦 Eberron / [ECS] 艾伯伦战役设定集 / 第三章：英雄的特性,世设：多元宇宙的构成,官方
欧拉卓,9 世设\艾伯伦\ECS艾伯伦战役设定集\3第三章 英雄的特性\欧拉卓.htm,6,世设：多元宇宙的构成 / 官方 / 艾伯伦 Eberron / [ECS] 艾伯伦战役设定集 / 第三章：英雄的特性,世设：多元宇宙的构成,官方
沃尔之血,9 世设\艾伯伦\ECS艾伯伦战役设定集\3第三章 英雄的特性\沃尔之血.htm,6,世设：多元宇宙的构成 / 官方 / 艾伯伦 Eberron / [ECS] 艾伯伦战役设定集 / 第三章：英雄的特性,世设：多元宇宙的构成,官方
潜能点,9 世设\艾伯伦\ECS艾伯伦战役设定集\3第三章 英雄的特性\潜能点.htm,6,世设：多元宇宙的构成 / 官方 / 艾伯伦 Eberron / [ECS] 艾伯伦战役设定集 / 第三章：英雄的特性,世设：多元宇宙的构成,官方
特殊动作,9 世设\艾伯伦\ECS艾伯伦战役设定集\3第三章 英雄的特性\特殊动作.htm,6,世设：多元宇宙的构成 / 官方 / 艾伯伦 Eberron / [ECS] 艾伯伦战役设定集 / 第三章：英雄的特性,世设：多元宇宙的构成,官方
畜牧龙纹,9 世设\艾伯伦\ECS艾伯伦战役设定集\3第三章 英雄的特性\畜牧龙纹.htm,6,世设：多元宇宙的构成 / 官方 / 艾伯伦 Eberron / [ECS] 艾伯伦战役设定集 / 第三章：英雄的特性,世设：多元宇宙的构成,官方
监守,9 世设\艾伯伦\ECS艾伯伦战役设定集\3第三章 英雄的特性\监守.htm,6,世设：多元宇宙的构成 / 官方 / 艾伯伦 Eberron / [ECS] 艾伯伦战役设定集 / 第三章：英雄的特性,世设：多元宇宙的构成,官方
警戒龙纹,9 世设\艾伯伦\ECS艾伯伦战役设定集\3第三章 英雄的特性\警戒龙纹.htm,6,世设：多元宇宙的构成 / 官方 / 艾伯伦 Eberron / [ECS] 艾伯伦战役设定集 / 第三章：英雄的特性,世设：多元宇宙的构成,官方
通行龙纹,9 世设\艾伯伦\ECS艾伯伦战役设定集\3第三章 英雄的特性\通行龙纹.htm,6,世设：多元宇宙的构成 / 官方 / 艾伯伦 Eberron / [ECS] 艾伯伦战役设定集 / 第三章：英雄的特性,世设：多元宇宙的构成,官方
银焰,9 世设\艾伯伦\ECS艾伯伦战役设定集\3第三章 英雄的特性\银焰.htm,6,世设：多元宇宙的构成 / 官方 / 艾伯伦 Eberron / [ECS] 艾伯伦战役设定集 / 第三章：英雄的特性,世设：多元宇宙的构成,官方
阴影,9 世设\艾伯伦\ECS艾伯伦战役设定集\3第三章 英雄的特性\阴影.htm,6,世设：多元宇宙的构成 / 官方 / 艾伯伦 Eberron / [ECS] 艾伯伦战役设定集 / 第三章：英雄的特性,世设：多元宇宙的构成,官方
阴影龙纹,9 世设\艾伯伦\ECS艾伯伦战役设定集\3第三章 英雄的特性\阴影龙纹.htm,6,世设：多元宇宙的构成 / 官方 / 艾伯伦 Eberron / [ECS] 艾伯伦战役设定集 / 第三章：英雄的特性,世设：多元宇宙的构成,官方
阿拉瓦依,9 世设\艾伯伦\ECS艾伯伦战役设定集\3第三章 英雄的特性\阿拉瓦依.htm,6,世设：多元宇宙的构成 / 官方 / 艾伯伦 Eberron / [ECS] 艾伯伦战役设定集 / 第三章：英雄的特性,世设：多元宇宙的构成,官方
黄泉巨龙会,9 世设\艾伯伦\ECS艾伯伦战役设定集\3第三章 英雄的特性\黄泉巨龙会.htm,6,世设：多元宇宙的构成 / 官方 / 艾伯伦 Eberron / [ECS] 艾伯伦战役设定集 / 第三章：英雄的特性,世设：多元宇宙的构成,官方
黑暗六邪神,9 世设\艾伯伦\ECS艾伯伦战役设定集\3第三章 英雄的特性\黑暗六邪神.htm,6,世设：多元宇宙的构成 / 官方 / 艾伯伦 Eberron / [ECS] 艾伯伦战役设定集 / 第三章：英雄的特性,世设：多元宇宙的构成,官方
龙纹,9 世设\艾伯伦\ECS艾伯伦战役设定集\3第三章 英雄的特性\龙纹.htm,6,世设：多元宇宙的构成 / 官方 / 艾伯伦 Eberron / [ECS] 艾伯伦战役设定集 / 第三章：英雄的特性,世设：多元宇宙的构成,官方
第四章：进阶职业,,5,世设：多元宇宙的构成 / 官方 / 艾伯伦 Eberron / [ECS] 艾伯伦战役设定集,世设：多元宇宙的构成,官方
兽化师,9 世设\艾伯伦\ECS艾伯伦战役设定集\4第四章 进阶职业\兽化师.htm,6,世设：多元宇宙的构成 / 官方 / 艾伯伦 Eberron / [ECS] 艾伯伦战役设定集 / 第四章：进阶职业,世设：多元宇宙的构成,官方
埃鲁登游侠,9 世设\艾伯伦\ECS艾伯伦战役设定集\4第四章 进阶职业\埃鲁登游侠.htm,6,世设：多元宇宙的构成 / 官方 / 艾伯伦 Eberron / [ECS] 艾伯伦战役设定集 / 第四章：进阶职业,世设：多元宇宙的构成,官方
极限探险家,9 世设\艾伯伦\ECS艾伯伦战役设定集\4第四章 进阶职业\极限探险家.htm,6,世设：多元宇宙的构成 / 官方 / 艾伯伦 Eberron / [ECS] 艾伯伦战役设定集 / 第四章：进阶职业,世设：多元宇宙的构成,官方
西伯瑞斯后裔,9 世设\艾伯伦\ECS艾伯伦战役设定集\4第四章 进阶职业\西伯瑞斯后裔.htm,6,世设：多元宇宙的构成 / 官方 / 艾伯伦 Eberron / [ECS] 艾伯伦战役设定集 / 第四章：进阶职业,世设：多元宇宙的构成,官方
调查专员,9 世设\艾伯伦\ECS艾伯伦战役设定集\4第四章 进阶职业\调查专员.htm,6,世设：多元宇宙的构成 / 官方 / 艾伯伦 Eberron / [ECS] 艾伯伦战役设定集 / 第四章：进阶职业,世设：多元宇宙的构成,官方
进阶职业,9 世设\艾伯伦\ECS艾伯伦战役设定集\4第四章 进阶职业\进阶职业.htm,6,世设：多元宇宙的构成 / 官方 / 艾伯伦 Eberron / [ECS] 艾伯伦战役设定集 / 第四章：进阶职业,世设：多元宇宙的构成,官方
金刚战俑,9 世设\艾伯伦\ECS艾伯伦战役设定集\4第四章 进阶职业\金刚战俑.htm,6,世设：多元宇宙的构成 / 官方 / 艾伯伦 Eberron / [ECS] 艾伯伦战役设定集 / 第四章：进阶职业,世设：多元宇宙的构成,官方
银焰驱魔使,9 世设\艾伯伦\ECS艾伯伦战役设定集\4第四章 进阶职业\银焰驱魔使.htm,6,世设：多元宇宙的构成 / 官方 / 艾伯伦 Eberron / [ECS] 艾伯伦战役设定集 / 第四章：进阶职业,世设：多元宇宙的构成,官方
龙纹后裔,9 世设\艾伯伦\ECS艾伯伦战役设定集\4第四章 进阶职业\龙纹后裔.htm,6,世设：多元宇宙的构成 / 官方 / 艾伯伦 Eberron / [ECS] 艾伯伦战役设定集 / 第四章：进阶职业,世设：多元宇宙的构成,官方
第五章 魔法,,5,世设：多元宇宙的构成 / 官方 / 艾伯伦 Eberron / [ECS] 艾伯伦战役设定集,世设：多元宇宙的构成,官方
世界中的魔法,9 世设\艾伯伦\ECS艾伯伦战役设定集\5第五章 魔法\世界中的魔法.htm,6,世设：多元宇宙的构成 / 官方 / 艾伯伦 Eberron / [ECS] 艾伯伦战役设定集 / 第五章 魔法,世设：多元宇宙的构成,官方
新德鲁伊,9 世设\艾伯伦\ECS艾伯伦战役设定集\5第五章 魔法\新德鲁伊.htm,6,世设：多元宇宙的构成 / 官方 / 艾伯伦 Eberron / [ECS] 艾伯伦战役设定集 / 第五章 魔法,世设：多元宇宙的构成,官方
新术士法师法术列表,9 世设\艾伯伦\ECS艾伯伦战役设定集\5第五章 魔法\新术士法师法术列表.htm,6,世设：多元宇宙的构成 / 官方 / 艾伯伦 Eberron / [ECS] 艾伯伦战役设定集 / 第五章 魔法,世设：多元宇宙的构成,官方
本章介绍,9 世设\艾伯伦\ECS艾伯伦战役设定集\5第五章 魔法\本章介绍.htm,6,世设：多元宇宙的构成 / 官方 / 艾伯伦 Eberron / [ECS] 艾伯伦战役设定集 / 第五章 魔法,世设：多元宇宙的构成,官方
辅助施法材料,9 世设\艾伯伦\ECS艾伯伦战役设定集\5第五章 魔法\辅助施法材料.htm,6,世设：多元宇宙的构成 / 官方 / 艾伯伦 Eberron / [ECS] 艾伯伦战役设定集 / 第五章 魔法,世设：多元宇宙的构成,官方
魔法概述,9 世设\艾伯伦\ECS艾伯伦战役设定集\5第五章 魔法\魔法概述.htm,6,世设：多元宇宙的构成 / 官方 / 艾伯伦 Eberron / [ECS] 艾伯伦战役设定集 / 第五章 魔法,世设：多元宇宙的构成,官方
龙晶,9 世设\艾伯伦\ECS艾伯伦战役设定集\5第五章 魔法\龙晶.htm,6,世设：多元宇宙的构成 / 官方 / 艾伯伦 Eberron / [ECS] 艾伯伦战役设定集 / 第五章 魔法,世设：多元宇宙的构成,官方
A-Z,,6,世设：多元宇宙的构成 / 官方 / 艾伯伦 Eberron / [ECS] 艾伯伦战役设定集 / 第五章 魔法,世设：多元宇宙的构成,官方
A-D,9 世设\艾伯伦\ECS艾伯伦战役设定集\5第五章 魔法\A-Z\A-D.htm,7,世设：多元宇宙的构成 / 官方 / 艾伯伦 Eberron / [ECS] 艾伯伦战役设定集 / 第五章 魔法 / A-Z,世设：多元宇宙的构成,官方
E-H,9 世设\艾伯伦\ECS艾伯伦战役设定集\5第五章 魔法\A-Z\E-H.htm,7,世设：多元宇宙的构成 / 官方 / 艾伯伦 Eberron / [ECS] 艾伯伦战役设定集 / 第五章 魔法 / A-Z,世设：多元宇宙的构成,官方
I-M,9 世设\艾伯伦\ECS艾伯伦战役设定集\5第五章 魔法\A-Z\I-M.htm,7,世设：多元宇宙的构成 / 官方 / 艾伯伦 Eberron / [ECS] 艾伯伦战役设定集 / 第五章 魔法 / A-Z,世设：多元宇宙的构成,官方
N-S,9 世设\艾伯伦\ECS艾伯伦战役设定集\5第五章 魔法\A-Z\N-S.htm,7,世设：多元宇宙的构成 / 官方 / 艾伯伦 Eberron / [ECS] 艾伯伦战役设定集 / 第五章 魔法 / A-Z,世设：多元宇宙的构成,官方
S补充,9 世设\艾伯伦\ECS艾伯伦战役设定集\5第五章 魔法\A-Z\S补充.htm,7,世设：多元宇宙的构成 / 官方 / 艾伯伦 Eberron / [ECS] 艾伯伦战役设定集 / 第五章 魔法 / A-Z,世设：多元宇宙的构成,官方
T-Z,9 世设\艾伯伦\ECS艾伯伦战役设定集\5第五章 魔法\A-Z\T-Z.htm,7,世设：多元宇宙的构成 / 官方 / 艾伯伦 Eberron / [ECS] 艾伯伦战役设定集 / 第五章 魔法 / A-Z,世设：多元宇宙的构成,官方
法术,9 世设\艾伯伦\ECS艾伯伦战役设定集\5第五章 魔法\法术\法术.htm,6,世设：多元宇宙的构成 / 官方 / 艾伯伦 Eberron / [ECS] 艾伯伦战役设定集 / 第五章 魔法,世设：多元宇宙的构成,官方
机关术士机关术,9 世设\艾伯伦\ECS艾伯伦战役设定集\5第五章 魔法\法术\机关术士机关术.htm,7,世设：多元宇宙的构成 / 官方 / 艾伯伦 Eberron / [ECS] 艾伯伦战役设定集 / 第五章 魔法 / 法术,世设：多元宇宙的构成,官方
神术与领域,,7,世设：多元宇宙的构成 / 官方 / 艾伯伦 Eberron / [ECS] 艾伯伦战役设定集 / 第五章 魔法 / 法术,世设：多元宇宙的构成,官方
天气领域,9 世设\艾伯伦\ECS艾伯伦战役设定集\5第五章 魔法\法术\神术与领域\天气领域.htm,8,世设：多元宇宙的构成 / 官方 / 艾伯伦 Eberron / [ECS] 艾伯伦战役设定集 / 第五章 魔法 / 法术 / 神术与领域,世设：多元宇宙的构成,官方
工匠领域,9 世设\艾伯伦\ECS艾伯伦战役设定集\5第五章 魔法\法术\神术与领域\工匠领域.htm,8,世设：多元宇宙的构成 / 官方 / 艾伯伦 Eberron / [ECS] 艾伯伦战役设定集 / 第五章 魔法 / 法术 / 神术与领域,世设：多元宇宙的构成,官方
混乱领域,9 世设\艾伯伦\ECS艾伯伦战役设定集\5第五章 魔法\法术\神术与领域\混乱领域.htm,8,世设：多元宇宙的构成 / 官方 / 艾伯伦 Eberron / [ECS] 艾伯伦战役设定集 / 第五章 魔法 / 法术 / 神术与领域,世设：多元宇宙的构成,官方
牧师领域,9 世设\艾伯伦\ECS艾伯伦战役设定集\5第五章 魔法\法术\神术与领域\牧师领域.htm,8,世设：多元宇宙的构成 / 官方 / 艾伯伦 Eberron / [ECS] 艾伯伦战役设定集 / 第五章 魔法 / 法术 / 神术与领域,世设：多元宇宙的构成,官方
神祇领域,9 世设\艾伯伦\ECS艾伯伦战役设定集\5第五章 魔法\法术\神术与领域\神祇领域.htm,8,世设：多元宇宙的构成 / 官方 / 艾伯伦 Eberron / [ECS] 艾伯伦战役设定集 / 第五章 魔法 / 法术 / 神术与领域,世设：多元宇宙的构成,官方
筵席领域,9 世设\艾伯伦\ECS艾伯伦战役设定集\5第五章 魔法\法术\神术与领域\筵席领域.htm,8,世设：多元宇宙的构成 / 官方 / 艾伯伦 Eberron / [ECS] 艾伯伦战役设定集 / 第五章 魔法 / 法术 / 神术与领域,世设：多元宇宙的构成,官方
艾伯伦的异界生物,9 世设\艾伯伦\ECS艾伯伦战役设定集\5第五章 魔法\艾伯伦的异界生物\艾伯伦的异界生物.htm,6,世设：多元宇宙的构成 / 官方 / 艾伯伦 Eberron / [ECS] 艾伯伦战役设定集 / 第五章 魔法,世设：多元宇宙的构成,官方
同调天族,9 世设\艾伯伦\ECS艾伯伦战役设定集\5第五章 魔法\艾伯伦的异界生物\同调天族.htm,7,世设：多元宇宙的构成 / 官方 / 艾伯伦 Eberron / [ECS] 艾伯伦战役设定集 / 第五章 魔法 / 艾伯伦的异界生物,世设：多元宇宙的构成,官方
附身物品,9 世设\艾伯伦\ECS艾伯伦战役设定集\5第五章 魔法\艾伯伦的异界生物\附身物品.htm,7,世设：多元宇宙的构成 / 官方 / 艾伯伦 Eberron / [ECS] 艾伯伦战役设定集 / 第五章 魔法 / 艾伯伦的异界生物,世设：多元宇宙的构成,官方
附身生物,9 世设\艾伯伦\ECS艾伯伦战役设定集\5第五章 魔法\艾伯伦的异界生物\附身生物.htm,7,世设：多元宇宙的构成 / 官方 / 艾伯伦 Eberron / [ECS] 艾伯伦战役设定集 / 第五章 魔法 / 艾伯伦的异界生物,世设：多元宇宙的构成,官方
魔物附身,9 世设\艾伯伦\ECS艾伯伦战役设定集\5第五章 魔法\艾伯伦的异界生物\魔物附身.htm,7,世设：多元宇宙的构成 / 官方 / 艾伯伦 Eberron / [ECS] 艾伯伦战役设定集 / 第五章 魔法 / 艾伯伦的异界生物,世设：多元宇宙的构成,官方
诸位面,9 世设\艾伯伦\ECS艾伯伦战役设定集\5第五章 魔法\诸位面\诸位面.htm,6,世设：多元宇宙的构成 / 官方 / 艾伯伦 Eberron / [ECS] 艾伯伦战役设定集 / 第五章 魔法,世设：多元宇宙的构成,官方
伊瑞安,9 世设\艾伯伦\ECS艾伯伦战役设定集\5第五章 魔法\诸位面\伊瑞安.htm,7,世设：多元宇宙的构成 / 官方 / 艾伯伦 Eberron / [ECS] 艾伯伦战役设定集 / 第五章 魔法 / 诸位面,世设：多元宇宙的构成,官方
奇斯瑞,9 世设\艾伯伦\ECS艾伯伦战役设定集\5第五章 魔法\诸位面\奇斯瑞.htm,7,世设：多元宇宙的构成 / 官方 / 艾伯伦 Eberron / [ECS] 艾伯伦战役设定集 / 第五章 魔法 / 诸位面,世设：多元宇宙的构成,官方
拉玛尼亚,9 世设\艾伯伦\ECS艾伯伦战役设定集\5第五章 魔法\诸位面\拉玛尼亚.htm,7,世设：多元宇宙的构成 / 官方 / 艾伯伦 Eberron / [ECS] 艾伯伦战役设定集 / 第五章 魔法 / 诸位面,世设：多元宇宙的构成,官方
撒法拉斯,9 世设\艾伯伦\ECS艾伯伦战役设定集\5第五章 魔法\诸位面\撒法拉斯.htm,7,世设：多元宇宙的构成 / 官方 / 艾伯伦 Eberron / [ECS] 艾伯伦战役设定集 / 第五章 魔法 / 诸位面,世设：多元宇宙的构成,官方
显能区域,9 世设\艾伯伦\ECS艾伯伦战役设定集\5第五章 魔法\诸位面\显能区域.htm,7,世设：多元宇宙的构成 / 官方 / 艾伯伦 Eberron / [ECS] 艾伯伦战役设定集 / 第五章 魔法 / 诸位面,世设：多元宇宙的构成,官方
杜鲁尔,9 世设\艾伯伦\ECS艾伯伦战役设定集\5第五章 魔法\诸位面\杜鲁尔.htm,7,世设：多元宇宙的构成 / 官方 / 艾伯伦 Eberron / [ECS] 艾伯伦战役设定集 / 第五章 魔法 / 诸位面,世设：多元宇宙的构成,官方
玛伯尔,9 世设\艾伯伦\ECS艾伯伦战役设定集\5第五章 魔法\诸位面\玛伯尔.htm,7,世设：多元宇宙的构成 / 官方 / 艾伯伦 Eberron / [ECS] 艾伯伦战役设定集 / 第五章 魔法 / 诸位面,世设：多元宇宙的构成,官方
瑞西亚,9 世设\艾伯伦\ECS艾伯伦战役设定集\5第五章 魔法\诸位面\瑞西亚.htm,7,世设：多元宇宙的构成 / 官方 / 艾伯伦 Eberron / [ECS] 艾伯伦战役设定集 / 第五章 魔法 / 诸位面,世设：多元宇宙的构成,官方
瑟兰尼斯,9 世设\艾伯伦\ECS艾伯伦战役设定集\5第五章 魔法\诸位面\瑟兰尼斯.htm,7,世设：多元宇宙的构成 / 官方 / 艾伯伦 Eberron / [ECS] 艾伯伦战役设定集 / 第五章 魔法 / 诸位面,世设：多元宇宙的构成,官方
瑟瑞奥特,9 世设\艾伯伦\ECS艾伯伦战役设定集\5第五章 魔法\诸位面\瑟瑞奥特.htm,7,世设：多元宇宙的构成 / 官方 / 艾伯伦 Eberron / [ECS] 艾伯伦战役设定集 / 第五章 魔法 / 诸位面,世设：多元宇宙的构成,官方
西拉尼亚,9 世设\艾伯伦\ECS艾伯伦战役设定集\5第五章 魔法\诸位面\西拉尼亚.htm,7,世设：多元宇宙的构成 / 官方 / 艾伯伦 Eberron / [ECS] 艾伯伦战役设定集 / 第五章 魔法 / 诸位面,世设：多元宇宙的构成,官方
费尼亚,9 世设\艾伯伦\ECS艾伯伦战役设定集\5第五章 魔法\诸位面\费尼亚.htm,7,世设：多元宇宙的构成 / 官方 / 艾伯伦 Eberron / [ECS] 艾伯伦战役设定集 / 第五章 魔法 / 诸位面,世设：多元宇宙的构成,官方
达·库尔,9 世设\艾伯伦\ECS艾伯伦战役设定集\5第五章 魔法\诸位面\达·库尔.htm,7,世设：多元宇宙的构成 / 官方 / 艾伯伦 Eberron / [ECS] 艾伯伦战役设定集 / 第五章 魔法 / 诸位面,世设：多元宇宙的构成,官方
达安维,9 世设\艾伯伦\ECS艾伯伦战役设定集\5第五章 魔法\诸位面\达安维.htm,7,世设：多元宇宙的构成 / 官方 / 艾伯伦 Eberron / [ECS] 艾伯伦战役设定集 / 第五章 魔法 / 诸位面,世设：多元宇宙的构成,官方
第六章：冒险装备,,5,世设：多元宇宙的构成 / 官方 / 艾伯伦 Eberron / [ECS] 艾伯伦战役设定集,世设：多元宇宙的构成,官方
施法和服务,9 世设\艾伯伦\ECS艾伯伦战役设定集\6第六章 冒险装备\施法和服务.htm,6,世设：多元宇宙的构成 / 官方 / 艾伯伦 Eberron / [ECS] 艾伯伦战役设定集 / 第六章：冒险装备,世设：多元宇宙的构成,官方
武器,9 世设\艾伯伦\ECS艾伯伦战役设定集\6第六章 冒险装备\武器.htm,6,世设：多元宇宙的构成 / 官方 / 艾伯伦 Eberron / [ECS] 艾伯伦战役设定集 / 第六章：冒险装备,世设：多元宇宙的构成,官方
特殊材料,9 世设\艾伯伦\ECS艾伯伦战役设定集\6第六章 冒险装备\特殊材料.htm,6,世设：多元宇宙的构成 / 官方 / 艾伯伦 Eberron / [ECS] 艾伯伦战役设定集 / 第六章：冒险装备,世设：多元宇宙的构成,官方
盔甲,9 世设\艾伯伦\ECS艾伯伦战役设定集\6第六章 冒险装备\盔甲.htm,6,世设：多元宇宙的构成 / 官方 / 艾伯伦 Eberron / [ECS] 艾伯伦战役设定集 / 第六章：冒险装备,世设：多元宇宙的构成,官方
艾伯伦商品与服务,9 世设\艾伯伦\ECS艾伯伦战役设定集\6第六章 冒险装备\艾伯伦商品与服务.htm,6,世设：多元宇宙的构成 / 官方 / 艾伯伦 Eberron / [ECS] 艾伯伦战役设定集 / 第六章：冒险装备,世设：多元宇宙的构成,官方
装备,9 世设\艾伯伦\ECS艾伯伦战役设定集\6第六章 冒险装备\装备.htm,6,世设：多元宇宙的构成 / 官方 / 艾伯伦 Eberron / [ECS] 艾伯伦战役设定集 / 第六章：冒险装备,世设：多元宇宙的构成,官方
第七章：世界众生貌,,5,世设：多元宇宙的构成 / 官方 / 艾伯伦 Eberron / [ECS] 艾伯伦战役设定集,世设：多元宇宙的构成,官方
世界历史,9 世设\艾伯伦\ECS艾伯伦战役设定集\7第七章 世界众生貌\世界历史\世界历史.htm,6,世设：多元宇宙的构成 / 官方 / 艾伯伦 Eberron / [ECS] 艾伯伦战役设定集 / 第七章：世界众生貌,世设：多元宇宙的构成,官方
前言,9 世设\艾伯伦\ECS艾伯伦战役设定集\7第七章 世界众生貌\前言\世界概览.htm,6,世设：多元宇宙的构成 / 官方 / 艾伯伦 Eberron / [ECS] 艾伯伦战役设定集 / 第七章：世界众生貌,世设：多元宇宙的构成,官方
卓姆,9 世设\艾伯伦\ECS艾伯伦战役设定集\7第七章 世界众生貌\卓姆\卓姆.htm,6,世设：多元宇宙的构成 / 官方 / 艾伯伦 Eberron / [ECS] 艾伯伦战役设定集 / 第七章：世界众生貌,世设：多元宇宙的构成,官方
主要聚居地,9 世设\艾伯伦\ECS艾伯伦战役设定集\7第七章 世界众生貌\卓姆\主要聚居地.htm,7,世设：多元宇宙的构成 / 官方 / 艾伯伦 Eberron / [ECS] 艾伯伦战役设定集 / 第七章：世界众生貌 / 卓姆,世设：多元宇宙的构成,官方
产业,9 世设\艾伯伦\ECS艾伯伦战役设定集\7第七章 世界众生貌\卓姆\产业.htm,7,世设：多元宇宙的构成 / 官方 / 艾伯伦 Eberron / [ECS] 艾伯伦战役设定集 / 第七章：世界众生貌 / 卓姆,世设：多元宇宙的构成,官方
冒险,9 世设\艾伯伦\ECS艾伯伦战役设定集\7第七章 世界众生貌\卓姆\冒险.htm,7,世设：多元宇宙的构成 / 官方 / 艾伯伦 Eberron / [ECS] 艾伯伦战役设定集 / 第七章：世界众生貌 / 卓姆,世设：多元宇宙的构成,官方
冒险话题,9 世设\艾伯伦\ECS艾伯伦战役设定集\7第七章 世界众生貌\卓姆\冒险话题.htm,7,世设：多元宇宙的构成 / 官方 / 艾伯伦 Eberron / [ECS] 艾伯伦战役设定集 / 第七章：世界众生貌 / 卓姆,世设：多元宇宙的构成,官方
宗教,9 世设\艾伯伦\ECS艾伯伦战役设定集\7第七章 世界众生貌\卓姆\宗教.htm,7,世设：多元宇宙的构成 / 官方 / 艾伯伦 Eberron / [ECS] 艾伯伦战役设定集 / 第七章：世界众生貌 / 卓姆,世设：多元宇宙的构成,官方
政治,9 世设\艾伯伦\ECS艾伯伦战役设定集\7第七章 世界众生貌\卓姆\政治.htm,7,世设：多元宇宙的构成 / 官方 / 艾伯伦 Eberron / [ECS] 艾伯伦战役设定集 / 第七章：世界众生貌 / 卓姆,世设：多元宇宙的构成,官方
社会人文,9 世设\艾伯伦\ECS艾伯伦战役设定集\7第七章 世界众生貌\卓姆\社会人文.htm,7,世设：多元宇宙的构成 / 官方 / 艾伯伦 Eberron / [ECS] 艾伯伦战役设定集 / 第七章：世界众生貌 / 卓姆,世设：多元宇宙的构成,官方
组织,9 世设\艾伯伦\ECS艾伯伦战役设定集\7第七章 世界众生貌\卓姆\组织.htm,7,世设：多元宇宙的构成 / 官方 / 艾伯伦 Eberron / [ECS] 艾伯伦战役设定集 / 第七章：世界众生貌 / 卓姆,世设：多元宇宙的构成,官方
重要地点,9 世设\艾伯伦\ECS艾伯伦战役设定集\7第七章 世界众生貌\卓姆\重要地点.htm,7,世设：多元宇宙的构成 / 官方 / 艾伯伦 Eberron / [ECS] 艾伯伦战役设定集 / 第七章：世界众生貌 / 卓姆,世设：多元宇宙的构成,官方
吉拉哥,9 世设\艾伯伦\ECS艾伯伦战役设定集\7第七章 世界众生貌\吉拉哥\吉拉哥.htm,6,世设：多元宇宙的构成 / 官方 / 艾伯伦 Eberron / [ECS] 艾伯伦战役设定集 / 第七章：世界众生貌,世设：多元宇宙的构成,官方
主要集聚地,9 世设\艾伯伦\ECS艾伯伦战役设定集\7第七章 世界众生貌\吉拉哥\主要集聚地.htm,7,世设：多元宇宙的构成 / 官方 / 艾伯伦 Eberron / [ECS] 艾伯伦战役设定集 / 第七章：世界众生貌 / 吉拉哥,世设：多元宇宙的构成,官方
产业,9 世设\艾伯伦\ECS艾伯伦战役设定集\7第七章 世界众生貌\吉拉哥\产业.htm,7,世设：多元宇宙的构成 / 官方 / 艾伯伦 Eberron / [ECS] 艾伯伦战役设定集 / 第七章：世界众生貌 / 吉拉哥,世设：多元宇宙的构成,官方
冒险,9 世设\艾伯伦\ECS艾伯伦战役设定集\7第七章 世界众生貌\吉拉哥\冒险.htm,7,世设：多元宇宙的构成 / 官方 / 艾伯伦 Eberron / [ECS] 艾伯伦战役设定集 / 第七章：世界众生貌 / 吉拉哥,世设：多元宇宙的构成,官方
冒险话题,9 世设\艾伯伦\ECS艾伯伦战役设定集\7第七章 世界众生貌\吉拉哥\冒险话题.htm,7,世设：多元宇宙的构成 / 官方 / 艾伯伦 Eberron / [ECS] 艾伯伦战役设定集 / 第七章：世界众生貌 / 吉拉哥,世设：多元宇宙的构成,官方
宗教,9 世设\艾伯伦\ECS艾伯伦战役设定集\7第七章 世界众生貌\吉拉哥\宗教.htm,7,世设：多元宇宙的构成 / 官方 / 艾伯伦 Eberron / [ECS] 艾伯伦战役设定集 / 第七章：世界众生貌 / 吉拉哥,世设：多元宇宙的构成,官方
政治,9 世设\艾伯伦\ECS艾伯伦战役设定集\7第七章 世界众生貌\吉拉哥\政治.htm,7,世设：多元宇宙的构成 / 官方 / 艾伯伦 Eberron / [ECS] 艾伯伦战役设定集 / 第七章：世界众生貌 / 吉拉哥,世设：多元宇宙的构成,官方
社会人文,9 世设\艾伯伦\ECS艾伯伦战役设定集\7第七章 世界众生貌\吉拉哥\社会人文.htm,7,世设：多元宇宙的构成 / 官方 / 艾伯伦 Eberron / [ECS] 艾伯伦战役设定集 / 第七章：世界众生貌 / 吉拉哥,世设：多元宇宙的构成,官方
组织,9 世设\艾伯伦\ECS艾伯伦战役设定集\7第七章 世界众生貌\吉拉哥\组织.htm,7,世设：多元宇宙的构成 / 官方 / 艾伯伦 Eberron / [ECS] 艾伯伦战役设定集 / 第七章：世界众生貌 / 吉拉哥,世设：多元宇宙的构成,官方
重要地点,9 世设\艾伯伦\ECS艾伯伦战役设定集\7第七章 世界众生貌\吉拉哥\重要地点.htm,7,世设：多元宇宙的构成 / 官方 / 艾伯伦 Eberron / [ECS] 艾伯伦战役设定集 / 第七章：世界众生貌 / 吉拉哥,世设：多元宇宙的构成,官方
哀伤故地,9 世设\艾伯伦\ECS艾伯伦战役设定集\7第七章 世界众生貌\哀伤故地\哀伤故地.htm,6,世设：多元宇宙的构成 / 官方 / 艾伯伦 Eberron / [ECS] 艾伯伦战役设定集 / 第七章：世界众生貌,世设：多元宇宙的构成,官方
主要城市,9 世设\艾伯伦\ECS艾伯伦战役设定集\7第七章 世界众生貌\哀伤故地\主要城市.htm,7,世设：多元宇宙的构成 / 官方 / 艾伯伦 Eberron / [ECS] 艾伯伦战役设定集 / 第七章：世界众生貌 / 哀伤故地,世设：多元宇宙的构成,官方
产业,9 世设\艾伯伦\ECS艾伯伦战役设定集\7第七章 世界众生貌\哀伤故地\产业.htm,7,世设：多元宇宙的构成 / 官方 / 艾伯伦 Eberron / [ECS] 艾伯伦战役设定集 / 第七章：世界众生貌 / 哀伤故地,世设：多元宇宙的构成,官方
冒险,9 世设\艾伯伦\ECS艾伯伦战役设定集\7第七章 世界众生貌\哀伤故地\冒险.htm,7,世设：多元宇宙的构成 / 官方 / 艾伯伦 Eberron / [ECS] 艾伯伦战役设定集 / 第七章：世界众生貌 / 哀伤故地,世设：多元宇宙的构成,官方
冒险话题,9 世设\艾伯伦\ECS艾伯伦战役设定集\7第七章 世界众生貌\哀伤故地\冒险话题.htm,7,世设：多元宇宙的构成 / 官方 / 艾伯伦 Eberron / [ECS] 艾伯伦战役设定集 / 第七章：世界众生貌 / 哀伤故地,世设：多元宇宙的构成,官方
宗教,9 世设\艾伯伦\ECS艾伯伦战役设定集\7第七章 世界众生貌\哀伤故地\宗教.htm,7,世设：多元宇宙的构成 / 官方 / 艾伯伦 Eberron / [ECS] 艾伯伦战役设定集 / 第七章：世界众生貌 / 哀伤故地,世设：多元宇宙的构成,官方
政治,9 世设\艾伯伦\ECS艾伯伦战役设定集\7第七章 世界众生貌\哀伤故地\政治.htm,7,世设：多元宇宙的构成 / 官方 / 艾伯伦 Eberron / [ECS] 艾伯伦战役设定集 / 第七章：世界众生貌 / 哀伤故地,世设：多元宇宙的构成,官方
社会人文,9 世设\艾伯伦\ECS艾伯伦战役设定集\7第七章 世界众生貌\哀伤故地\社会人文.htm,7,世设：多元宇宙的构成 / 官方 / 艾伯伦 Eberron / [ECS] 艾伯伦战役设定集 / 第七章：世界众生貌 / 哀伤故地,世设：多元宇宙的构成,官方
组织,9 世设\艾伯伦\ECS艾伯伦战役设定集\7第七章 世界众生貌\哀伤故地\组织.htm,7,世设：多元宇宙的构成 / 官方 / 艾伯伦 Eberron / [ECS] 艾伯伦战役设定集 / 第七章：世界众生貌 / 哀伤故地,世设：多元宇宙的构成,官方
重要地点,9 世设\艾伯伦\ECS艾伯伦战役设定集\7第七章 世界众生貌\哀伤故地\重要地点.htm,7,世设：多元宇宙的构成 / 官方 / 艾伯伦 Eberron / [ECS] 艾伯伦战役设定集 / 第七章：世界众生貌 / 哀伤故地,世设：多元宇宙的构成,官方
坎纳斯,9 世设\艾伯伦\ECS艾伯伦战役设定集\7第七章 世界众生貌\坎纳斯\坎纳斯.htm,6,世设：多元宇宙的构成 / 官方 / 艾伯伦 Eberron / [ECS] 艾伯伦战役设定集 / 第七章：世界众生貌,世设：多元宇宙的构成,官方
主要聚集地,9 世设\艾伯伦\ECS艾伯伦战役设定集\7第七章 世界众生貌\坎纳斯\主要聚集地.htm,7,世设：多元宇宙的构成 / 官方 / 艾伯伦 Eberron / [ECS] 艾伯伦战役设定集 / 第七章：世界众生貌 / 坎纳斯,世设：多元宇宙的构成,官方
产业,9 世设\艾伯伦\ECS艾伯伦战役设定集\7第七章 世界众生貌\坎纳斯\产业.htm,7,世设：多元宇宙的构成 / 官方 / 艾伯伦 Eberron / [ECS] 艾伯伦战役设定集 / 第七章：世界众生貌 / 坎纳斯,世设：多元宇宙的构成,官方
冒险,9 世设\艾伯伦\ECS艾伯伦战役设定集\7第七章 世界众生貌\坎纳斯\冒险.htm,7,世设：多元宇宙的构成 / 官方 / 艾伯伦 Eberron / [ECS] 艾伯伦战役设定集 / 第七章：世界众生貌 / 坎纳斯,世设：多元宇宙的构成,官方
冒险话题,9 世设\艾伯伦\ECS艾伯伦战役设定集\7第七章 世界众生貌\坎纳斯\冒险话题.htm,7,世设：多元宇宙的构成 / 官方 / 艾伯伦 Eberron / [ECS] 艾伯伦战役设定集 / 第七章：世界众生貌 / 坎纳斯,世设：多元宇宙的构成,官方
坎埃斯其人,9 世设\艾伯伦\ECS艾伯伦战役设定集\7第七章 世界众生貌\坎纳斯\坎埃斯其人.htm,7,世设：多元宇宙的构成 / 官方 / 艾伯伦 Eberron / [ECS] 艾伯伦战役设定集 / 第七章：世界众生貌 / 坎纳斯,世设：多元宇宙的构成,官方
宗教,9 世设\艾伯伦\ECS艾伯伦战役设定集\7第七章 世界众生貌\坎纳斯\宗教.htm,7,世设：多元宇宙的构成 / 官方 / 艾伯伦 Eberron / [ECS] 艾伯伦战役设定集 / 第七章：世界众生貌 / 坎纳斯,世设：多元宇宙的构成,官方
政治,9 世设\艾伯伦\ECS艾伯伦战役设定集\7第七章 世界众生貌\坎纳斯\政治.htm,7,世设：多元宇宙的构成 / 官方 / 艾伯伦 Eberron / [ECS] 艾伯伦战役设定集 / 第七章：世界众生貌 / 坎纳斯,世设：多元宇宙的构成,官方
王座堡,9 世设\艾伯伦\ECS艾伯伦战役设定集\7第七章 世界众生貌\坎纳斯\王座堡.htm,7,世设：多元宇宙的构成 / 官方 / 艾伯伦 Eberron / [ECS] 艾伯伦战役设定集 / 第七章：世界众生貌 / 坎纳斯,世设：多元宇宙的构成,官方
社会人文,9 世设\艾伯伦\ECS艾伯伦战役设定集\7第七章 世界众生貌\坎纳斯\社会人文.htm,7,世设：多元宇宙的构成 / 官方 / 艾伯伦 Eberron / [ECS] 艾伯伦战役设定集 / 第七章：世界众生貌 / 坎纳斯,世设：多元宇宙的构成,官方
组织,9 世设\艾伯伦\ECS艾伯伦战役设定集\7第七章 世界众生貌\坎纳斯\组织.htm,7,世设：多元宇宙的构成 / 官方 / 艾伯伦 Eberron / [ECS] 艾伯伦战役设定集 / 第七章：世界众生貌 / 坎纳斯,世设：多元宇宙的构成,官方
重要地点,9 世设\艾伯伦\ECS艾伯伦战役设定集\7第七章 世界众生貌\坎纳斯\重要地点.htm,7,世设：多元宇宙的构成 / 官方 / 艾伯伦 Eberron / [ECS] 艾伯伦战役设定集 / 第七章：世界众生貌 / 坎纳斯,世设：多元宇宙的构成,官方
埃鲁登平原,,6,世设：多元宇宙的构成 / 官方 / 艾伯伦 Eberron / [ECS] 艾伯伦战役设定集 / 第七章：世界众生貌,世设：多元宇宙的构成,官方
主要城市,9 世设\艾伯伦\ECS艾伯伦战役设定集\7第七章 世界众生貌\埃鲁登平原\主要城市.htm,7,世设：多元宇宙的构成 / 官方 / 艾伯伦 Eberron / [ECS] 艾伯伦战役设定集 / 第七章：世界众生貌 / 埃鲁登平原,世设：多元宇宙的构成,官方
产业,9 世设\艾伯伦\ECS艾伯伦战役设定集\7第七章 世界众生貌\埃鲁登平原\产业.htm,7,世设：多元宇宙的构成 / 官方 / 艾伯伦 Eberron / [ECS] 艾伯伦战役设定集 / 第七章：世界众生貌 / 埃鲁登平原,世设：多元宇宙的构成,官方
冒险,9 世设\艾伯伦\ECS艾伯伦战役设定集\7第七章 世界众生貌\埃鲁登平原\冒险.htm,7,世设：多元宇宙的构成 / 官方 / 艾伯伦 Eberron / [ECS] 艾伯伦战役设定集 / 第七章：世界众生貌 / 埃鲁登平原,世设：多元宇宙的构成,官方
冒险话题,9 世设\艾伯伦\ECS艾伯伦战役设定集\7第七章 世界众生貌\埃鲁登平原\冒险话题.htm,7,世设：多元宇宙的构成 / 官方 / 艾伯伦 Eberron / [ECS] 艾伯伦战役设定集 / 第七章：世界众生貌 / 埃鲁登平原,世设：多元宇宙的构成,官方
埃鲁登原野,9 世设\艾伯伦\ECS艾伯伦战役设定集\7第七章 世界众生貌\埃鲁登平原\埃鲁登原野.htm,7,世设：多元宇宙的构成 / 官方 / 艾伯伦 Eberron / [ECS] 艾伯伦战役设定集 / 第七章：世界众生貌 / 埃鲁登平原,世设：多元宇宙的构成,官方
宗教,9 世设\艾伯伦\ECS艾伯伦战役设定集\7第七章 世界众生貌\埃鲁登平原\宗教.htm,7,世设：多元宇宙的构成 / 官方 / 艾伯伦 Eberron / [ECS] 艾伯伦战役设定集 / 第七章：世界众生貌 / 埃鲁登平原,世设：多元宇宙的构成,官方
政治,9 世设\艾伯伦\ECS艾伯伦战役设定集\7第七章 世界众生貌\埃鲁登平原\政治.htm,7,世设：多元宇宙的构成 / 官方 / 艾伯伦 Eberron / [ECS] 艾伯伦战役设定集 / 第七章：世界众生貌 / 埃鲁登平原,世设：多元宇宙的构成,官方
社会人文,9 世设\艾伯伦\ECS艾伯伦战役设定集\7第七章 世界众生貌\埃鲁登平原\社会人文.htm,7,世设：多元宇宙的构成 / 官方 / 艾伯伦 Eberron / [ECS] 艾伯伦战役设定集 / 第七章：世界众生貌 / 埃鲁登平原,世设：多元宇宙的构成,官方
组织,9 世设\艾伯伦\ECS艾伯伦战役设定集\7第七章 世界众生貌\埃鲁登平原\组织.htm,7,世设：多元宇宙的构成 / 官方 / 艾伯伦 Eberron / [ECS] 艾伯伦战役设定集 / 第七章：世界众生貌 / 埃鲁登平原,世设：多元宇宙的构成,官方
重要地点,9 世设\艾伯伦\ECS艾伯伦战役设定集\7第七章 世界众生貌\埃鲁登平原\重要地点.htm,7,世设：多元宇宙的构成 / 官方 / 艾伯伦 Eberron / [ECS] 艾伯伦战役设定集 / 第七章：世界众生貌 / 埃鲁登平原,世设：多元宇宙的构成,官方
塔拉塔平原,,6,世设：多元宇宙的构成 / 官方 / 艾伯伦 Eberron / [ECS] 艾伯伦战役设定集 / 第七章：世界众生貌,世设：多元宇宙的构成,官方
主要集聚地,9 世设\艾伯伦\ECS艾伯伦战役设定集\7第七章 世界众生貌\塔拉塔平原\主要集聚地.htm,7,世设：多元宇宙的构成 / 官方 / 艾伯伦 Eberron / [ECS] 艾伯伦战役设定集 / 第七章：世界众生貌 / 塔拉塔平原,世设：多元宇宙的构成,官方
产业,9 世设\艾伯伦\ECS艾伯伦战役设定集\7第七章 世界众生貌\塔拉塔平原\产业.htm,7,世设：多元宇宙的构成 / 官方 / 艾伯伦 Eberron / [ECS] 艾伯伦战役设定集 / 第七章：世界众生貌 / 塔拉塔平原,世设：多元宇宙的构成,官方
冒险,9 世设\艾伯伦\ECS艾伯伦战役设定集\7第七章 世界众生貌\塔拉塔平原\冒险.htm,7,世设：多元宇宙的构成 / 官方 / 艾伯伦 Eberron / [ECS] 艾伯伦战役设定集 / 第七章：世界众生貌 / 塔拉塔平原,世设：多元宇宙的构成,官方
冒险话题,9 世设\艾伯伦\ECS艾伯伦战役设定集\7第七章 世界众生貌\塔拉塔平原\冒险话题.htm,7,世设：多元宇宙的构成 / 官方 / 艾伯伦 Eberron / [ECS] 艾伯伦战役设定集 / 第七章：世界众生貌 / 塔拉塔平原,世设：多元宇宙的构成,官方
塔兰塔平原,9 世设\艾伯伦\ECS艾伯伦战役设定集\7第七章 世界众生貌\塔拉塔平原\塔兰塔平原.htm,7,世设：多元宇宙的构成 / 官方 / 艾伯伦 Eberron / [ECS] 艾伯伦战役设定集 / 第七章：世界众生貌 / 塔拉塔平原,世设：多元宇宙的构成,官方
宗教,9 世设\艾伯伦\ECS艾伯伦战役设定集\7第七章 世界众生貌\塔拉塔平原\宗教.htm,7,世设：多元宇宙的构成 / 官方 / 艾伯伦 Eberron / [ECS] 艾伯伦战役设定集 / 第七章：世界众生貌 / 塔拉塔平原,世设：多元宇宙的构成,官方
政治,9 世设\艾伯伦\ECS艾伯伦战役设定集\7第七章 世界众生貌\塔拉塔平原\政治.htm,7,世设：多元宇宙的构成 / 官方 / 艾伯伦 Eberron / [ECS] 艾伯伦战役设定集 / 第七章：世界众生貌 / 塔拉塔平原,世设：多元宇宙的构成,官方
社会人文,9 世设\艾伯伦\ECS艾伯伦战役设定集\7第七章 世界众生貌\塔拉塔平原\社会人文.htm,7,世设：多元宇宙的构成 / 官方 / 艾伯伦 Eberron / [ECS] 艾伯伦战役设定集 / 第七章：世界众生貌 / 塔拉塔平原,世设：多元宇宙的构成,官方
组织,9 世设\艾伯伦\ECS艾伯伦战役设定集\7第七章 世界众生貌\塔拉塔平原\组织.htm,7,世设：多元宇宙的构成 / 官方 / 艾伯伦 Eberron / [ECS] 艾伯伦战役设定集 / 第七章：世界众生貌 / 塔拉塔平原,世设：多元宇宙的构成,官方
重要地点,9 世设\艾伯伦\ECS艾伯伦战役设定集\7第七章 世界众生貌\塔拉塔平原\重要地点.htm,7,世设：多元宇宙的构成 / 官方 / 艾伯伦 Eberron / [ECS] 艾伯伦战役设定集 / 第七章：世界众生貌 / 塔拉塔平原,世设：多元宇宙的构成,官方
夸巴拉,9 世设\艾伯伦\ECS艾伯伦战役设定集\7第七章 世界众生貌\夸巴拉\夸巴拉.htm,6,世设：多元宇宙的构成 / 官方 / 艾伯伦 Eberron / [ECS] 艾伯伦战役设定集 / 第七章：世界众生貌,世设：多元宇宙的构成,官方
主要集聚地,9 世设\艾伯伦\ECS艾伯伦战役设定集\7第七章 世界众生貌\夸巴拉\主要集聚地.htm,7,世设：多元宇宙的构成 / 官方 / 艾伯伦 Eberron / [ECS] 艾伯伦战役设定集 / 第七章：世界众生貌 / 夸巴拉,世设：多元宇宙的构成,官方
产业,9 世设\艾伯伦\ECS艾伯伦战役设定集\7第七章 世界众生貌\夸巴拉\产业.htm,7,世设：多元宇宙的构成 / 官方 / 艾伯伦 Eberron / [ECS] 艾伯伦战役设定集 / 第七章：世界众生貌 / 夸巴拉,世设：多元宇宙的构成,官方
冒险,9 世设\艾伯伦\ECS艾伯伦战役设定集\7第七章 世界众生貌\夸巴拉\冒险.htm,7,世设：多元宇宙的构成 / 官方 / 艾伯伦 Eberron / [ECS] 艾伯伦战役设定集 / 第七章：世界众生貌 / 夸巴拉,世设：多元宇宙的构成,官方
冒险话题,9 世设\艾伯伦\ECS艾伯伦战役设定集\7第七章 世界众生貌\夸巴拉\冒险话题.htm,7,世设：多元宇宙的构成 / 官方 / 艾伯伦 Eberron / [ECS] 艾伯伦战役设定集 / 第七章：世界众生貌 / 夸巴拉,世设：多元宇宙的构成,官方
宗教,9 世设\艾伯伦\ECS艾伯伦战役设定集\7第七章 世界众生貌\夸巴拉\宗教.htm,7,世设：多元宇宙的构成 / 官方 / 艾伯伦 Eberron / [ECS] 艾伯伦战役设定集 / 第七章：世界众生貌 / 夸巴拉,世设：多元宇宙的构成,官方
政治,9 世设\艾伯伦\ECS艾伯伦战役设定集\7第七章 世界众生貌\夸巴拉\政治.htm,7,世设：多元宇宙的构成 / 官方 / 艾伯伦 Eberron / [ECS] 艾伯伦战役设定集 / 第七章：世界众生貌 / 夸巴拉,世设：多元宇宙的构成,官方
社会人文,9 世设\艾伯伦\ECS艾伯伦战役设定集\7第七章 世界众生貌\夸巴拉\社会人文.htm,7,世设：多元宇宙的构成 / 官方 / 艾伯伦 Eberron / [ECS] 艾伯伦战役设定集 / 第七章：世界众生貌 / 夸巴拉,世设：多元宇宙的构成,官方
重要地点,9 世设\艾伯伦\ECS艾伯伦战役设定集\7第七章 世界众生貌\夸巴拉\重要地点.htm,7,世设：多元宇宙的构成 / 官方 / 艾伯伦 Eberron / [ECS] 艾伯伦战役设定集 / 第七章：世界众生貌 / 夸巴拉,世设：多元宇宙的构成,官方
安黛尔,9 世设\艾伯伦\ECS艾伯伦战役设定集\7第七章 世界众生貌\安黛尔\安黛尔.htm,6,世设：多元宇宙的构成 / 官方 / 艾伯伦 Eberron / [ECS] 艾伯伦战役设定集 / 第七章：世界众生貌,世设：多元宇宙的构成,官方
主要集聚地,9 世设\艾伯伦\ECS艾伯伦战役设定集\7第七章 世界众生貌\安黛尔\主要集聚地.htm,7,世设：多元宇宙的构成 / 官方 / 艾伯伦 Eberron / [ECS] 艾伯伦战役设定集 / 第七章：世界众生貌 / 安黛尔,世设：多元宇宙的构成,官方
冒险与冒险话题,9 世设\艾伯伦\ECS艾伯伦战役设定集\7第七章 世界众生貌\安黛尔\冒险与冒险话题.htm,7,世设：多元宇宙的构成 / 官方 / 艾伯伦 Eberron / [ECS] 艾伯伦战役设定集 / 第七章：世界众生貌 / 安黛尔,世设：多元宇宙的构成,官方
姓氏,9 世设\艾伯伦\ECS艾伯伦战役设定集\7第七章 世界众生貌\安黛尔\姓氏.htm,7,世设：多元宇宙的构成 / 官方 / 艾伯伦 Eberron / [ECS] 艾伯伦战役设定集 / 第七章：世界众生貌 / 安黛尔,世设：多元宇宙的构成,官方
宗教,9 世设\艾伯伦\ECS艾伯伦战役设定集\7第七章 世界众生貌\安黛尔\宗教.htm,7,世设：多元宇宙的构成 / 官方 / 艾伯伦 Eberron / [ECS] 艾伯伦战役设定集 / 第七章：世界众生貌 / 安黛尔,世设：多元宇宙的构成,官方
工业,9 世设\艾伯伦\ECS艾伯伦战役设定集\7第七章 世界众生貌\安黛尔\工业.htm,7,世设：多元宇宙的构成 / 官方 / 艾伯伦 Eberron / [ECS] 艾伯伦战役设定集 / 第七章：世界众生貌 / 安黛尔,世设：多元宇宙的构成,官方
政治,9 世设\艾伯伦\ECS艾伯伦战役设定集\7第七章 世界众生貌\安黛尔\政治.htm,7,世设：多元宇宙的构成 / 官方 / 艾伯伦 Eberron / [ECS] 艾伯伦战役设定集 / 第七章：世界众生貌 / 安黛尔,世设：多元宇宙的构成,官方
社会人文,9 世设\艾伯伦\ECS艾伯伦战役设定集\7第七章 世界众生貌\安黛尔\社会人文.htm,7,世设：多元宇宙的构成 / 官方 / 艾伯伦 Eberron / [ECS] 艾伯伦战役设定集 / 第七章：世界众生貌 / 安黛尔,世设：多元宇宙的构成,官方
组织,9 世设\艾伯伦\ECS艾伯伦战役设定集\7第七章 世界众生貌\安黛尔\组织.htm,7,世设：多元宇宙的构成 / 官方 / 艾伯伦 Eberron / [ECS] 艾伯伦战役设定集 / 第七章：世界众生貌 / 安黛尔,世设：多元宇宙的构成,官方
重要地点,9 世设\艾伯伦\ECS艾伯伦战役设定集\7第七章 世界众生貌\安黛尔\重要地点.htm,7,世设：多元宇宙的构成 / 官方 / 艾伯伦 Eberron / [ECS] 艾伯伦战役设定集 / 第七章：世界众生貌 / 安黛尔,世设：多元宇宙的构成,官方
布鲁兰,9 世设\艾伯伦\ECS艾伯伦战役设定集\7第七章 世界众生貌\布鲁兰\布鲁兰.htm,6,世设：多元宇宙的构成 / 官方 / 艾伯伦 Eberron / [ECS] 艾伯伦战役设定集 / 第七章：世界众生貌,世设：多元宇宙的构成,官方
宗教,9 世设\艾伯伦\ECS艾伯伦战役设定集\7第七章 世界众生貌\布鲁兰\宗教.htm,7,世设：多元宇宙的构成 / 官方 / 艾伯伦 Eberron / [ECS] 艾伯伦战役设定集 / 第七章：世界众生貌 / 布鲁兰,世设：多元宇宙的构成,官方
政治,9 世设\艾伯伦\ECS艾伯伦战役设定集\7第七章 世界众生貌\布鲁兰\政治.htm,7,世设：多元宇宙的构成 / 官方 / 艾伯伦 Eberron / [ECS] 艾伯伦战役设定集 / 第七章：世界众生貌 / 布鲁兰,世设：多元宇宙的构成,官方
社会人文,9 世设\艾伯伦\ECS艾伯伦战役设定集\7第七章 世界众生貌\布鲁兰\社会人文.htm,7,世设：多元宇宙的构成 / 官方 / 艾伯伦 Eberron / [ECS] 艾伯伦战役设定集 / 第七章：世界众生貌 / 布鲁兰,世设：多元宇宙的构成,官方
组织,9 世设\艾伯伦\ECS艾伯伦战役设定集\7第七章 世界众生貌\布鲁兰\组织.htm,7,世设：多元宇宙的构成 / 官方 / 艾伯伦 Eberron / [ECS] 艾伯伦战役设定集 / 第七章：世界众生貌 / 布鲁兰,世设：多元宇宙的构成,官方
重要地点,9 世设\艾伯伦\ECS艾伯伦战役设定集\7第七章 世界众生貌\布鲁兰\重要地点.htm,7,世设：多元宇宙的构成 / 官方 / 艾伯伦 Eberron / [ECS] 艾伯伦战役设定集 / 第七章：世界众生貌 / 布鲁兰,世设：多元宇宙的构成,官方
主要集聚地,9 世设\艾伯伦\ECS艾伯伦战役设定集\7第七章 世界众生貌\布鲁兰\主要集聚地\主要集聚地.htm,7,世设：多元宇宙的构成 / 官方 / 艾伯伦 Eberron / [ECS] 艾伯伦战役设定集 / 第七章：世界众生貌 / 布鲁兰,世设：多元宇宙的构成,官方
亚贡斯(Argonth),9 世设\艾伯伦\ECS艾伯伦战役设定集\7第七章 世界众生貌\布鲁兰\主要集聚地\亚贡斯(Argonth).htm,8,世设：多元宇宙的构成 / 官方 / 艾伯伦 Eberron / [ECS] 艾伯伦战役设定集 / 第七章：世界众生貌 / 布鲁兰 / 主要集聚地,世设：多元宇宙的构成,官方
始建塔,9 世设\艾伯伦\ECS艾伯伦战役设定集\7第七章 世界众生貌\布鲁兰\主要集聚地\始建塔.htm,8,世设：多元宇宙的构成 / 官方 / 艾伯伦 Eberron / [ECS] 艾伯伦战役设定集 / 第七章：世界众生貌 / 布鲁兰 / 主要集聚地,世设：多元宇宙的构成,官方
新塞尔(NewCyre),9 世设\艾伯伦\ECS艾伯伦战役设定集\7第七章 世界众生貌\布鲁兰\主要集聚地\新塞尔(NewCyre).htm,8,世设：多元宇宙的构成 / 官方 / 艾伯伦 Eberron / [ECS] 艾伯伦战役设定集 / 第七章：世界众生貌 / 布鲁兰 / 主要集聚地,世设：多元宇宙的构成,官方
沃奥特,9 世设\艾伯伦\ECS艾伯伦战役设定集\7第七章 世界众生貌\布鲁兰\主要集聚地\沃奥特.htm,8,世设：多元宇宙的构成 / 官方 / 艾伯伦 Eberron / [ECS] 艾伯伦战役设定集 / 第七章：世界众生貌 / 布鲁兰 / 主要集聚地,世设：多元宇宙的构成,官方
瓦塞朗(Vathirond),9 世设\艾伯伦\ECS艾伯伦战役设定集\7第七章 世界众生貌\布鲁兰\主要集聚地\瓦塞朗(Vathirond).htm,8,世设：多元宇宙的构成 / 官方 / 艾伯伦 Eberron / [ECS] 艾伯伦战役设定集 / 第七章：世界众生貌 / 布鲁兰 / 主要集聚地,世设：多元宇宙的构成,官方
萨恩,9 世设\艾伯伦\ECS艾伯伦战役设定集\7第七章 世界众生貌\布鲁兰\主要集聚地\萨恩.htm,8,世设：多元宇宙的构成 / 官方 / 艾伯伦 Eberron / [ECS] 艾伯伦战役设定集 / 第七章：世界众生貌 / 布鲁兰 / 主要集聚地,世设：多元宇宙的构成,官方
进行以萨恩为舞台的战役,9 世设\艾伯伦\ECS艾伯伦战役设定集\7第七章 世界众生貌\布鲁兰\主要集聚地\进行以萨恩为舞台的战役.htm,8,世设：多元宇宙的构成 / 官方 / 艾伯伦 Eberron / [ECS] 艾伯伦战役设定集 / 第七章：世界众生貌 / 布鲁兰 / 主要集聚地,世设：多元宇宙的构成,官方
重要地点,,7,世设：多元宇宙的构成 / 官方 / 艾伯伦 Eberron / [ECS] 艾伯伦战役设定集 / 第七章：世界众生貌 / 布鲁兰,世设：多元宇宙的构成,官方
国王森林,9 世设\艾伯伦\ECS艾伯伦战役设定集\7第七章 世界众生貌\布鲁兰\重要地点\国王森林.htm,8,世设：多元宇宙的构成 / 官方 / 艾伯伦 Eberron / [ECS] 艾伯伦战役设定集 / 第七章：世界众生貌 / 布鲁兰 / 重要地点,世设：多元宇宙的构成,官方
巨龙石冠,9 世设\艾伯伦\ECS艾伯伦战役设定集\7第七章 世界众生貌\布鲁兰\重要地点\巨龙石冠.htm,8,世设：多元宇宙的构成 / 官方 / 艾伯伦 Eberron / [ECS] 艾伯伦战役设定集 / 第七章：世界众生貌 / 布鲁兰 / 重要地点,世设：多元宇宙的构成,官方
暗黑渊,9 世设\艾伯伦\ECS艾伯伦战役设定集\7第七章 世界众生貌\布鲁兰\重要地点\暗黑渊.htm,8,世设：多元宇宙的构成 / 官方 / 艾伯伦 Eberron / [ECS] 艾伯伦战役设定集 / 第七章：世界众生貌 / 布鲁兰 / 重要地点,世设：多元宇宙的构成,官方
铁面关,9 世设\艾伯伦\ECS艾伯伦战役设定集\7第七章 世界众生貌\布鲁兰\重要地点\铁面关.htm,8,世设：多元宇宙的构成 / 官方 / 艾伯伦 Eberron / [ECS] 艾伯伦战役设定集 / 第七章：世界众生貌 / 布鲁兰 / 重要地点,世设：多元宇宙的构成,官方
恶魔荒原,9 世设\艾伯伦\ECS艾伯伦战役设定集\7第七章 世界众生貌\恶魔荒原\恶魔荒原.htm,6,世设：多元宇宙的构成 / 官方 / 艾伯伦 Eberron / [ECS] 艾伯伦战役设定集 / 第七章：世界众生貌,世设：多元宇宙的构成,官方
主要城市,9 世设\艾伯伦\ECS艾伯伦战役设定集\7第七章 世界众生貌\恶魔荒原\主要城市.htm,7,世设：多元宇宙的构成 / 官方 / 艾伯伦 Eberron / [ECS] 艾伯伦战役设定集 / 第七章：世界众生貌 / 恶魔荒原,世设：多元宇宙的构成,官方
产业,9 世设\艾伯伦\ECS艾伯伦战役设定集\7第七章 世界众生貌\恶魔荒原\产业.htm,7,世设：多元宇宙的构成 / 官方 / 艾伯伦 Eberron / [ECS] 艾伯伦战役设定集 / 第七章：世界众生貌 / 恶魔荒原,世设：多元宇宙的构成,官方
冒险,9 世设\艾伯伦\ECS艾伯伦战役设定集\7第七章 世界众生貌\恶魔荒原\冒险.htm,7,世设：多元宇宙的构成 / 官方 / 艾伯伦 Eberron / [ECS] 艾伯伦战役设定集 / 第七章：世界众生貌 / 恶魔荒原,世设：多元宇宙的构成,官方
冒险话题,9 世设\艾伯伦\ECS艾伯伦战役设定集\7第七章 世界众生貌\恶魔荒原\冒险话题.htm,7,世设：多元宇宙的构成 / 官方 / 艾伯伦 Eberron / [ECS] 艾伯伦战役设定集 / 第七章：世界众生貌 / 恶魔荒原,世设：多元宇宙的构成,官方
宗教,9 世设\艾伯伦\ECS艾伯伦战役设定集\7第七章 世界众生貌\恶魔荒原\宗教.htm,7,世设：多元宇宙的构成 / 官方 / 艾伯伦 Eberron / [ECS] 艾伯伦战役设定集 / 第七章：世界众生貌 / 恶魔荒原,世设：多元宇宙的构成,官方
政治,9 世设\艾伯伦\ECS艾伯伦战役设定集\7第七章 世界众生貌\恶魔荒原\政治.htm,7,世设：多元宇宙的构成 / 官方 / 艾伯伦 Eberron / [ECS] 艾伯伦战役设定集 / 第七章：世界众生貌 / 恶魔荒原,世设：多元宇宙的构成,官方
社会人文,9 世设\艾伯伦\ECS艾伯伦战役设定集\7第七章 世界众生貌\恶魔荒原\社会人文.htm,7,世设：多元宇宙的构成 / 官方 / 艾伯伦 Eberron / [ECS] 艾伯伦战役设定集 / 第七章：世界众生貌 / 恶魔荒原,世设：多元宇宙的构成,官方
组织,9 世设\艾伯伦\ECS艾伯伦战役设定集\7第七章 世界众生貌\恶魔荒原\组织.htm,7,世设：多元宇宙的构成 / 官方 / 艾伯伦 Eberron / [ECS] 艾伯伦战役设定集 / 第七章：世界众生貌 / 恶魔荒原,世设：多元宇宙的构成,官方
重要地点,9 世设\艾伯伦\ECS艾伯伦战役设定集\7第七章 世界众生貌\恶魔荒原\重要地点.htm,7,世设：多元宇宙的构成 / 官方 / 艾伯伦 Eberron / [ECS] 艾伯伦战役设定集 / 第七章：世界众生貌 / 恶魔荒原,世设：多元宇宙的构成,官方
拉扎尔邦联,9 世设\艾伯伦\ECS艾伯伦战役设定集\7第七章 世界众生貌\拉扎尔邦联\拉扎尔邦联.htm,6,世设：多元宇宙的构成 / 官方 / 艾伯伦 Eberron / [ECS] 艾伯伦战役设定集 / 第七章：世界众生貌,世设：多元宇宙的构成,官方
主要聚集地,9 世设\艾伯伦\ECS艾伯伦战役设定集\7第七章 世界众生貌\拉扎尔邦联\主要聚集地.htm,7,世设：多元宇宙的构成 / 官方 / 艾伯伦 Eberron / [ECS] 艾伯伦战役设定集 / 第七章：世界众生貌 / 拉扎尔邦联,世设：多元宇宙的构成,官方
产业,9 世设\艾伯伦\ECS艾伯伦战役设定集\7第七章 世界众生貌\拉扎尔邦联\产业.htm,7,世设：多元宇宙的构成 / 官方 / 艾伯伦 Eberron / [ECS] 艾伯伦战役设定集 / 第七章：世界众生貌 / 拉扎尔邦联,世设：多元宇宙的构成,官方
冒险,9 世设\艾伯伦\ECS艾伯伦战役设定集\7第七章 世界众生貌\拉扎尔邦联\冒险.htm,7,世设：多元宇宙的构成 / 官方 / 艾伯伦 Eberron / [ECS] 艾伯伦战役设定集 / 第七章：世界众生貌 / 拉扎尔邦联,世设：多元宇宙的构成,官方
冒险话题,9 世设\艾伯伦\ECS艾伯伦战役设定集\7第七章 世界众生貌\拉扎尔邦联\冒险话题.htm,7,世设：多元宇宙的构成 / 官方 / 艾伯伦 Eberron / [ECS] 艾伯伦战役设定集 / 第七章：世界众生貌 / 拉扎尔邦联,世设：多元宇宙的构成,官方
宗教,9 世设\艾伯伦\ECS艾伯伦战役设定集\7第七章 世界众生貌\拉扎尔邦联\宗教.htm,7,世设：多元宇宙的构成 / 官方 / 艾伯伦 Eberron / [ECS] 艾伯伦战役设定集 / 第七章：世界众生貌 / 拉扎尔邦联,世设：多元宇宙的构成,官方
政治,9 世设\艾伯伦\ECS艾伯伦战役设定集\7第七章 世界众生貌\拉扎尔邦联\政治.htm,7,世设：多元宇宙的构成 / 官方 / 艾伯伦 Eberron / [ECS] 艾伯伦战役设定集 / 第七章：世界众生貌 / 拉扎尔邦联,世设：多元宇宙的构成,官方
社会人文,9 世设\艾伯伦\ECS艾伯伦战役设定集\7第七章 世界众生貌\拉扎尔邦联\社会人文.htm,7,世设：多元宇宙的构成 / 官方 / 艾伯伦 Eberron / [ECS] 艾伯伦战役设定集 / 第七章：世界众生貌 / 拉扎尔邦联,世设：多元宇宙的构成,官方
组织,9 世设\艾伯伦\ECS艾伯伦战役设定集\7第七章 世界众生貌\拉扎尔邦联\组织.htm,7,世设：多元宇宙的构成 / 官方 / 艾伯伦 Eberron / [ECS] 艾伯伦战役设定集 / 第七章：世界众生貌 / 拉扎尔邦联,世设：多元宇宙的构成,官方
重要地点,9 世设\艾伯伦\ECS艾伯伦战役设定集\7第七章 世界众生貌\拉扎尔邦联\重要地点.htm,7,世设：多元宇宙的构成 / 官方 / 艾伯伦 Eberron / [ECS] 艾伯伦战役设定集 / 第七章：世界众生貌 / 拉扎尔邦联,世设：多元宇宙的构成,官方
摩洛领,9 世设\艾伯伦\ECS艾伯伦战役设定集\7第七章 世界众生貌\摩洛领\摩洛领.htm,6,世设：多元宇宙的构成 / 官方 / 艾伯伦 Eberron / [ECS] 艾伯伦战役设定集 / 第七章：世界众生貌,世设：多元宇宙的构成,官方
主要聚集地,9 世设\艾伯伦\ECS艾伯伦战役设定集\7第七章 世界众生貌\摩洛领\主要聚集地.htm,7,世设：多元宇宙的构成 / 官方 / 艾伯伦 Eberron / [ECS] 艾伯伦战役设定集 / 第七章：世界众生貌 / 摩洛领,世设：多元宇宙的构成,官方
产业,9 世设\艾伯伦\ECS艾伯伦战役设定集\7第七章 世界众生貌\摩洛领\产业.htm,7,世设：多元宇宙的构成 / 官方 / 艾伯伦 Eberron / [ECS] 艾伯伦战役设定集 / 第七章：世界众生貌 / 摩洛领,世设：多元宇宙的构成,官方
冒险,9 世设\艾伯伦\ECS艾伯伦战役设定集\7第七章 世界众生貌\摩洛领\冒险.htm,7,世设：多元宇宙的构成 / 官方 / 艾伯伦 Eberron / [ECS] 艾伯伦战役设定集 / 第七章：世界众生貌 / 摩洛领,世设：多元宇宙的构成,官方
冒险话题,9 世设\艾伯伦\ECS艾伯伦战役设定集\7第七章 世界众生貌\摩洛领\冒险话题.htm,7,世设：多元宇宙的构成 / 官方 / 艾伯伦 Eberron / [ECS] 艾伯伦战役设定集 / 第七章：世界众生貌 / 摩洛领,世设：多元宇宙的构成,官方
宗教,9 世设\艾伯伦\ECS艾伯伦战役设定集\7第七章 世界众生貌\摩洛领\宗教.htm,7,世设：多元宇宙的构成 / 官方 / 艾伯伦 Eberron / [ECS] 艾伯伦战役设定集 / 第七章：世界众生貌 / 摩洛领,世设：多元宇宙的构成,官方
政治,9 世设\艾伯伦\ECS艾伯伦战役设定集\7第七章 世界众生貌\摩洛领\政治.htm,7,世设：多元宇宙的构成 / 官方 / 艾伯伦 Eberron / [ECS] 艾伯伦战役设定集 / 第七章：世界众生貌 / 摩洛领,世设：多元宇宙的构成,官方
社会人文,9 世设\艾伯伦\ECS艾伯伦战役设定集\7第七章 世界众生貌\摩洛领\社会人文.htm,7,世设：多元宇宙的构成 / 官方 / 艾伯伦 Eberron / [ECS] 艾伯伦战役设定集 / 第七章：世界众生貌 / 摩洛领,世设：多元宇宙的构成,官方
组织,9 世设\艾伯伦\ECS艾伯伦战役设定集\7第七章 世界众生貌\摩洛领\组织.htm,7,世设：多元宇宙的构成 / 官方 / 艾伯伦 Eberron / [ECS] 艾伯伦战役设定集 / 第七章：世界众生貌 / 摩洛领,世设：多元宇宙的构成,官方
重要地点,9 世设\艾伯伦\ECS艾伯伦战役设定集\7第七章 世界众生貌\摩洛领\重要地点.htm,7,世设：多元宇宙的构成 / 官方 / 艾伯伦 Eberron / [ECS] 艾伯伦战役设定集 / 第七章：世界众生貌 / 摩洛领,世设：多元宇宙的构成,官方
瑟雷恩,9 世设\艾伯伦\ECS艾伯伦战役设定集\7第七章 世界众生貌\瑟雷恩\瑟雷恩.htm,6,世设：多元宇宙的构成 / 官方 / 艾伯伦 Eberron / [ECS] 艾伯伦战役设定集 / 第七章：世界众生貌,世设：多元宇宙的构成,官方
主要集聚地,9 世设\艾伯伦\ECS艾伯伦战役设定集\7第七章 世界众生貌\瑟雷恩\主要集聚地.htm,7,世设：多元宇宙的构成 / 官方 / 艾伯伦 Eberron / [ECS] 艾伯伦战役设定集 / 第七章：世界众生貌 / 瑟雷恩,世设：多元宇宙的构成,官方
产业,9 世设\艾伯伦\ECS艾伯伦战役设定集\7第七章 世界众生貌\瑟雷恩\产业.htm,7,世设：多元宇宙的构成 / 官方 / 艾伯伦 Eberron / [ECS] 艾伯伦战役设定集 / 第七章：世界众生貌 / 瑟雷恩,世设：多元宇宙的构成,官方
冒险,9 世设\艾伯伦\ECS艾伯伦战役设定集\7第七章 世界众生貌\瑟雷恩\冒险.htm,7,世设：多元宇宙的构成 / 官方 / 艾伯伦 Eberron / [ECS] 艾伯伦战役设定集 / 第七章：世界众生貌 / 瑟雷恩,世设：多元宇宙的构成,官方
冒险话题,9 世设\艾伯伦\ECS艾伯伦战役设定集\7第七章 世界众生貌\瑟雷恩\冒险话题.htm,7,世设：多元宇宙的构成 / 官方 / 艾伯伦 Eberron / [ECS] 艾伯伦战役设定集 / 第七章：世界众生貌 / 瑟雷恩,世设：多元宇宙的构成,官方
宗教,9 世设\艾伯伦\ECS艾伯伦战役设定集\7第七章 世界众生貌\瑟雷恩\宗教.htm,7,世设：多元宇宙的构成 / 官方 / 艾伯伦 Eberron / [ECS] 艾伯伦战役设定集 / 第七章：世界众生貌 / 瑟雷恩,世设：多元宇宙的构成,官方
政治,9 世设\艾伯伦\ECS艾伯伦战役设定集\7第七章 世界众生貌\瑟雷恩\政治.htm,7,世设：多元宇宙的构成 / 官方 / 艾伯伦 Eberron / [ECS] 艾伯伦战役设定集 / 第七章：世界众生貌 / 瑟雷恩,世设：多元宇宙的构成,官方
社会人文,9 世设\艾伯伦\ECS艾伯伦战役设定集\7第七章 世界众生貌\瑟雷恩\社会人文.htm,7,世设：多元宇宙的构成 / 官方 / 艾伯伦 Eberron / [ECS] 艾伯伦战役设定集 / 第七章：世界众生貌 / 瑟雷恩,世设：多元宇宙的构成,官方
组织,9 世设\艾伯伦\ECS艾伯伦战役设定集\7第七章 世界众生貌\瑟雷恩\组织.htm,7,世设：多元宇宙的构成 / 官方 / 艾伯伦 Eberron / [ECS] 艾伯伦战役设定集 / 第七章：世界众生貌 / 瑟雷恩,世设：多元宇宙的构成,官方
重要地点,9 世设\艾伯伦\ECS艾伯伦战役设定集\7第七章 世界众生貌\瑟雷恩\重要地点.htm,7,世设：多元宇宙的构成 / 官方 / 艾伯伦 Eberron / [ECS] 艾伯伦战役设定集 / 第七章：世界众生貌 / 瑟雷恩,世设：多元宇宙的构成,官方
科瓦雷,9 世设\艾伯伦\ECS艾伯伦战役设定集\7第七章 世界众生貌\科瓦雷\科瓦雷.htm,6,世设：多元宇宙的构成 / 官方 / 艾伯伦 Eberron / [ECS] 艾伯伦战役设定集 / 第七章：世界众生貌,世设：多元宇宙的构成,官方
科瓦雷以外地区,9 世设\艾伯伦\ECS艾伯伦战役设定集\7第七章 世界众生貌\科瓦雷以外地区\科瓦雷以外地区.htm,6,世设：多元宇宙的构成 / 官方 / 艾伯伦 Eberron / [ECS] 艾伯伦战役设定集 / 第七章：世界众生貌,世设：多元宇宙的构成,官方
凯博尔,9 世设\艾伯伦\ECS艾伯伦战役设定集\7第七章 世界众生貌\科瓦雷以外地区\凯博尔.htm,7,世设：多元宇宙的构成 / 官方 / 艾伯伦 Eberron / [ECS] 艾伯伦战役设定集 / 第七章：世界众生貌 / 科瓦雷以外地区,世设：多元宇宙的构成,官方
希恩的瑞克,9 世设\艾伯伦\ECS艾伯伦战役设定集\7第七章 世界众生貌\科瓦雷以外地区\希恩的瑞克.htm,7,世设：多元宇宙的构成 / 官方 / 艾伯伦 Eberron / [ECS] 艾伯伦战役设定集 / 第七章：世界众生貌 / 科瓦雷以外地区,世设：多元宇宙的构成,官方
瑞依卓尔,9 世设\艾伯伦\ECS艾伯伦战役设定集\7第七章 世界众生貌\科瓦雷以外地区\瑞依卓尔.htm,7,世设：多元宇宙的构成 / 官方 / 艾伯伦 Eberron / [ECS] 艾伯伦战役设定集 / 第七章：世界众生貌 / 科瓦雷以外地区,世设：多元宇宙的构成,官方
索伦娜,9 世设\艾伯伦\ECS艾伯伦战役设定集\7第七章 世界众生貌\科瓦雷以外地区\索伦娜.htm,7,世设：多元宇宙的构成 / 官方 / 艾伯伦 Eberron / [ECS] 艾伯伦战役设定集 / 第七章：世界众生貌 / 科瓦雷以外地区,世设：多元宇宙的构成,官方
艾伦诺,9 世设\艾伯伦\ECS艾伯伦战役设定集\7第七章 世界众生貌\科瓦雷以外地区\艾伦诺.htm,7,世设：多元宇宙的构成 / 官方 / 艾伯伦 Eberron / [ECS] 艾伯伦战役设定集 / 第七章：世界众生貌 / 科瓦雷以外地区,世设：多元宇宙的构成,官方
艾伦诺主要集聚地,9 世设\艾伯伦\ECS艾伯伦战役设定集\7第七章 世界众生貌\科瓦雷以外地区\艾伦诺主要集聚地.htm,7,世设：多元宇宙的构成 / 官方 / 艾伯伦 Eberron / [ECS] 艾伯伦战役设定集 / 第七章：世界众生貌 / 科瓦雷以外地区,世设：多元宇宙的构成,官方
艾伦诺产业,9 世设\艾伯伦\ECS艾伯伦战役设定集\7第七章 世界众生貌\科瓦雷以外地区\艾伦诺产业.htm,7,世设：多元宇宙的构成 / 官方 / 艾伯伦 Eberron / [ECS] 艾伯伦战役设定集 / 第七章：世界众生貌 / 科瓦雷以外地区,世设：多元宇宙的构成,官方
艾伦诺宗教,9 世设\艾伯伦\ECS艾伯伦战役设定集\7第七章 世界众生貌\科瓦雷以外地区\艾伦诺宗教.htm,7,世设：多元宇宙的构成 / 官方 / 艾伯伦 Eberron / [ECS] 艾伯伦战役设定集 / 第七章：世界众生貌 / 科瓦雷以外地区,世设：多元宇宙的构成,官方
艾伦诺政治,9 世设\艾伯伦\ECS艾伯伦战役设定集\7第七章 世界众生貌\科瓦雷以外地区\艾伦诺政治.htm,7,世设：多元宇宙的构成 / 官方 / 艾伯伦 Eberron / [ECS] 艾伯伦战役设定集 / 第七章：世界众生貌 / 科瓦雷以外地区,世设：多元宇宙的构成,官方
艾伦诺社会人文,9 世设\艾伯伦\ECS艾伯伦战役设定集\7第七章 世界众生貌\科瓦雷以外地区\艾伦诺社会人文.htm,7,世设：多元宇宙的构成 / 官方 / 艾伯伦 Eberron / [ECS] 艾伯伦战役设定集 / 第七章：世界众生貌 / 科瓦雷以外地区,世设：多元宇宙的构成,官方
艾伦诺组织,9 世设\艾伯伦\ECS艾伯伦战役设定集\7第七章 世界众生貌\科瓦雷以外地区\艾伦诺组织.htm,7,世设：多元宇宙的构成 / 官方 / 艾伯伦 Eberron / [ECS] 艾伯伦战役设定集 / 第七章：世界众生貌 / 科瓦雷以外地区,世设：多元宇宙的构成,官方
艾达尔,9 世设\艾伯伦\ECS艾伯伦战役设定集\7第七章 世界众生貌\科瓦雷以外地区\艾达尔.htm,7,世设：多元宇宙的构成 / 官方 / 艾伯伦 Eberron / [ECS] 艾伯伦战役设定集 / 第七章：世界众生貌 / 科瓦雷以外地区,世设：多元宇宙的构成,官方
阿贡尼森,9 世设\艾伯伦\ECS艾伯伦战役设定集\7第七章 世界众生貌\科瓦雷以外地区\阿贡尼森.htm,7,世设：多元宇宙的构成 / 官方 / 艾伯伦 Eberron / [ECS] 艾伯伦战役设定集 / 第七章：世界众生貌 / 科瓦雷以外地区,世设：多元宇宙的构成,官方
霜落之地,9 世设\艾伯伦\ECS艾伯伦战役设定集\7第七章 世界众生貌\科瓦雷以外地区\霜落之地.htm,7,世设：多元宇宙的构成 / 官方 / 艾伯伦 Eberron / [ECS] 艾伯伦战役设定集 / 第七章：世界众生貌 / 科瓦雷以外地区,世设：多元宇宙的构成,官方
科瓦雷众生貌,,6,世设：多元宇宙的构成 / 官方 / 艾伯伦 Eberron / [ECS] 艾伯伦战役设定集 / 第七章：世界众生貌,世设：多元宇宙的构成,官方
科瓦雷众生貌,9 世设\艾伯伦\ECS艾伯伦战役设定集\7第七章 世界众生貌\科瓦雷众生貌\科瓦雷众生貌\科瓦雷众生貌.htm,7,世设：多元宇宙的构成 / 官方 / 艾伯伦 Eberron / [ECS] 艾伯伦战役设定集 / 第七章：世界众生貌 / 科瓦雷众生貌,世设：多元宇宙的构成,官方
乡村生活,9 世设\艾伯伦\ECS艾伯伦战役设定集\7第七章 世界众生貌\科瓦雷众生貌\科瓦雷众生貌\乡村生活.htm,8,世设：多元宇宙的构成 / 官方 / 艾伯伦 Eberron / [ECS] 艾伯伦战役设定集 / 第七章：世界众生貌 / 科瓦雷众生貌 / 科瓦雷众生貌,世设：多元宇宙的构成,官方
冒险者,9 世设\艾伯伦\ECS艾伯伦战役设定集\7第七章 世界众生貌\科瓦雷众生貌\科瓦雷众生貌\冒险者.htm,8,世设：多元宇宙的构成 / 官方 / 艾伯伦 Eberron / [ECS] 艾伯伦战役设定集 / 第七章：世界众生貌 / 科瓦雷众生貌 / 科瓦雷众生貌,世设：多元宇宙的构成,官方
城市生活,9 世设\艾伯伦\ECS艾伯伦战役设定集\7第七章 世界众生貌\科瓦雷众生貌\科瓦雷众生貌\城市生活.htm,8,世设：多元宇宙的构成 / 官方 / 艾伯伦 Eberron / [ECS] 艾伯伦战役设定集 / 第七章：世界众生貌 / 科瓦雷众生貌 / 科瓦雷众生貌,世设：多元宇宙的构成,官方
政府,9 世设\艾伯伦\ECS艾伯伦战役设定集\7第七章 世界众生貌\科瓦雷众生貌\科瓦雷众生貌\政府.htm,8,世设：多元宇宙的构成 / 官方 / 艾伯伦 Eberron / [ECS] 艾伯伦战役设定集 / 第七章：世界众生貌 / 科瓦雷众生貌 / 科瓦雷众生貌,世设：多元宇宙的构成,官方
教育,9 世设\艾伯伦\ECS艾伯伦战役设定集\7第七章 世界众生貌\科瓦雷众生貌\科瓦雷众生貌\教育.htm,8,世设：多元宇宙的构成 / 官方 / 艾伯伦 Eberron / [ECS] 艾伯伦战役设定集 / 第七章：世界众生貌 / 科瓦雷众生貌 / 科瓦雷众生貌,世设：多元宇宙的构成,官方
经济现状,9 世设\艾伯伦\ECS艾伯伦战役设定集\7第七章 世界众生貌\科瓦雷众生貌\科瓦雷众生貌\经济现状.htm,8,世设：多元宇宙的构成 / 官方 / 艾伯伦 Eberron / [ECS] 艾伯伦战役设定集 / 第七章：世界众生貌 / 科瓦雷众生貌 / 科瓦雷众生貌,世设：多元宇宙的构成,官方
语言,9 世设\艾伯伦\ECS艾伯伦战役设定集\7第七章 世界众生貌\科瓦雷众生貌\科瓦雷众生貌\语言.htm,8,世设：多元宇宙的构成 / 官方 / 艾伯伦 Eberron / [ECS] 艾伯伦战役设定集 / 第七章：世界众生貌 / 科瓦雷众生貌 / 科瓦雷众生貌,世设：多元宇宙的构成,官方
龙纹家族,9 世设\艾伯伦\ECS艾伯伦战役设定集\7第七章 世界众生貌\科瓦雷众生貌\科瓦雷众生貌\龙纹家族.htm,8,世设：多元宇宙的构成 / 官方 / 艾伯伦 Eberron / [ECS] 艾伯伦战役设定集 / 第七章：世界众生貌 / 科瓦雷众生貌 / 科瓦雷众生貌,世设：多元宇宙的构成,官方
维纶娜,9 世设\艾伯伦\ECS艾伯伦战役设定集\7第七章 世界众生貌\维纶娜\维纶娜.htm,6,世设：多元宇宙的构成 / 官方 / 艾伯伦 Eberron / [ECS] 艾伯伦战役设定集 / 第七章：世界众生貌,世设：多元宇宙的构成,官方
主要集聚地,9 世设\艾伯伦\ECS艾伯伦战役设定集\7第七章 世界众生貌\维纶娜\主要集聚地.htm,7,世设：多元宇宙的构成 / 官方 / 艾伯伦 Eberron / [ECS] 艾伯伦战役设定集 / 第七章：世界众生貌 / 维纶娜,世设：多元宇宙的构成,官方
产业,9 世设\艾伯伦\ECS艾伯伦战役设定集\7第七章 世界众生貌\维纶娜\产业.htm,7,世设：多元宇宙的构成 / 官方 / 艾伯伦 Eberron / [ECS] 艾伯伦战役设定集 / 第七章：世界众生貌 / 维纶娜,世设：多元宇宙的构成,官方
冒险,9 世设\艾伯伦\ECS艾伯伦战役设定集\7第七章 世界众生貌\维纶娜\冒险.htm,7,世设：多元宇宙的构成 / 官方 / 艾伯伦 Eberron / [ECS] 艾伯伦战役设定集 / 第七章：世界众生貌 / 维纶娜,世设：多元宇宙的构成,官方
冒险话题,9 世设\艾伯伦\ECS艾伯伦战役设定集\7第七章 世界众生貌\维纶娜\冒险话题.htm,7,世设：多元宇宙的构成 / 官方 / 艾伯伦 Eberron / [ECS] 艾伯伦战役设定集 / 第七章：世界众生貌 / 维纶娜,世设：多元宇宙的构成,官方
宗教,9 世设\艾伯伦\ECS艾伯伦战役设定集\7第七章 世界众生貌\维纶娜\宗教.htm,7,世设：多元宇宙的构成 / 官方 / 艾伯伦 Eberron / [ECS] 艾伯伦战役设定集 / 第七章：世界众生貌 / 维纶娜,世设：多元宇宙的构成,官方
政治,9 世设\艾伯伦\ECS艾伯伦战役设定集\7第七章 世界众生貌\维纶娜\政治.htm,7,世设：多元宇宙的构成 / 官方 / 艾伯伦 Eberron / [ECS] 艾伯伦战役设定集 / 第七章：世界众生貌 / 维纶娜,世设：多元宇宙的构成,官方
社会人文,9 世设\艾伯伦\ECS艾伯伦战役设定集\7第七章 世界众生貌\维纶娜\社会人文.htm,7,世设：多元宇宙的构成 / 官方 / 艾伯伦 Eberron / [ECS] 艾伯伦战役设定集 / 第七章：世界众生貌 / 维纶娜,世设：多元宇宙的构成,官方
组织,9 世设\艾伯伦\ECS艾伯伦战役设定集\7第七章 世界众生貌\维纶娜\组织.htm,7,世设：多元宇宙的构成 / 官方 / 艾伯伦 Eberron / [ECS] 艾伯伦战役设定集 / 第七章：世界众生貌 / 维纶娜,世设：多元宇宙的构成,官方
重要地点,9 世设\艾伯伦\ECS艾伯伦战役设定集\7第七章 世界众生貌\维纶娜\重要地点.htm,7,世设：多元宇宙的构成 / 官方 / 艾伯伦 Eberron / [ECS] 艾伯伦战役设定集 / 第七章：世界众生貌 / 维纶娜,世设：多元宇宙的构成,官方
艾伯伦世界,9 世设\艾伯伦\ECS艾伯伦战役设定集\7第七章 世界众生貌\艾伯伦世界\艾伯伦世界.htm,6,世设：多元宇宙的构成 / 官方 / 艾伯伦 Eberron / [ECS] 艾伯伦战役设定集 / 第七章：世界众生貌,世设：多元宇宙的构成,官方
巨龙预言,9 世设\艾伯伦\ECS艾伯伦战役设定集\7第七章 世界众生貌\艾伯伦世界\巨龙预言.htm,7,世设：多元宇宙的构成 / 官方 / 艾伯伦 Eberron / [ECS] 艾伯伦战役设定集 / 第七章：世界众生貌 / 艾伯伦世界,世设：多元宇宙的构成,官方
时间与计时历法,9 世设\艾伯伦\ECS艾伯伦战役设定集\7第七章 世界众生貌\艾伯伦世界\时间与计时历法.htm,7,世设：多元宇宙的构成 / 官方 / 艾伯伦 Eberron / [ECS] 艾伯伦战役设定集 / 第七章：世界众生貌 / 艾伯伦世界,世设：多元宇宙的构成,官方
达贡,9 世设\艾伯伦\ECS艾伯伦战役设定集\7第七章 世界众生貌\达贡\达贡.htm,6,世设：多元宇宙的构成 / 官方 / 艾伯伦 Eberron / [ECS] 艾伯伦战役设定集 / 第七章：世界众生貌,世设：多元宇宙的构成,官方
主要集聚地,9 世设\艾伯伦\ECS艾伯伦战役设定集\7第七章 世界众生貌\达贡\主要集聚地.htm,7,世设：多元宇宙的构成 / 官方 / 艾伯伦 Eberron / [ECS] 艾伯伦战役设定集 / 第七章：世界众生貌 / 达贡,世设：多元宇宙的构成,官方
产业,9 世设\艾伯伦\ECS艾伯伦战役设定集\7第七章 世界众生貌\达贡\产业.htm,7,世设：多元宇宙的构成 / 官方 / 艾伯伦 Eberron / [ECS] 艾伯伦战役设定集 / 第七章：世界众生貌 / 达贡,世设：多元宇宙的构成,官方
冒险,9 世设\艾伯伦\ECS艾伯伦战役设定集\7第七章 世界众生貌\达贡\冒险.htm,7,世设：多元宇宙的构成 / 官方 / 艾伯伦 Eberron / [ECS] 艾伯伦战役设定集 / 第七章：世界众生貌 / 达贡,世设：多元宇宙的构成,官方
冒险话题,9 世设\艾伯伦\ECS艾伯伦战役设定集\7第七章 世界众生貌\达贡\冒险话题.htm,7,世设：多元宇宙的构成 / 官方 / 艾伯伦 Eberron / [ECS] 艾伯伦战役设定集 / 第七章：世界众生貌 / 达贡,世设：多元宇宙的构成,官方
宗教,9 世设\艾伯伦\ECS艾伯伦战役设定集\7第七章 世界众生貌\达贡\宗教.htm,7,世设：多元宇宙的构成 / 官方 / 艾伯伦 Eberron / [ECS] 艾伯伦战役设定集 / 第七章：世界众生貌 / 达贡,世设：多元宇宙的构成,官方
政治,9 世设\艾伯伦\ECS艾伯伦战役设定集\7第七章 世界众生貌\达贡\政治.htm,7,世设：多元宇宙的构成 / 官方 / 艾伯伦 Eberron / [ECS] 艾伯伦战役设定集 / 第七章：世界众生貌 / 达贡,世设：多元宇宙的构成,官方
社会人文,9 世设\艾伯伦\ECS艾伯伦战役设定集\7第七章 世界众生貌\达贡\社会人文.htm,7,世设：多元宇宙的构成 / 官方 / 艾伯伦 Eberron / [ECS] 艾伯伦战役设定集 / 第七章：世界众生貌 / 达贡,世设：多元宇宙的构成,官方
组织,9 世设\艾伯伦\ECS艾伯伦战役设定集\7第七章 世界众生貌\达贡\组织.htm,7,世设：多元宇宙的构成 / 官方 / 艾伯伦 Eberron / [ECS] 艾伯伦战役设定集 / 第七章：世界众生貌 / 达贡,世设：多元宇宙的构成,官方
重要地点,9 世设\艾伯伦\ECS艾伯伦战役设定集\7第七章 世界众生貌\达贡\重要地点.htm,7,世设：多元宇宙的构成 / 官方 / 艾伯伦 Eberron / [ECS] 艾伯伦战役设定集 / 第七章：世界众生貌 / 达贡,世设：多元宇宙的构成,官方
阴影湿地,9 世设\艾伯伦\ECS艾伯伦战役设定集\7第七章 世界众生貌\阴影湿地\阴影湿地.htm,6,世设：多元宇宙的构成 / 官方 / 艾伯伦 Eberron / [ECS] 艾伯伦战役设定集 / 第七章：世界众生貌,世设：多元宇宙的构成,官方
主要集聚地,9 世设\艾伯伦\ECS艾伯伦战役设定集\7第七章 世界众生貌\阴影湿地\主要集聚地.htm,7,世设：多元宇宙的构成 / 官方 / 艾伯伦 Eberron / [ECS] 艾伯伦战役设定集 / 第七章：世界众生貌 / 阴影湿地,世设：多元宇宙的构成,官方
产业,9 世设\艾伯伦\ECS艾伯伦战役设定集\7第七章 世界众生貌\阴影湿地\产业.htm,7,世设：多元宇宙的构成 / 官方 / 艾伯伦 Eberron / [ECS] 艾伯伦战役设定集 / 第七章：世界众生貌 / 阴影湿地,世设：多元宇宙的构成,官方
冒险,9 世设\艾伯伦\ECS艾伯伦战役设定集\7第七章 世界众生貌\阴影湿地\冒险.htm,7,世设：多元宇宙的构成 / 官方 / 艾伯伦 Eberron / [ECS] 艾伯伦战役设定集 / 第七章：世界众生貌 / 阴影湿地,世设：多元宇宙的构成,官方
冒险话题,9 世设\艾伯伦\ECS艾伯伦战役设定集\7第七章 世界众生貌\阴影湿地\冒险话题.htm,7,世设：多元宇宙的构成 / 官方 / 艾伯伦 Eberron / [ECS] 艾伯伦战役设定集 / 第七章：世界众生貌 / 阴影湿地,世设：多元宇宙的构成,官方
宗教,9 世设\艾伯伦\ECS艾伯伦战役设定集\7第七章 世界众生貌\阴影湿地\宗教.htm,7,世设：多元宇宙的构成 / 官方 / 艾伯伦 Eberron / [ECS] 艾伯伦战役设定集 / 第七章：世界众生貌 / 阴影湿地,世设：多元宇宙的构成,官方
政治,9 世设\艾伯伦\ECS艾伯伦战役设定集\7第七章 世界众生貌\阴影湿地\政治.htm,7,世设：多元宇宙的构成 / 官方 / 艾伯伦 Eberron / [ECS] 艾伯伦战役设定集 / 第七章：世界众生貌 / 阴影湿地,世设：多元宇宙的构成,官方
社会人文,9 世设\艾伯伦\ECS艾伯伦战役设定集\7第七章 世界众生貌\阴影湿地\社会人文.htm,7,世设：多元宇宙的构成 / 官方 / 艾伯伦 Eberron / [ECS] 艾伯伦战役设定集 / 第七章：世界众生貌 / 阴影湿地,世设：多元宇宙的构成,官方
组织,9 世设\艾伯伦\ECS艾伯伦战役设定集\7第七章 世界众生貌\阴影湿地\组织.htm,7,世设：多元宇宙的构成 / 官方 / 艾伯伦 Eberron / [ECS] 艾伯伦战役设定集 / 第七章：世界众生貌 / 阴影湿地,世设：多元宇宙的构成,官方
重要地点,9 世设\艾伯伦\ECS艾伯伦战役设定集\7第七章 世界众生貌\阴影湿地\重要地点.htm,7,世设：多元宇宙的构成 / 官方 / 艾伯伦 Eberron / [ECS] 艾伯伦战役设定集 / 第七章：世界众生貌 / 阴影湿地,世设：多元宇宙的构成,官方
第八章：组织,9 世设\艾伯伦\ECS艾伯伦战役设定集\8第八章 组织\第八章组织.htm,5,世设：多元宇宙的构成 / 官方 / 艾伯伦 Eberron / [ECS] 艾伯伦战役设定集,世设：多元宇宙的构成,官方
十二学会,9 世设\艾伯伦\ECS艾伯伦战役设定集\8第八章 组织\十二学会.htm,6,世设：多元宇宙的构成 / 官方 / 艾伯伦 Eberron / [ECS] 艾伯伦战役设定集 / 第八章：组织,世设：多元宇宙的构成,官方
密阁,9 世设\艾伯伦\ECS艾伯伦战役设定集\8第八章 组织\密阁.htm,6,世设：多元宇宙的构成 / 官方 / 艾伯伦 Eberron / [ECS] 艾伯伦战役设定集 / 第八章：组织,世设：多元宇宙的构成,官方
寻路者基金会,9 世设\艾伯伦\ECS艾伯伦战役设定集\8第八章 组织\寻路者基金会.htm,6,世设：多元宇宙的构成 / 官方 / 艾伯伦 Eberron / [ECS] 艾伯伦战役设定集 / 第八章：组织,世设：多元宇宙的构成,官方
护门者,9 世设\艾伯伦\ECS艾伯伦战役设定集\8第八章 组织\护门者.htm,6,世设：多元宇宙的构成 / 官方 / 艾伯伦 Eberron / [ECS] 艾伯伦战役设定集 / 第八章：组织,世设：多元宇宙的构成,官方
柯兰堡图书馆,9 世设\艾伯伦\ECS艾伯伦战役设定集\8第八章 组织\柯兰堡图书馆.htm,6,世设：多元宇宙的构成 / 官方 / 艾伯伦 Eberron / [ECS] 艾伯伦战役设定集 / 第八章：组织,世设：多元宇宙的构成,官方
森林守望者,9 世设\艾伯伦\ECS艾伯伦战役设定集\8第八章 组织\森林守望者.htm,6,世设：多元宇宙的构成 / 官方 / 艾伯伦 Eberron / [ECS] 艾伯伦战役设定集 / 第八章：组织,世设：多元宇宙的构成,官方
沃尔之血,9 世设\艾伯伦\ECS艾伯伦战役设定集\8第八章 组织\沃尔之血.htm,6,世设：多元宇宙的构成 / 官方 / 艾伯伦 Eberron / [ECS] 艾伯伦战役设定集 / 第八章：组织,世设：多元宇宙的构成,官方
王室家族,9 世设\艾伯伦\ECS艾伯伦战役设定集\8第八章 组织\王室家族.htm,6,世设：多元宇宙的构成 / 官方 / 艾伯伦 Eberron / [ECS] 艾伯伦战役设定集 / 第八章：组织,世设：多元宇宙的构成,官方
砂主,9 世设\艾伯伦\ECS艾伯伦战役设定集\8第八章 组织\砂主.htm,6,世设：多元宇宙的构成 / 官方 / 艾伯伦 Eberron / [ECS] 艾伯伦战役设定集 / 第八章：组织,世设：多元宇宙的构成,官方
翡翠利爪骑士团,9 世设\艾伯伦\ECS艾伯伦战役设定集\8第八章 组织\翡翠利爪骑士团.htm,6,世设：多元宇宙的构成 / 官方 / 艾伯伦 Eberron / [ECS] 艾伯伦战役设定集 / 第八章：组织,世设：多元宇宙的构成,官方
莫格雷夫大学,9 世设\艾伯伦\ECS艾伯伦战役设定集\8第八章 组织\莫格雷夫大学.htm,6,世设：多元宇宙的构成 / 官方 / 艾伯伦 Eberron / [ECS] 艾伯伦战役设定集 / 第八章：组织,世设：多元宇宙的构成,官方
金权会,9 世设\艾伯伦\ECS艾伯伦战役设定集\8第八章 组织\金权会.htm,6,世设：多元宇宙的构成 / 官方 / 艾伯伦 Eberron / [ECS] 艾伯伦战役设定集 / 第八章：组织,世设：多元宇宙的构成,官方
银焰教会,9 世设\艾伯伦\ECS艾伯伦战役设定集\8第八章 组织\银焰教会.htm,6,世设：多元宇宙的构成 / 官方 / 艾伯伦 Eberron / [ECS] 艾伯伦战役设定集 / 第八章：组织,世设：多元宇宙的构成,官方
黄泉巨龙会,9 世设\艾伯伦\ECS艾伯伦战役设定集\8第八章 组织\黄泉巨龙会.htm,6,世设：多元宇宙的构成 / 官方 / 艾伯伦 Eberron / [ECS] 艾伯伦战役设定集 / 第八章：组织,世设：多元宇宙的构成,官方
黑暗梦境,9 世设\艾伯伦\ECS艾伯伦战役设定集\8第八章 组织\黑暗梦境.htm,6,世设：多元宇宙的构成 / 官方 / 艾伯伦 Eberron / [ECS] 艾伯伦战役设定集 / 第八章：组织,世设：多元宇宙的构成,官方
龙纹家族,9 世设\艾伯伦\ECS艾伯伦战役设定集\8第八章 组织\龙纹家族\龙纹家族.htm,6,世设：多元宇宙的构成 / 官方 / 艾伯伦 Eberron / [ECS] 艾伯伦战役设定集 / 第八章：组织,世设：多元宇宙的构成,官方
乔拉斯克家族,9 世设\艾伯伦\ECS艾伯伦战役设定集\8第八章 组织\龙纹家族\乔拉斯克家族.htm,7,世设：多元宇宙的构成 / 官方 / 艾伯伦 Eberron / [ECS] 艾伯伦战役设定集 / 第八章：组织 / 龙纹家族,世设：多元宇宙的构成,官方
伽兰达家族,9 世设\艾伯伦\ECS艾伯伦战役设定集\8第八章 组织\龙纹家族\伽兰达家族.htm,7,世设：多元宇宙的构成 / 官方 / 艾伯伦 Eberron / [ECS] 艾伯伦战役设定集 / 第八章：组织 / 龙纹家族,世设：多元宇宙的构成,官方
卡尼斯家族,9 世设\艾伯伦\ECS艾伯伦战役设定集\8第八章 组织\龙纹家族\卡尼斯家族.htm,7,世设：多元宇宙的构成 / 官方 / 艾伯伦 Eberron / [ECS] 艾伯伦战役设定集 / 第八章：组织 / 龙纹家族,世设：多元宇宙的构成,官方
昆达拉克家族,9 世设\艾伯伦\ECS艾伯伦战役设定集\8第八章 组织\龙纹家族\昆达拉克家族.htm,7,世设：多元宇宙的构成 / 官方 / 艾伯伦 Eberron / [ECS] 艾伯伦战役设定集 / 第八章：组织 / 龙纹家族,世设：多元宇宙的构成,官方
林兰德家族,9 世设\艾伯伦\ECS艾伯伦战役设定集\8第八章 组织\龙纹家族\林兰德家族.htm,7,世设：多元宇宙的构成 / 官方 / 艾伯伦 Eberron / [ECS] 艾伯伦战役设定集 / 第八章：组织 / 龙纹家族,世设：多元宇宙的构成,官方
梅丹尼家族,9 世设\艾伯伦\ECS艾伯伦战役设定集\8第八章 组织\龙纹家族\梅丹尼家族.htm,7,世设：多元宇宙的构成 / 官方 / 艾伯伦 Eberron / [ECS] 艾伯伦战役设定集 / 第八章：组织 / 龙纹家族,世设：多元宇宙的构成,官方
欧瑞恩家族与费奥兰家族,9 世设\艾伯伦\ECS艾伯伦战役设定集\8第八章 组织\龙纹家族\欧瑞恩家族与费奥兰家族.htm,7,世设：多元宇宙的构成 / 官方 / 艾伯伦 Eberron / [ECS] 艾伯伦战役设定集 / 第八章：组织 / 龙纹家族,世设：多元宇宙的构成,官方
索兰尼家族,9 世设\艾伯伦\ECS艾伯伦战役设定集\8第八章 组织\龙纹家族\索兰尼家族.htm,7,世设：多元宇宙的构成 / 官方 / 艾伯伦 Eberron / [ECS] 艾伯伦战役设定集 / 第八章：组织 / 龙纹家族,世设：多元宇宙的构成,官方
萨拉释克家族,9 世设\艾伯伦\ECS艾伯伦战役设定集\8第八章 组织\龙纹家族\萨拉释克家族.htm,7,世设：多元宇宙的构成 / 官方 / 艾伯伦 Eberron / [ECS] 艾伯伦战役设定集 / 第八章：组织 / 龙纹家族,世设：多元宇宙的构成,官方
西维斯家族,9 世设\艾伯伦\ECS艾伯伦战役设定集\8第八章 组织\龙纹家族\西维斯家族.htm,7,世设：多元宇宙的构成 / 官方 / 艾伯伦 Eberron / [ECS] 艾伯伦战役设定集 / 第八章：组织 / 龙纹家族,世设：多元宇宙的构成,官方
邓奈斯家族,9 世设\艾伯伦\ECS艾伯伦战役设定集\8第八章 组织\龙纹家族\邓奈斯家族.htm,7,世设：多元宇宙的构成 / 官方 / 艾伯伦 Eberron / [ECS] 艾伯伦战役设定集 / 第八章：组织 / 龙纹家族,世设：多元宇宙的构成,官方
第九章：艾伯伦战役,9 世设\艾伯伦\ECS艾伯伦战役设定集\9第九章 艾伯伦战役\艾伯伦世界引言.htm,5,世设：多元宇宙的构成 / 官方 / 艾伯伦 Eberron / [ECS] 艾伯伦战役设定集,世设：多元宇宙的构成,官方
情节主题,9 世设\艾伯伦\ECS艾伯伦战役设定集\9第九章 艾伯伦战役\情节主题\情节主题.htm,6,世设：多元宇宙的构成 / 官方 / 艾伯伦 Eberron / [ECS] 艾伯伦战役设定集 / 第九章：艾伯伦战役,世设：多元宇宙的构成,官方
探索,9 世设\艾伯伦\ECS艾伯伦战役设定集\9第九章 艾伯伦战役\情节主题\探索.htm,7,世设：多元宇宙的构成 / 官方 / 艾伯伦 Eberron / [ECS] 艾伯伦战役设定集 / 第九章：艾伯伦战役 / 情节主题,世设：多元宇宙的构成,官方
神秘事件,9 世设\艾伯伦\ECS艾伯伦战役设定集\9第九章 艾伯伦战役\情节主题\神秘事件.htm,7,世设：多元宇宙的构成 / 官方 / 艾伯伦 Eberron / [ECS] 艾伯伦战役设定集 / 第九章：艾伯伦战役 / 情节主题,世设：多元宇宙的构成,官方
阴谋、寻宝与极恶魔王,9 世设\艾伯伦\ECS艾伯伦战役设定集\9第九章 艾伯伦战役\情节主题\阴谋、寻宝与极恶魔王.htm,7,世设：多元宇宙的构成 / 官方 / 艾伯伦 Eberron / [ECS] 艾伯伦战役设定集 / 第九章：艾伯伦战役 / 情节主题,世设：多元宇宙的构成,官方
故事和节奏,9 世设\艾伯伦\ECS艾伯伦战役设定集\9第九章 艾伯伦战役\故事和节奏\故事和节奏.htm,6,世设：多元宇宙的构成 / 官方 / 艾伯伦 Eberron / [ECS] 艾伯伦战役设定集 / 第九章：艾伯伦战役,世设：多元宇宙的构成,官方
结局未必美好,9 世设\艾伯伦\ECS艾伯伦战役设定集\9第九章 艾伯伦战役\故事和节奏\结局未必美好.htm,7,世设：多元宇宙的构成 / 官方 / 艾伯伦 Eberron / [ECS] 艾伯伦战役设定集 / 第九章：艾伯伦战役 / 故事和节奏,世设：多元宇宙的构成,官方
英雄需要基地,9 世设\艾伯伦\ECS艾伯伦战役设定集\9第九章 艾伯伦战役\故事和节奏\英雄需要基地.htm,7,世设：多元宇宙的构成 / 官方 / 艾伯伦 Eberron / [ECS] 艾伯伦战役设定集 / 第九章：艾伯伦战役 / 故事和节奏,世设：多元宇宙的构成,官方
谨慎探索,9 世设\艾伯伦\ECS艾伯伦战役设定集\9第九章 艾伯伦战役\故事和节奏\谨慎探索.htm,7,世设：多元宇宙的构成 / 官方 / 艾伯伦 Eberron / [ECS] 艾伯伦战役设定集 / 第九章：艾伯伦战役 / 故事和节奏,世设：多元宇宙的构成,官方
运用恩主,9 世设\艾伯伦\ECS艾伯伦战役设定集\9第九章 艾伯伦战役\故事和节奏\运用恩主.htm,7,世设：多元宇宙的构成 / 官方 / 艾伯伦 Eberron / [ECS] 艾伯伦战役设定集 / 第九章：艾伯伦战役 / 故事和节奏,世设：多元宇宙的构成,官方
游戏风格,9 世设\艾伯伦\ECS艾伯伦战役设定集\9第九章 艾伯伦战役\游戏风格\游戏风格.htm,6,世设：多元宇宙的构成 / 官方 / 艾伯伦 Eberron / [ECS] 艾伯伦战役设定集 / 第九章：艾伯伦战役,世设：多元宇宙的构成,官方
冒险要素,9 世设\艾伯伦\ECS艾伯伦战役设定集\9第九章 艾伯伦战役\游戏风格\冒险要素.htm,7,世设：多元宇宙的构成 / 官方 / 艾伯伦 Eberron / [ECS] 艾伯伦战役设定集 / 第九章：艾伯伦战役 / 游戏风格,世设：多元宇宙的构成,官方
创建团队,9 世设\艾伯伦\ECS艾伯伦战役设定集\9第九章 艾伯伦战役\游戏风格\创建团队.htm,7,世设：多元宇宙的构成 / 官方 / 艾伯伦 Eberron / [ECS] 艾伯伦战役设定集 / 第九章：艾伯伦战役 / 游戏风格,世设：多元宇宙的构成,官方
表里两面,9 世设\艾伯伦\ECS艾伯伦战役设定集\9第九章 艾伯伦战役\游戏风格\表里两面.htm,7,世设：多元宇宙的构成 / 官方 / 艾伯伦 Eberron / [ECS] 艾伯伦战役设定集 / 第九章：艾伯伦战役 / 游戏风格,世设：多元宇宙的构成,官方
阵营难测,9 世设\艾伯伦\ECS艾伯伦战役设定集\9第九章 艾伯伦战役\游戏风格\阵营难测.htm,7,世设：多元宇宙的构成 / 官方 / 艾伯伦 Eberron / [ECS] 艾伯伦战役设定集 / 第九章：艾伯伦战役 / 游戏风格,世设：多元宇宙的构成,官方
重复出现的反派,9 世设\艾伯伦\ECS艾伯伦战役设定集\9第九章 艾伯伦战役\重复出现的反派\重复出现的反派.htm,6,世设：多元宇宙的构成 / 官方 / 艾伯伦 Eberron / [ECS] 艾伯伦战役设定集 / 第九章：艾伯伦战役,世设：多元宇宙的构成,官方
海拉斯玛腾5级,9 世设\艾伯伦\ECS艾伯伦战役设定集\9第九章 艾伯伦战役\重复出现的反派\海拉斯玛腾5级.htm,7,世设：多元宇宙的构成 / 官方 / 艾伯伦 Eberron / [ECS] 艾伯伦战役设定集 / 第九章：艾伯伦战役 / 重复出现的反派,世设：多元宇宙的构成,官方
海拉斯玛腾9级,9 世设\艾伯伦\ECS艾伯伦战役设定集\9第九章 艾伯伦战役\重复出现的反派\海拉斯玛腾9级.htm,7,世设：多元宇宙的构成 / 官方 / 艾伯伦 Eberron / [ECS] 艾伯伦战役设定集 / 第九章：艾伯伦战役 / 重复出现的反派,世设：多元宇宙的构成,官方
蒂蜜丝4级,9 世设\艾伯伦\ECS艾伯伦战役设定集\9第九章 艾伯伦战役\重复出现的反派\蒂蜜丝4级.htm,7,世设：多元宇宙的构成 / 官方 / 艾伯伦 Eberron / [ECS] 艾伯伦战役设定集 / 第九章：艾伯伦战役 / 重复出现的反派,世设：多元宇宙的构成,官方
蒂蜜丝8级,9 世设\艾伯伦\ECS艾伯伦战役设定集\9第九章 艾伯伦战役\重复出现的反派\蒂蜜丝8级.htm,7,世设：多元宇宙的构成 / 官方 / 艾伯伦 Eberron / [ECS] 艾伯伦战役设定集 / 第九章：艾伯伦战役 / 重复出现的反派,世设：多元宇宙的构成,官方
非玩家职业,9 世设\艾伯伦\ECS艾伯伦战役设定集\9第九章 艾伯伦战役\非玩家职业\非玩家职业.htm,6,世设：多元宇宙的构成 / 官方 / 艾伯伦 Eberron / [ECS] 艾伯伦战役设定集 / 第九章：艾伯伦战役,世设：多元宇宙的构成,官方
专家和导师,9 世设\艾伯伦\ECS艾伯伦战役设定集\9第九章 艾伯伦战役\非玩家职业\专家和导师.htm,7,世设：多元宇宙的构成 / 官方 / 艾伯伦 Eberron / [ECS] 艾伯伦战役设定集 / 第九章：艾伯伦战役 / 非玩家职业,世设：多元宇宙的构成,官方
魔匠师,9 世设\艾伯伦\ECS艾伯伦战役设定集\9第九章 艾伯伦战役\非玩家职业\魔匠师.htm,7,世设：多元宇宙的构成 / 官方 / 艾伯伦 Eberron / [ECS] 艾伯伦战役设定集 / 第九章：艾伯伦战役 / 非玩家职业,世设：多元宇宙的构成,官方
第十章：魔法物品,,5,世设：多元宇宙的构成 / 官方 / 艾伯伦 Eberron / [ECS] 艾伯伦战役设定集,世设：多元宇宙的构成,官方
传统物品,9 世设\艾伯伦\ECS艾伯伦战役设定集\10第十章 魔法物品\传统物品\传统物品.htm,6,世设：多元宇宙的构成 / 官方 / 艾伯伦 Eberron / [ECS] 艾伯伦战役设定集 / 第十章：魔法物品,世设：多元宇宙的构成,官方
传统物品详述,9 世设\艾伯伦\ECS艾伯伦战役设定集\10第十章 魔法物品\传统物品\传统物品详述.htm,7,世设：多元宇宙的构成 / 官方 / 艾伯伦 Eberron / [ECS] 艾伯伦战役设定集 / 第十章：魔法物品 / 传统物品,世设：多元宇宙的构成,官方
机关附件,,6,世设：多元宇宙的构成 / 官方 / 艾伯伦 Eberron / [ECS] 艾伯伦战役设定集 / 第十章：魔法物品,世设：多元宇宙的构成,官方
战俑附件,9 世设\艾伯伦\ECS艾伯伦战役设定集\10第十章 魔法物品\机关附件\战俑附件.htm,7,世设：多元宇宙的构成 / 官方 / 艾伯伦 Eberron / [ECS] 艾伯伦战役设定集 / 第十章：魔法物品 / 机关附件,世设：多元宇宙的构成,官方
指导附件,9 世设\艾伯伦\ECS艾伯伦战役设定集\10第十章 魔法物品\机关附件\指导附件.htm,7,世设：多元宇宙的构成 / 官方 / 艾伯伦 Eberron / [ECS] 艾伯伦战役设定集 / 第十章：魔法物品 / 机关附件,世设：多元宇宙的构成,官方
神器附件,9 世设\艾伯伦\ECS艾伯伦战役设定集\10第十章 魔法物品\机关附件\神器附件.htm,7,世设：多元宇宙的构成 / 官方 / 艾伯伦 Eberron / [ECS] 艾伯伦战役设定集 / 第十章：魔法物品 / 机关附件,世设：多元宇宙的构成,官方
神器,9 世设\艾伯伦\ECS艾伯伦战役设定集\10第十章 魔法物品\神器\神器.htm,6,世设：多元宇宙的构成 / 官方 / 艾伯伦 Eberron / [ECS] 艾伯伦战役设定集 / 第十章：魔法物品,世设：多元宇宙的构成,官方
神器地点,9 世设\艾伯伦\ECS艾伯伦战役设定集\10第十章 魔法物品\神器地点\神奇地点.htm,6,世设：多元宇宙的构成 / 官方 / 艾伯伦 Eberron / [ECS] 艾伯伦战役设定集 / 第十章：魔法物品,世设：多元宇宙的构成,官方
龙晶物品,9 世设\艾伯伦\ECS艾伯伦战役设定集\10第十章 魔法物品\龙晶物品\龙晶物品.htm,6,世设：多元宇宙的构成 / 官方 / 艾伯伦 Eberron / [ECS] 艾伯伦战役设定集 / 第十章：魔法物品,世设：多元宇宙的构成,官方
元素载具,9 世设\艾伯伦\ECS艾伯伦战役设定集\10第十章 魔法物品\龙晶物品\元素载具.htm,7,世设：多元宇宙的构成 / 官方 / 艾伯伦 Eberron / [ECS] 艾伯伦战役设定集 / 第十章：魔法物品 / 龙晶物品,世设：多元宇宙的构成,官方
凯博尔龙晶物品,9 世设\艾伯伦\ECS艾伯伦战役设定集\10第十章 魔法物品\龙晶物品\凯博尔龙晶物品.htm,7,世设：多元宇宙的构成 / 官方 / 艾伯伦 Eberron / [ECS] 艾伯伦战役设定集 / 第十章：魔法物品 / 龙晶物品,世设：多元宇宙的构成,官方
制造艾伯伦龙晶物品,9 世设\艾伯伦\ECS艾伯伦战役设定集\10第十章 魔法物品\龙晶物品\制造艾伯伦龙晶物品.htm,7,世设：多元宇宙的构成 / 官方 / 艾伯伦 Eberron / [ECS] 艾伯伦战役设定集 / 第十章：魔法物品 / 龙晶物品,世设：多元宇宙的构成,官方
制造西伯瑞斯龙晶物品,9 世设\艾伯伦\ECS艾伯伦战役设定集\10第十章 魔法物品\龙晶物品\制造西伯瑞斯龙晶物品.htm,7,世设：多元宇宙的构成 / 官方 / 艾伯伦 Eberron / [ECS] 艾伯伦战役设定集 / 第十章：魔法物品 / 龙晶物品,世设：多元宇宙的构成,官方
导能权杖,9 世设\艾伯伦\ECS艾伯伦战役设定集\10第十章 魔法物品\龙晶物品\导能权杖.htm,7,世设：多元宇宙的构成 / 官方 / 艾伯伦 Eberron / [ECS] 艾伯伦战役设定集 / 第十章：魔法物品 / 龙晶物品,世设：多元宇宙的构成,官方
梦族植入龙晶,9 世设\艾伯伦\ECS艾伯伦战役设定集\10第十章 魔法物品\龙晶物品\梦族植入龙晶.htm,7,世设：多元宇宙的构成 / 官方 / 艾伯伦 Eberron / [ECS] 艾伯伦战役设定集 / 第十章：魔法物品 / 龙晶物品,世设：多元宇宙的构成,官方
植入梦族龙晶,9 世设\艾伯伦\ECS艾伯伦战役设定集\10第十章 魔法物品\龙晶物品\植入梦族龙晶.htm,7,世设：多元宇宙的构成 / 官方 / 艾伯伦 Eberron / [ECS] 艾伯伦战役设定集 / 第十章：魔法物品 / 龙晶物品,世设：多元宇宙的构成,官方
武器属性,9 世设\艾伯伦\ECS艾伯伦战役设定集\10第十章 魔法物品\龙晶物品\武器属性.htm,7,世设：多元宇宙的构成 / 官方 / 艾伯伦 Eberron / [ECS] 艾伯伦战役设定集 / 第十章：魔法物品 / 龙晶物品,世设：多元宇宙的构成,官方
盔甲属性,9 世设\艾伯伦\ECS艾伯伦战役设定集\10第十章 魔法物品\龙晶物品\盔甲属性.htm,7,世设：多元宇宙的构成 / 官方 / 艾伯伦 Eberron / [ECS] 艾伯伦战役设定集 / 第十章：魔法物品 / 龙晶物品,世设：多元宇宙的构成,官方
艾伯伦龙晶物品,9 世设\艾伯伦\ECS艾伯伦战役设定集\10第十章 魔法物品\龙晶物品\艾伯伦龙晶物品.htm,7,世设：多元宇宙的构成 / 官方 / 艾伯伦 Eberron / [ECS] 艾伯伦战役设定集 / 第十章：魔法物品 / 龙晶物品,世设：多元宇宙的构成,官方
驾驶元素载具,9 世设\艾伯伦\ECS艾伯伦战役设定集\10第十章 魔法物品\龙晶物品\驾驶元素载具.htm,7,世设：多元宇宙的构成 / 官方 / 艾伯伦 Eberron / [ECS] 艾伯伦战役设定集 / 第十章：魔法物品 / 龙晶物品,世设：多元宇宙的构成,官方
高级龙纹法器,9 世设\艾伯伦\ECS艾伯伦战役设定集\10第十章 魔法物品\龙晶物品\高级龙纹法器.htm,7,世设：多元宇宙的构成 / 官方 / 艾伯伦 Eberron / [ECS] 艾伯伦战役设定集 / 第十章：魔法物品 / 龙晶物品,世设：多元宇宙的构成,官方
高级龙纹法器续,9 世设\艾伯伦\ECS艾伯伦战役设定集\10第十章 魔法物品\龙晶物品\高级龙纹法器续.htm,7,世设：多元宇宙的构成 / 官方 / 艾伯伦 Eberron / [ECS] 艾伯伦战役设定集 / 第十章：魔法物品 / 龙晶物品,世设：多元宇宙的构成,官方
魔法物品概述,9 世设\艾伯伦\ECS艾伯伦战役设定集\10第十章 魔法物品\龙晶物品\魔法物品概述.htm,7,世设：多元宇宙的构成 / 官方 / 艾伯伦 Eberron / [ECS] 艾伯伦战役设定集 / 第十章：魔法物品 / 龙晶物品,世设：多元宇宙的构成,官方
第十一章 怪物,,5,世设：多元宇宙的构成 / 官方 / 艾伯伦 Eberron / [ECS] 艾伯伦战役设定集,世设：多元宇宙的构成,官方
不朽战士,9 世设\艾伯伦\ECS艾伯伦战役设定集\11第十一章 怪物\不朽战士.htm,6,世设：多元宇宙的构成 / 官方 / 艾伯伦 Eberron / [ECS] 艾伯伦战役设定集 / 第十一章 怪物,世设：多元宇宙的构成,官方
不朽生物种类,9 世设\艾伯伦\ECS艾伯伦战役设定集\11第十一章 怪物\不朽生物种类.htm,6,世设：多元宇宙的构成 / 官方 / 艾伯伦 Eberron / [ECS] 艾伯伦战役设定集 / 第十一章 怪物,世设：多元宇宙的构成,官方
不朽评议员,9 世设\艾伯伦\ECS艾伯伦战役设定集\11第十一章 怪物\不朽评议员.htm,6,世设：多元宇宙的构成 / 官方 / 艾伯伦 Eberron / [ECS] 艾伯伦战役设定集 / 第十一章 怪物,世设：多元宇宙的构成,官方
人工生命,9 世设\艾伯伦\ECS艾伯伦战役设定集\11第十一章 怪物\人工生命.htm,6,世设：多元宇宙的构成 / 官方 / 艾伯伦 Eberron / [ECS] 艾伯伦战役设定集 / 第十一章 怪物,世设：多元宇宙的构成,官方
共生体,9 世设\艾伯伦\ECS艾伯伦战役设定集\11第十一章 怪物\共生体.htm,6,世设：多元宇宙的构成 / 官方 / 艾伯伦 Eberron / [ECS] 艾伯伦战役设定集 / 第十一章 怪物,世设：多元宇宙的构成,官方
半魔灵,9 世设\艾伯伦\ECS艾伯伦战役设定集\11第十一章 怪物\半魔灵.htm,6,世设：多元宇宙的构成 / 官方 / 艾伯伦 Eberron / [ECS] 艾伯伦战役设定集 / 第十一章 怪物,世设：多元宇宙的构成,官方
坎纳斯僵尸,9 世设\艾伯伦\ECS艾伯伦战役设定集\11第十一章 怪物\坎纳斯僵尸.htm,6,世设：多元宇宙的构成 / 官方 / 艾伯伦 Eberron / [ECS] 艾伯伦战役设定集 / 第十一章 怪物,世设：多元宇宙的构成,官方
坎纳斯骷髅,9 世设\艾伯伦\ECS艾伯伦战役设定集\11第十一章 怪物\坎纳斯骷髅.htm,6,世设：多元宇宙的构成 / 官方 / 艾伯伦 Eberron / [ECS] 艾伯伦战役设定集 / 第十一章 怪物,世设：多元宇宙的构成,官方
尸骸巨蟹,9 世设\艾伯伦\ECS艾伯伦战役设定集\11第十一章 怪物\尸骸巨蟹.htm,6,世设：多元宇宙的构成 / 官方 / 艾伯伦 Eberron / [ECS] 艾伯伦战役设定集 / 第十一章 怪物,世设：多元宇宙的构成,官方
嶙峋异变怪,9 世设\艾伯伦\ECS艾伯伦战役设定集\11第十一章 怪物\嶙峋异变怪.htm,6,世设：多元宇宙的构成 / 官方 / 艾伯伦 Eberron / [ECS] 艾伯伦战役设定集 / 第十一章 怪物,世设：多元宇宙的构成,官方
异变魔,9 世设\艾伯伦\ECS艾伯伦战役设定集\11第十一章 怪物\异变魔.htm,6,世设：多元宇宙的构成 / 官方 / 艾伯伦 Eberron / [ECS] 艾伯伦战役设定集 / 第十一章 怪物,世设：多元宇宙的构成,官方
恐龙,9 世设\艾伯伦\ECS艾伯伦战役设定集\11第十一章 怪物\恐龙.htm,6,世设：多元宇宙的构成 / 官方 / 艾伯伦 Eberron / [ECS] 艾伯伦战役设定集 / 第十一章 怪物,世设：多元宇宙的构成,官方
扎吉亚邪兽鬼,9 世设\艾伯伦\ECS艾伯伦战役设定集\11第十一章 怪物\扎吉亚邪兽鬼.htm,6,世设：多元宇宙的构成 / 官方 / 艾伯伦 Eberron / [ECS] 艾伯伦战役设定集 / 第十一章 怪物,世设：多元宇宙的构成,官方
暮鬼婆,9 世设\艾伯伦\ECS艾伯伦战役设定集\11第十一章 怪物\暮鬼婆.htm,6,世设：多元宇宙的构成 / 官方 / 艾伯伦 Eberron / [ECS] 艾伯伦战役设定集 / 第十一章 怪物,世设：多元宇宙的构成,官方
机关泰坦,9 世设\艾伯伦\ECS艾伯伦战役设定集\11第十一章 怪物\机关泰坦.htm,6,世设：多元宇宙的构成 / 官方 / 艾伯伦 Eberron / [ECS] 艾伯伦战役设定集 / 第十一章 怪物,世设：多元宇宙的构成,官方
标志怪物,9 世设\艾伯伦\ECS艾伯伦战役设定集\11第十一章 怪物\标志怪物.htm,6,世设：多元宇宙的构成 / 官方 / 艾伯伦 Eberron / [ECS] 艾伯伦战役设定集 / 第十一章 怪物,世设：多元宇宙的构成,官方
梦族,9 世设\艾伯伦\ECS艾伯伦战役设定集\11第十一章 怪物\梦族.htm,6,世设：多元宇宙的构成 / 官方 / 艾伯伦 Eberron / [ECS] 艾伯伦战役设定集 / 第十一章 怪物,世设：多元宇宙的构成,官方
残暴动物,9 世设\艾伯伦\ECS艾伯伦战役设定集\11第十一章 怪物\残暴动物.htm,6,世设：多元宇宙的构成 / 官方 / 艾伯伦 Eberron / [ECS] 艾伯伦战役设定集 / 第十一章 怪物,世设：多元宇宙的构成,官方
活化咒语,9 世设\艾伯伦\ECS艾伯伦战役设定集\11第十一章 怪物\活化咒语.htm,6,世设：多元宇宙的构成 / 官方 / 艾伯伦 Eberron / [ECS] 艾伯伦战役设定集 / 第十一章 怪物,世设：多元宇宙的构成,官方
潜能点与伤害减免规则,9 世设\艾伯伦\ECS艾伯伦战役设定集\11第十一章 怪物\潜能点与伤害减免规则.htm,6,世设：多元宇宙的构成 / 官方 / 艾伯伦 Eberron / [ECS] 艾伯伦战役设定集 / 第十一章 怪物,世设：多元宇宙的构成,官方
狰狞异变怪,9 世设\艾伯伦\ECS艾伯伦战役设定集\11第十一章 怪物\狰狞异变怪.htm,6,世设：多元宇宙的构成 / 官方 / 艾伯伦 Eberron / [ECS] 艾伯伦战役设定集 / 第十一章 怪物,世设：多元宇宙的构成,官方
至尊评议员,9 世设\艾伯伦\ECS艾伯伦战役设定集\11第十一章 怪物\至尊评议员.htm,6,世设：多元宇宙的构成 / 官方 / 艾伯伦 Eberron / [ECS] 艾伯伦战役设定集 / 第十一章 怪物,世设：多元宇宙的构成,官方
魔育动物,9 世设\艾伯伦\ECS艾伯伦战役设定集\11第十一章 怪物\魔育动物.htm,6,世设：多元宇宙的构成 / 官方 / 艾伯伦 Eberron / [ECS] 艾伯伦战役设定集 / 第十一章 怪物,世设：多元宇宙的构成,官方
第十二章：失落的铸造厂,,5,世设：多元宇宙的构成 / 官方 / 艾伯伦 Eberron / [ECS] 艾伯伦战役设定集,世设：多元宇宙的构成,官方
失落的铸造厂,9 世设\艾伯伦\ECS艾伯伦战役设定集\12第十二章 失落的铸造厂\失落的铸造厂.htm,6,世设：多元宇宙的构成 / 官方 / 艾伯伦 Eberron / [ECS] 艾伯伦战役设定集 / 第十二章：失落的铸造厂,世设：多元宇宙的构成,官方
第一节：上层区的尸体,9 世设\艾伯伦\ECS艾伯伦战役设定集\12第十二章 失落的铸造厂\第一节：上层区的尸体.htm,6,世设：多元宇宙的构成 / 官方 / 艾伯伦 Eberron / [ECS] 艾伯伦战役设定集 / 第十二章：失落的铸造厂,世设：多元宇宙的构成,官方
第三节：多拉萨恩的废墟,9 世设\艾伯伦\ECS艾伯伦战役设定集\12第十二章 失落的铸造厂\第三节：多拉萨恩的废墟.htm,6,世设：多元宇宙的构成 / 官方 / 艾伯伦 Eberron / [ECS] 艾伯伦战役设定集 / 第十二章：失落的铸造厂,世设：多元宇宙的构成,官方
第二节：深入地下,9 世设\艾伯伦\ECS艾伯伦战役设定集\12第十二章 失落的铸造厂\第二节：深入地下.htm,6,世设：多元宇宙的构成 / 官方 / 艾伯伦 Eberron / [ECS] 艾伯伦战役设定集 / 第十二章：失落的铸造厂,世设：多元宇宙的构成,官方
第四节：终局,9 世设\艾伯伦\ECS艾伯伦战役设定集\12第十二章 失落的铸造厂\第四节：终局.htm,6,世设：多元宇宙的构成 / 官方 / 艾伯伦 Eberron / [ECS] 艾伯伦战役设定集 / 第十二章：失落的铸造厂,世设：多元宇宙的构成,官方
[ShCT] 萨恩：万塔都市,9 世设\艾伯伦\Sharn萨恩万塔都市\封面.htm,4,世设：多元宇宙的构成 / 官方 / 艾伯伦 Eberron,世设：多元宇宙的构成,官方
概述,9 世设\艾伯伦\Sharn萨恩万塔都市\概述.htm,5,世设：多元宇宙的构成 / 官方 / 艾伯伦 Eberron / [ShCT] 萨恩：万塔都市,世设：多元宇宙的构成,官方
第一章 为何来萨恩,,5,世设：多元宇宙的构成 / 官方 / 艾伯伦 Eberron / [ShCT] 萨恩：万塔都市,世设：多元宇宙的构成,官方
第一节 什么风把你吹来了,9 世设\艾伯伦\Sharn萨恩万塔都市\第一节 什么风把你吹来了.htm,6,世设：多元宇宙的构成 / 官方 / 艾伯伦 Eberron / [ShCT] 萨恩：万塔都市 / 第一章 为何来萨恩,世设：多元宇宙的构成,官方
第二节 商业和店铺,9 世设\艾伯伦\Sharn萨恩万塔都市\第二节 商业和商铺 .htm,6,世设：多元宇宙的构成 / 官方 / 艾伯伦 Eberron / [ShCT] 萨恩：万塔都市 / 第一章 为何来萨恩,世设：多元宇宙的构成,官方
第三节 人口构成,9 世设\艾伯伦\Sharn萨恩万塔都市\第三节 人口构成.htm,6,世设：多元宇宙的构成 / 官方 / 艾伯伦 Eberron / [ShCT] 萨恩：万塔都市 / 第一章 为何来萨恩,世设：多元宇宙的构成,官方
第四节 萨恩的历史,9 世设\艾伯伦\Sharn萨恩万塔都市\第四节 萨恩的历史.htm,6,世设：多元宇宙的构成 / 官方 / 艾伯伦 Eberron / [ShCT] 萨恩：万塔都市 / 第一章 为何来萨恩,世设：多元宇宙的构成,官方
第五节 节日与娱乐,9 世设\艾伯伦\Sharn萨恩万塔都市\第五节 节日与娱乐.htm,6,世设：多元宇宙的构成 / 官方 / 艾伯伦 Eberron / [ShCT] 萨恩：万塔都市 / 第一章 为何来萨恩,世设：多元宇宙的构成,官方
第二章 萨恩的生活,,5,世设：多元宇宙的构成 / 官方 / 艾伯伦 Eberron / [ShCT] 萨恩：万塔都市,世设：多元宇宙的构成,官方
第一、二节 城市风格,9 世设\艾伯伦\Sharn萨恩万塔都市\第一二节 城市风格.htm,6,世设：多元宇宙的构成 / 官方 / 艾伯伦 Eberron / [ShCT] 萨恩：万塔都市 / 第二章 萨恩的生活,世设：多元宇宙的构成,官方
第三节 中央高地区,9 世设\艾伯伦\Sharn萨恩万塔都市\第三节 中央高地区.htm,6,世设：多元宇宙的构成 / 官方 / 艾伯伦 Eberron / [ShCT] 萨恩：万塔都市 / 第二章 萨恩的生活,世设：多元宇宙的构成,官方
第四节 崖边区,9 世设\艾伯伦\Sharn萨恩万塔都市\第四节 崖边区.htm,6,世设：多元宇宙的构成 / 官方 / 艾伯伦 Eberron / [ShCT] 萨恩：万塔都市 / 第二章 萨恩的生活,世设：多元宇宙的构成,官方
第五节 杜拉区,9 世设\艾伯伦\Sharn萨恩万塔都市\第五节 杜拉区.htm,6,世设：多元宇宙的构成 / 官方 / 艾伯伦 Eberron / [ShCT] 萨恩：万塔都市 / 第二章 萨恩的生活,世设：多元宇宙的构成,官方
第六节 孟西斯高地区,9 世设\艾伯伦\Sharn萨恩万塔都市\第六节 孟西斯高地区.htm,6,世设：多元宇宙的构成 / 官方 / 艾伯伦 Eberron / [ShCT] 萨恩：万塔都市 / 第二章 萨恩的生活,世设：多元宇宙的构成,官方
第七节 北边区,9 世设\艾伯伦\Sharn萨恩万塔都市\第七节 北边区.htm,6,世设：多元宇宙的构成 / 官方 / 艾伯伦 Eberron / [ShCT] 萨恩：万塔都市 / 第二章 萨恩的生活,世设：多元宇宙的构成,官方
第八节 天城区,9 世设\艾伯伦\Sharn萨恩万塔都市\第八节 天城区.htm,6,世设：多元宇宙的构成 / 官方 / 艾伯伦 Eberron / [ShCT] 萨恩：万塔都市 / 第二章 萨恩的生活,世设：多元宇宙的构成,官方
第九节 塔维克码头区,9 世设\艾伯伦\Sharn萨恩万塔都市\第九节 塔维克码头区.htm,6,世设：多元宇宙的构成 / 官方 / 艾伯伦 Eberron / [ShCT] 萨恩：万塔都市 / 第二章 萨恩的生活,世设：多元宇宙的构成,官方
第十节 齿轮区,9 世设\艾伯伦\Sharn萨恩万塔都市\第十节 齿轮区.htm,6,世设：多元宇宙的构成 / 官方 / 艾伯伦 Eberron / [ShCT] 萨恩：万塔都市 / 第二章 萨恩的生活,世设：多元宇宙的构成,官方
第十一节 死者之城,9 世设\艾伯伦\Sharn萨恩万塔都市\第十一章 死者之城.htm,6,世设：多元宇宙的构成 / 官方 / 艾伯伦 Eberron / [ShCT] 萨恩：万塔都市 / 第二章 萨恩的生活,世设：多元宇宙的构成,官方
附录：边栏,9 世设\艾伯伦\Sharn萨恩万塔都市\附录：边栏.htm,6,世设：多元宇宙的构成 / 官方 / 艾伯伦 Eberron / [ShCT] 萨恩：万塔都市 / 第二章 萨恩的生活,世设：多元宇宙的构成,官方
第三章 权利与政治,,5,世设：多元宇宙的构成 / 官方 / 艾伯伦 Eberron / [ShCT] 萨恩：万塔都市,世设：多元宇宙的构成,官方
权利与政治,9 世设\艾伯伦\Sharn萨恩万塔都市\权利与政治.htm,6,世设：多元宇宙的构成 / 官方 / 艾伯伦 Eberron / [ShCT] 萨恩：万塔都市 / 第三章 权利与政治,世设：多元宇宙的构成,官方
龙纹家族,9 世设\艾伯伦\Sharn萨恩万塔都市\龙纹家族.htm,6,世设：多元宇宙的构成 / 官方 / 艾伯伦 Eberron / [ShCT] 萨恩：万塔都市 / 第三章 权利与政治,世设：多元宇宙的构成,官方
外国势力,9 世设\艾伯伦\Sharn萨恩万塔都市\外国势力.htm,6,世设：多元宇宙的构成 / 官方 / 艾伯伦 Eberron / [ShCT] 萨恩：万塔都市 / 第三章 权利与政治,世设：多元宇宙的构成,官方
第四章 法律与制度,,5,世设：多元宇宙的构成 / 官方 / 艾伯伦 Eberron / [ShCT] 萨恩：万塔都市,世设：多元宇宙的构成,官方
使用法律,9 世设\艾伯伦\Sharn萨恩万塔都市\使用法律.htm,6,世设：多元宇宙的构成 / 官方 / 艾伯伦 Eberron / [ShCT] 萨恩：万塔都市 / 第四章 法律与制度,世设：多元宇宙的构成,官方
违法行为,9 世设\艾伯伦\Sharn萨恩万塔都市\违法行为.htm,6,世设：多元宇宙的构成 / 官方 / 艾伯伦 Eberron / [ShCT] 萨恩：万塔都市 / 第四章 法律与制度,世设：多元宇宙的构成,官方
逃避制裁,9 世设\艾伯伦\Sharn萨恩万塔都市\逃避制裁.htm,6,世设：多元宇宙的构成 / 官方 / 艾伯伦 Eberron / [ShCT] 萨恩：万塔都市 / 第四章 法律与制度,世设：多元宇宙的构成,官方
直面后果,9 世设\艾伯伦\Sharn萨恩万塔都市\直面后果.htm,6,世设：多元宇宙的构成 / 官方 / 艾伯伦 Eberron / [ShCT] 萨恩：万塔都市 / 第四章 法律与制度,世设：多元宇宙的构成,官方
罪行代价,9 世设\艾伯伦\Sharn萨恩万塔都市\罪行代价.htm,6,世设：多元宇宙的构成 / 官方 / 艾伯伦 Eberron / [ShCT] 萨恩：万塔都市 / 第四章 法律与制度,世设：多元宇宙的构成,官方
执法力量,9 世设\艾伯伦\Sharn萨恩万塔都市\执法力量.htm,6,世设：多元宇宙的构成 / 官方 / 艾伯伦 Eberron / [ShCT] 萨恩：万塔都市 / 第四章 法律与制度,世设：多元宇宙的构成,官方
第五章 行会与组织,,5,世设：多元宇宙的构成 / 官方 / 艾伯伦 Eberron / [ShCT] 萨恩：万塔都市,世设：多元宇宙的构成,官方
行会与组织,9 世设\艾伯伦\Sharn萨恩万塔都市\行会与组织.htm,6,世设：多元宇宙的构成 / 官方 / 艾伯伦 Eberron / [ShCT] 萨恩：万塔都市 / 第五章 行会与组织,世设：多元宇宙的构成,官方
雇佣军服务,9 世设\艾伯伦\Sharn萨恩万塔都市\雇佣军服务.htm,6,世设：多元宇宙的构成 / 官方 / 艾伯伦 Eberron / [ShCT] 萨恩：万塔都市 / 第五章 行会与组织,世设：多元宇宙的构成,官方
犯罪集团,9 世设\艾伯伦\Sharn萨恩万塔都市\犯罪集团.htm,6,世设：多元宇宙的构成 / 官方 / 艾伯伦 Eberron / [ShCT] 萨恩：万塔都市 / 第五章 行会与组织,世设：多元宇宙的构成,官方
波罗马家族,9 世设\艾伯伦\Sharn萨恩万塔都市\波罗马家族.htm,7,世设：多元宇宙的构成 / 官方 / 艾伯伦 Eberron / [ShCT] 萨恩：万塔都市 / 第五章 行会与组织 / 犯罪集团,世设：多元宇宙的构成,官方
达斯克,9 世设\艾伯伦\Sharn萨恩万塔都市\达斯克.htm,7,世设：多元宇宙的构成 / 官方 / 艾伯伦 Eberron / [ShCT] 萨恩：万塔都市 / 第五章 行会与组织 / 犯罪集团,世设：多元宇宙的构成,官方
塔卡南家族,9 世设\艾伯伦\Sharn萨恩万塔都市\塔卡南家族.htm,7,世设：多元宇宙的构成 / 官方 / 艾伯伦 Eberron / [ShCT] 萨恩：万塔都市 / 第五章 行会与组织 / 犯罪集团,世设：多元宇宙的构成,官方
暴君会,9 世设\艾伯伦\Sharn萨恩万塔都市\暴君会.htm,7,世设：多元宇宙的构成 / 官方 / 艾伯伦 Eberron / [ShCT] 萨恩：万塔都市 / 第五章 行会与组织 / 犯罪集团,世设：多元宇宙的构成,官方
第六章 英雄与魔法,,5,世设：多元宇宙的构成 / 官方 / 艾伯伦 Eberron / [ShCT] 萨恩：万塔都市,世设：多元宇宙的构成,官方
专长,9 世设\艾伯伦\Sharn萨恩万塔都市\专长.htm,6,世设：多元宇宙的构成 / 官方 / 艾伯伦 Eberron / [ShCT] 萨恩：万塔都市 / 第六章 英雄与魔法,世设：多元宇宙的构成,官方
装备与商品,9 世设\艾伯伦\Sharn萨恩万塔都市\装备与商品.htm,6,世设：多元宇宙的构成 / 官方 / 艾伯伦 Eberron / [ShCT] 萨恩：万塔都市 / 第六章 英雄与魔法,世设：多元宇宙的构成,官方
进阶职业,,6,世设：多元宇宙的构成 / 官方 / 艾伯伦 Eberron / [ShCT] 萨恩：万塔都市 / 第六章 英雄与魔法,世设：多元宇宙的构成,官方
卡尼斯魔杖专擅者,9 世设\艾伯伦\Sharn萨恩万塔都市\卡尼斯魔杖专擅者.htm,7,世设：多元宇宙的构成 / 官方 / 艾伯伦 Eberron / [ShCT] 萨恩：万塔都市 / 第六章 英雄与魔法 / 进阶职业,世设：多元宇宙的构成,官方
堡垒精英,9 世设\艾伯伦\Sharn萨恩万塔都市\堡垒精英.htm,7,世设：多元宇宙的构成 / 官方 / 艾伯伦 Eberron / [ShCT] 萨恩：万塔都市 / 第六章 英雄与魔法 / 进阶职业,世设：多元宇宙的构成,官方
萨恩天法师,9 世设\艾伯伦\Sharn萨恩万塔都市\萨恩天法师.htm,7,世设：多元宇宙的构成 / 官方 / 艾伯伦 Eberron / [ShCT] 萨恩：万塔都市 / 第六章 英雄与魔法 / 进阶职业,世设：多元宇宙的构成,官方
法术,9 世设\艾伯伦\Sharn萨恩万塔都市\法术.htm,6,世设：多元宇宙的构成 / 官方 / 艾伯伦 Eberron / [ShCT] 萨恩：万塔都市 / 第六章 英雄与魔法,世设：多元宇宙的构成,官方
魔法物品,9 世设\艾伯伦\Sharn萨恩万塔都市\魔法物品.htm,6,世设：多元宇宙的构成 / 官方 / 艾伯伦 Eberron / [ShCT] 萨恩：万塔都市 / 第六章 英雄与魔法,世设：多元宇宙的构成,官方
第七章 怪物与遭遇,,5,世设：多元宇宙的构成 / 官方 / 艾伯伦 Eberron / [ShCT] 萨恩：万塔都市,世设：多元宇宙的构成,官方
幕后黑手,9 世设\艾伯伦\Sharn萨恩万塔都市\幕后黑手.htm,6,世设：多元宇宙的构成 / 官方 / 艾伯伦 Eberron / [ShCT] 萨恩：万塔都市 / 第七章 怪物与遭遇,世设：多元宇宙的构成,官方
城市怪物,9 世设\艾伯伦\Sharn萨恩万塔都市\城市怪物.htm,6,世设：多元宇宙的构成 / 官方 / 艾伯伦 Eberron / [ShCT] 萨恩：万塔都市 / 第七章 怪物与遭遇,世设：多元宇宙的构成,官方
新怪物,,6,世设：多元宇宙的构成 / 官方 / 艾伯伦 Eberron / [ShCT] 萨恩：万塔都市 / 第七章 怪物与遭遇,世设：多元宇宙的构成,官方
亡鼠集群,9 世设\艾伯伦\Sharn萨恩万塔都市\亡鼠集群.htm,7,世设：多元宇宙的构成 / 官方 / 艾伯伦 Eberron / [ShCT] 萨恩：万塔都市 / 第七章 怪物与遭遇 / 新怪物,世设：多元宇宙的构成,官方
熔炉缚灵,9 世设\艾伯伦\Sharn萨恩万塔都市\熔炉缚灵.htm,7,世设：多元宇宙的构成 / 官方 / 艾伯伦 Eberron / [ShCT] 萨恩：万塔都市 / 第七章 怪物与遭遇 / 新怪物,世设：多元宇宙的构成,官方
光辉偶像,9 世设\艾伯伦\Sharn萨恩万塔都市\光辉偶像.htm,7,世设：多元宇宙的构成 / 官方 / 艾伯伦 Eberron / [ShCT] 萨恩：万塔都市 / 第七章 怪物与遭遇 / 新怪物,世设：多元宇宙的构成,官方
腐臭甲虫集群/僵尸,9 世设\艾伯伦\Sharn萨恩万塔都市\腐臭甲虫集群.htm,7,世设：多元宇宙的构成 / 官方 / 艾伯伦 Eberron / [ShCT] 萨恩：万塔都市 / 第七章 怪物与遭遇 / 新怪物,世设：多元宇宙的构成,官方
寄生蟑螂,9 世设\艾伯伦\Sharn萨恩万塔都市\寄生蟑螂.htm,7,世设：多元宇宙的构成 / 官方 / 艾伯伦 Eberron / [ShCT] 萨恩：万塔都市 / 第七章 怪物与遭遇 / 新怪物,世设：多元宇宙的构成,官方
尖顶龙,9 世设\艾伯伦\Sharn萨恩万塔都市\尖顶龙.htm,7,世设：多元宇宙的构成 / 官方 / 艾伯伦 Eberron / [ShCT] 萨恩：万塔都市 / 第七章 怪物与遭遇 / 新怪物,世设：多元宇宙的构成,官方
第八章 战役设定,9 世设\艾伯伦\Sharn萨恩万塔都市\战役设定.htm,5,世设：多元宇宙的构成 / 官方 / 艾伯伦 Eberron / [ShCT] 萨恩：万塔都市,世设：多元宇宙的构成,官方
[RoE] 艾伯伦的种族,9 世设\艾伯伦\RoE艾伯伦的种族\封面.htm,4,世设：多元宇宙的构成 / 官方 / 艾伯伦 Eberron,世设：多元宇宙的构成,官方
第一章 战俑,9 世设\艾伯伦\RoE艾伯伦的种族\第一章 战俑.htm,5,世设：多元宇宙的构成 / 官方 / 艾伯伦 Eberron / [RoE] 艾伯伦的种族,世设：多元宇宙的构成,官方
第二章 半兽化人,9 世设\艾伯伦\RoE艾伯伦的种族\第二章 半兽化人.htm,5,世设：多元宇宙的构成 / 官方 / 艾伯伦 Eberron / [RoE] 艾伯伦的种族,世设：多元宇宙的构成,官方
第三章 半变形怪,9 世设\艾伯伦\RoE艾伯伦的种族\第三章 半变形怪.htm,5,世设：多元宇宙的构成 / 官方 / 艾伯伦 Eberron / [RoE] 艾伯伦的种族,世设：多元宇宙的构成,官方
第四章 半梦灵,9 世设\艾伯伦\RoE艾伯伦的种族\第四章 半梦灵.htm,5,世设：多元宇宙的构成 / 官方 / 艾伯伦 Eberron / [RoE] 艾伯伦的种族,世设：多元宇宙的构成,官方
第五章 其他种族,9 世设\艾伯伦\RoE艾伯伦的种族\第五章 其他种族.htm,5,世设：多元宇宙的构成 / 官方 / 艾伯伦 Eberron / [RoE] 艾伯伦的种族,世设：多元宇宙的构成,官方
矮人,9 世设\艾伯伦\RoE艾伯伦的种族\矮人.htm,6,世设：多元宇宙的构成 / 官方 / 艾伯伦 Eberron / [RoE] 艾伯伦的种族 / 第五章 其他种族,世设：多元宇宙的构成,官方
艾伦诺精灵,9 世设\艾伯伦\RoE艾伯伦的种族\艾伦诺精灵.htm,6,世设：多元宇宙的构成 / 官方 / 艾伯伦 Eberron / [RoE] 艾伯伦的种族 / 第五章 其他种族,世设：多元宇宙的构成,官方
卓尔精灵,9 世设\艾伯伦\RoE艾伯伦的种族\卓尔精灵.htm,6,世设：多元宇宙的构成 / 官方 / 艾伯伦 Eberron / [RoE] 艾伯伦的种族 / 第五章 其他种族,世设：多元宇宙的构成,官方
科瓦雷精灵,9 世设\艾伯伦\RoE艾伯伦的种族\科瓦雷精灵.htm,6,世设：多元宇宙的构成 / 官方 / 艾伯伦 Eberron / [RoE] 艾伯伦的种族 / 第五章 其他种族,世设：多元宇宙的构成,官方
维纶娜精灵,9 世设\艾伯伦\RoE艾伯伦的种族\维纶娜精灵.htm,6,世设：多元宇宙的构成 / 官方 / 艾伯伦 Eberron / [RoE] 艾伯伦的种族 / 第五章 其他种族,世设：多元宇宙的构成,官方
侏儒,9 世设\艾伯伦\RoE艾伯伦的种族\侏儒.htm,6,世设：多元宇宙的构成 / 官方 / 艾伯伦 Eberron / [RoE] 艾伯伦的种族 / 第五章 其他种族,世设：多元宇宙的构成,官方
地精,9 世设\艾伯伦\RoE艾伯伦的种族\地精.htm,6,世设：多元宇宙的构成 / 官方 / 艾伯伦 Eberron / [RoE] 艾伯伦的种族 / 第五章 其他种族,世设：多元宇宙的构成,官方
半精灵,9 世设\艾伯伦\RoE艾伯伦的种族\半精灵.htm,6,世设：多元宇宙的构成 / 官方 / 艾伯伦 Eberron / [RoE] 艾伯伦的种族 / 第五章 其他种族,世设：多元宇宙的构成,官方
半兽人,9 世设\艾伯伦\RoE艾伯伦的种族\半兽人.htm,6,世设：多元宇宙的构成 / 官方 / 艾伯伦 Eberron / [RoE] 艾伯伦的种族 / 第五章 其他种族,世设：多元宇宙的构成,官方
科瓦雷半身人,9 世设\艾伯伦\RoE艾伯伦的种族\科瓦雷半身人.htm,6,世设：多元宇宙的构成 / 官方 / 艾伯伦 Eberron / [RoE] 艾伯伦的种族 / 第五章 其他种族,世设：多元宇宙的构成,官方
塔兰塔半身人,9 世设\艾伯伦\RoE艾伯伦的种族\塔兰塔半身人.htm,6,世设：多元宇宙的构成 / 官方 / 艾伯伦 Eberron / [RoE] 艾伯伦的种族 / 第五章 其他种族,世设：多元宇宙的构成,官方
半魇灵,9 世设\艾伯伦\RoE艾伯伦的种族\半魇灵.htm,6,世设：多元宇宙的构成 / 官方 / 艾伯伦 Eberron / [RoE] 艾伯伦的种族 / 第五章 其他种族,世设：多元宇宙的构成,官方
兽人,9 世设\艾伯伦\RoE艾伯伦的种族\兽人.htm,6,世设：多元宇宙的构成 / 官方 / 艾伯伦 Eberron / [RoE] 艾伯伦的种族 / 第五章 其他种族,世设：多元宇宙的构成,官方
第六章 角色选项,,5,世设：多元宇宙的构成 / 官方 / 艾伯伦 Eberron / [RoE] 艾伯伦的种族,世设：多元宇宙的构成,官方
专长,9 世设\艾伯伦\RoE艾伯伦的种族\ROE专长.htm,6,世设：多元宇宙的构成 / 官方 / 艾伯伦 Eberron / [RoE] 艾伯伦的种族 / 第六章 角色选项,世设：多元宇宙的构成,官方
种族替换等级,9 世设\艾伯伦\RoE艾伯伦的种族\ROE种族替换等级.htm,6,世设：多元宇宙的构成 / 官方 / 艾伯伦 Eberron / [RoE] 艾伯伦的种族 / 第六章 角色选项,世设：多元宇宙的构成,官方
第七章 进阶职业,,5,世设：多元宇宙的构成 / 官方 / 艾伯伦 Eberron / [RoE] 艾伯伦的种族,世设：多元宇宙的构成,官方
传承者,9 世设\艾伯伦\RoE艾伯伦的种族\传承者.htm,6,世设：多元宇宙的构成 / 官方 / 艾伯伦 Eberron / [RoE] 艾伯伦的种族 / 第七章 进阶职业,世设：多元宇宙的构成,官方
密阁间谍,9 世设\艾伯伦\RoE艾伯伦的种族\密阁间谍.htm,6,世设：多元宇宙的构成 / 官方 / 艾伯伦 Eberron / [RoE] 艾伯伦的种族 / 第七章 进阶职业,世设：多元宇宙的构成,官方
月咏者,9 世设\艾伯伦\RoE艾伯伦的种族\月咏者.htm,6,世设：多元宇宙的构成 / 官方 / 艾伯伦 Eberron / [RoE] 艾伯伦的种族 / 第七章 进阶职业,世设：多元宇宙的构成,官方
梦族之魇,9 世设\艾伯伦\RoE艾伯伦的种族\梦族之魇.htm,6,世设：多元宇宙的构成 / 官方 / 艾伯伦 Eberron / [RoE] 艾伯伦的种族 / 第七章 进阶职业,世设：多元宇宙的构成,官方
奔掠者,9 世设\艾伯伦\RoE艾伯伦的种族\奔掠者.htm,6,世设：多元宇宙的构成 / 官方 / 艾伯伦 Eberron / [RoE] 艾伯伦的种族 / 第七章 进阶职业,世设：多元宇宙的构成,官方
铸法者,9 世设\艾伯伦\RoE艾伯伦的种族\铸法者.htm,6,世设：多元宇宙的构成 / 官方 / 艾伯伦 Eberron / [RoE] 艾伯伦的种族 / 第七章 进阶职业,世设：多元宇宙的构成,官方
重生者,9 世设\艾伯伦\RoE艾伯伦的种族\重生者.htm,6,世设：多元宇宙的构成 / 官方 / 艾伯伦 Eberron / [RoE] 艾伯伦的种族 / 第七章 进阶职业,世设：多元宇宙的构成,官方
咒刻士兵,9 世设\艾伯伦\RoE艾伯伦的种族\咒刻士兵.htm,6,世设：多元宇宙的构成 / 官方 / 艾伯伦 Eberron / [RoE] 艾伯伦的种族 / 第七章 进阶职业,世设：多元宇宙的构成,官方
第八章 装备,9 世设\艾伯伦\RoE艾伯伦的种族\第八章 装备.htm,5,世设：多元宇宙的构成 / 官方 / 艾伯伦 Eberron / [RoE] 艾伯伦的种族,世设：多元宇宙的构成,官方
第九章 魔法与灵能,9 世设\艾伯伦\RoE艾伯伦的种族\ROE魔法与灵能.htm,5,世设：多元宇宙的构成 / 官方 / 艾伯伦 Eberron / [RoE] 艾伯伦的种族,世设：多元宇宙的构成,官方
[FN] 五国,9 世设\艾伯伦\FN五国\封面.htm,4,世设：多元宇宙的构成 / 官方 / 艾伯伦 Eberron,世设：多元宇宙的构成,官方
引言,9 世设\艾伯伦\FN五国\引言.htm,5,世设：多元宇宙的构成 / 官方 / 艾伯伦 Eberron / [FN] 五国,世设：多元宇宙的构成,官方
何为五国,9 世设\艾伯伦\FN五国\五国.htm,6,世设：多元宇宙的构成 / 官方 / 艾伯伦 Eberron / [FN] 五国 / 引言,世设：多元宇宙的构成,官方
安黛尔,9 世设\艾伯伦\FN五国\安黛尔.htm,5,世设：多元宇宙的构成 / 官方 / 艾伯伦 Eberron / [FN] 五国,世设：多元宇宙的构成,官方
扮演安黛尔人,9 世设\艾伯伦\FN五国\扮演安黛尔人.htm,6,世设：多元宇宙的构成 / 官方 / 艾伯伦 Eberron / [FN] 五国 / 安黛尔,世设：多元宇宙的构成,官方
安黛尔式潮流,9 世设\艾伯伦\FN五国\安黛尔式潮流.htm,6,世设：多元宇宙的构成 / 官方 / 艾伯伦 Eberron / [FN] 五国 / 安黛尔,世设：多元宇宙的构成,官方
阴谋与派系,9 世设\艾伯伦\FN五国\阴谋与派系-安黛尔.htm,6,世设：多元宇宙的构成 / 官方 / 艾伯伦 Eberron / [FN] 五国 / 安黛尔,世设：多元宇宙的构成,官方
外交关系,9 世设\艾伯伦\FN五国\外交关系-安黛尔.htm,6,世设：多元宇宙的构成 / 官方 / 艾伯伦 Eberron / [FN] 五国 / 安黛尔,世设：多元宇宙的构成,官方
著名人物,9 世设\艾伯伦\FN五国\安黛尔著名人物.htm,6,世设：多元宇宙的构成 / 官方 / 艾伯伦 Eberron / [FN] 五国 / 安黛尔,世设：多元宇宙的构成,官方
王室之眼,9 世设\艾伯伦\FN五国\安黛尔的王室之眼.htm,6,世设：多元宇宙的构成 / 官方 / 艾伯伦 Eberron / [FN] 五国 / 安黛尔,世设：多元宇宙的构成,官方
安黛尔冒险,9 世设\艾伯伦\FN五国\安黛尔冒险.htm,6,世设：多元宇宙的构成 / 官方 / 艾伯伦 Eberron / [FN] 五国 / 安黛尔,世设：多元宇宙的构成,官方
费尔海文,,7,世设：多元宇宙的构成 / 官方 / 艾伯伦 Eberron / [FN] 五国 / 安黛尔 / 安黛尔冒险,世设：多元宇宙的构成,官方
碎语岩,,7,世设：多元宇宙的构成 / 官方 / 艾伯伦 Eberron / [FN] 五国 / 安黛尔 / 安黛尔冒险,世设：多元宇宙的构成,官方
哀哭旷野,,7,世设：多元宇宙的构成 / 官方 / 艾伯伦 Eberron / [FN] 五国 / 安黛尔 / 安黛尔冒险,世设：多元宇宙的构成,官方
阿卡尼克斯的浮空塔,,7,世设：多元宇宙的构成 / 官方 / 艾伯伦 Eberron / [FN] 五国 / 安黛尔 / 安黛尔冒险,世设：多元宇宙的构成,官方
进阶职业：魅影骑士,9 世设\艾伯伦\FN五国\进阶职业魅影骑士.htm,6,世设：多元宇宙的构成 / 官方 / 艾伯伦 Eberron / [FN] 五国 / 安黛尔,世设：多元宇宙的构成,官方
龙鹰(动物),9 世设\艾伯伦\FN五国\龙鹰.htm,6,世设：多元宇宙的构成 / 官方 / 艾伯伦 Eberron / [FN] 五国 / 安黛尔,世设：多元宇宙的构成,官方
布鲁兰,9 世设\艾伯伦\FN五国\布鲁兰.htm,5,世设：多元宇宙的构成 / 官方 / 艾伯伦 Eberron / [FN] 五国,世设：多元宇宙的构成,官方
赛尔/哀伤故地,9 世设\艾伯伦\FN五国\赛尔和哀伤故地.htm,5,世设：多元宇宙的构成 / 官方 / 艾伯伦 Eberron / [FN] 五国,世设：多元宇宙的构成,官方
坎纳斯,9 世设\艾伯伦\FN五国\坎纳斯.htm,5,世设：多元宇宙的构成 / 官方 / 艾伯伦 Eberron / [FN] 五国,世设：多元宇宙的构成,官方
瑟雷恩,9 世设\艾伯伦\FN五国\瑟雷恩.htm,5,世设：多元宇宙的构成 / 官方 / 艾伯伦 Eberron / [FN] 五国,世设：多元宇宙的构成,官方
[EH] 探险家手册,9 世设\艾伯伦\Explore探险家手册\封面.htm,4,世设：多元宇宙的构成 / 官方 / 艾伯伦 Eberron,世设：多元宇宙的构成,官方
引言,9 世设\艾伯伦\Explore探险家手册\引言.htm,5,世设：多元宇宙的构成 / 官方 / 艾伯伦 Eberron / [EH] 探险家手册,世设：多元宇宙的构成,官方
第一章 旅行,9 世设\艾伯伦\Explore探险家手册\第一章 旅行.htm,5,世设：多元宇宙的构成 / 官方 / 艾伯伦 Eberron / [EH] 探险家手册,世设：多元宇宙的构成,官方
第二章 旅行工具(含进阶),9 世设\艾伯伦\Explore探险家手册\第二章 旅行工具.htm,5,世设：多元宇宙的构成 / 官方 / 艾伯伦 Eberron / [EH] 探险家手册,世设：多元宇宙的构成,官方
灾变法师,9 世设\艾伯伦\Explore探险家手册\灾变法师.htm,6,世设：多元宇宙的构成 / 官方 / 艾伯伦 Eberron / [EH] 探险家手册 / 第二章 旅行工具(含进阶),世设：多元宇宙的构成,官方
雷霆向导,9 世设\艾伯伦\Explore探险家手册\雷霆向导.htm,6,世设：多元宇宙的构成 / 官方 / 艾伯伦 Eberron / [EH] 探险家手册 / 第二章 旅行工具(含进阶),世设：多元宇宙的构成,官方
御风船长,9 世设\艾伯伦\Explore探险家手册\御风船长.htm,6,世设：多元宇宙的构成 / 官方 / 艾伯伦 Eberron / [EH] 探险家手册 / 第二章 旅行工具(含进阶),世设：多元宇宙的构成,官方
第三章 起始点,9 世设\艾伯伦\Explore探险家手册\第三章 起始点.htm,5,世设：多元宇宙的构成 / 官方 / 艾伯伦 Eberron / [EH] 探险家手册,世设：多元宇宙的构成,官方
第四章 过渡点,9 世设\艾伯伦\Explore探险家手册\第四章 过渡点.htm,5,世设：多元宇宙的构成 / 官方 / 艾伯伦 Eberron / [EH] 探险家手册,世设：多元宇宙的构成,官方
第五章 最终点,9 世设\艾伯伦\Explore探险家手册\第五章 最终点.htm,5,世设：多元宇宙的构成 / 官方 / 艾伯伦 Eberron / [EH] 探险家手册,世设：多元宇宙的构成,官方
附录：古代文物,9 世设\艾伯伦\Explore探险家手册\附录：古代文物.htm,5,世设：多元宇宙的构成 / 官方 / 艾伯伦 Eberron / [EH] 探险家手册,世设：多元宇宙的构成,官方
[MoE]艾伯伦的魔法,9 世设\艾伯伦\MoE艾伯伦的魔法\封面.htm,4,世设：多元宇宙的构成 / 官方 / 艾伯伦 Eberron,世设：多元宇宙的构成,官方
概述,9 世设\艾伯伦\MoE艾伯伦的魔法\概述.htm,5,世设：多元宇宙的构成 / 官方 / 艾伯伦 Eberron / [MoE]艾伯伦的魔法,世设：多元宇宙的构成,官方
第一章 艾伯伦中的魔法,9 世设\艾伯伦\MoE艾伯伦的魔法\第一章 艾伯伦中的魔法\第一章 艾伯伦中的魔法.htm,5,世设：多元宇宙的构成 / 官方 / 艾伯伦 Eberron / [MoE]艾伯伦的魔法,世设：多元宇宙的构成,官方
龙晶,9 世设\艾伯伦\MoE艾伯伦的魔法\第一章 艾伯伦中的魔法\龙晶.htm,6,世设：多元宇宙的构成 / 官方 / 艾伯伦 Eberron / [MoE]艾伯伦的魔法 / 第一章 艾伯伦中的魔法,世设：多元宇宙的构成,官方
龙纹预言,9 世设\艾伯伦\MoE艾伯伦的魔法\第一章 艾伯伦中的魔法\龙纹预言.htm,6,世设：多元宇宙的构成 / 官方 / 艾伯伦 Eberron / [MoE]艾伯伦的魔法 / 第一章 艾伯伦中的魔法,世设：多元宇宙的构成,官方
异变魔魔法,9 世设\艾伯伦\MoE艾伯伦的魔法\第一章 艾伯伦中的魔法\异变魔魔法.htm,6,世设：多元宇宙的构成 / 官方 / 艾伯伦 Eberron / [MoE]艾伯伦的魔法 / 第一章 艾伯伦中的魔法,世设：多元宇宙的构成,官方
龙图腾仪式,9 世设\艾伯伦\MoE艾伯伦的魔法\第一章 艾伯伦中的魔法\龙图腾仪式.htm,6,世设：多元宇宙的构成 / 官方 / 艾伯伦 Eberron / [MoE]艾伯伦的魔法 / 第一章 艾伯伦中的魔法,世设：多元宇宙的构成,官方
灵能,9 世设\艾伯伦\MoE艾伯伦的魔法\第一章 艾伯伦中的魔法\灵能.htm,6,世设：多元宇宙的构成 / 官方 / 艾伯伦 Eberron / [MoE]艾伯伦的魔法 / 第一章 艾伯伦中的魔法,世设：多元宇宙的构成,官方
艾伦诺的魔法,9 世设\艾伯伦\MoE艾伯伦的魔法\第一章 艾伯伦中的魔法\艾伦诺的魔法.htm,6,世设：多元宇宙的构成 / 官方 / 艾伯伦 Eberron / [MoE]艾伯伦的魔法 / 第一章 艾伯伦中的魔法,世设：多元宇宙的构成,官方
坎纳斯的魔法,9 世设\艾伯伦\MoE艾伯伦的魔法\第一章 艾伯伦中的魔法\坎纳斯的魔法.htm,6,世设：多元宇宙的构成 / 官方 / 艾伯伦 Eberron / [MoE]艾伯伦的魔法 / 第一章 艾伯伦中的魔法,世设：多元宇宙的构成,官方
艾伯伦的组织,9 世设\艾伯伦\MoE艾伯伦的魔法\第一章 艾伯伦中的魔法\艾伯伦的组织.htm,6,世设：多元宇宙的构成 / 官方 / 艾伯伦 Eberron / [MoE]艾伯伦的魔法 / 第一章 艾伯伦中的魔法,世设：多元宇宙的构成,官方
第二章 角色选项,,5,世设：多元宇宙的构成 / 官方 / 艾伯伦 Eberron / [MoE]艾伯伦的魔法,世设：多元宇宙的构成,官方
异变魔血裔,9 世设\艾伯伦\MoE艾伯伦的魔法\第二章 角色选项\异变魔血裔.htm,6,世设：多元宇宙的构成 / 官方 / 艾伯伦 Eberron / [MoE]艾伯伦的魔法 / 第二章 角色选项,世设：多元宇宙的构成,官方
灵俑,9 世设\艾伯伦\MoE艾伯伦的魔法\第二章 角色选项\灵俑.htm,6,世设：多元宇宙的构成 / 官方 / 艾伯伦 Eberron / [MoE]艾伯伦的魔法 / 第二章 角色选项,世设：多元宇宙的构成,官方
灵能机关术士,9 世设\艾伯伦\MoE艾伯伦的魔法\第二章 角色选项\灵能机关术士.htm,6,世设：多元宇宙的构成 / 官方 / 艾伯伦 Eberron / [MoE]艾伯伦的魔法 / 第二章 角色选项,世设：多元宇宙的构成,官方
龙图腾仪式,9 世设\艾伯伦\MoE艾伯伦的魔法\第二章 角色选项\龙图腾仪式具体.htm,6,世设：多元宇宙的构成 / 官方 / 艾伯伦 Eberron / [MoE]艾伯伦的魔法 / 第二章 角色选项,世设：多元宇宙的构成,官方
专长,9 世设\艾伯伦\MoE艾伯伦的魔法\第二章 角色选项\专长.htm,6,世设：多元宇宙的构成 / 官方 / 艾伯伦 Eberron / [MoE]艾伯伦的魔法 / 第二章 角色选项,世设：多元宇宙的构成,官方
第三章 进阶职业,,5,世设：多元宇宙的构成 / 官方 / 艾伯伦 Eberron / [MoE]艾伯伦的魔法,世设：多元宇宙的构成,官方
炼金大师,9 世设\艾伯伦\MoE艾伯伦的魔法\第三章 进阶职业\炼金大师.htm,6,世设：多元宇宙的构成 / 官方 / 艾伯伦 Eberron / [MoE]艾伯伦的魔法 / 第三章 进阶职业,世设：多元宇宙的构成,官方
逐死者,9 世设\艾伯伦\MoE艾伯伦的魔法\第三章 进阶职业\逐死者.htm,6,世设：多元宇宙的构成 / 官方 / 艾伯伦 Eberron / [MoE]艾伯伦的魔法 / 第三章 进阶职业,世设：多元宇宙的构成,官方
巨龙预言学家,9 世设\艾伯伦\MoE艾伯伦的魔法\第三章 进阶职业\巨龙预言学家.htm,6,世设：多元宇宙的构成 / 官方 / 艾伯伦 Eberron / [MoE]艾伯伦的魔法 / 第三章 进阶职业,世设：多元宇宙的构成,官方
吉拉哥元素共生者,9 世设\艾伯伦\MoE艾伯伦的魔法\第三章 进阶职业\吉拉哥元素共生者.htm,6,世设：多元宇宙的构成 / 官方 / 艾伯伦 Eberron / [MoE]艾伯伦的魔法 / 第三章 进阶职业,世设：多元宇宙的构成,官方
秽染公子,9 世设\艾伯伦\MoE艾伯伦的魔法\第三章 进阶职业\秽染公子.htm,6,世设：多元宇宙的构成 / 官方 / 艾伯伦 Eberron / [MoE]艾伯伦的魔法 / 第三章 进阶职业,世设：多元宇宙的构成,官方
梦族猎心者,9 世设\艾伯伦\MoE艾伯伦的魔法\第三章 进阶职业\梦族猎心者.htm,6,世设：多元宇宙的构成 / 官方 / 艾伯伦 Eberron / [MoE]艾伯伦的魔法 / 第三章 进阶职业,世设：多元宇宙的构成,官方
叛道技师,9 世设\艾伯伦\MoE艾伯伦的魔法\第三章 进阶职业\叛道技师.htm,6,世设：多元宇宙的构成 / 官方 / 艾伯伦 Eberron / [MoE]艾伯伦的魔法 / 第三章 进阶职业,世设：多元宇宙的构成,官方
艾伦诺警卫兵,9 世设\艾伯伦\MoE艾伯伦的魔法\第三章 进阶职业\艾伦诺警卫兵.htm,6,世设：多元宇宙的构成 / 官方 / 艾伯伦 Eberron / [MoE]艾伯伦的魔法 / 第三章 进阶职业,世设：多元宇宙的构成,官方
第四章 法术和灵能,,5,世设：多元宇宙的构成 / 官方 / 艾伯伦 Eberron / [MoE]艾伯伦的魔法,世设：多元宇宙的构成,官方
高魔社会中的生活,9 世设\艾伯伦\MoE艾伯伦的魔法\第四章 法术与灵能\高魔社会中的生活.htm,6,世设：多元宇宙的构成 / 官方 / 艾伯伦 Eberron / [MoE]艾伯伦的魔法 / 第四章 法术和灵能,世设：多元宇宙的构成,官方
法术和机关术 列表,9 世设\艾伯伦\MoE艾伯伦的魔法\第四章 法术与灵能\法术和机关术列表.htm,6,世设：多元宇宙的构成 / 官方 / 艾伯伦 Eberron / [MoE]艾伯伦的魔法 / 第四章 法术和灵能,世设：多元宇宙的构成,官方
法术和机关术 详述,9 世设\艾伯伦\MoE艾伯伦的魔法\第四章 法术与灵能\法术和机关术详述.htm,6,世设：多元宇宙的构成 / 官方 / 艾伯伦 Eberron / [MoE]艾伯伦的魔法 / 第四章 法术和灵能,世设：多元宇宙的构成,官方
灵能,9 世设\艾伯伦\MoE艾伯伦的魔法\第四章 法术与灵能\灵能详述.htm,6,世设：多元宇宙的构成 / 官方 / 艾伯伦 Eberron / [MoE]艾伯伦的魔法 / 第四章 法术和灵能,世设：多元宇宙的构成,官方
神术详述,9 世设\艾伯伦\MoE艾伯伦的魔法\第四章 法术与灵能\神术详述.htm,6,世设：多元宇宙的构成 / 官方 / 艾伯伦 Eberron / [MoE]艾伯伦的魔法 / 第四章 法术和灵能,世设：多元宇宙的构成,官方
第五章 魔法物品与装备,9 世设\艾伯伦\MoE艾伯伦的魔法\第五章 魔法物品与装备.htm,5,世设：多元宇宙的构成 / 官方 / 艾伯伦 Eberron / [MoE]艾伯伦的魔法,世设：多元宇宙的构成,官方
第六章 生物,,5,世设：多元宇宙的构成 / 官方 / 艾伯伦 Eberron / [MoE]艾伯伦的魔法,世设：多元宇宙的构成,官方
怪物,9 世设\艾伯伦\MoE艾伯伦的魔法\第六章 生物\新的怪物.htm,6,世设：多元宇宙的构成 / 官方 / 艾伯伦 Eberron / [MoE]艾伯伦的魔法 / 第六章 生物,世设：多元宇宙的构成,官方
多尔加斯特(DOLGHAST),9 世设\艾伯伦\MoE艾伯伦的魔法\第六章 生物\多尔加斯特.htm,7,世设：多元宇宙的构成 / 官方 / 艾伯伦 Eberron / [MoE]艾伯伦的魔法 / 第六章 生物 / 怪物,世设：多元宇宙的构成,官方
半魇灵,9 世设\艾伯伦\MoE艾伯伦的魔法\第六章 生物\半魇灵.htm,7,世设：多元宇宙的构成 / 官方 / 艾伯伦 Eberron / [MoE]艾伯伦的魔法 / 第六章 生物 / 怪物,世设：多元宇宙的构成,官方
半魇灵检察官,9 世设\艾伯伦\MoE艾伯伦的魔法\第六章 生物\半魇灵检察官.htm,7,世设：多元宇宙的构成 / 官方 / 艾伯伦 Eberron / [MoE]艾伯伦的魔法 / 第六章 生物 / 怪物,世设：多元宇宙的构成,官方
梦族,9 世设\艾伯伦\MoE艾伯伦的魔法\第六章 生物\梦族.htm,7,世设：多元宇宙的构成 / 官方 / 艾伯伦 Eberron / [MoE]艾伯伦的魔法 / 第六章 生物 / 怪物,世设：多元宇宙的构成,官方
念刃灵,9 世设\艾伯伦\MoE艾伯伦的魔法\第六章 生物\念刃灵.htm,7,世设：多元宇宙的构成 / 官方 / 艾伯伦 Eberron / [MoE]艾伯伦的魔法 / 第六章 生物 / 怪物,世设：多元宇宙的构成,官方
控梦灵,9 世设\艾伯伦\MoE艾伯伦的魔法\第六章 生物\控梦灵.htm,7,世设：多元宇宙的构成 / 官方 / 艾伯伦 Eberron / [MoE]艾伯伦的魔法 / 第六章 生物 / 怪物,世设：多元宇宙的构成,官方
乌尔达克(URDARK),9 世设\艾伯伦\MoE艾伯伦的魔法\第六章 生物\乌尔达克.htm,7,世设：多元宇宙的构成 / 官方 / 艾伯伦 Eberron / [MoE]艾伯伦的魔法 / 第六章 生物 / 怪物,世设：多元宇宙的构成,官方
吞食者,9 世设\艾伯伦\MoE艾伯伦的魔法\第六章 生物\吞食者.htm,7,世设：多元宇宙的构成 / 官方 / 艾伯伦 Eberron / [MoE]艾伯伦的魔法 / 第六章 生物 / 怪物,世设：多元宇宙的构成,官方
人工生命体,,6,世设：多元宇宙的构成 / 官方 / 艾伯伦 Eberron / [MoE]艾伯伦的魔法 / 第六章 生物,世设：多元宇宙的构成,官方
劲弩手,9 世设\艾伯伦\MoE艾伯伦的魔法\第六章 生物\劲弩手.htm,7,世设：多元宇宙的构成 / 官方 / 艾伯伦 Eberron / [MoE]艾伯伦的魔法 / 第六章 生物 / 人工生命体,世设：多元宇宙的构成,官方
专职工匠,9 世设\艾伯伦\MoE艾伯伦的魔法\第六章 生物\专职工匠.htm,7,世设：多元宇宙的构成 / 官方 / 艾伯伦 Eberron / [MoE]艾伯伦的魔法 / 第六章 生物 / 人工生命体,世设：多元宇宙的构成,官方
迅捷信使,9 世设\艾伯伦\MoE艾伯伦的魔法\第六章 生物\迅捷信使.htm,7,世设：多元宇宙的构成 / 官方 / 艾伯伦 Eberron / [MoE]艾伯伦的魔法 / 第六章 生物 / 人工生命体,世设：多元宇宙的构成,官方
鬼祟神偷,9 世设\艾伯伦\MoE艾伯伦的魔法\第六章 生物\鬼祟神偷.htm,7,世设：多元宇宙的构成 / 官方 / 艾伯伦 Eberron / [MoE]艾伯伦的魔法 / 第六章 生物 / 人工生命体,世设：多元宇宙的构成,官方
百宝箱,9 世设\艾伯伦\MoE艾伯伦的魔法\第六章 生物\百宝箱.htm,7,世设：多元宇宙的构成 / 官方 / 艾伯伦 Eberron / [MoE]艾伯伦的魔法 / 第六章 生物 / 人工生命体,世设：多元宇宙的构成,官方
,9 世设\艾伯伦\MoE艾伯伦的魔法\第六章 生物\刺猬-执着的猎兔犬.htm,6,世设：多元宇宙的构成 / 官方 / 艾伯伦 Eberron / [MoE]艾伯伦的魔法 / 第六章 生物,世设：多元宇宙的构成,官方
共生体,9 世设\艾伯伦\MoE艾伯伦的魔法\第六章 生物\共生体.htm,6,世设：多元宇宙的构成 / 官方 / 艾伯伦 Eberron / [MoE]艾伯伦的魔法 / 第六章 生物,世设：多元宇宙的构成,官方
[PGtE] 艾伯伦玩家手册,9 世设\艾伯伦\PGtE艾伯伦玩家手册\封面.htm,4,世设：多元宇宙的构成 / 官方 / 艾伯伦 Eberron,世设：多元宇宙的构成,官方
1. 创造一个艾伯伦角色,9 世设\艾伯伦\PGtE艾伯伦玩家手册\创造一个艾伯伦角色.htm,5,世设：多元宇宙的构成 / 官方 / 艾伯伦 Eberron / [PGtE] 艾伯伦玩家手册,世设：多元宇宙的构成,官方
2. 一份艾伯伦的指南,9 世设\艾伯伦\PGtE艾伯伦玩家手册\序言：一份艾伯伦的指南.htm,5,世设：多元宇宙的构成 / 官方 / 艾伯伦 Eberron / [PGtE] 艾伯伦玩家手册,世设：多元宇宙的构成,官方
冒险ADVENTURE,9 世设\艾伯伦\PGtE艾伯伦玩家手册\冒险ADVENTURE.htm,6,世设：多元宇宙的构成 / 官方 / 艾伯伦 Eberron / [PGtE] 艾伯伦玩家手册 / 2. 一份艾伯伦的指南,世设：多元宇宙的构成,官方
证件,9 世设\艾伯伦\PGtE艾伯伦玩家手册\证件.htm,7,世设：多元宇宙的构成 / 官方 / 艾伯伦 Eberron / [PGtE] 艾伯伦玩家手册 / 2. 一份艾伯伦的指南 / 冒险ADVENTURE,世设：多元宇宙的构成,官方
阴谋与间谍,9 世设\艾伯伦\PGtE艾伯伦玩家手册\阴谋与间谍.htm,7,世设：多元宇宙的构成 / 官方 / 艾伯伦 Eberron / [PGtE] 艾伯伦玩家手册 / 2. 一份艾伯伦的指南 / 冒险ADVENTURE,世设：多元宇宙的构成,官方
社会与阶级,9 世设\艾伯伦\PGtE艾伯伦玩家手册\社会与阶级.htm,7,世设：多元宇宙的构成 / 官方 / 艾伯伦 Eberron / [PGtE] 艾伯伦玩家手册 / 2. 一份艾伯伦的指南 / 冒险ADVENTURE,世设：多元宇宙的构成,官方
邪恶组织,9 世设\艾伯伦\PGtE艾伯伦玩家手册\邪恶组织.htm,7,世设：多元宇宙的构成 / 官方 / 艾伯伦 Eberron / [PGtE] 艾伯伦玩家手册 / 2. 一份艾伯伦的指南 / 冒险ADVENTURE,世设：多元宇宙的构成,官方
历史,9 世设\艾伯伦\PGtE艾伯伦玩家手册\历史.htm,6,世设：多元宇宙的构成 / 官方 / 艾伯伦 Eberron / [PGtE] 艾伯伦玩家手册 / 2. 一份艾伯伦的指南,世设：多元宇宙的构成,官方
终末战争,9 世设\艾伯伦\PGtE艾伯伦玩家手册\终末战争.htm,7,世设：多元宇宙的构成 / 官方 / 艾伯伦 Eberron / [PGtE] 艾伯伦玩家手册 / 2. 一份艾伯伦的指南 / 历史,世设：多元宇宙的构成,官方
地域,,6,世设：多元宇宙的构成 / 官方 / 艾伯伦 Eberron / [PGtE] 艾伯伦玩家手册 / 2. 一份艾伯伦的指南,世设：多元宇宙的构成,官方
艾伦诺AERENAL,9 世设\艾伯伦\PGtE艾伯伦玩家手册\艾伦诺AERENAL.htm,7,世设：多元宇宙的构成 / 官方 / 艾伯伦 Eberron / [PGtE] 艾伯伦玩家手册 / 2. 一份艾伯伦的指南 / 地域,世设：多元宇宙的构成,官方
恶魔荒原,9 世设\艾伯伦\PGtE艾伯伦玩家手册\恶魔荒原.htm,7,世设：多元宇宙的构成 / 官方 / 艾伯伦 Eberron / [PGtE] 艾伯伦玩家手册 / 2. 一份艾伯伦的指南 / 地域,世设：多元宇宙的构成,官方
埃鲁登原野,9 世设\艾伯伦\PGtE艾伯伦玩家手册\埃鲁登原野.htm,7,世设：多元宇宙的构成 / 官方 / 艾伯伦 Eberron / [PGtE] 艾伯伦玩家手册 / 2. 一份艾伯伦的指南 / 地域,世设：多元宇宙的构成,官方
霜落之地和艾弗里斯,9 世设\艾伯伦\PGtE艾伯伦玩家手册\霜落之地和艾弗里斯.htm,7,世设：多元宇宙的构成 / 官方 / 艾伯伦 Eberron / [PGtE] 艾伯伦玩家手册 / 2. 一份艾伯伦的指南 / 地域,世设：多元宇宙的构成,官方
凯博尔,9 世设\艾伯伦\PGtE艾伯伦玩家手册\凯博尔.htm,7,世设：多元宇宙的构成 / 官方 / 艾伯伦 Eberron / [PGtE] 艾伯伦玩家手册 / 2. 一份艾伯伦的指南 / 地域,世设：多元宇宙的构成,官方
拉扎尔联邦,9 世设\艾伯伦\PGtE艾伯伦玩家手册\拉扎尔联邦.htm,7,世设：多元宇宙的构成 / 官方 / 艾伯伦 Eberron / [PGtE] 艾伯伦玩家手册 / 2. 一份艾伯伦的指南 / 地域,世设：多元宇宙的构成,官方
莫格雷夫大学,9 世设\艾伯伦\PGtE艾伯伦玩家手册\莫格雷夫大学.htm,7,世设：多元宇宙的构成 / 官方 / 艾伯伦 Eberron / [PGtE] 艾伯伦玩家手册 / 2. 一份艾伯伦的指南 / 地域,世设：多元宇宙的构成,官方
哀伤故地,9 世设\艾伯伦\PGtE艾伯伦玩家手册\哀伤故地.htm,7,世设：多元宇宙的构成 / 官方 / 艾伯伦 Eberron / [PGtE] 艾伯伦玩家手册 / 2. 一份艾伯伦的指南 / 地域,世设：多元宇宙的构成,官方
位面,9 世设\艾伯伦\PGtE艾伯伦玩家手册\位面.htm,7,世设：多元宇宙的构成 / 官方 / 艾伯伦 Eberron / [PGtE] 艾伯伦玩家手册 / 2. 一份艾伯伦的指南 / 地域,世设：多元宇宙的构成,官方
夸巴拉,9 世设\艾伯伦\PGtE艾伯伦玩家手册\夸巴拉.htm,7,世设：多元宇宙的构成 / 官方 / 艾伯伦 Eberron / [PGtE] 艾伯伦玩家手册 / 2. 一份艾伯伦的指南 / 地域,世设：多元宇宙的构成,官方
瑞依卓尔,9 世设\艾伯伦\PGtE艾伯伦玩家手册\瑞依卓尔.htm,7,世设：多元宇宙的构成 / 官方 / 艾伯伦 Eberron / [PGtE] 艾伯伦玩家手册 / 2. 一份艾伯伦的指南 / 地域,世设：多元宇宙的构成,官方
艾伯伦的海洋,9 世设\艾伯伦\PGtE艾伯伦玩家手册\艾伯伦的海洋.htm,7,世设：多元宇宙的构成 / 官方 / 艾伯伦 Eberron / [PGtE] 艾伯伦玩家手册 / 2. 一份艾伯伦的指南 / 地域,世设：多元宇宙的构成,官方
维伦娜,9 世设\艾伯伦\PGtE艾伯伦玩家手册\维纶娜.htm,7,世设：多元宇宙的构成 / 官方 / 艾伯伦 Eberron / [PGtE] 艾伯伦玩家手册 / 2. 一份艾伯伦的指南 / 地域,世设：多元宇宙的构成,官方
希恩德瑞克,9 世设\艾伯伦\PGtE艾伯伦玩家手册\希恩德瑞克.htm,7,世设：多元宇宙的构成 / 官方 / 艾伯伦 Eberron / [PGtE] 艾伯伦玩家手册 / 2. 一份艾伯伦的指南 / 地域,世设：多元宇宙的构成,官方
宗教,,6,世设：多元宇宙的构成 / 官方 / 艾伯伦 Eberron / [PGtE] 艾伯伦玩家手册 / 2. 一份艾伯伦的指南,世设：多元宇宙的构成,官方
创世神话CREATION MYTHS,9 世设\艾伯伦\PGtE艾伯伦玩家手册\创世神话CREATTON MYTHS.htm,7,世设：多元宇宙的构成 / 官方 / 艾伯伦 Eberron / [PGtE] 艾伯伦玩家手册 / 2. 一份艾伯伦的指南 / 宗教,世设：多元宇宙的构成,官方
黑暗六神THE DARK SIX,9 世设\艾伯伦\PGtE艾伯伦玩家手册\黑暗六神THE DARK SIX.htm,7,世设：多元宇宙的构成 / 官方 / 艾伯伦 Eberron / [PGtE] 艾伯伦玩家手册 / 2. 一份艾伯伦的指南 / 宗教,世设：多元宇宙的构成,官方
沃尔之嗣Heirs of Vol,9 世设\艾伯伦\PGtE艾伯伦玩家手册\沃尔之嗣.htm,7,世设：多元宇宙的构成 / 官方 / 艾伯伦 Eberron / [PGtE] 艾伯伦玩家手册 / 2. 一份艾伯伦的指南 / 宗教,世设：多元宇宙的构成,官方
银焰教会,9 世设\艾伯伦\PGtE艾伯伦玩家手册\银焰教会.htm,7,世设：多元宇宙的构成 / 官方 / 艾伯伦 Eberron / [PGtE] 艾伯伦玩家手册 / 2. 一份艾伯伦的指南 / 宗教,世设：多元宇宙的构成,官方
五国,9 世设\艾伯伦\PGtE艾伯伦玩家手册\五国.htm,7,世设：多元宇宙的构成 / 官方 / 艾伯伦 Eberron / [PGtE] 艾伯伦玩家手册 / 2. 一份艾伯伦的指南 / 宗教,世设：多元宇宙的构成,官方
修道院的传统,9 世设\艾伯伦\PGtE艾伯伦玩家手册\修道院的传统.htm,7,世设：多元宇宙的构成 / 官方 / 艾伯伦 Eberron / [PGtE] 艾伯伦玩家手册 / 2. 一份艾伯伦的指南 / 宗教,世设：多元宇宙的构成,官方
天命诸神,9 世设\艾伯伦\PGtE艾伯伦玩家手册\天命诸神.htm,7,世设：多元宇宙的构成 / 官方 / 艾伯伦 Eberron / [PGtE] 艾伯伦玩家手册 / 2. 一份艾伯伦的指南 / 宗教,世设：多元宇宙的构成,官方
物种,,6,世设：多元宇宙的构成 / 官方 / 艾伯伦 Eberron / [PGtE] 艾伯伦玩家手册 / 2. 一份艾伯伦的指南,世设：多元宇宙的构成,官方
龙、龙纹与龙晶,,7,世设：多元宇宙的构成 / 官方 / 艾伯伦 Eberron / [PGtE] 艾伯伦玩家手册 / 2. 一份艾伯伦的指南 / 物种,世设：多元宇宙的构成,官方
龙,9 世设\艾伯伦\PGtE艾伯伦玩家手册\龙.htm,8,世设：多元宇宙的构成 / 官方 / 艾伯伦 Eberron / [PGtE] 艾伯伦玩家手册 / 2. 一份艾伯伦的指南 / 物种 / 龙、龙纹与龙晶,世设：多元宇宙的构成,官方
龙纹家族,9 世设\艾伯伦\PGtE艾伯伦玩家手册\龙纹家族.htm,8,世设：多元宇宙的构成 / 官方 / 艾伯伦 Eberron / [PGtE] 艾伯伦玩家手册 / 2. 一份艾伯伦的指南 / 物种 / 龙、龙纹与龙晶,世设：多元宇宙的构成,官方
龙晶,9 世设\艾伯伦\PGtE艾伯伦玩家手册\龙晶.htm,8,世设：多元宇宙的构成 / 官方 / 艾伯伦 Eberron / [PGtE] 艾伯伦玩家手册 / 2. 一份艾伯伦的指南 / 物种 / 龙、龙纹与龙晶,世设：多元宇宙的构成,官方
半变形怪,9 世设\艾伯伦\PGtE艾伯伦玩家手册\半变形怪.htm,7,世设：多元宇宙的构成 / 官方 / 艾伯伦 Eberron / [PGtE] 艾伯伦玩家手册 / 2. 一份艾伯伦的指南 / 物种,世设：多元宇宙的构成,官方
卓姆,9 世设\艾伯伦\PGtE艾伯伦玩家手册\卓姆.htm,7,世设：多元宇宙的构成 / 官方 / 艾伯伦 Eberron / [PGtE] 艾伯伦玩家手册 / 2. 一份艾伯伦的指南 / 物种,世设：多元宇宙的构成,官方
矮人,9 世设\艾伯伦\PGtE艾伯伦玩家手册\矮人.htm,7,世设：多元宇宙的构成 / 官方 / 艾伯伦 Eberron / [PGtE] 艾伯伦玩家手册 / 2. 一份艾伯伦的指南 / 物种,世设：多元宇宙的构成,官方
侏儒,9 世设\艾伯伦\PGtE艾伯伦玩家手册\侏儒.htm,7,世设：多元宇宙的构成 / 官方 / 艾伯伦 Eberron / [PGtE] 艾伯伦玩家手册 / 2. 一份艾伯伦的指南 / 物种,世设：多元宇宙的构成,官方
地精,9 世设\艾伯伦\PGtE艾伯伦玩家手册\地精.htm,7,世设：多元宇宙的构成 / 官方 / 艾伯伦 Eberron / [PGtE] 艾伯伦玩家手册 / 2. 一份艾伯伦的指南 / 物种,世设：多元宇宙的构成,官方
精灵与半精灵,9 世设\艾伯伦\PGtE艾伯伦玩家手册\精灵与半精灵.htm,7,世设：多元宇宙的构成 / 官方 / 艾伯伦 Eberron / [PGtE] 艾伯伦玩家手册 / 2. 一份艾伯伦的指南 / 物种,世设：多元宇宙的构成,官方
半身人,9 世设\艾伯伦\PGtE艾伯伦玩家手册\半身人.htm,7,世设：多元宇宙的构成 / 官方 / 艾伯伦 Eberron / [PGtE] 艾伯伦玩家手册 / 2. 一份艾伯伦的指南 / 物种,世设：多元宇宙的构成,官方
人类,9 世设\艾伯伦\PGtE艾伯伦玩家手册\人类.htm,7,世设：多元宇宙的构成 / 官方 / 艾伯伦 Eberron / [PGtE] 艾伯伦玩家手册 / 2. 一份艾伯伦的指南 / 物种,世设：多元宇宙的构成,官方
半梦灵,9 世设\艾伯伦\PGtE艾伯伦玩家手册\半梦灵.htm,7,世设：多元宇宙的构成 / 官方 / 艾伯伦 Eberron / [PGtE] 艾伯伦玩家手册 / 2. 一份艾伯伦的指南 / 物种,世设：多元宇宙的构成,官方
兽人,9 世设\艾伯伦\PGtE艾伯伦玩家手册\兽人.htm,7,世设：多元宇宙的构成 / 官方 / 艾伯伦 Eberron / [PGtE] 艾伯伦玩家手册 / 2. 一份艾伯伦的指南 / 物种,世设：多元宇宙的构成,官方
半兽化人,9 世设\艾伯伦\PGtE艾伯伦玩家手册\半兽化人.htm,7,世设：多元宇宙的构成 / 官方 / 艾伯伦 Eberron / [PGtE] 艾伯伦玩家手册 / 2. 一份艾伯伦的指南 / 物种,世设：多元宇宙的构成,官方
战俑,9 世设\艾伯伦\PGtE艾伯伦玩家手册\战俑.htm,7,世设：多元宇宙的构成 / 官方 / 艾伯伦 Eberron / [PGtE] 艾伯伦玩家手册 / 2. 一份艾伯伦的指南 / 物种,世设：多元宇宙的构成,官方
魔法,,6,世设：多元宇宙的构成 / 官方 / 艾伯伦 Eberron / [PGtE] 艾伯伦玩家手册 / 2. 一份艾伯伦的指南,世设：多元宇宙的构成,官方
日常的魔法,9 世设\艾伯伦\PGtE艾伯伦玩家手册\日常的魔法.htm,7,世设：多元宇宙的构成 / 官方 / 艾伯伦 Eberron / [PGtE] 艾伯伦玩家手册 / 2. 一份艾伯伦的指南 / 魔法,世设：多元宇宙的构成,官方
魔法的传统,9 世设\艾伯伦\PGtE艾伯伦玩家手册\魔法的传统.htm,7,世设：多元宇宙的构成 / 官方 / 艾伯伦 Eberron / [PGtE] 艾伯伦玩家手册 / 2. 一份艾伯伦的指南 / 魔法,世设：多元宇宙的构成,官方
魔法学院,9 世设\艾伯伦\PGtE艾伯伦玩家手册\魔法学院.htm,7,世设：多元宇宙的构成 / 官方 / 艾伯伦 Eberron / [PGtE] 艾伯伦玩家手册 / 2. 一份艾伯伦的指南 / 魔法,世设：多元宇宙的构成,官方
专长,9 世设\艾伯伦\PGtE艾伯伦玩家手册\专长整理翻译.htm,5,世设：多元宇宙的构成 / 官方 / 艾伯伦 Eberron / [PGtE] 艾伯伦玩家手册,世设：多元宇宙的构成,官方
进阶职业,,5,世设：多元宇宙的构成 / 官方 / 艾伯伦 Eberron / [PGtE] 艾伯伦玩家手册,世设：多元宇宙的构成,官方
英魂之刃,9 世设\艾伯伦\PGtE艾伯伦玩家手册\英魂之刃.htm,6,世设：多元宇宙的构成 / 官方 / 艾伯伦 Eberron / [PGtE] 艾伯伦玩家手册 / 进阶职业,世设：多元宇宙的构成,官方
护门者秘法师,9 世设\艾伯伦\PGtE艾伯伦玩家手册\护门秘法师.htm,6,世设：多元宇宙的构成 / 官方 / 艾伯伦 Eberron / [PGtE] 艾伯伦玩家手册 / 进阶职业,世设：多元宇宙的构成,官方
高等元素束缚师,9 世设\艾伯伦\PGtE艾伯伦玩家手册\高等元素束缚师.htm,6,世设：多元宇宙的构成 / 官方 / 艾伯伦 Eberron / [PGtE] 艾伯伦玩家手册 / 进阶职业,世设：多元宇宙的构成,官方
[SoX] 希恩德瑞克的秘辛,9 世设\艾伯伦\SoX希恩德瑞克的秘辛\封面.htm,4,世设：多元宇宙的构成 / 官方 / 艾伯伦 Eberron,世设：多元宇宙的构成,官方
概述,9 世设\艾伯伦\SoX希恩德瑞克的秘辛\概述.htm,5,世设：多元宇宙的构成 / 官方 / 艾伯伦 Eberron / [SoX] 希恩德瑞克的秘辛,世设：多元宇宙的构成,官方
第一章 欢迎来到希恩德瑞克,9 世设\艾伯伦\SoX希恩德瑞克的秘辛\第一章 欢迎来到希恩德瑞克.htm,5,世设：多元宇宙的构成 / 官方 / 艾伯伦 Eberron / [SoX] 希恩德瑞克的秘辛,世设：多元宇宙的构成,官方
第二章 冒险地点,9 世设\艾伯伦\SoX希恩德瑞克的秘辛\第二章 冒险地点.htm,5,世设：多元宇宙的构成 / 官方 / 艾伯伦 Eberron / [SoX] 希恩德瑞克的秘辛,世设：多元宇宙的构成,官方
第三章 遭遇,,5,世设：多元宇宙的构成 / 官方 / 艾伯伦 Eberron / [SoX] 希恩德瑞克的秘辛,世设：多元宇宙的构成,官方
人文与传说,9 世设\艾伯伦\SoX希恩德瑞克的秘辛\第三章 遭遇 人文与传说.htm,6,世设：多元宇宙的构成 / 官方 / 艾伯伦 Eberron / [SoX] 希恩德瑞克的秘辛 / 第三章 遭遇,世设：多元宇宙的构成,官方
遭遇范例与脑洞,9 世设\艾伯伦\SoX希恩德瑞克的秘辛\第三章 遭遇范例与脑洞.htm,6,世设：多元宇宙的构成 / 官方 / 艾伯伦 Eberron / [SoX] 希恩德瑞克的秘辛 / 第三章 遭遇,世设：多元宇宙的构成,官方
新怪物与陷阱,9 世设\艾伯伦\SoX希恩德瑞克的秘辛\第三章 新怪物与陷阱.htm,6,世设：多元宇宙的构成 / 官方 / 艾伯伦 Eberron / [SoX] 希恩德瑞克的秘辛 / 第三章 遭遇,世设：多元宇宙的构成,官方
第四章 希恩德瑞克中的冒险,9 世设\艾伯伦\SoX希恩德瑞克的秘辛\第四章 希恩德瑞克中的冒险.htm,5,世设：多元宇宙的构成 / 官方 / 艾伯伦 Eberron / [SoX] 希恩德瑞克的秘辛,世设：多元宇宙的构成,官方
第五章 揭秘希恩德瑞克,9 世设\艾伯伦\SoX希恩德瑞克的秘辛\第五章 揭秘希恩德瑞克.htm,5,世设：多元宇宙的构成 / 官方 / 艾伯伦 Eberron / [SoX] 希恩德瑞克的秘辛,世设：多元宇宙的构成,官方
[FoE] 艾伯伦的信仰,9 世设\艾伯伦\FoE艾伯伦的信仰\封面.htm,4,世设：多元宇宙的构成 / 官方 / 艾伯伦 Eberron,世设：多元宇宙的构成,官方
概述,9 世设\艾伯伦\FoE艾伯伦的信仰\概述.htm,5,世设：多元宇宙的构成 / 官方 / 艾伯伦 Eberron / [FoE] 艾伯伦的信仰,世设：多元宇宙的构成,官方
第一章：天命诸神,9 世设\艾伯伦\FoE艾伯伦的信仰\第一章：天命诸神.htm,5,世设：多元宇宙的构成 / 官方 / 艾伯伦 Eberron / [FoE] 艾伯伦的信仰,世设：多元宇宙的构成,官方
第二章：黑暗六神,9 世设\艾伯伦\FoE艾伯伦的信仰\第二章：黑暗六神.htm,5,世设：多元宇宙的构成 / 官方 / 艾伯伦 Eberron / [FoE] 艾伯伦的信仰,世设：多元宇宙的构成,官方
第三章：银焰,9 世设\艾伯伦\FoE艾伯伦的信仰\第三章：银焰.htm,5,世设：多元宇宙的构成 / 官方 / 艾伯伦 Eberron / [FoE] 艾伯伦的信仰,世设：多元宇宙的构成,官方
第四章：沃尔之血,9 世设\艾伯伦\FoE艾伯伦的信仰\第四章：沃尔之血.htm,5,世设：多元宇宙的构成 / 官方 / 艾伯伦 Eberron / [FoE] 艾伯伦的信仰,世设：多元宇宙的构成,官方
第五章：德鲁伊教派,9 世设\艾伯伦\FoE艾伯伦的信仰\第五章：德鲁伊教派.htm,5,世设：多元宇宙的构成 / 官方 / 艾伯伦 Eberron / [FoE] 艾伯伦的信仰,世设：多元宇宙的构成,官方
第六章：其他教派,9 世设\艾伯伦\FoE艾伯伦的信仰\第六章：其他教派.htm,5,世设：多元宇宙的构成 / 官方 / 艾伯伦 Eberron / [FoE] 艾伯伦的信仰,世设：多元宇宙的构成,官方
战俑的奥秘,9 世设\艾伯伦\FoE艾伯伦的信仰\战俑的奥秘.htm,6,世设：多元宇宙的构成 / 官方 / 艾伯伦 Eberron / [FoE] 艾伯伦的信仰 / 第六章：其他教派,世设：多元宇宙的构成,官方
梦族信仰,9 世设\艾伯伦\FoE艾伯伦的信仰\梦族信仰.htm,6,世设：多元宇宙的构成 / 官方 / 艾伯伦 Eberron / [FoE] 艾伯伦的信仰 / 第六章：其他教派,世设：多元宇宙的构成,官方
黄泉巨龙会,9 世设\艾伯伦\FoE艾伯伦的信仰\黄泉巨龙会.htm,6,世设：多元宇宙的构成 / 官方 / 艾伯伦 Eberron / [FoE] 艾伯伦的信仰 / 第六章：其他教派,世设：多元宇宙的构成,官方
赛丽岛的龙信仰,9 世设\艾伯伦\FoE艾伯伦的信仰\塞里岛的龙信仰.htm,6,世设：多元宇宙的构成 / 官方 / 艾伯伦 Eberron / [FoE] 艾伯伦的信仰 / 第六章：其他教派,世设：多元宇宙的构成,官方
不朽评议会,9 世设\艾伯伦\FoE艾伯伦的信仰\不朽评议会.htm,6,世设：多元宇宙的构成 / 官方 / 艾伯伦 Eberron / [FoE] 艾伯伦的信仰 / 第六章：其他教派,世设：多元宇宙的构成,官方
第七章：信仰的体现,,5,世设：多元宇宙的构成 / 官方 / 艾伯伦 Eberron / [FoE] 艾伯伦的信仰,世设：多元宇宙的构成,官方
新专长,9 世设\艾伯伦\FoE艾伯伦的信仰\新专长.htm,6,世设：多元宇宙的构成 / 官方 / 艾伯伦 Eberron / [FoE] 艾伯伦的信仰 / 第七章：信仰的体现,世设：多元宇宙的构成,官方
法术,9 世设\艾伯伦\FoE艾伯伦的信仰\法术.htm,6,世设：多元宇宙的构成 / 官方 / 艾伯伦 Eberron / [FoE] 艾伯伦的信仰 / 第七章：信仰的体现,世设：多元宇宙的构成,官方
异能,9 世设\艾伯伦\FoE艾伯伦的信仰\异能.htm,6,世设：多元宇宙的构成 / 官方 / 艾伯伦 Eberron / [FoE] 艾伯伦的信仰 / 第七章：信仰的体现,世设：多元宇宙的构成,官方
宗教装备,9 世设\艾伯伦\FoE艾伯伦的信仰\宗教物品.htm,6,世设：多元宇宙的构成 / 官方 / 艾伯伦 Eberron / [FoE] 艾伯伦的信仰 / 第七章：信仰的体现,世设：多元宇宙的构成,官方
魔法物品,9 世设\艾伯伦\FoE艾伯伦的信仰\魔法物品.htm,6,世设：多元宇宙的构成 / 官方 / 艾伯伦 Eberron / [FoE] 艾伯伦的信仰 / 第七章：信仰的体现,世设：多元宇宙的构成,官方
构装移植体,9 世设\艾伯伦\FoE艾伯伦的信仰\构装移植体.htm,6,世设：多元宇宙的构成 / 官方 / 艾伯伦 Eberron / [FoE] 艾伯伦的信仰 / 第七章：信仰的体现,世设：多元宇宙的构成,官方
[Dragonmarked] 龙纹之书,9 世设\艾伯伦\Dragonmarked龙纹之书\封面.htm,4,世设：多元宇宙的构成 / 官方 / 艾伯伦 Eberron,世设：多元宇宙的构成,官方
概述,9 世设\艾伯伦\Dragonmarked龙纹之书\概述.htm,5,世设：多元宇宙的构成 / 官方 / 艾伯伦 Eberron / [Dragonmarked] 龙纹之书,世设：多元宇宙的构成,官方
第一章 龙纹家族,9 世设\艾伯伦\Dragonmarked龙纹之书\第一章 龙纹家族.htm,5,世设：多元宇宙的构成 / 官方 / 艾伯伦 Eberron / [Dragonmarked] 龙纹之书,世设：多元宇宙的构成,官方
卡尼斯家族,9 世设\艾伯伦\Dragonmarked龙纹之书\卡尼斯家族.htm,6,世设：多元宇宙的构成 / 官方 / 艾伯伦 Eberron / [Dragonmarked] 龙纹之书 / 第一章 龙纹家族,世设：多元宇宙的构成,官方
邓奈斯家族,9 世设\艾伯伦\Dragonmarked龙纹之书\邓奈斯家族.htm,6,世设：多元宇宙的构成 / 官方 / 艾伯伦 Eberron / [Dragonmarked] 龙纹之书 / 第一章 龙纹家族,世设：多元宇宙的构成,官方
伽兰达家族,9 世设\艾伯伦\Dragonmarked龙纹之书\伽兰达家族.htm,6,世设：多元宇宙的构成 / 官方 / 艾伯伦 Eberron / [Dragonmarked] 龙纹之书 / 第一章 龙纹家族,世设：多元宇宙的构成,官方
乔拉斯克家族,9 世设\艾伯伦\Dragonmarked龙纹之书\乔拉斯克家族.htm,6,世设：多元宇宙的构成 / 官方 / 艾伯伦 Eberron / [Dragonmarked] 龙纹之书 / 第一章 龙纹家族,世设：多元宇宙的构成,官方
昆达拉克家族,9 世设\艾伯伦\Dragonmarked龙纹之书\昆达拉克家族.htm,6,世设：多元宇宙的构成 / 官方 / 艾伯伦 Eberron / [Dragonmarked] 龙纹之书 / 第一章 龙纹家族,世设：多元宇宙的构成,官方
林兰德家族,9 世设\艾伯伦\Dragonmarked龙纹之书\林兰德家族.htm,6,世设：多元宇宙的构成 / 官方 / 艾伯伦 Eberron / [Dragonmarked] 龙纹之书 / 第一章 龙纹家族,世设：多元宇宙的构成,官方
梅丹尼家族,9 世设\艾伯伦\Dragonmarked龙纹之书\梅丹尼家族.htm,6,世设：多元宇宙的构成 / 官方 / 艾伯伦 Eberron / [Dragonmarked] 龙纹之书 / 第一章 龙纹家族,世设：多元宇宙的构成,官方
欧瑞恩家族,9 世设\艾伯伦\Dragonmarked龙纹之书\欧瑞恩家族.htm,6,世设：多元宇宙的构成 / 官方 / 艾伯伦 Eberron / [Dragonmarked] 龙纹之书 / 第一章 龙纹家族,世设：多元宇宙的构成,官方
费奥兰家族,9 世设\艾伯伦\Dragonmarked龙纹之书\费奥兰家族.htm,6,世设：多元宇宙的构成 / 官方 / 艾伯伦 Eberron / [Dragonmarked] 龙纹之书 / 第一章 龙纹家族,世设：多元宇宙的构成,官方
西维斯家族,9 世设\艾伯伦\Dragonmarked龙纹之书\西维斯家族.htm,6,世设：多元宇宙的构成 / 官方 / 艾伯伦 Eberron / [Dragonmarked] 龙纹之书 / 第一章 龙纹家族,世设：多元宇宙的构成,官方
萨拉释克家族,9 世设\艾伯伦\Dragonmarked龙纹之书\萨拉释克家族.htm,6,世设：多元宇宙的构成 / 官方 / 艾伯伦 Eberron / [Dragonmarked] 龙纹之书 / 第一章 龙纹家族,世设：多元宇宙的构成,官方
索兰尼家族,9 世设\艾伯伦\Dragonmarked龙纹之书\索兰尼家族.htm,6,世设：多元宇宙的构成 / 官方 / 艾伯伦 Eberron / [Dragonmarked] 龙纹之书 / 第一章 龙纹家族,世设：多元宇宙的构成,官方
瓦塔利斯家族,9 世设\艾伯伦\Dragonmarked龙纹之书\瓦塔利斯家族.htm,6,世设：多元宇宙的构成 / 官方 / 艾伯伦 Eberron / [Dragonmarked] 龙纹之书 / 第一章 龙纹家族,世设：多元宇宙的构成,官方
第二章 进阶职业,9 世设\艾伯伦\Dragonmarked龙纹之书\第二章 进阶职业.htm,5,世设：多元宇宙的构成 / 官方 / 艾伯伦 Eberron / [Dragonmarked] 龙纹之书,世设：多元宇宙的构成,官方
黑狗,9 世设\艾伯伦\Dragonmarked龙纹之书\黑狗.htm,6,世设：多元宇宙的构成 / 官方 / 艾伯伦 Eberron / [Dragonmarked] 龙纹之书 / 第二章 进阶职业,世设：多元宇宙的构成,官方
欧瑞恩之刃,9 世设\艾伯伦\Dragonmarked龙纹之书\欧瑞恩之刃.htm,6,世设：多元宇宙的构成 / 官方 / 艾伯伦 Eberron / [Dragonmarked] 龙纹之书 / 第二章 进阶职业,世设：多元宇宙的构成,官方
赛尔斥候,9 世设\艾伯伦\Dragonmarked龙纹之书\赛尔斥候.htm,6,世设：多元宇宙的构成 / 官方 / 艾伯伦 Eberron / [Dragonmarked] 龙纹之书 / 第二章 进阶职业,世设：多元宇宙的构成,官方
邓奈斯忠卫,9 世设\艾伯伦\Dragonmarked龙纹之书\邓奈斯忠卫.htm,6,世设：多元宇宙的构成 / 官方 / 艾伯伦 Eberron / [Dragonmarked] 龙纹之书 / 第二章 进阶职业,世设：多元宇宙的构成,官方
杜拉卡-阿什,9 世设\艾伯伦\Dragonmarked龙纹之书\杜拉卡-阿什.htm,6,世设：多元宇宙的构成 / 官方 / 艾伯伦 Eberron / [Dragonmarked] 龙纹之书 / 第二章 进阶职业,世设：多元宇宙的构成,官方
梅丹妮预言者,9 世设\艾伯伦\Dragonmarked龙纹之书\梅丹尼预言者.htm,6,世设：多元宇宙的构成 / 官方 / 艾伯伦 Eberron / [Dragonmarked] 龙纹之书 / 第二章 进阶职业,世设：多元宇宙的构成,官方
疫病医者,9 世设\艾伯伦\Dragonmarked龙纹之书\疫病医者.htm,6,世设：多元宇宙的构成 / 官方 / 艾伯伦 Eberron / [Dragonmarked] 龙纹之书 / 第二章 进阶职业,世设：多元宇宙的构成,官方
阴影猎手,9 世设\艾伯伦\Dragonmarked龙纹之书\阴影猎手.htm,6,世设：多元宇宙的构成 / 官方 / 艾伯伦 Eberron / [Dragonmarked] 龙纹之书 / 第二章 进阶职业,世设：多元宇宙的构成,官方
暴风前哨,9 世设\艾伯伦\Dragonmarked龙纹之书\暴风前哨.htm,6,世设：多元宇宙的构成 / 官方 / 艾伯伦 Eberron / [Dragonmarked] 龙纹之书 / 第二章 进阶职业,世设：多元宇宙的构成,官方
银键,9 世设\艾伯伦\Dragonmarked龙纹之书\银键.htm,7,世设：多元宇宙的构成 / 官方 / 艾伯伦 Eberron / [Dragonmarked] 龙纹之书 / 第二章 进阶职业 / 暴风前哨,世设：多元宇宙的构成,官方
无拘卷轴,9 世设\艾伯伦\Dragonmarked龙纹之书\无拘卷轴.htm,6,世设：多元宇宙的构成 / 官方 / 艾伯伦 Eberron / [Dragonmarked] 龙纹之书 / 第二章 进阶职业,世设：多元宇宙的构成,官方
瓦塔利斯驯兽者,9 世设\艾伯伦\Dragonmarked龙纹之书\瓦塔利斯驯兽者.htm,6,世设：多元宇宙的构成 / 官方 / 艾伯伦 Eberron / [Dragonmarked] 龙纹之书 / 第二章 进阶职业,世设：多元宇宙的构成,官方
第三章 新专长,9 世设\艾伯伦\Dragonmarked龙纹之书\第三章 新专长.htm,5,世设：多元宇宙的构成 / 官方 / 艾伯伦 Eberron / [Dragonmarked] 龙纹之书,世设：多元宇宙的构成,官方
第四章 魔法与龙纹,,5,世设：多元宇宙的构成 / 官方 / 艾伯伦 Eberron / [Dragonmarked] 龙纹之书,世设：多元宇宙的构成,官方
法术,9 世设\艾伯伦\Dragonmarked龙纹之书\法术.htm,6,世设：多元宇宙的构成 / 官方 / 艾伯伦 Eberron / [Dragonmarked] 龙纹之书 / 第四章 魔法与龙纹,世设：多元宇宙的构成,官方
龙纹物品,9 世设\艾伯伦\Dragonmarked龙纹之书\龙纹物品.htm,6,世设：多元宇宙的构成 / 官方 / 艾伯伦 Eberron / [Dragonmarked] 龙纹之书 / 第四章 魔法与龙纹,世设：多元宇宙的构成,官方
变异龙纹,9 世设\艾伯伦\Dragonmarked龙纹之书\变异龙纹.htm,6,世设：多元宇宙的构成 / 官方 / 艾伯伦 Eberron / [Dragonmarked] 龙纹之书 / 第四章 魔法与龙纹,世设：多元宇宙的构成,官方
[SoS] 索隆娜的秘辛,9 世设\艾伯伦\SoS索隆娜的秘辛\封面.htm,4,世设：多元宇宙的构成 / 官方 / 艾伯伦 Eberron,世设：多元宇宙的构成,官方
引言,9 世设\艾伯伦\SoS索隆娜的秘辛\引言.htm,5,世设：多元宇宙的构成 / 官方 / 艾伯伦 Eberron / [SoS] 索隆娜的秘辛,世设：多元宇宙的构成,官方
第一章 欢迎来到索隆娜,,5,世设：多元宇宙的构成 / 官方 / 艾伯伦 Eberron / [SoS] 索隆娜的秘辛,世设：多元宇宙的构成,官方
概述,9 世设\艾伯伦\SoS索隆娜的秘辛\概述.htm,6,世设：多元宇宙的构成 / 官方 / 艾伯伦 Eberron / [SoS] 索隆娜的秘辛 / 第一章 欢迎来到索隆娜,世设：多元宇宙的构成,官方
艾达尔,9 世设\艾伯伦\SoS索隆娜的秘辛\艾达尔.htm,6,世设：多元宇宙的构成 / 官方 / 艾伯伦 Eberron / [SoS] 索隆娜的秘辛 / 第一章 欢迎来到索隆娜,世设：多元宇宙的构成,官方
瑞依卓尔,9 世设\艾伯伦\SoS索隆娜的秘辛\瑞依卓尔.htm,6,世设：多元宇宙的构成 / 官方 / 艾伯伦 Eberron / [SoS] 索隆娜的秘辛 / 第一章 欢迎来到索隆娜,世设：多元宇宙的构成,官方
锡尔卡,9 世设\艾伯伦\SoS索隆娜的秘辛\锡尔卡.htm,6,世设：多元宇宙的构成 / 官方 / 艾伯伦 Eberron / [SoS] 索隆娜的秘辛 / 第一章 欢迎来到索隆娜,世设：多元宇宙的构成,官方
第二章 索隆娜的角色,,5,世设：多元宇宙的构成 / 官方 / 艾伯伦 Eberron / [SoS] 索隆娜的秘辛,世设：多元宇宙的构成,官方
种族,9 世设\艾伯伦\SoS索隆娜的秘辛\种族.htm,6,世设：多元宇宙的构成 / 官方 / 艾伯伦 Eberron / [SoS] 索隆娜的秘辛 / 第二章 索隆娜的角色,世设：多元宇宙的构成,官方
变体职业：灵能刺客,9 世设\艾伯伦\SoS索隆娜的秘辛\变体职业：灵能刺客.htm,6,世设：多元宇宙的构成 / 官方 / 艾伯伦 Eberron / [SoS] 索隆娜的秘辛 / 第二章 索隆娜的角色,世设：多元宇宙的构成,官方
新专长,9 世设\艾伯伦\SoS索隆娜的秘辛\新专长.htm,6,世设：多元宇宙的构成 / 官方 / 艾伯伦 Eberron / [SoS] 索隆娜的秘辛 / 第二章 索隆娜的角色,世设：多元宇宙的构成,官方
达·库尔之拳,9 世设\艾伯伦\SoS索隆娜的秘辛\达·库尔之拳.htm,6,世设：多元宇宙的构成 / 官方 / 艾伯伦 Eberron / [SoS] 索隆娜的秘辛 / 第二章 索隆娜的角色,世设：多元宇宙的构成,官方
哈兹塔拉泰,9 世设\艾伯伦\SoS索隆娜的秘辛\哈兹塔拉泰.htm,6,世设：多元宇宙的构成 / 官方 / 艾伯伦 Eberron / [SoS] 索隆娜的秘辛 / 第二章 索隆娜的角色,世设：多元宇宙的构成,官方
新法术,9 世设\艾伯伦\SoS索隆娜的秘辛\新法术.htm,6,世设：多元宇宙的构成 / 官方 / 艾伯伦 Eberron / [SoS] 索隆娜的秘辛 / 第二章 索隆娜的角色,世设：多元宇宙的构成,官方
新异能,9 世设\艾伯伦\SoS索隆娜的秘辛\新异能.htm,6,世设：多元宇宙的构成 / 官方 / 艾伯伦 Eberron / [SoS] 索隆娜的秘辛 / 第二章 索隆娜的角色,世设：多元宇宙的构成,官方
第三章 索隆娜的珍宝,9 世设\艾伯伦\SoS索隆娜的秘辛\第三章 索隆娜的珍宝.htm,5,世设：多元宇宙的构成 / 官方 / 艾伯伦 Eberron / [SoS] 索隆娜的秘辛,世设：多元宇宙的构成,官方
第四章 索隆娜的怪物,9 世设\艾伯伦\SoS索隆娜的秘辛\第四章 索隆娜的怪物.htm,5,世设：多元宇宙的构成 / 官方 / 艾伯伦 Eberron / [SoS] 索隆娜的秘辛,世设：多元宇宙的构成,官方
精华掠夺者,9 世设\艾伯伦\SoS索隆娜的秘辛\精华掠夺者.htm,6,世设：多元宇宙的构成 / 官方 / 艾伯伦 Eberron / [SoS] 索隆娜的秘辛 / 第四章 索隆娜的怪物,世设：多元宇宙的构成,官方
梦缚生物,9 世设\艾伯伦\SoS索隆娜的秘辛\梦缚生物.htm,6,世设：多元宇宙的构成 / 官方 / 艾伯伦 Eberron / [SoS] 索隆娜的秘辛 / 第四章 索隆娜的怪物,世设：多元宇宙的构成,官方
梦育生物,9 世设\艾伯伦\SoS索隆娜的秘辛\梦育生物.htm,6,世设：多元宇宙的构成 / 官方 / 艾伯伦 Eberron / [SoS] 索隆娜的秘辛 / 第四章 索隆娜的怪物,世设：多元宇宙的构成,官方
梦族,9 世设\艾伯伦\SoS索隆娜的秘辛\梦族.htm,6,世设：多元宇宙的构成 / 官方 / 艾伯伦 Eberron / [SoS] 索隆娜的秘辛 / 第四章 索隆娜的怪物,世设：多元宇宙的构成,官方
三眼灵,9 世设\艾伯伦\SoS索隆娜的秘辛\三眼灵.htm,7,世设：多元宇宙的构成 / 官方 / 艾伯伦 Eberron / [SoS] 索隆娜的秘辛 / 第四章 索隆娜的怪物 / 梦族,世设：多元宇宙的构成,官方
百变灵,9 世设\艾伯伦\SoS索隆娜的秘辛\百变灵.htm,7,世设：多元宇宙的构成 / 官方 / 艾伯伦 Eberron / [SoS] 索隆娜的秘辛 / 第四章 索隆娜的怪物 / 梦族,世设：多元宇宙的构成,官方
梦魇灵,9 世设\艾伯伦\SoS索隆娜的秘辛\梦魇灵.htm,7,世设：多元宇宙的构成 / 官方 / 艾伯伦 Eberron / [SoS] 索隆娜的秘辛 / 第四章 索隆娜的怪物 / 梦族,世设：多元宇宙的构成,官方
念刃灵,9 世设\艾伯伦\SoS索隆娜的秘辛\念刃灵.htm,7,世设：多元宇宙的构成 / 官方 / 艾伯伦 Eberron / [SoS] 索隆娜的秘辛 / 第四章 索隆娜的怪物 / 梦族,世设：多元宇宙的构成,官方
控梦灵,9 世设\艾伯伦\SoS索隆娜的秘辛\控梦灵.htm,7,世设：多元宇宙的构成 / 官方 / 艾伯伦 Eberron / [SoS] 索隆娜的秘辛 / 第四章 索隆娜的怪物 / 梦族,世设：多元宇宙的构成,官方
[FoW] 战争熔炉,9 世设\艾伯伦\FoW战争熔炉\封面.htm,4,世设：多元宇宙的构成 / 官方 / 艾伯伦 Eberron,世设：多元宇宙的构成,官方
概述,9 世设\艾伯伦\FoW战争熔炉\概述.htm,5,世设：多元宇宙的构成 / 官方 / 艾伯伦 Eberron / [FoW] 战争熔炉,世设：多元宇宙的构成,官方
终末战争风云录,9 世设\艾伯伦\FoW战争熔炉\终末战争风云录.htm,5,世设：多元宇宙的构成 / 官方 / 艾伯伦 Eberron / [FoW] 战争熔炉,世设：多元宇宙的构成,官方
终末战争的起源,9 世设\艾伯伦\FoW战争熔炉\终末战争的起源.htm,6,世设：多元宇宙的构成 / 官方 / 艾伯伦 Eberron / [FoW] 战争熔炉 / 终末战争风云录,世设：多元宇宙的构成,官方
894年 战争伊始,9 世设\艾伯伦\FoW战争熔炉\849年 战争伊始.htm,6,世设：多元宇宙的构成 / 官方 / 艾伯伦 Eberron / [FoW] 战争熔炉 / 终末战争风云录,世设：多元宇宙的构成,官方
896-905年 坎纳斯的困境,9 世设\艾伯伦\FoW战争熔炉\896-905 坎纳斯的困境.htm,6,世设：多元宇宙的构成 / 官方 / 艾伯伦 Eberron / [FoW] 战争熔炉 / 终末战争风云录,世设：多元宇宙的构成,官方
906-913年 赛尔之围,9 世设\艾伯伦\FoW战争熔炉\906-913 赛尔之围.htm,6,世设：多元宇宙的构成 / 官方 / 艾伯伦 Eberron / [FoW] 战争熔炉 / 终末战争风云录,世设：多元宇宙的构成,官方
914-930年 银焰动荡,9 世设\艾伯伦\FoW战争熔炉\914-930 银焰动荡.htm,6,世设：多元宇宙的构成 / 官方 / 艾伯伦 Eberron / [FoW] 战争熔炉 / 终末战争风云录,世设：多元宇宙的构成,官方
928-936年 赛尔的平衡策略,9 世设\艾伯伦\FoW战争熔炉\928-936 赛尔的平衡策略.htm,6,世设：多元宇宙的构成 / 官方 / 艾伯伦 Eberron / [FoW] 战争熔炉 / 终末战争风云录,世设：多元宇宙的构成,官方
939-946年 报复与修正,9 世设\艾伯伦\FoW战争熔炉\939-946 报复与修正.htm,6,世设：多元宇宙的构成 / 官方 / 艾伯伦 Eberron / [FoW] 战争熔炉 / 终末战争风云录,世设：多元宇宙的构成,官方
947-963年 老战场与新战士,9 世设\艾伯伦\FoW战争熔炉\947-936 老战场与新战士.htm,6,世设：多元宇宙的构成 / 官方 / 艾伯伦 Eberron / [FoW] 战争熔炉 / 终末战争风云录,世设：多元宇宙的构成,官方
965-979年 战俑崛起,9 世设\艾伯伦\FoW战争熔炉\965-979 战俑崛起.htm,6,世设：多元宇宙的构成 / 官方 / 艾伯伦 Eberron / [FoW] 战争熔炉 / 终末战争风云录,世设：多元宇宙的构成,官方
980-992年 布鲁兰的分裂,9 世设\艾伯伦\FoW战争熔炉\980-922 布鲁兰的分裂.htm,6,世设：多元宇宙的构成 / 官方 / 艾伯伦 Eberron / [FoW] 战争熔炉 / 终末战争风云录,世设：多元宇宙的构成,官方
994-996年 赛尔灭亡,9 世设\艾伯伦\FoW战争熔炉\994-996 赛尔灭亡.htm,6,世设：多元宇宙的构成 / 官方 / 艾伯伦 Eberron / [FoW] 战争熔炉 / 终末战争风云录,世设：多元宇宙的构成,官方
后论,9 世设\艾伯伦\FoW战争熔炉\后论.htm,6,世设：多元宇宙的构成 / 官方 / 艾伯伦 Eberron / [FoW] 战争熔炉 / 终末战争风云录,世设：多元宇宙的构成,官方
终末战争大百科,9 世设\艾伯伦\FoW战争熔炉\终末战争大百科.htm,5,世设：多元宇宙的构成 / 官方 / 艾伯伦 Eberron / [FoW] 战争熔炉,世设：多元宇宙的构成,官方
亚贡斯,9 世设\艾伯伦\FoW战争熔炉\亚贡斯.htm,6,世设：多元宇宙的构成 / 官方 / 艾伯伦 Eberron / [FoW] 战争熔炉 / 终末战争大百科,世设：多元宇宙的构成,官方
安黛尔的军队,9 世设\艾伯伦\FoW战争熔炉\安黛尔的军队.htm,6,世设：多元宇宙的构成 / 官方 / 艾伯伦 Eberron / [FoW] 战争熔炉 / 终末战争大百科,世设：多元宇宙的构成,官方
布鲁兰的军队,9 世设\艾伯伦\FoW战争熔炉\布鲁兰的军队.htm,6,世设：多元宇宙的构成 / 官方 / 艾伯伦 Eberron / [FoW] 战争熔炉 / 终末战争大百科,世设：多元宇宙的构成,官方
赛尔的军队,9 世设\艾伯伦\FoW战争熔炉\赛尔的军队.htm,6,世设：多元宇宙的构成 / 官方 / 艾伯伦 Eberron / [FoW] 战争熔炉 / 终末战争大百科,世设：多元宇宙的构成,官方
坎纳斯的军队,9 世设\艾伯伦\FoW战争熔炉\坎纳斯的军队.htm,6,世设：多元宇宙的构成 / 官方 / 艾伯伦 Eberron / [FoW] 战争熔炉 / 终末战争大百科,世设：多元宇宙的构成,官方
瑟雷恩的军队,9 世设\艾伯伦\FoW战争熔炉\瑟雷恩的军队.htm,6,世设：多元宇宙的构成 / 官方 / 艾伯伦 Eberron / [FoW] 战争熔炉 / 终末战争大百科,世设：多元宇宙的构成,官方
黑色公路,9 世设\艾伯伦\FoW战争熔炉\黑色公路.htm,6,世设：多元宇宙的构成 / 官方 / 艾伯伦 Eberron / [FoW] 战争熔炉 / 终末战争大百科,世设：多元宇宙的构成,官方
布鲁兰,9 世设\艾伯伦\FoW战争熔炉\布鲁兰.htm,6,世设：多元宇宙的构成 / 官方 / 艾伯伦 Eberron / [FoW] 战争熔炉 / 终末战争大百科,世设：多元宇宙的构成,官方
龙纹家族,9 世设\艾伯伦\FoW战争熔炉\龙纹家族.htm,6,世设：多元宇宙的构成 / 官方 / 艾伯伦 Eberron / [FoW] 战争熔炉 / 终末战争大百科,世设：多元宇宙的构成,官方
埃鲁登原野,9 世设\艾伯伦\FoW战争熔炉\埃鲁登原野.htm,6,世设：多元宇宙的构成 / 官方 / 艾伯伦 Eberron / [FoW] 战争熔炉 / 终末战争大百科,世设：多元宇宙的构成,官方
卡尼斯家族,9 世设\艾伯伦\FoW战争熔炉\卡尼斯家族.htm,6,世设：多元宇宙的构成 / 官方 / 艾伯伦 Eberron / [FoW] 战争熔炉 / 终末战争大百科,世设：多元宇宙的构成,官方
邓奈斯家族,9 世设\艾伯伦\FoW战争熔炉\邓奈斯家族.htm,6,世设：多元宇宙的构成 / 官方 / 艾伯伦 Eberron / [FoW] 战争熔炉 / 终末战争大百科,世设：多元宇宙的构成,官方
乔拉斯科家族,9 世设\艾伯伦\FoW战争熔炉\乔拉斯克家族.htm,6,世设：多元宇宙的构成 / 官方 / 艾伯伦 Eberron / [FoW] 战争熔炉 / 终末战争大百科,世设：多元宇宙的构成,官方
林兰德家族,9 世设\艾伯伦\FoW战争熔炉\林兰德家族.htm,6,世设：多元宇宙的构成 / 官方 / 艾伯伦 Eberron / [FoW] 战争熔炉 / 终末战争大百科,世设：多元宇宙的构成,官方
费奥兰和索兰尼家族,9 世设\艾伯伦\FoW战争熔炉\费奥兰和索兰尼家族.htm,6,世设：多元宇宙的构成 / 官方 / 艾伯伦 Eberron / [FoW] 战争熔炉 / 终末战争大百科,世设：多元宇宙的构成,官方
萨拉释克家族,9 世设\艾伯伦\FoW战争熔炉\萨拉释克家族.htm,6,世设：多元宇宙的构成 / 官方 / 艾伯伦 Eberron / [FoW] 战争熔炉 / 终末战争大百科,世设：多元宇宙的构成,官方
示显军团,9 世设\艾伯伦\FoW战争熔炉\示显军团.htm,6,世设：多元宇宙的构成 / 官方 / 艾伯伦 Eberron / [FoW] 战争熔炉 / 终末战争大百科,世设：多元宇宙的构成,官方
达贡雇佣兵,9 世设\艾伯伦\FoW战争熔炉\达贡雇佣兵.htm,6,世设：多元宇宙的构成 / 官方 / 艾伯伦 Eberron / [FoW] 战争熔炉 / 终末战争大百科,世设：多元宇宙的构成,官方
卓姆雇佣兵,9 世设\艾伯伦\FoW战争熔炉\卓姆雇佣兵.htm,6,世设：多元宇宙的构成 / 官方 / 艾伯伦 Eberron / [FoW] 战争熔炉 / 终末战争大百科,世设：多元宇宙的构成,官方
维伦娜雇佣兵,9 世设\艾伯伦\FoW战争熔炉\维纶娜雇佣兵.htm,6,世设：多元宇宙的构成 / 官方 / 艾伯伦 Eberron / [FoW] 战争熔炉 / 终末战争大百科,世设：多元宇宙的构成,官方
哀伤故地,9 世设\艾伯伦\FoW战争熔炉\哀伤故地.htm,6,世设：多元宇宙的构成 / 官方 / 艾伯伦 Eberron / [FoW] 战争熔炉 / 终末战争大百科,世设：多元宇宙的构成,官方
摩洛领,9 世设\艾伯伦\FoW战争熔炉\摩洛领.htm,6,世设：多元宇宙的构成 / 官方 / 艾伯伦 Eberron / [FoW] 战争熔炉 / 终末战争大百科,世设：多元宇宙的构成,官方
影子战争,9 世设\艾伯伦\FoW战争熔炉\影子战争.htm,6,世设：多元宇宙的构成 / 官方 / 艾伯伦 Eberron / [FoW] 战争熔炉 / 终末战争大百科,世设：多元宇宙的构成,官方
萨法拉斯：无尽之战,9 世设\艾伯伦\FoW战争熔炉\萨法拉斯：无尽之战.htm,6,世设：多元宇宙的构成 / 官方 / 艾伯伦 Eberron / [FoW] 战争熔炉 / 终末战争大百科,世设：多元宇宙的构成,官方
塔兰塔平原,9 世设\艾伯伦\FoW战争熔炉\塔兰塔平原.htm,6,世设：多元宇宙的构成 / 官方 / 艾伯伦 Eberron / [FoW] 战争熔炉 / 终末战争大百科,世设：多元宇宙的构成,官方
瑟奥利斯特,9 世设\艾伯伦\FoW战争熔炉\瑟奥利斯特.htm,6,世设：多元宇宙的构成 / 官方 / 艾伯伦 Eberron / [FoW] 战争熔炉 / 终末战争大百科,世设：多元宇宙的构成,官方
王座港,9 世设\艾伯伦\FoW战争熔炉\王座港.htm,6,世设：多元宇宙的构成 / 官方 / 艾伯伦 Eberron / [FoW] 战争熔炉 / 终末战争大百科,世设：多元宇宙的构成,官方
王座堡特别法庭,9 世设\艾伯伦\FoW战争熔炉\王座堡特别法庭.htm,6,世设：多元宇宙的构成 / 官方 / 艾伯伦 Eberron / [FoW] 战争熔炉 / 终末战争大百科,世设：多元宇宙的构成,官方
瓦兰之地,9 世设\艾伯伦\FoW战争熔炉\瓦蓝之地.htm,6,世设：多元宇宙的构成 / 官方 / 艾伯伦 Eberron / [FoW] 战争熔炉 / 终末战争大百科,世设：多元宇宙的构成,官方
战俑,9 世设\艾伯伦\FoW战争熔炉\战俑.htm,6,世设：多元宇宙的构成 / 官方 / 艾伯伦 Eberron / [FoW] 战争熔炉 / 终末战争大百科,世设：多元宇宙的构成,官方
终末战争菁英选,9 世设\艾伯伦\FoW战争熔炉\序言.htm,5,世设：多元宇宙的构成 / 官方 / 艾伯伦 Eberron / [FoW] 战争熔炉,世设：多元宇宙的构成,官方
背景,9 世设\艾伯伦\FoW战争熔炉\背景.htm,6,世设：多元宇宙的构成 / 官方 / 艾伯伦 Eberron / [FoW] 战争熔炉 / 终末战争菁英选,世设：多元宇宙的构成,官方
战争之殇,9 世设\艾伯伦\FoW战争熔炉\战争之殇.htm,6,世设：多元宇宙的构成 / 官方 / 艾伯伦 Eberron / [FoW] 战争熔炉 / 终末战争菁英选,世设：多元宇宙的构成,官方
终末战争的法术,9 世设\艾伯伦\FoW战争熔炉\终末战争的法术.htm,6,世设：多元宇宙的构成 / 官方 / 艾伯伦 Eberron / [FoW] 战争熔炉 / 终末战争菁英选,世设：多元宇宙的构成,官方
魔法物品,9 世设\艾伯伦\FoW战争熔炉\魔法物品.htm,6,世设：多元宇宙的构成 / 官方 / 艾伯伦 Eberron / [FoW] 战争熔炉 / 终末战争菁英选,世设：多元宇宙的构成,官方
魔法物品套装,9 世设\艾伯伦\FoW战争熔炉\魔法物品套装.htm,6,世设：多元宇宙的构成 / 官方 / 艾伯伦 Eberron / [FoW] 战争熔炉 / 终末战争菁英选,世设：多元宇宙的构成,官方
传古物品,9 世设\艾伯伦\FoW战争熔炉\传古物品.htm,6,世设：多元宇宙的构成 / 官方 / 艾伯伦 Eberron / [FoW] 战争熔炉 / 终末战争菁英选,世设：多元宇宙的构成,官方
团队协作收益,9 世设\艾伯伦\FoW战争熔炉\团队协作收益.htm,6,世设：多元宇宙的构成 / 官方 / 艾伯伦 Eberron / [FoW] 战争熔炉 / 终末战争菁英选,世设：多元宇宙的构成,官方
终末战争战役集,9 世设\艾伯伦\FoW战争熔炉\终末战争战役集.htm,5,世设：多元宇宙的构成 / 官方 / 艾伯伦 Eberron / [FoW] 战争熔炉,世设：多元宇宙的构成,官方
历史战役,9 世设\艾伯伦\FoW战争熔炉\历史战役.htm,6,世设：多元宇宙的构成 / 官方 / 艾伯伦 Eberron / [FoW] 战争熔炉 / 终末战争战役集,世设：多元宇宙的构成,官方
闪回战役,9 世设\艾伯伦\FoW战争熔炉\闪回战役.htm,6,世设：多元宇宙的构成 / 官方 / 艾伯伦 Eberron / [FoW] 战争熔炉 / 终末战争战役集,世设：多元宇宙的构成,官方
时间穿越战役,9 世设\艾伯伦\FoW战争熔炉\时间穿越.htm,6,世设：多元宇宙的构成 / 官方 / 艾伯伦 Eberron / [FoW] 战争熔炉 / 终末战争战役集,世设：多元宇宙的构成,官方
新怪物,9 世设\艾伯伦\FoW战争熔炉\新怪物.htm,6,世设：多元宇宙的构成 / 官方 / 艾伯伦 Eberron / [FoW] 战争熔炉 / 终末战争战役集,世设：多元宇宙的构成,官方
奥术弩炮,9 世设\艾伯伦\FoW战争熔炉\奥术弩炮.htm,7,世设：多元宇宙的构成 / 官方 / 艾伯伦 Eberron / [FoW] 战争熔炉 / 终末战争战役集 / 新怪物,世设：多元宇宙的构成,官方
坎纳斯恐惧统帅,9 世设\艾伯伦\FoW战争熔炉\坎纳斯恐惧统帅.htm,7,世设：多元宇宙的构成 / 官方 / 艾伯伦 Eberron / [FoW] 战争熔炉 / 终末战争战役集 / 新怪物,世设：多元宇宙的构成,官方
迷雾数据(附模板),9 世设\艾伯伦\FoW战争熔炉\迷雾数据（含模板）.htm,7,世设：多元宇宙的构成 / 官方 / 艾伯伦 Eberron / [FoW] 战争熔炉 / 终末战争战役集 / 新怪物,世设：多元宇宙的构成,官方
影子间谍,9 世设\艾伯伦\FoW战争熔炉\影子间谍.htm,7,世设：多元宇宙的构成 / 官方 / 艾伯伦 Eberron / [FoW] 战争熔炉 / 终末战争战役集 / 新怪物,世设：多元宇宙的构成,官方
猛禽战俑,9 世设\艾伯伦\FoW战争熔炉\猛禽战俑.htm,7,世设：多元宇宙的构成 / 官方 / 艾伯伦 Eberron / [FoW] 战争熔炉 / 终末战争战役集 / 新怪物,世设：多元宇宙的构成,官方
[DoE] 艾伯伦的巨龙,9 世设\艾伯伦\DoE艾伯伦的龙\封面.htm,4,世设：多元宇宙的构成 / 官方 / 艾伯伦 Eberron,世设：多元宇宙的构成,官方
序言,9 世设\艾伯伦\DoE艾伯伦的龙\序言.htm,5,世设：多元宇宙的构成 / 官方 / 艾伯伦 Eberron / [DoE] 艾伯伦的巨龙,世设：多元宇宙的构成,官方
第一章 阿贡尼森的龙,9 世设\艾伯伦\DoE艾伯伦的龙\第一章 阿贡尼森的龙.htm,5,世设：多元宇宙的构成 / 官方 / 艾伯伦 Eberron / [DoE] 艾伯伦的巨龙,世设：多元宇宙的构成,官方
第二章 科瓦雷的龙,9 世设\艾伯伦\DoE艾伯伦的龙\第二章 科瓦雷的龙.htm,5,世设：多元宇宙的构成 / 官方 / 艾伯伦 Eberron / [DoE] 艾伯伦的巨龙,世设：多元宇宙的构成,官方
第三章 索隆娜的龙,9 世设\艾伯伦\DoE艾伯伦的龙\第三章 索隆娜的龙.htm,5,世设：多元宇宙的构成 / 官方 / 艾伯伦 Eberron / [DoE] 艾伯伦的巨龙,世设：多元宇宙的构成,官方
第四章 希恩德瑞克的龙,9 世设\艾伯伦\DoE艾伯伦的龙\第四章 希恩德瑞克的龙.htm,5,世设：多元宇宙的构成 / 官方 / 艾伯伦 Eberron / [DoE] 艾伯伦的巨龙,世设：多元宇宙的构成,官方
[CoS] 风暴湾之城,9 世设\艾伯伦\Stormreach风暴湾\封面.htm,4,世设：多元宇宙的构成 / 官方 / 艾伯伦 Eberron,世设：多元宇宙的构成,官方
引言,9 世设\艾伯伦\Stormreach风暴湾\引言.htm,5,世设：多元宇宙的构成 / 官方 / 艾伯伦 Eberron / [CoS] 风暴湾之城,世设：多元宇宙的构成,官方
第一章 风暴湾中的生活,9 世设\艾伯伦\Stormreach风暴湾\第一章 风暴湾中的生活.htm,5,世设：多元宇宙的构成 / 官方 / 艾伯伦 Eberron / [CoS] 风暴湾之城,世设：多元宇宙的构成,官方
第二章 权利与政治,9 世设\艾伯伦\Stormreach风暴湾\第二章 权利与政治.htm,5,世设：多元宇宙的构成 / 官方 / 艾伯伦 Eberron / [CoS] 风暴湾之城,世设：多元宇宙的构成,官方
第三章 仅限会员,9 世设\艾伯伦\Stormreach风暴湾\第三章 仅限会员.htm,5,世设：多元宇宙的构成 / 官方 / 艾伯伦 Eberron / [CoS] 风暴湾之城,世设：多元宇宙的构成,官方
第四章 城市之外,9 世设\艾伯伦\Stormreach风暴湾\第四章 城市之外.htm,5,世设：多元宇宙的构成 / 官方 / 艾伯伦 Eberron / [CoS] 风暴湾之城,世设：多元宇宙的构成,官方
第五章 城市冒险,9 世设\艾伯伦\Stormreach风暴湾\第五章 城市冒险.htm,5,世设：多元宇宙的构成 / 官方 / 艾伯伦 Eberron / [CoS] 风暴湾之城,世设：多元宇宙的构成,官方
其他,10 附录\填充页面.htm,2,世设：多元宇宙的构成,世设：多元宇宙的构成,其他
第三方,,2,世设：多元宇宙的构成,世设：多元宇宙的构成,第三方
[暂缺] 龙枪 Dragonlance,10 附录\填充页面.htm,3,世设：多元宇宙的构成 / 第三方,世设：多元宇宙的构成,第三方
[部分内容] 东方冒险 Oriental Adventures,10 附录\填充页面.htm,3,世设：多元宇宙的构成 / 第三方,世设：多元宇宙的构成,第三方
[OA] 东方冒险,10 附录\填充页面.htm,4,世设：多元宇宙的构成 / 第三方 / [部分内容] 东方冒险 Oriental Adventures,世设：多元宇宙的构成,第三方
麓燕战役设定集,9 世设\其他世设\OA-L5R\麓燕战役设定集\封面.html,4,世设：多元宇宙的构成 / 第三方 / [部分内容] 东方冒险 Oriental Adventures,世设：多元宇宙的构成,第三方
编译者序 (by 狮鹫绒绒),9 世设\其他世设\OA-L5R\麓燕战役设定集\编译者序.html,5,世设：多元宇宙的构成 / 第三方 / [部分内容] 东方冒险 Oriental Adventures / 麓燕战役设定集,世设：多元宇宙的构成,第三方
引言和扉页,,5,世设：多元宇宙的构成 / 第三方 / [部分内容] 东方冒险 Oriental Adventures / 麓燕战役设定集,世设：多元宇宙的构成,第三方
引言,9 世设\其他世设\OA-L5R\麓燕战役设定集\引言和扉页\引言.html,6,世设：多元宇宙的构成 / 第三方 / [部分内容] 东方冒险 Oriental Adventures / 麓燕战役设定集 / 引言和扉页,世设：多元宇宙的构成,第三方
欢迎来到麓燕,9 世设\其他世设\OA-L5R\麓燕战役设定集\引言和扉页\欢迎来到麓燕.html,6,世设：多元宇宙的构成 / 第三方 / [部分内容] 东方冒险 Oriental Adventures / 麓燕战役设定集 / 引言和扉页,世设：多元宇宙的构成,第三方
扉页,9 世设\其他世设\OA-L5R\麓燕战役设定集\引言和扉页\扉页.html,6,世设：多元宇宙的构成 / 第三方 / [部分内容] 东方冒险 Oriental Adventures / 麓燕战役设定集 / 引言和扉页,世设：多元宇宙的构成,第三方
角色,,5,世设：多元宇宙的构成 / 第三方 / [部分内容] 东方冒险 Oriental Adventures / 麓燕战役设定集,世设：多元宇宙的构成,第三方
角色创建,9 世设\其他世设\OA-L5R\麓燕战役设定集\角色\角色创建.html,6,世设：多元宇宙的构成 / 第三方 / [部分内容] 东方冒险 Oriental Adventures / 麓燕战役设定集 / 角色,世设：多元宇宙的构成,第三方
巨蟹氏族,,6,世设：多元宇宙的构成 / 第三方 / [部分内容] 东方冒险 Oriental Adventures / 麓燕战役设定集 / 角色,世设：多元宇宙的构成,第三方
巨蟹氏族,9 世设\其他世设\OA-L5R\麓燕战役设定集\角色\巨蟹氏族\巨蟹氏族.html,7,世设：多元宇宙的构成 / 第三方 / [部分内容] 东方冒险 Oriental Adventures / 麓燕战役设定集 / 角色 / 巨蟹氏族,世设：多元宇宙的构成,第三方
巨蟹诸家,,7,世设：多元宇宙的构成 / 第三方 / [部分内容] 东方冒险 Oriental Adventures / 麓燕战役设定集 / 角色 / 巨蟹氏族,世设：多元宇宙的构成,第三方
樋田家,9 世设\其他世设\OA-L5R\麓燕战役设定集\角色\巨蟹氏族\巨蟹诸家\樋田家.html,8,世设：多元宇宙的构成 / 第三方 / [部分内容] 东方冒险 Oriental Adventures / 麓燕战役设定集 / 角色 / 巨蟹氏族 / 巨蟹诸家,世设：多元宇宙的构成,第三方
昼马家,9 世设\其他世设\OA-L5R\麓燕战役设定集\角色\巨蟹氏族\巨蟹诸家\昼马家.html,8,世设：多元宇宙的构成 / 第三方 / [部分内容] 东方冒险 Oriental Adventures / 麓燕战役设定集 / 角色 / 巨蟹氏族 / 巨蟹诸家,世设：多元宇宙的构成,第三方
堺雨家,9 世设\其他世设\OA-L5R\麓燕战役设定集\角色\巨蟹氏族\巨蟹诸家\堺雨家.html,8,世设：多元宇宙的构成 / 第三方 / [部分内容] 东方冒险 Oriental Adventures / 麓燕战役设定集 / 角色 / 巨蟹氏族 / 巨蟹诸家,世设：多元宇宙的构成,第三方
国余家,9 世设\其他世设\OA-L5R\麓燕战役设定集\角色\巨蟹氏族\巨蟹诸家\国余家.html,8,世设：多元宇宙的构成 / 第三方 / [部分内容] 东方冒险 Oriental Adventures / 麓燕战役设定集 / 角色 / 巨蟹氏族 / 巨蟹诸家,世设：多元宇宙的构成,第三方
鸟高家,9 世设\其他世设\OA-L5R\麓燕战役设定集\角色\巨蟹氏族\巨蟹诸家\鸟高家.html,8,世设：多元宇宙的构成 / 第三方 / [部分内容] 东方冒险 Oriental Adventures / 麓燕战役设定集 / 角色 / 巨蟹氏族 / 巨蟹诸家,世设：多元宇宙的构成,第三方
安城家,9 世设\其他世设\OA-L5R\麓燕战役设定集\角色\巨蟹氏族\巨蟹诸家\安城家.html,8,世设：多元宇宙的构成 / 第三方 / [部分内容] 东方冒险 Oriental Adventures / 麓燕战役设定集 / 角色 / 巨蟹氏族 / 巨蟹诸家,世设：多元宇宙的构成,第三方
仙鹤氏族,,6,世设：多元宇宙的构成 / 第三方 / [部分内容] 东方冒险 Oriental Adventures / 麓燕战役设定集 / 角色,世设：多元宇宙的构成,第三方
仙鹤氏族,9 世设\其他世设\OA-L5R\麓燕战役设定集\角色\仙鹤氏族\仙鹤氏族.html,7,世设：多元宇宙的构成 / 第三方 / [部分内容] 东方冒险 Oriental Adventures / 麓燕战役设定集 / 角色 / 仙鹤氏族,世设：多元宇宙的构成,第三方
仙鹤诸家,,7,世设：多元宇宙的构成 / 第三方 / [部分内容] 东方冒险 Oriental Adventures / 麓燕战役设定集 / 角色 / 仙鹤氏族,世设：多元宇宙的构成,第三方
朝比奈家,9 世设\其他世设\OA-L5R\麓燕战役设定集\角色\仙鹤氏族\仙鹤诸家\朝比奈家.html,8,世设：多元宇宙的构成 / 第三方 / [部分内容] 东方冒险 Oriental Adventures / 麓燕战役设定集 / 角色 / 仙鹤氏族 / 仙鹤诸家,世设：多元宇宙的构成,第三方
大道寺家,9 世设\其他世设\OA-L5R\麓燕战役设定集\角色\仙鹤氏族\仙鹤诸家\大道寺家.html,8,世设：多元宇宙的构成 / 第三方 / [部分内容] 东方冒险 Oriental Adventures / 麓燕战役设定集 / 角色 / 仙鹤氏族 / 仙鹤诸家,世设：多元宇宙的构成,第三方
道寺家,9 世设\其他世设\OA-L5R\麓燕战役设定集\角色\仙鹤氏族\仙鹤诸家\道寺家.html,8,世设：多元宇宙的构成 / 第三方 / [部分内容] 东方冒险 Oriental Adventures / 麓燕战役设定集 / 角色 / 仙鹤氏族 / 仙鹤诸家,世设：多元宇宙的构成,第三方
垣田家,9 世设\其他世设\OA-L5R\麓燕战役设定集\角色\仙鹤氏族\仙鹤诸家\垣田家.html,8,世设：多元宇宙的构成 / 第三方 / [部分内容] 东方冒险 Oriental Adventures / 麓燕战役设定集 / 角色 / 仙鹤氏族 / 仙鹤诸家,世设：多元宇宙的构成,第三方
安城家,9 世设\其他世设\OA-L5R\麓燕战役设定集\角色\仙鹤氏族\仙鹤诸家\安城家.html,8,世设：多元宇宙的构成 / 第三方 / [部分内容] 东方冒险 Oriental Adventures / 麓燕战役设定集 / 角色 / 仙鹤氏族 / 仙鹤诸家,世设：多元宇宙的构成,第三方
潜龙氏族,,6,世设：多元宇宙的构成 / 第三方 / [部分内容] 东方冒险 Oriental Adventures / 麓燕战役设定集 / 角色,世设：多元宇宙的构成,第三方
潜龙氏族,9 世设\其他世设\OA-L5R\麓燕战役设定集\角色\潜龙氏族\潜龙氏族.html,7,世设：多元宇宙的构成 / 第三方 / [部分内容] 东方冒险 Oriental Adventures / 麓燕战役设定集 / 角色 / 潜龙氏族,世设：多元宇宙的构成,第三方
仙鹤诸家,,7,世设：多元宇宙的构成 / 第三方 / [部分内容] 东方冒险 Oriental Adventures / 麓燕战役设定集 / 角色 / 潜龙氏族,世设：多元宇宙的构成,第三方
富樫家,9 世设\其他世设\OA-L5R\麓燕战役设定集\角色\潜龙氏族\仙鹤诸家\富樫家.html,8,世设：多元宇宙的构成 / 第三方 / [部分内容] 东方冒险 Oriental Adventures / 麓燕战役设定集 / 角色 / 潜龙氏族 / 仙鹤诸家,世设：多元宇宙的构成,第三方
见元家,9 世设\其他世设\OA-L5R\麓燕战役设定集\角色\潜龙氏族\仙鹤诸家\见元家.html,8,世设：多元宇宙的构成 / 第三方 / [部分内容] 东方冒险 Oriental Adventures / 麓燕战役设定集 / 角色 / 潜龙氏族 / 仙鹤诸家,世设：多元宇宙的构成,第三方
木津纪家,9 世设\其他世设\OA-L5R\麓燕战役设定集\角色\潜龙氏族\仙鹤诸家\木津纪家.html,8,世设：多元宇宙的构成 / 第三方 / [部分内容] 东方冒险 Oriental Adventures / 麓燕战役设定集 / 角色 / 潜龙氏族 / 仙鹤诸家,世设：多元宇宙的构成,第三方
森田家,9 世设\其他世设\OA-L5R\麓燕战役设定集\角色\潜龙氏族\仙鹤诸家\森田家.html,8,世设：多元宇宙的构成 / 第三方 / [部分内容] 东方冒险 Oriental Adventures / 麓燕战役设定集 / 角色 / 潜龙氏族 / 仙鹤诸家,世设：多元宇宙的构成,第三方
瞳家,9 世设\其他世设\OA-L5R\麓燕战役设定集\角色\潜龙氏族\仙鹤诸家\瞳家.html,8,世设：多元宇宙的构成 / 第三方 / [部分内容] 东方冒险 Oriental Adventures / 麓燕战役设定集 / 角色 / 潜龙氏族 / 仙鹤诸家,世设：多元宇宙的构成,第三方
雄狮氏族,,6,世设：多元宇宙的构成 / 第三方 / [部分内容] 东方冒险 Oriental Adventures / 麓燕战役设定集 / 角色,世设：多元宇宙的构成,第三方
雄狮氏族,9 世设\其他世设\OA-L5R\麓燕战役设定集\角色\雄狮氏族\雄狮氏族.html,7,世设：多元宇宙的构成 / 第三方 / [部分内容] 东方冒险 Oriental Adventures / 麓燕战役设定集 / 角色 / 雄狮氏族,世设：多元宇宙的构成,第三方
雄狮诸家,,7,世设：多元宇宙的构成 / 第三方 / [部分内容] 东方冒险 Oriental Adventures / 麓燕战役设定集 / 角色 / 雄狮氏族,世设：多元宇宙的构成,第三方
阿古渡家,9 世设\其他世设\OA-L5R\麓燕战役设定集\角色\雄狮氏族\雄狮诸家\阿古渡家.html,8,世设：多元宇宙的构成 / 第三方 / [部分内容] 东方冒险 Oriental Adventures / 麓燕战役设定集 / 角色 / 雄狮氏族 / 雄狮诸家,世设：多元宇宙的构成,第三方
木津家,9 世设\其他世设\OA-L5R\麓燕战役设定集\角色\雄狮氏族\雄狮诸家\木津家.html,8,世设：多元宇宙的构成 / 第三方 / [部分内容] 东方冒险 Oriental Adventures / 麓燕战役设定集 / 角色 / 雄狮氏族 / 雄狮诸家,世设：多元宇宙的构成,第三方
生驹家,9 世设\其他世设\OA-L5R\麓燕战役设定集\角色\雄狮氏族\雄狮诸家\生驹家.html,8,世设：多元宇宙的构成 / 第三方 / [部分内容] 东方冒险 Oriental Adventures / 麓燕战役设定集 / 角色 / 雄狮氏族 / 雄狮诸家,世设：多元宇宙的构成,第三方
松家,9 世设\其他世设\OA-L5R\麓燕战役设定集\角色\雄狮氏族\雄狮诸家\松家.html,8,世设：多元宇宙的构成 / 第三方 / [部分内容] 东方冒险 Oriental Adventures / 麓燕战役设定集 / 角色 / 雄狮氏族 / 雄狮诸家,世设：多元宇宙的构成,第三方
螳螂氏族,,6,世设：多元宇宙的构成 / 第三方 / [部分内容] 东方冒险 Oriental Adventures / 麓燕战役设定集 / 角色,世设：多元宇宙的构成,第三方
螳螂氏族,9 世设\其他世设\OA-L5R\麓燕战役设定集\角色\螳螂氏族\螳螂氏族.html,7,世设：多元宇宙的构成 / 第三方 / [部分内容] 东方冒险 Oriental Adventures / 麓燕战役设定集 / 角色 / 螳螂氏族,世设：多元宇宙的构成,第三方
螳螂诸家,,7,世设：多元宇宙的构成 / 第三方 / [部分内容] 东方冒险 Oriental Adventures / 麓燕战役设定集 / 角色 / 螳螂氏族,世设：多元宇宙的构成,第三方
鹫筑家,9 世设\其他世设\OA-L5R\麓燕战役设定集\角色\螳螂氏族\螳螂诸家\鹫筑家.html,8,世设：多元宇宙的构成 / 第三方 / [部分内容] 东方冒险 Oriental Adventures / 麓燕战役设定集 / 角色 / 螳螂氏族 / 螳螂诸家,世设：多元宇宙的构成,第三方
赖朝家,9 世设\其他世设\OA-L5R\麓燕战役设定集\角色\螳螂氏族\螳螂诸家\赖朝家.html,8,世设：多元宇宙的构成 / 第三方 / [部分内容] 东方冒险 Oriental Adventures / 麓燕战役设定集 / 角色 / 螳螂氏族 / 螳螂诸家,世设：多元宇宙的构成,第三方
莫诗家,9 世设\其他世设\OA-L5R\麓燕战役设定集\角色\螳螂氏族\螳螂诸家\莫诗家.html,8,世设：多元宇宙的构成 / 第三方 / [部分内容] 东方冒险 Oriental Adventures / 麓燕战役设定集 / 角色 / 螳螂氏族 / 螳螂诸家,世设：多元宇宙的构成,第三方
凤凰氏族,,6,世设：多元宇宙的构成 / 第三方 / [部分内容] 东方冒险 Oriental Adventures / 麓燕战役设定集 / 角色,世设：多元宇宙的构成,第三方
凤凰氏族,9 世设\其他世设\OA-L5R\麓燕战役设定集\角色\凤凰氏族\凤凰氏族.html,7,世设：多元宇宙的构成 / 第三方 / [部分内容] 东方冒险 Oriental Adventures / 麓燕战役设定集 / 角色 / 凤凰氏族,世设：多元宇宙的构成,第三方
凤凰诸家,,7,世设：多元宇宙的构成 / 第三方 / [部分内容] 东方冒险 Oriental Adventures / 麓燕战役设定集 / 角色 / 凤凰氏族,世设：多元宇宙的构成,第三方
阿贺娑家,9 世设\其他世设\OA-L5R\麓燕战役设定集\角色\凤凰氏族\凤凰诸家\阿贺娑家.html,8,世设：多元宇宙的构成 / 第三方 / [部分内容] 东方冒险 Oriental Adventures / 麓燕战役设定集 / 角色 / 凤凰氏族 / 凤凰诸家,世设：多元宇宙的构成,第三方
柴家,9 世设\其他世设\OA-L5R\麓燕战役设定集\角色\凤凰氏族\凤凰诸家\柴家.html,8,世设：多元宇宙的构成 / 第三方 / [部分内容] 东方冒险 Oriental Adventures / 麓燕战役设定集 / 角色 / 凤凰氏族 / 凤凰诸家,世设：多元宇宙的构成,第三方
朝子家,9 世设\其他世设\OA-L5R\麓燕战役设定集\角色\凤凰氏族\凤凰诸家\朝子家.html,8,世设：多元宇宙的构成 / 第三方 / [部分内容] 东方冒险 Oriental Adventures / 麓燕战役设定集 / 角色 / 凤凰氏族 / 凤凰诸家,世设：多元宇宙的构成,第三方
伊泽家,9 世设\其他世设\OA-L5R\麓燕战役设定集\角色\凤凰氏族\凤凰诸家\伊泽家.html,8,世设：多元宇宙的构成 / 第三方 / [部分内容] 东方冒险 Oriental Adventures / 麓燕战役设定集 / 角色 / 凤凰氏族 / 凤凰诸家,世设：多元宇宙的构成,第三方
毒蝎氏族,,6,世设：多元宇宙的构成 / 第三方 / [部分内容] 东方冒险 Oriental Adventures / 麓燕战役设定集 / 角色,世设：多元宇宙的构成,第三方
毒蝎氏族,9 世设\其他世设\OA-L5R\麓燕战役设定集\角色\毒蝎氏族\毒蝎氏族.html,7,世设：多元宇宙的构成 / 第三方 / [部分内容] 东方冒险 Oriental Adventures / 麓燕战役设定集 / 角色 / 毒蝎氏族,世设：多元宇宙的构成,第三方
毒蝎诸家,,7,世设：多元宇宙的构成 / 第三方 / [部分内容] 东方冒险 Oriental Adventures / 麓燕战役设定集 / 角色 / 毒蝎氏族,世设：多元宇宙的构成,第三方
苍士家,9 世设\其他世设\OA-L5R\麓燕战役设定集\角色\毒蝎氏族\毒蝎诸家\苍士家.html,8,世设：多元宇宙的构成 / 第三方 / [部分内容] 东方冒险 Oriental Adventures / 麓燕战役设定集 / 角色 / 毒蝎氏族 / 毒蝎诸家,世设：多元宇宙的构成,第三方
间由史家,9 世设\其他世设\OA-L5R\麓燕战役设定集\角色\毒蝎氏族\毒蝎诸家\间由史家.html,8,世设：多元宇宙的构成 / 第三方 / [部分内容] 东方冒险 Oriental Adventures / 麓燕战役设定集 / 角色 / 毒蝎氏族 / 毒蝎诸家,世设：多元宇宙的构成,第三方
余吴家,9 世设\其他世设\OA-L5R\麓燕战役设定集\角色\毒蝎氏族\毒蝎诸家\余吴家.html,8,世设：多元宇宙的构成 / 第三方 / [部分内容] 东方冒险 Oriental Adventures / 麓燕战役设定集 / 角色 / 毒蝎氏族 / 毒蝎诸家,世设：多元宇宙的构成,第三方
渚寿路家,9 世设\其他世设\OA-L5R\麓燕战役设定集\角色\毒蝎氏族\毒蝎诸家\渚寿路家.html,8,世设：多元宇宙的构成 / 第三方 / [部分内容] 东方冒险 Oriental Adventures / 麓燕战役设定集 / 角色 / 毒蝎氏族 / 毒蝎诸家,世设：多元宇宙的构成,第三方
奇麟氏族,,6,世设：多元宇宙的构成 / 第三方 / [部分内容] 东方冒险 Oriental Adventures / 麓燕战役设定集 / 角色,世设：多元宇宙的构成,第三方
奇麟氏族,9 世设\其他世设\OA-L5R\麓燕战役设定集\角色\奇麟氏族\奇麟氏族.html,7,世设：多元宇宙的构成 / 第三方 / [部分内容] 东方冒险 Oriental Adventures / 麓燕战役设定集 / 角色 / 奇麟氏族,世设：多元宇宙的构成,第三方
奇麟诸家,,7,世设：多元宇宙的构成 / 第三方 / [部分内容] 东方冒险 Oriental Adventures / 麓燕战役设定集 / 角色 / 奇麟氏族,世设：多元宇宙的构成,第三方
歌国家,9 世设\其他世设\OA-L5R\麓燕战役设定集\角色\奇麟氏族\奇麟诸家\歌国家.html,8,世设：多元宇宙的构成 / 第三方 / [部分内容] 东方冒险 Oriental Adventures / 麓燕战役设定集 / 角色 / 奇麟氏族 / 奇麟诸家,世设：多元宇宙的构成,第三方
井内家,9 世设\其他世设\OA-L5R\麓燕战役设定集\角色\奇麟氏族\奇麟诸家\井内家.html,8,世设：多元宇宙的构成 / 第三方 / [部分内容] 东方冒险 Oriental Adventures / 麓燕战役设定集 / 角色 / 奇麟氏族 / 奇麟诸家,世设：多元宇宙的构成,第三方
堀内家,9 世设\其他世设\OA-L5R\麓燕战役设定集\角色\奇麟氏族\奇麟诸家\堀内家.html,8,世设：多元宇宙的构成 / 第三方 / [部分内容] 东方冒险 Oriental Adventures / 麓燕战役设定集 / 角色 / 奇麟氏族 / 奇麟诸家,世设：多元宇宙的构成,第三方
新条家,9 世设\其他世设\OA-L5R\麓燕战役设定集\角色\奇麟氏族\奇麟诸家\新条家.html,8,世设：多元宇宙的构成 / 第三方 / [部分内容] 东方冒险 Oriental Adventures / 麓燕战役设定集 / 角色 / 奇麟氏族 / 奇麟诸家,世设：多元宇宙的构成,第三方
伊达家,9 世设\其他世设\OA-L5R\麓燕战役设定集\角色\奇麟氏族\奇麟诸家\伊达家.html,8,世设：多元宇宙的构成 / 第三方 / [部分内容] 东方冒险 Oriental Adventures / 麓燕战役设定集 / 角色 / 奇麟氏族 / 奇麟诸家,世设：多元宇宙的构成,第三方
元家,9 世设\其他世设\OA-L5R\麓燕战役设定集\角色\奇麟氏族\奇麟诸家\元家.html,8,世设：多元宇宙的构成 / 第三方 / [部分内容] 东方冒险 Oriental Adventures / 麓燕战役设定集 / 角色 / 奇麟氏族 / 奇麟诸家,世设：多元宇宙的构成,第三方
公家,,6,世设：多元宇宙的构成 / 第三方 / [部分内容] 东方冒险 Oriental Adventures / 麓燕战役设定集 / 角色,世设：多元宇宙的构成,第三方
公家,9 世设\其他世设\OA-L5R\麓燕战役设定集\角色\公家\公家.html,7,世设：多元宇宙的构成 / 第三方 / [部分内容] 东方冒险 Oriental Adventures / 麓燕战役设定集 / 角色 / 公家,世设：多元宇宙的构成,第三方
诸公家,,7,世设：多元宇宙的构成 / 第三方 / [部分内容] 东方冒险 Oriental Adventures / 麓燕战役设定集 / 角色 / 公家,世设：多元宇宙的构成,第三方
宫家,9 世设\其他世设\OA-L5R\麓燕战役设定集\角色\公家\诸公家\宫家.html,8,世设：多元宇宙的构成 / 第三方 / [部分内容] 东方冒险 Oriental Adventures / 麓燕战役设定集 / 角色 / 公家 / 诸公家,世设：多元宇宙的构成,第三方
濑分家,9 世设\其他世设\OA-L5R\麓燕战役设定集\角色\公家\诸公家\濑分家.html,8,世设：多元宇宙的构成 / 第三方 / [部分内容] 东方冒险 Oriental Adventures / 麓燕战役设定集 / 角色 / 公家 / 诸公家,世设：多元宇宙的构成,第三方
尾朝家,9 世设\其他世设\OA-L5R\麓燕战役设定集\角色\公家\诸公家\尾朝家.html,8,世设：多元宇宙的构成 / 第三方 / [部分内容] 东方冒险 Oriental Adventures / 麓燕战役设定集 / 角色 / 公家 / 诸公家,世设：多元宇宙的构成,第三方
次级氏族,,6,世设：多元宇宙的构成 / 第三方 / [部分内容] 东方冒险 Oriental Adventures / 麓燕战役设定集 / 角色,世设：多元宇宙的构成,第三方
次级氏族,9 世设\其他世设\OA-L5R\麓燕战役设定集\角色\次级氏族\次级氏族.html,7,世设：多元宇宙的构成 / 第三方 / [部分内容] 东方冒险 Oriental Adventures / 麓燕战役设定集 / 角色 / 次级氏族,世设：多元宇宙的构成,第三方
翠蜓氏族 — 蜻蛉家,9 世设\其他世设\OA-L5R\麓燕战役设定集\角色\次级氏族\翠蜓氏族 — 蜻蛉家.html,7,世设：多元宇宙的构成 / 第三方 / [部分内容] 东方冒险 Oriental Adventures / 麓燕战役设定集 / 角色 / 次级氏族,世设：多元宇宙的构成,第三方
公牛氏族,9 世设\其他世设\OA-L5R\麓燕战役设定集\角色\次级氏族\公牛氏族.html,7,世设：多元宇宙的构成 / 第三方 / [部分内容] 东方冒险 Oriental Adventures / 麓燕战役设定集 / 角色 / 次级氏族,世设：多元宇宙的构成,第三方
烈獾氏族 — 市郎家,9 世设\其他世设\OA-L5R\麓燕战役设定集\角色\次级氏族\烈獾氏族 — 市郎家.html,7,世设：多元宇宙的构成 / 第三方 / [部分内容] 东方冒险 Oriental Adventures / 麓燕战役设定集 / 角色 / 次级氏族,世设：多元宇宙的构成,第三方
灵狐氏族 — 狐家,9 世设\其他世设\OA-L5R\麓燕战役设定集\角色\次级氏族\灵狐氏族 — 狐家.html,7,世设：多元宇宙的构成 / 第三方 / [部分内容] 东方冒险 Oriental Adventures / 麓燕战役设定集 / 角色 / 次级氏族,世设：多元宇宙的构成,第三方
敏雀氏族 — 雀家,9 世设\其他世设\OA-L5R\麓燕战役设定集\角色\次级氏族\敏雀氏族 — 雀家.html,7,世设：多元宇宙的构成 / 第三方 / [部分内容] 东方冒险 Oriental Adventures / 麓燕战役设定集 / 角色 / 次级氏族,世设：多元宇宙的构成,第三方
寿龟氏族 — 加贺家,9 世设\其他世设\OA-L5R\麓燕战役设定集\角色\次级氏族\寿龟氏族 — 加贺家.html,7,世设：多元宇宙的构成 / 第三方 / [部分内容] 东方冒险 Oriental Adventures / 麓燕战役设定集 / 角色 / 次级氏族,世设：多元宇宙的构成,第三方
猿猴氏族,9 世设\其他世设\OA-L5R\麓燕战役设定集\角色\次级氏族\猿猴氏族.html,7,世设：多元宇宙的构成 / 第三方 / [部分内容] 东方冒险 Oriental Adventures / 麓燕战役设定集 / 角色 / 次级氏族,世设：多元宇宙的构成,第三方
跃兔氏族 — 兔家，宇治奈家,9 世设\其他世设\OA-L5R\麓燕战役设定集\角色\次级氏族\跃兔氏族 — 兔家，宇治奈家.html,7,世设：多元宇宙的构成 / 第三方 / [部分内容] 东方冒险 Oriental Adventures / 麓燕战役设定集 / 角色 / 次级氏族,世设：多元宇宙的构成,第三方
失落氏族,,6,世设：多元宇宙的构成 / 第三方 / [部分内容] 东方冒险 Oriental Adventures / 麓燕战役设定集 / 角色,世设：多元宇宙的构成,第三方
毒蛇氏族 — 楚达家族,9 世设\其他世设\OA-L5R\麓燕战役设定集\角色\失落氏族\毒蛇氏族 — 楚达家族.html,7,世设：多元宇宙的构成 / 第三方 / [部分内容] 东方冒险 Oriental Adventures / 麓燕战役设定集 / 角色 / 失落氏族,世设：多元宇宙的构成,第三方
失落氏族,9 世设\其他世设\OA-L5R\麓燕战役设定集\角色\失落氏族\失落氏族.html,7,世设：多元宇宙的构成 / 第三方 / [部分内容] 东方冒险 Oriental Adventures / 麓燕战役设定集 / 角色 / 失落氏族,世设：多元宇宙的构成,第三方
野猪氏族 — 平志家,9 世设\其他世设\OA-L5R\麓燕战役设定集\角色\失落氏族\野猪氏族 — 平志家.html,7,世设：多元宇宙的构成 / 第三方 / [部分内容] 东方冒险 Oriental Adventures / 麓燕战役设定集 / 角色 / 失落氏族,世设：多元宇宙的构成,第三方
浪人,,6,世设：多元宇宙的构成 / 第三方 / [部分内容] 东方冒险 Oriental Adventures / 麓燕战役设定集 / 角色,世设：多元宇宙的构成,第三方
浪人,9 世设\其他世设\OA-L5R\麓燕战役设定集\角色\浪人\浪人.html,7,世设：多元宇宙的构成 / 第三方 / [部分内容] 东方冒险 Oriental Adventures / 麓燕战役设定集 / 角色 / 浪人,世设：多元宇宙的构成,第三方
浪人诸家,,7,世设：多元宇宙的构成 / 第三方 / [部分内容] 东方冒险 Oriental Adventures / 麓燕战役设定集 / 角色 / 浪人,世设：多元宇宙的构成,第三方
浪人诸家,9 世设\其他世设\OA-L5R\麓燕战役设定集\角色\浪人\浪人诸家\浪人诸家.html,8,世设：多元宇宙的构成 / 第三方 / [部分内容] 东方冒险 Oriental Adventures / 麓燕战役设定集 / 角色 / 浪人 / 浪人诸家,世设：多元宇宙的构成,第三方
四津家,9 世设\其他世设\OA-L5R\麓燕战役设定集\角色\浪人\浪人诸家\四津家.html,8,世设：多元宇宙的构成 / 第三方 / [部分内容] 东方冒险 Oriental Adventures / 麓燕战役设定集 / 角色 / 浪人 / 浪人诸家,世设：多元宇宙的构成,第三方
蛙家,9 世设\其他世设\OA-L5R\麓燕战役设定集\角色\浪人\浪人诸家\蛙家.html,8,世设：多元宇宙的构成 / 第三方 / [部分内容] 东方冒险 Oriental Adventures / 麓燕战役设定集 / 角色 / 浪人 / 浪人诸家,世设：多元宇宙的构成,第三方
星家,9 世设\其他世设\OA-L5R\麓燕战役设定集\角色\浪人\浪人诸家\星家.html,8,世设：多元宇宙的构成 / 第三方 / [部分内容] 东方冒险 Oriental Adventures / 麓燕战役设定集 / 角色 / 浪人 / 浪人诸家,世设：多元宇宙的构成,第三方
人鼠,,6,世设：多元宇宙的构成 / 第三方 / [部分内容] 东方冒险 Oriental Adventures / 麓燕战役设定集 / 角色,世设：多元宇宙的构成,第三方
人鼠,9 世设\其他世设\OA-L5R\麓燕战役设定集\角色\人鼠\人鼠.html,7,世设：多元宇宙的构成 / 第三方 / [部分内容] 东方冒险 Oriental Adventures / 麓燕战役设定集 / 角色 / 人鼠,世设：多元宇宙的构成,第三方
人鼠种族特性-变体,9 世设\其他世设\OA-L5R\麓燕战役设定集\角色\人鼠\人鼠种族特性-变体.html,7,世设：多元宇宙的构成 / 第三方 / [部分内容] 东方冒险 Oriental Adventures / 麓燕战役设定集 / 角色 / 人鼠,世设：多元宇宙的构成,第三方
人鼠部落,,7,世设：多元宇宙的构成 / 第三方 / [部分内容] 东方冒险 Oriental Adventures / 麓燕战役设定集 / 角色 / 人鼠,世设：多元宇宙的构成,第三方
残骨人鼠,9 世设\其他世设\OA-L5R\麓燕战役设定集\角色\人鼠\人鼠部落\残骨人鼠.html,8,世设：多元宇宙的构成 / 第三方 / [部分内容] 东方冒险 Oriental Adventures / 麓燕战役设定集 / 角色 / 人鼠 / 人鼠部落,世设：多元宇宙的构成,第三方
破耳人鼠,9 世设\其他世设\OA-L5R\麓燕战役设定集\角色\人鼠\人鼠部落\破耳人鼠.html,8,世设：多元宇宙的构成 / 第三方 / [部分内容] 东方冒险 Oriental Adventures / 麓燕战役设定集 / 角色 / 人鼠 / 人鼠部落,世设：多元宇宙的构成,第三方
三须人鼠,9 世设\其他世设\OA-L5R\麓燕战役设定集\角色\人鼠\人鼠部落\三须人鼠.html,8,世设：多元宇宙的构成 / 第三方 / [部分内容] 东方冒险 Oriental Adventures / 麓燕战役设定集 / 角色 / 人鼠 / 人鼠部落,世设：多元宇宙的构成,第三方
贪爪人鼠,9 世设\其他世设\OA-L5R\麓燕战役设定集\角色\人鼠\人鼠部落\贪爪人鼠.html,8,世设：多元宇宙的构成 / 第三方 / [部分内容] 东方冒险 Oriental Adventures / 麓燕战役设定集 / 角色 / 人鼠 / 人鼠部落,世设：多元宇宙的构成,第三方
娜迦,,6,世设：多元宇宙的构成 / 第三方 / [部分内容] 东方冒险 Oriental Adventures / 麓燕战役设定集 / 角色,世设：多元宇宙的构成,第三方
娜迦,9 世设\其他世设\OA-L5R\麓燕战役设定集\角色\娜迦\娜迦.html,7,世设：多元宇宙的构成 / 第三方 / [部分内容] 东方冒险 Oriental Adventures / 麓燕战役设定集 / 角色 / 娜迦,世设：多元宇宙的构成,第三方
娜迦种族特性,9 世设\其他世设\OA-L5R\麓燕战役设定集\角色\娜迦\娜迦种族特性.html,7,世设：多元宇宙的构成 / 第三方 / [部分内容] 东方冒险 Oriental Adventures / 麓燕战役设定集 / 角色 / 娜迦,世设：多元宇宙的构成,第三方
娜迦血脉,,7,世设：多元宇宙的构成 / 第三方 / [部分内容] 东方冒险 Oriental Adventures / 麓燕战役设定集 / 角色 / 娜迦,世设：多元宇宙的构成,第三方
变色龙,9 世设\其他世设\OA-L5R\麓燕战役设定集\角色\娜迦\娜迦血脉\变色龙.html,8,世设：多元宇宙的构成 / 第三方 / [部分内容] 东方冒险 Oriental Adventures / 麓燕战役设定集 / 角色 / 娜迦 / 娜迦血脉,世设：多元宇宙的构成,第三方
角蝰,9 世设\其他世设\OA-L5R\麓燕战役设定集\角色\娜迦\娜迦血脉\角蝰.html,8,世设：多元宇宙的构成 / 第三方 / [部分内容] 东方冒险 Oriental Adventures / 麓燕战役设定集 / 角色 / 娜迦 / 娜迦血脉,世设：多元宇宙的构成,第三方
巨蟒,9 世设\其他世设\OA-L5R\麓燕战役设定集\角色\娜迦\娜迦血脉\巨蟒.html,8,世设：多元宇宙的构成 / 第三方 / [部分内容] 东方冒险 Oriental Adventures / 麓燕战役设定集 / 角色 / 娜迦 / 娜迦血脉,世设：多元宇宙的构成,第三方
青蛇,9 世设\其他世设\OA-L5R\麓燕战役设定集\角色\娜迦\娜迦血脉\青蛇.html,8,世设：多元宇宙的构成 / 第三方 / [部分内容] 东方冒险 Oriental Adventures / 麓燕战役设定集 / 角色 / 娜迦 / 娜迦血脉,世设：多元宇宙的构成,第三方
眼镜蛇,9 世设\其他世设\OA-L5R\麓燕战役设定集\角色\娜迦\娜迦血脉\眼镜蛇.html,8,世设：多元宇宙的构成 / 第三方 / [部分内容] 东方冒险 Oriental Adventures / 麓燕战役设定集 / 角色 / 娜迦 / 娜迦血脉,世设：多元宇宙的构成,第三方
麓燕的玩家角色,,6,世设：多元宇宙的构成 / 第三方 / [部分内容] 东方冒险 Oriental Adventures / 麓燕战役设定集 / 角色,世设：多元宇宙的构成,第三方
德鲁伊,9 世设\其他世设\OA-L5R\麓燕战役设定集\角色\麓燕的玩家角色\德鲁伊.html,7,世设：多元宇宙的构成 / 第三方 / [部分内容] 东方冒险 Oriental Adventures / 麓燕战役设定集 / 角色 / 麓燕的玩家角色,世设：多元宇宙的构成,第三方
法师,9 世设\其他世设\OA-L5R\麓燕战役设定集\角色\麓燕的玩家角色\法师.html,7,世设：多元宇宙的构成 / 第三方 / [部分内容] 东方冒险 Oriental Adventures / 麓燕战役设定集 / 角色 / 麓燕的玩家角色,世设：多元宇宙的构成,第三方
麓燕的玩家角色,9 世设\其他世设\OA-L5R\麓燕战役设定集\角色\麓燕的玩家角色\麓燕的玩家角色.html,7,世设：多元宇宙的构成 / 第三方 / [部分内容] 东方冒险 Oriental Adventures / 麓燕战役设定集 / 角色 / 麓燕的玩家角色,世设：多元宇宙的构成,第三方
牧师,9 世设\其他世设\OA-L5R\麓燕战役设定集\角色\麓燕的玩家角色\牧师.html,7,世设：多元宇宙的构成 / 第三方 / [部分内容] 东方冒险 Oriental Adventures / 麓燕战役设定集 / 角色 / 麓燕的玩家角色,世设：多元宇宙的构成,第三方
圣武士,9 世设\其他世设\OA-L5R\麓燕战役设定集\角色\麓燕的玩家角色\圣武士.html,7,世设：多元宇宙的构成 / 第三方 / [部分内容] 东方冒险 Oriental Adventures / 麓燕战役设定集 / 角色 / 麓燕的玩家角色,世设：多元宇宙的构成,第三方
武僧,9 世设\其他世设\OA-L5R\麓燕战役设定集\角色\麓燕的玩家角色\武僧.html,7,世设：多元宇宙的构成 / 第三方 / [部分内容] 东方冒险 Oriental Adventures / 麓燕战役设定集 / 角色 / 麓燕的玩家角色,世设：多元宇宙的构成,第三方
野蛮人,9 世设\其他世设\OA-L5R\麓燕战役设定集\角色\麓燕的玩家角色\野蛮人.html,7,世设：多元宇宙的构成 / 第三方 / [部分内容] 东方冒险 Oriental Adventures / 麓燕战役设定集 / 角色 / 麓燕的玩家角色,世设：多元宇宙的构成,第三方
吟游诗人,9 世设\其他世设\OA-L5R\麓燕战役设定集\角色\麓燕的玩家角色\吟游诗人.html,7,世设：多元宇宙的构成 / 第三方 / [部分内容] 东方冒险 Oriental Adventures / 麓燕战役设定集 / 角色 / 麓燕的玩家角色,世设：多元宇宙的构成,第三方
游荡者,9 世设\其他世设\OA-L5R\麓燕战役设定集\角色\麓燕的玩家角色\游荡者.html,7,世设：多元宇宙的构成 / 第三方 / [部分内容] 东方冒险 Oriental Adventures / 麓燕战役设定集 / 角色 / 麓燕的玩家角色,世设：多元宇宙的构成,第三方
战士,9 世设\其他世设\OA-L5R\麓燕战役设定集\角色\麓燕的玩家角色\战士.html,7,世设：多元宇宙的构成 / 第三方 / [部分内容] 东方冒险 Oriental Adventures / 麓燕战役设定集 / 角色 / 麓燕的玩家角色,世设：多元宇宙的构成,第三方
麓燕的NPC角色,,6,世设：多元宇宙的构成 / 第三方 / [部分内容] 东方冒险 Oriental Adventures / 麓燕战役设定集 / 角色,世设：多元宇宙的构成,第三方
导师,9 世设\其他世设\OA-L5R\麓燕战役设定集\角色\麓燕的NPC角色\导师.html,7,世设：多元宇宙的构成 / 第三方 / [部分内容] 东方冒险 Oriental Adventures / 麓燕战役设定集 / 角色 / 麓燕的NPC角色,世设：多元宇宙的构成,第三方
术士,9 世设\其他世设\OA-L5R\麓燕战役设定集\角色\麓燕的NPC角色\术士.html,7,世设：多元宇宙的构成 / 第三方 / [部分内容] 东方冒险 Oriental Adventures / 麓燕战役设定集 / 角色 / 麓燕的NPC角色,世设：多元宇宙的构成,第三方
望族,9 世设\其他世设\OA-L5R\麓燕战役设定集\角色\麓燕的NPC角色\望族.html,7,世设：多元宇宙的构成 / 第三方 / [部分内容] 东方冒险 Oriental Adventures / 麓燕战役设定集 / 角色 / 麓燕的NPC角色,世设：多元宇宙的构成,第三方
武者,9 世设\其他世设\OA-L5R\麓燕战役设定集\角色\麓燕的NPC角色\武者.html,7,世设：多元宇宙的构成 / 第三方 / [部分内容] 东方冒险 Oriental Adventures / 麓燕战役设定集 / 角色 / 麓燕的NPC角色,世设：多元宇宙的构成,第三方
专家,9 世设\其他世设\OA-L5R\麓燕战役设定集\角色\麓燕的NPC角色\专家.html,7,世设：多元宇宙的构成 / 第三方 / [部分内容] 东方冒险 Oriental Adventures / 麓燕战役设定集 / 角色 / 麓燕的NPC角色,世设：多元宇宙的构成,第三方
麓燕新增基础职业,,6,世设：多元宇宙的构成 / 第三方 / [部分内容] 东方冒险 Oriental Adventures / 麓燕战役设定集 / 角色,世设：多元宇宙的构成,第三方
朝臣,9 世设\其他世设\OA-L5R\麓燕战役设定集\角色\麓燕新增基础职业\朝臣.html,7,世设：多元宇宙的构成 / 第三方 / [部分内容] 东方冒险 Oriental Adventures / 麓燕战役设定集 / 角色 / 麓燕新增基础职业,世设：多元宇宙的构成,第三方
忍者,9 世设\其他世设\OA-L5R\麓燕战役设定集\角色\麓燕新增基础职业\忍者.html,7,世设：多元宇宙的构成 / 第三方 / [部分内容] 东方冒险 Oriental Adventures / 麓燕战役设定集 / 角色 / 麓燕新增基础职业,世设：多元宇宙的构成,第三方
武士,9 世设\其他世设\OA-L5R\麓燕战役设定集\角色\麓燕新增基础职业\武士.html,7,世设：多元宇宙的构成 / 第三方 / [部分内容] 东方冒险 Oriental Adventures / 麓燕战役设定集 / 角色 / 麓燕新增基础职业,世设：多元宇宙的构成,第三方
修验者,9 世设\其他世设\OA-L5R\麓燕战役设定集\角色\麓燕新增基础职业\修验者.html,7,世设：多元宇宙的构成 / 第三方 / [部分内容] 东方冒险 Oriental Adventures / 麓燕战役设定集 / 角色 / 麓燕新增基础职业,世设：多元宇宙的构成,第三方
隐僧,9 世设\其他世设\OA-L5R\麓燕战役设定集\角色\麓燕新增基础职业\隐僧.html,7,世设：多元宇宙的构成 / 第三方 / [部分内容] 东方冒险 Oriental Adventures / 麓燕战役设定集 / 角色 / 麓燕新增基础职业,世设：多元宇宙的构成,第三方
新技能,,6,世设：多元宇宙的构成 / 第三方 / [部分内容] 东方冒险 Oriental Adventures / 麓燕战役设定集 / 角色,世设：多元宇宙的构成,第三方
茶道,9 世设\其他世设\OA-L5R\麓燕战役设定集\角色\新技能\茶道.html,7,世设：多元宇宙的构成 / 第三方 / [部分内容] 东方冒险 Oriental Adventures / 麓燕战役设定集 / 角色 / 新技能,世设：多元宇宙的构成,第三方
低贱技能,9 世设\其他世设\OA-L5R\麓燕战役设定集\角色\新技能\低贱技能.html,7,世设：多元宇宙的构成 / 第三方 / [部分内容] 东方冒险 Oriental Adventures / 麓燕战役设定集 / 角色 / 新技能,世设：多元宇宙的构成,第三方
口技,9 世设\其他世设\OA-L5R\麓燕战役设定集\角色\新技能\口技.html,7,世设：多元宇宙的构成 / 第三方 / [部分内容] 东方冒险 Oriental Adventures / 麓燕战役设定集 / 角色 / 新技能,世设：多元宇宙的构成,第三方
游戏,9 世设\其他世设\OA-L5R\麓燕战役设定集\角色\新技能\游戏.html,7,世设：多元宇宙的构成 / 第三方 / [部分内容] 东方冒险 Oriental Adventures / 麓燕战役设定集 / 角色 / 新技能,世设：多元宇宙的构成,第三方
语言,9 世设\其他世设\OA-L5R\麓燕战役设定集\角色\新技能\语言.html,7,世设：多元宇宙的构成 / 第三方 / [部分内容] 东方冒险 Oriental Adventures / 麓燕战役设定集 / 角色 / 新技能,世设：多元宇宙的构成,第三方
战斗,9 世设\其他世设\OA-L5R\麓燕战役设定集\角色\新技能\战斗.html,7,世设：多元宇宙的构成 / 第三方 / [部分内容] 东方冒险 Oriental Adventures / 麓燕战役设定集 / 角色 / 新技能,世设：多元宇宙的构成,第三方
知识(研究RESEARCH),9 世设\其他世设\OA-L5R\麓燕战役设定集\角色\新技能\知识（研究RESEARCH）.html,7,世设：多元宇宙的构成 / 第三方 / [部分内容] 东方冒险 Oriental Adventures / 麓燕战役设定集 / 角色 / 新技能,世设：多元宇宙的构成,第三方
知识,9 世设\其他世设\OA-L5R\麓燕战役设定集\角色\新技能\知识.html,7,世设：多元宇宙的构成 / 第三方 / [部分内容] 东方冒险 Oriental Adventures / 麓燕战役设定集 / 角色 / 新技能,世设：多元宇宙的构成,第三方
制毒,9 世设\其他世设\OA-L5R\麓燕战役设定集\角色\新技能\制毒.html,7,世设：多元宇宙的构成 / 第三方 / [部分内容] 东方冒险 Oriental Adventures / 麓燕战役设定集 / 角色 / 新技能,世设：多元宇宙的构成,第三方
新专长,,6,世设：多元宇宙的构成 / 第三方 / [部分内容] 东方冒险 Oriental Adventures / 麓燕战役设定集 / 角色,世设：多元宇宙的构成,第三方
概述,9 世设\其他世设\OA-L5R\麓燕战役设定集\角色\新专长\概述.html,7,世设：多元宇宙的构成 / 第三方 / [部分内容] 东方冒险 Oriental Adventures / 麓燕战役设定集 / 角色 / 新专长,世设：多元宇宙的构成,第三方
专长详述,9 世设\其他世设\OA-L5R\麓燕战役设定集\角色\新专长\专长详述.html,7,世设：多元宇宙的构成 / 第三方 / [部分内容] 东方冒险 Oriental Adventures / 麓燕战役设定集 / 角色 / 新专长,世设：多元宇宙的构成,第三方
麓燕的装备,,6,世设：多元宇宙的构成 / 第三方 / [部分内容] 东方冒险 Oriental Adventures / 麓燕战役设定集 / 角色,世设：多元宇宙的构成,第三方
防具,9 世设\其他世设\OA-L5R\麓燕战役设定集\角色\麓燕的装备\防具.html,7,世设：多元宇宙的构成 / 第三方 / [部分内容] 东方冒险 Oriental Adventures / 麓燕战役设定集 / 角色 / 麓燕的装备,世设：多元宇宙的构成,第三方
商品与服务,9 世设\其他世设\OA-L5R\麓燕战役设定集\角色\麓燕的装备\商品与服务.html,7,世设：多元宇宙的构成 / 第三方 / [部分内容] 东方冒险 Oriental Adventures / 麓燕战役设定集 / 角色 / 麓燕的装备,世设：多元宇宙的构成,第三方
武器,9 世设\其他世设\OA-L5R\麓燕战役设定集\角色\麓燕的装备\武器.html,7,世设：多元宇宙的构成 / 第三方 / [部分内容] 东方冒险 Oriental Adventures / 麓燕战役设定集 / 角色 / 麓燕的装备,世设：多元宇宙的构成,第三方
新物品,9 世设\其他世设\OA-L5R\麓燕战役设定集\角色\麓燕的装备\新物品.html,7,世设：多元宇宙的构成 / 第三方 / [部分内容] 东方冒险 Oriental Adventures / 麓燕战役设定集 / 角色 / 麓燕的装备,世设：多元宇宙的构成,第三方
宗教,,6,世设：多元宇宙的构成 / 第三方 / [部分内容] 东方冒险 Oriental Adventures / 麓燕战役设定集 / 角色,世设：多元宇宙的构成,第三方
命神,9 世设\其他世设\OA-L5R\麓燕战役设定集\角色\宗教\命神.html,7,世设：多元宇宙的构成 / 第三方 / [部分内容] 东方冒险 Oriental Adventures / 麓燕战役设定集 / 角色 / 宗教,世设：多元宇宙的构成,第三方
先祖,9 世设\其他世设\OA-L5R\麓燕战役设定集\角色\宗教\先祖.html,7,世设：多元宇宙的构成 / 第三方 / [部分内容] 东方冒险 Oriental Adventures / 麓燕战役设定集 / 角色 / 宗教,世设：多元宇宙的构成,第三方
新生之道,9 世设\其他世设\OA-L5R\麓燕战役设定集\角色\宗教\新生之道.html,7,世设：多元宇宙的构成 / 第三方 / [部分内容] 东方冒险 Oriental Adventures / 麓燕战役设定集 / 角色 / 宗教,世设：多元宇宙的构成,第三方
宗教概述,9 世设\其他世设\OA-L5R\麓燕战役设定集\角色\宗教\宗教概述.html,7,世设：多元宇宙的构成 / 第三方 / [部分内容] 东方冒险 Oriental Adventures / 麓燕战役设定集 / 角色 / 宗教,世设：多元宇宙的构成,第三方
麓燕的荣誉与阵营,,6,世设：多元宇宙的构成 / 第三方 / [部分内容] 东方冒险 Oriental Adventures / 麓燕战役设定集 / 角色,世设：多元宇宙的构成,第三方
麓燕的荣誉与阵营,9 世设\其他世设\OA-L5R\麓燕战役设定集\角色\麓燕的荣誉与阵营\麓燕的荣誉与阵营.html,7,世设：多元宇宙的构成 / 第三方 / [部分内容] 东方冒险 Oriental Adventures / 麓燕战役设定集 / 角色 / 麓燕的荣誉与阵营,世设：多元宇宙的构成,第三方
荣誉,9 世设\其他世设\OA-L5R\麓燕战役设定集\角色\麓燕的荣誉与阵营\荣誉.html,7,世设：多元宇宙的构成 / 第三方 / [部分内容] 东方冒险 Oriental Adventures / 麓燕战役设定集 / 角色 / 麓燕的荣誉与阵营,世设：多元宇宙的构成,第三方
阵营,9 世设\其他世设\OA-L5R\麓燕战役设定集\角色\麓燕的荣誉与阵营\阵营.html,7,世设：多元宇宙的构成 / 第三方 / [部分内容] 东方冒险 Oriental Adventures / 麓燕战役设定集 / 角色 / 麓燕的荣誉与阵营,世设：多元宇宙的构成,第三方
麓燕的进阶职业,,6,世设：多元宇宙的构成 / 第三方 / [部分内容] 东方冒险 Oriental Adventures / 麓燕战役设定集 / 角色,世设：多元宇宙的构成,第三方
阿克夏宗师,9 世设\其他世设\OA-L5R\麓燕战役设定集\角色\麓燕的进阶职业\阿克夏宗师.html,7,世设：多元宇宙的构成 / 第三方 / [部分内容] 东方冒险 Oriental Adventures / 麓燕战役设定集 / 角色 / 麓燕的进阶职业,世设：多元宇宙的构成,第三方
翡翠奉行,9 世设\其他世设\OA-L5R\麓燕战役设定集\角色\麓燕的进阶职业\翡翠奉行.html,7,世设：多元宇宙的构成 / 第三方 / [部分内容] 东方冒险 Oriental Adventures / 麓燕战役设定集 / 角色 / 麓燕的进阶职业,世设：多元宇宙的构成,第三方
风暴军团,9 世设\其他世设\OA-L5R\麓燕战役设定集\角色\麓燕的进阶职业\风暴军团.html,7,世设：多元宇宙的构成 / 第三方 / [部分内容] 东方冒险 Oriental Adventures / 麓燕战役设定集 / 角色 / 麓燕的进阶职业,世设：多元宇宙的构成,第三方
攻城大师,9 世设\其他世设\OA-L5R\麓燕战役设定集\角色\麓燕的进阶职业\攻城大师.html,7,世设：多元宇宙的构成 / 第三方 / [部分内容] 东方冒险 Oriental Adventures / 麓燕战役设定集 / 角色 / 麓燕的进阶职业,世设：多元宇宙的构成,第三方
关于进阶职业的说明,9 世设\其他世设\OA-L5R\麓燕战役设定集\角色\麓燕的进阶职业\关于进阶职业的说明.html,7,世设：多元宇宙的构成 / 第三方 / [部分内容] 东方冒险 Oriental Adventures / 麓燕战役设定集 / 角色 / 麓燕的进阶职业,世设：多元宇宙的构成,第三方
黄蜂赏金猎人,9 世设\其他世设\OA-L5R\麓燕战役设定集\角色\麓燕的进阶职业\黄蜂赏金猎人.html,7,世设：多元宇宙的构成 / 第三方 / [部分内容] 东方冒险 Oriental Adventures / 麓燕战役设定集 / 角色 / 麓燕的进阶职业,世设：多元宇宙的构成,第三方
谋臣,9 世设\其他世设\OA-L5R\麓燕战役设定集\角色\麓燕的进阶职业\谋臣.html,7,世设：多元宇宙的构成 / 第三方 / [部分内容] 东方冒险 Oriental Adventures / 麓燕战役设定集 / 角色 / 麓燕的进阶职业,世设：多元宇宙的构成,第三方
潜龙剑豪,9 世设\其他世设\OA-L5R\麓燕战役设定集\角色\麓燕的进阶职业\潜龙剑豪.html,7,世设：多元宇宙的构成 / 第三方 / [部分内容] 东方冒险 Oriental Adventures / 麓燕战役设定集 / 角色 / 麓燕的进阶职业,世设：多元宇宙的构成,第三方
鼠人萨满,9 世设\其他世设\OA-L5R\麓燕战役设定集\角色\麓燕的进阶职业\鼠人萨满.html,7,世设：多元宇宙的构成 / 第三方 / [部分内容] 东方冒险 Oriental Adventures / 麓燕战役设定集 / 角色 / 麓燕的进阶职业,世设：多元宇宙的构成,第三方
四津之剑,9 世设\其他世设\OA-L5R\麓燕战役设定集\角色\麓燕的进阶职业\四津之剑.html,7,世设：多元宇宙的构成 / 第三方 / [部分内容] 东方冒险 Oriental Adventures / 麓燕战役设定集 / 角色 / 麓燕的进阶职业,世设：多元宇宙的构成,第三方
武优,9 世设\其他世设\OA-L5R\麓燕战役设定集\角色\麓燕的进阶职业\武优.html,7,世设：多元宇宙的构成 / 第三方 / [部分内容] 东方冒险 Oriental Adventures / 麓燕战役设定集 / 角色 / 麓燕的进阶职业,世设：多元宇宙的构成,第三方
新条开拓者,9 世设\其他世设\OA-L5R\麓燕战役设定集\角色\麓燕的进阶职业\新条开拓者.html,7,世设：多元宇宙的构成 / 第三方 / [部分内容] 东方冒险 Oriental Adventures / 麓燕战役设定集 / 角色 / 麓燕的进阶职业,世设：多元宇宙的构成,第三方
雄狮之傲,9 世设\其他世设\OA-L5R\麓燕战役设定集\角色\麓燕的进阶职业\雄狮之傲.html,7,世设：多元宇宙的构成 / 第三方 / [部分内容] 东方冒险 Oriental Adventures / 麓燕战役设定集 / 角色 / 麓燕的进阶职业,世设：多元宇宙的构成,第三方
疑世密探,9 世设\其他世设\OA-L5R\麓燕战役设定集\角色\麓燕的进阶职业\疑世密探.html,7,世设：多元宇宙的构成 / 第三方 / [部分内容] 东方冒险 Oriental Adventures / 麓燕战役设定集 / 角色 / 麓燕的进阶职业,世设：多元宇宙的构成,第三方
艺匠,9 世设\其他世设\OA-L5R\麓燕战役设定集\角色\麓燕的进阶职业\艺匠.html,7,世设：多元宇宙的构成 / 第三方 / [部分内容] 东方冒险 Oriental Adventures / 麓燕战役设定集 / 角色 / 麓燕的进阶职业,世设：多元宇宙的构成,第三方
阴影之地历战者,9 世设\其他世设\OA-L5R\麓燕战役设定集\角色\麓燕的进阶职业\阴影之地历战者.html,7,世设：多元宇宙的构成 / 第三方 / [部分内容] 东方冒险 Oriental Adventures / 麓燕战役设定集 / 角色 / 麓燕的进阶职业,世设：多元宇宙的构成,第三方
元素卫士,9 世设\其他世设\OA-L5R\麓燕战役设定集\角色\麓燕的进阶职业\元素卫士.html,7,世设：多元宇宙的构成 / 第三方 / [部分内容] 东方冒险 Oriental Adventures / 麓燕战役设定集 / 角色 / 麓燕的进阶职业,世设：多元宇宙的构成,第三方
麓燕的魔法,,5,世设：多元宇宙的构成 / 第三方 / [部分内容] 东方冒险 Oriental Adventures / 麓燕战役设定集,世设：多元宇宙的构成,第三方
《东方冒险》的新法术,,6,世设：多元宇宙的构成 / 第三方 / [部分内容] 东方冒险 Oriental Adventures / 麓燕战役设定集 / 麓燕的魔法,世设：多元宇宙的构成,第三方
《东方冒险》的新法术,9 世设\其他世设\OA-L5R\麓燕战役设定集\麓燕的魔法\《东方冒险》的新法术\《东方冒险》的新法术.html,7,世设：多元宇宙的构成 / 第三方 / [部分内容] 东方冒险 Oriental Adventures / 麓燕战役设定集 / 麓燕的魔法 / 《东方冒险》的新法术,世设：多元宇宙的构成,第三方
修验者学派法术,9 世设\其他世设\OA-L5R\麓燕战役设定集\麓燕的魔法\《东方冒险》的新法术\修验者学派法术.html,7,世设：多元宇宙的构成 / 第三方 / [部分内容] 东方冒险 Oriental Adventures / 麓燕战役设定集 / 麓燕的魔法 / 《东方冒险》的新法术,世设：多元宇宙的构成,第三方
新法术详述,9 世设\其他世设\OA-L5R\麓燕战役设定集\麓燕的魔法\《东方冒险》的新法术\新法术详述.html,7,世设：多元宇宙的构成 / 第三方 / [部分内容] 东方冒险 Oriental Adventures / 麓燕战役设定集 / 麓燕的魔法 / 《东方冒险》的新法术,世设：多元宇宙的构成,第三方
麓燕的魔法,,6,世设：多元宇宙的构成 / 第三方 / [部分内容] 东方冒险 Oriental Adventures / 麓燕战役设定集 / 麓燕的魔法,世设：多元宇宙的构成,第三方
麓燕的魔法,9 世设\其他世设\OA-L5R\麓燕战役设定集\麓燕的魔法\麓燕的魔法\麓燕的魔法.html,7,世设：多元宇宙的构成 / 第三方 / [部分内容] 东方冒险 Oriental Adventures / 麓燕战役设定集 / 麓燕的魔法 / 麓燕的魔法,世设：多元宇宙的构成,第三方
精魂位序,9 世设\其他世设\OA-L5R\麓燕战役设定集\麓燕的魔法\麓燕的魔法\精魂位序.html,7,世设：多元宇宙的构成 / 第三方 / [部分内容] 东方冒险 Oriental Adventures / 麓燕战役设定集 / 麓燕的魔法 / 麓燕的魔法,世设：多元宇宙的构成,第三方
法术与魔法,,7,世设：多元宇宙的构成 / 第三方 / [部分内容] 东方冒险 Oriental Adventures / 麓燕战役设定集 / 麓燕的魔法 / 麓燕的魔法,世设：多元宇宙的构成,第三方
仪式魔法,9 世设\其他世设\OA-L5R\麓燕战役设定集\麓燕的魔法\麓燕的魔法\法术与魔法\仪式魔法.html,8,世设：多元宇宙的构成 / 第三方 / [部分内容] 东方冒险 Oriental Adventures / 麓燕战役设定集 / 麓燕的魔法 / 麓燕的魔法 / 法术与魔法,世设：多元宇宙的构成,第三方
秘传法术,9 世设\其他世设\OA-L5R\麓燕战役设定集\麓燕的魔法\麓燕的魔法\法术与魔法\秘传法术.html,8,世设：多元宇宙的构成 / 第三方 / [部分内容] 东方冒险 Oriental Adventures / 麓燕战役设定集 / 麓燕的魔法 / 麓燕的魔法 / 法术与魔法,世设：多元宇宙的构成,第三方
法术与魔法,9 世设\其他世设\OA-L5R\麓燕战役设定集\麓燕的魔法\麓燕的魔法\法术与魔法\法术与魔法.html,8,世设：多元宇宙的构成 / 第三方 / [部分内容] 东方冒险 Oriental Adventures / 麓燕战役设定集 / 麓燕的魔法 / 麓燕的魔法 / 法术与魔法,世设：多元宇宙的构成,第三方
修验者法术,,6,世设：多元宇宙的构成 / 第三方 / [部分内容] 东方冒险 Oriental Adventures / 麓燕战役设定集 / 麓燕的魔法,世设：多元宇宙的构成,第三方
修验者法术,9 世设\其他世设\OA-L5R\麓燕战役设定集\麓燕的魔法\修验者法术\修验者法术.html,7,世设：多元宇宙的构成 / 第三方 / [部分内容] 东方冒险 Oriental Adventures / 麓燕战役设定集 / 麓燕的魔法 / 修验者法术,世设：多元宇宙的构成,第三方
元素学派,9 世设\其他世设\OA-L5R\麓燕战役设定集\麓燕的魔法\修验者法术\元素学派.html,7,世设：多元宇宙的构成 / 第三方 / [部分内容] 东方冒险 Oriental Adventures / 麓燕战役设定集 / 麓燕的魔法 / 修验者法术,世设：多元宇宙的构成,第三方
新修验者法术,9 世设\其他世设\OA-L5R\麓燕战役设定集\麓燕的魔法\修验者法术\新修验者法术.html,7,世设：多元宇宙的构成 / 第三方 / [部分内容] 东方冒险 Oriental Adventures / 麓燕战役设定集 / 麓燕的魔法 / 修验者法术,世设：多元宇宙的构成,第三方
虚空魔法,,6,世设：多元宇宙的构成 / 第三方 / [部分内容] 东方冒险 Oriental Adventures / 麓燕战役设定集 / 麓燕的魔法,世设：多元宇宙的构成,第三方
虚空魔法,9 世设\其他世设\OA-L5R\麓燕战役设定集\麓燕的魔法\虚空魔法\虚空魔法.html,7,世设：多元宇宙的构成 / 第三方 / [部分内容] 东方冒险 Oriental Adventures / 麓燕战役设定集 / 麓燕的魔法 / 虚空魔法,世设：多元宇宙的构成,第三方
新虚空法术,9 世设\其他世设\OA-L5R\麓燕战役设定集\麓燕的魔法\虚空魔法\新虚空法术.html,7,世设：多元宇宙的构成 / 第三方 / [部分内容] 东方冒险 Oriental Adventures / 麓燕战役设定集 / 麓燕的魔法 / 虚空魔法,世设：多元宇宙的构成,第三方
邪术,,6,世设：多元宇宙的构成 / 第三方 / [部分内容] 东方冒险 Oriental Adventures / 麓燕战役设定集 / 麓燕的魔法,世设：多元宇宙的构成,第三方
邪术,9 世设\其他世设\OA-L5R\麓燕战役设定集\麓燕的魔法\邪术\邪术.html,7,世设：多元宇宙的构成 / 第三方 / [部分内容] 东方冒险 Oriental Adventures / 麓燕战役设定集 / 麓燕的魔法 / 邪术,世设：多元宇宙的构成,第三方
新邪术法术,9 世设\其他世设\OA-L5R\麓燕战役设定集\麓燕的魔法\邪术\新邪术法术.html,7,世设：多元宇宙的构成 / 第三方 / [部分内容] 东方冒险 Oriental Adventures / 麓燕战役设定集 / 麓燕的魔法 / 邪术,世设：多元宇宙的构成,第三方
生活在麓燕,,5,世设：多元宇宙的构成 / 第三方 / [部分内容] 东方冒险 Oriental Adventures / 麓燕战役设定集,世设：多元宇宙的构成,第三方
生活在麓燕,9 世设\其他世设\OA-L5R\麓燕战役设定集\生活在麓燕\生活在麓燕.html,6,世设：多元宇宙的构成 / 第三方 / [部分内容] 东方冒险 Oriental Adventures / 麓燕战役设定集 / 生活在麓燕,世设：多元宇宙的构成,第三方
异乡人的第一位武士,9 世设\其他世设\OA-L5R\麓燕战役设定集\生活在麓燕\异乡人的第一位武士.html,6,世设：多元宇宙的构成 / 第三方 / [部分内容] 东方冒险 Oriental Adventures / 麓燕战役设定集 / 生活在麓燕,世设：多元宇宙的构成,第三方
第一支冒险队伍,9 世设\其他世设\OA-L5R\麓燕战役设定集\生活在麓燕\第一支冒险队伍.html,6,世设：多元宇宙的构成 / 第三方 / [部分内容] 东方冒险 Oriental Adventures / 麓燕战役设定集 / 生活在麓燕,世设：多元宇宙的构成,第三方
战役的维持,,6,世设：多元宇宙的构成 / 第三方 / [部分内容] 东方冒险 Oriental Adventures / 麓燕战役设定集 / 生活在麓燕,世设：多元宇宙的构成,第三方
战役的维持,9 世设\其他世设\OA-L5R\麓燕战役设定集\生活在麓燕\战役的维持\战役的维持.html,7,世设：多元宇宙的构成 / 第三方 / [部分内容] 东方冒险 Oriental Adventures / 麓燕战役设定集 / 生活在麓燕 / 战役的维持,世设：多元宇宙的构成,第三方
阴谋,9 世设\其他世设\OA-L5R\麓燕战役设定集\生活在麓燕\战役的维持\阴谋.html,7,世设：多元宇宙的构成 / 第三方 / [部分内容] 东方冒险 Oriental Adventures / 麓燕战役设定集 / 生活在麓燕 / 战役的维持,世设：多元宇宙的构成,第三方
荣誉与职责,9 世设\其他世设\OA-L5R\麓燕战役设定集\生活在麓燕\战役的维持\荣誉与职责.html,7,世设：多元宇宙的构成 / 第三方 / [部分内容] 东方冒险 Oriental Adventures / 麓燕战役设定集 / 生活在麓燕 / 战役的维持,世设：多元宇宙的构成,第三方
礼仪,9 世设\其他世设\OA-L5R\麓燕战役设定集\生活在麓燕\战役的维持\礼仪.html,7,世设：多元宇宙的构成 / 第三方 / [部分内容] 东方冒险 Oriental Adventures / 麓燕战役设定集 / 生活在麓燕 / 战役的维持,世设：多元宇宙的构成,第三方
其他差异,9 世设\其他世设\OA-L5R\麓燕战役设定集\生活在麓燕\战役的维持\其他差异.html,7,世设：多元宇宙的构成 / 第三方 / [部分内容] 东方冒险 Oriental Adventures / 麓燕战役设定集 / 生活在麓燕 / 战役的维持,世设：多元宇宙的构成,第三方
习俗与文化,,6,世设：多元宇宙的构成 / 第三方 / [部分内容] 东方冒险 Oriental Adventures / 麓燕战役设定集 / 生活在麓燕,世设：多元宇宙的构成,第三方
习俗与文化,9 世设\其他世设\OA-L5R\麓燕战役设定集\生活在麓燕\习俗与文化\习俗与文化.html,7,世设：多元宇宙的构成 / 第三方 / [部分内容] 东方冒险 Oriental Adventures / 麓燕战役设定集 / 生活在麓燕 / 习俗与文化,世设：多元宇宙的构成,第三方
武士,9 世设\其他世设\OA-L5R\麓燕战役设定集\生活在麓燕\习俗与文化\武士.html,7,世设：多元宇宙的构成 / 第三方 / [部分内容] 东方冒险 Oriental Adventures / 麓燕战役设定集 / 生活在麓燕 / 习俗与文化,世设：多元宇宙的构成,第三方
天皇,9 世设\其他世设\OA-L5R\麓燕战役设定集\生活在麓燕\习俗与文化\天皇.html,7,世设：多元宇宙的构成 / 第三方 / [部分内容] 东方冒险 Oriental Adventures / 麓燕战役设定集 / 生活在麓燕 / 习俗与文化,世设：多元宇宙的构成,第三方
公家,9 世设\其他世设\OA-L5R\麓燕战役设定集\生活在麓燕\习俗与文化\公家.html,7,世设：多元宇宙的构成 / 第三方 / [部分内容] 东方冒险 Oriental Adventures / 麓燕战役设定集 / 生活在麓燕 / 习俗与文化,世设：多元宇宙的构成,第三方
武家,9 世设\其他世设\OA-L5R\麓燕战役设定集\生活在麓燕\习俗与文化\武家.html,7,世设：多元宇宙的构成 / 第三方 / [部分内容] 东方冒险 Oriental Adventures / 麓燕战役设定集 / 生活在麓燕 / 习俗与文化,世设：多元宇宙的构成,第三方
僧侣,9 世设\其他世设\OA-L5R\麓燕战役设定集\生活在麓燕\习俗与文化\僧侣.html,7,世设：多元宇宙的构成 / 第三方 / [部分内容] 东方冒险 Oriental Adventures / 麓燕战役设定集 / 生活在麓燕 / 习俗与文化,世设：多元宇宙的构成,第三方
凡愚,9 世设\其他世设\OA-L5R\麓燕战役设定集\生活在麓燕\习俗与文化\凡愚.html,7,世设：多元宇宙的构成 / 第三方 / [部分内容] 东方冒险 Oriental Adventures / 麓燕战役设定集 / 生活在麓燕 / 习俗与文化,世设：多元宇宙的构成,第三方
秽多,9 世设\其他世设\OA-L5R\麓燕战役设定集\生活在麓燕\习俗与文化\秽多.html,7,世设：多元宇宙的构成 / 第三方 / [部分内容] 东方冒险 Oriental Adventures / 麓燕战役设定集 / 生活在麓燕 / 习俗与文化,世设：多元宇宙的构成,第三方
艺伎,9 世设\其他世设\OA-L5R\麓燕战役设定集\生活在麓燕\习俗与文化\艺伎.html,7,世设：多元宇宙的构成 / 第三方 / [部分内容] 东方冒险 Oriental Adventures / 麓燕战役设定集 / 生活在麓燕 / 习俗与文化,世设：多元宇宙的构成,第三方
军事等级,9 世设\其他世设\OA-L5R\麓燕战役设定集\生活在麓燕\习俗与文化\军事等级.html,7,世设：多元宇宙的构成 / 第三方 / [部分内容] 东方冒险 Oriental Adventures / 麓燕战役设定集 / 生活在麓燕 / 习俗与文化,世设：多元宇宙的构成,第三方
时辰与季节,,7,世设：多元宇宙的构成 / 第三方 / [部分内容] 东方冒险 Oriental Adventures / 麓燕战役设定集 / 生活在麓燕 / 习俗与文化,世设：多元宇宙的构成,第三方
时辰与季节,9 世设\其他世设\OA-L5R\麓燕战役设定集\生活在麓燕\习俗与文化\时辰与季节\时辰与季节.html,8,世设：多元宇宙的构成 / 第三方 / [部分内容] 东方冒险 Oriental Adventures / 麓燕战役设定集 / 生活在麓燕 / 习俗与文化 / 时辰与季节,世设：多元宇宙的构成,第三方
春,9 世设\其他世设\OA-L5R\麓燕战役设定集\生活在麓燕\习俗与文化\时辰与季节\春.html,8,世设：多元宇宙的构成 / 第三方 / [部分内容] 东方冒险 Oriental Adventures / 麓燕战役设定集 / 生活在麓燕 / 习俗与文化 / 时辰与季节,世设：多元宇宙的构成,第三方
夏,9 世设\其他世设\OA-L5R\麓燕战役设定集\生活在麓燕\习俗与文化\时辰与季节\夏.html,8,世设：多元宇宙的构成 / 第三方 / [部分内容] 东方冒险 Oriental Adventures / 麓燕战役设定集 / 生活在麓燕 / 习俗与文化 / 时辰与季节,世设：多元宇宙的构成,第三方
冬,9 世设\其他世设\OA-L5R\麓燕战役设定集\生活在麓燕\习俗与文化\时辰与季节\冬.html,8,世设：多元宇宙的构成 / 第三方 / [部分内容] 东方冒险 Oriental Adventures / 麓燕战役设定集 / 生活在麓燕 / 习俗与文化 / 时辰与季节,世设：多元宇宙的构成,第三方
秋,9 世设\其他世设\OA-L5R\麓燕战役设定集\生活在麓燕\习俗与文化\时辰与季节\秋.html,8,世设：多元宇宙的构成 / 第三方 / [部分内容] 东方冒险 Oriental Adventures / 麓燕战役设定集 / 生活在麓燕 / 习俗与文化 / 时辰与季节,世设：多元宇宙的构成,第三方
地理知识,,7,世设：多元宇宙的构成 / 第三方 / [部分内容] 东方冒险 Oriental Adventures / 麓燕战役设定集 / 生活在麓燕 / 习俗与文化,世设：多元宇宙的构成,第三方
地理知识,9 世设\其他世设\OA-L5R\麓燕战役设定集\生活在麓燕\地理知识\地理知识.html,8,世设：多元宇宙的构成 / 第三方 / [部分内容] 东方冒险 Oriental Adventures / 麓燕战役设定集 / 生活在麓燕 / 习俗与文化 / 地理知识,世设：多元宇宙的构成,第三方
气候,9 世设\其他世设\OA-L5R\麓燕战役设定集\生活在麓燕\地理知识\气候.html,8,世设：多元宇宙的构成 / 第三方 / [部分内容] 东方冒险 Oriental Adventures / 麓燕战役设定集 / 生活在麓燕 / 习俗与文化 / 地理知识,世设：多元宇宙的构成,第三方
地震,9 世设\其他世设\OA-L5R\麓燕战役设定集\生活在麓燕\地理知识\地震.html,8,世设：多元宇宙的构成 / 第三方 / [部分内容] 东方冒险 Oriental Adventures / 麓燕战役设定集 / 生活在麓燕 / 习俗与文化 / 地理知识,世设：多元宇宙的构成,第三方
海啸,9 世设\其他世设\OA-L5R\麓燕战役设定集\生活在麓燕\地理知识\海啸.html,8,世设：多元宇宙的构成 / 第三方 / [部分内容] 东方冒险 Oriental Adventures / 麓燕战役设定集 / 生活在麓燕 / 习俗与文化 / 地理知识,世设：多元宇宙的构成,第三方
台风(飓风),9 世设\其他世设\OA-L5R\麓燕战役设定集\生活在麓燕\地理知识\台风（飓风）.html,8,世设：多元宇宙的构成 / 第三方 / [部分内容] 东方冒险 Oriental Adventures / 麓燕战役设定集 / 生活在麓燕 / 习俗与文化 / 地理知识,世设：多元宇宙的构成,第三方
洪水,9 世设\其他世设\OA-L5R\麓燕战役设定集\生活在麓燕\地理知识\洪水.html,8,世设：多元宇宙的构成 / 第三方 / [部分内容] 东方冒险 Oriental Adventures / 麓燕战役设定集 / 生活在麓燕 / 习俗与文化 / 地理知识,世设：多元宇宙的构成,第三方
植物群,9 世设\其他世设\OA-L5R\麓燕战役设定集\生活在麓燕\地理知识\植物群.html,8,世设：多元宇宙的构成 / 第三方 / [部分内容] 东方冒险 Oriental Adventures / 麓燕战役设定集 / 生活在麓燕 / 习俗与文化 / 地理知识,世设：多元宇宙的构成,第三方
动物群,9 世设\其他世设\OA-L5R\麓燕战役设定集\生活在麓燕\地理知识\动物群.html,8,世设：多元宇宙的构成 / 第三方 / [部分内容] 东方冒险 Oriental Adventures / 麓燕战役设定集 / 生活在麓燕 / 习俗与文化 / 地理知识,世设：多元宇宙的构成,第三方
风俗与法律,,6,世设：多元宇宙的构成 / 第三方 / [部分内容] 东方冒险 Oriental Adventures / 麓燕战役设定集 / 生活在麓燕,世设：多元宇宙的构成,第三方
政体,9 世设\其他世设\OA-L5R\麓燕战役设定集\生活在麓燕\风俗与法律\政体.html,7,世设：多元宇宙的构成 / 第三方 / [部分内容] 东方冒险 Oriental Adventures / 麓燕战役设定集 / 生活在麓燕 / 风俗与法律,世设：多元宇宙的构成,第三方
罪与罚,9 世设\其他世设\OA-L5R\麓燕战役设定集\生活在麓燕\风俗与法律\罪与罚.html,7,世设：多元宇宙的构成 / 第三方 / [部分内容] 东方冒险 Oriental Adventures / 麓燕战役设定集 / 生活在麓燕 / 风俗与法律,世设：多元宇宙的构成,第三方
旅行,9 世设\其他世设\OA-L5R\麓燕战役设定集\生活在麓燕\风俗与法律\旅行.html,7,世设：多元宇宙的构成 / 第三方 / [部分内容] 东方冒险 Oriental Adventures / 麓燕战役设定集 / 生活在麓燕 / 风俗与法律,世设：多元宇宙的构成,第三方
荣誉,9 世设\其他世设\OA-L5R\麓燕战役设定集\生活在麓燕\风俗与法律\荣誉.html,7,世设：多元宇宙的构成 / 第三方 / [部分内容] 东方冒险 Oriental Adventures / 麓燕战役设定集 / 生活在麓燕 / 风俗与法律,世设：多元宇宙的构成,第三方
游戏,9 世设\其他世设\OA-L5R\麓燕战役设定集\生活在麓燕\风俗与法律\游戏.html,7,世设：多元宇宙的构成 / 第三方 / [部分内容] 东方冒险 Oriental Adventures / 麓燕战役设定集 / 生活在麓燕 / 风俗与法律,世设：多元宇宙的构成,第三方
"关于""颜面""",9 世设\其他世设\OA-L5R\麓燕战役设定集\生活在麓燕\风俗与法律\关于“颜面”.html,7,世设：多元宇宙的构成 / 第三方 / [部分内容] 东方冒险 Oriental Adventures / 麓燕战役设定集 / 生活在麓燕 / 风俗与法律,世设：多元宇宙的构成,第三方
礼仪,,6,世设：多元宇宙的构成 / 第三方 / [部分内容] 东方冒险 Oriental Adventures / 麓燕战役设定集 / 生活在麓燕,世设：多元宇宙的构成,第三方
礼仪,9 世设\其他世设\OA-L5R\麓燕战役设定集\生活在麓燕\礼仪\礼仪.html,7,世设：多元宇宙的构成 / 第三方 / [部分内容] 东方冒险 Oriental Adventures / 麓燕战役设定集 / 生活在麓燕 / 礼仪,世设：多元宇宙的构成,第三方
鞠躬与下跪,9 世设\其他世设\OA-L5R\麓燕战役设定集\生活在麓燕\礼仪\鞠躬与下跪.html,7,世设：多元宇宙的构成 / 第三方 / [部分内容] 东方冒险 Oriental Adventures / 麓燕战役设定集 / 生活在麓燕 / 礼仪,世设：多元宇宙的构成,第三方
称呼方式,9 世设\其他世设\OA-L5R\麓燕战役设定集\生活在麓燕\礼仪\称呼方式.html,7,世设：多元宇宙的构成 / 第三方 / [部分内容] 东方冒险 Oriental Adventures / 麓燕战役设定集 / 生活在麓燕 / 礼仪,世设：多元宇宙的构成,第三方
赠礼,9 世设\其他世设\OA-L5R\麓燕战役设定集\生活在麓燕\礼仪\赠礼.html,7,世设：多元宇宙的构成 / 第三方 / [部分内容] 东方冒险 Oriental Adventures / 麓燕战役设定集 / 生活在麓燕 / 礼仪,世设：多元宇宙的构成,第三方
学习,9 世设\其他世设\OA-L5R\麓燕战役设定集\生活在麓燕\学习.html,6,世设：多元宇宙的构成 / 第三方 / [部分内容] 东方冒险 Oriental Adventures / 麓燕战役设定集 / 生活在麓燕,世设：多元宇宙的构成,第三方
冒险者,9 世设\其他世设\OA-L5R\麓燕战役设定集\生活在麓燕\冒险者.html,6,世设：多元宇宙的构成 / 第三方 / [部分内容] 东方冒险 Oriental Adventures / 麓燕战役设定集 / 生活在麓燕,世设：多元宇宙的构成,第三方
语言,9 世设\其他世设\OA-L5R\麓燕战役设定集\生活在麓燕\语言.html,6,世设：多元宇宙的构成 / 第三方 / [部分内容] 东方冒险 Oriental Adventures / 麓燕战役设定集 / 生活在麓燕,世设：多元宇宙的构成,第三方
货币与贸易,9 世设\其他世设\OA-L5R\麓燕战役设定集\生活在麓燕\货币与贸易.html,6,世设：多元宇宙的构成 / 第三方 / [部分内容] 东方冒险 Oriental Adventures / 麓燕战役设定集 / 生活在麓燕,世设：多元宇宙的构成,第三方
劳动,9 世设\其他世设\OA-L5R\麓燕战役设定集\生活在麓燕\劳动.html,6,世设：多元宇宙的构成 / 第三方 / [部分内容] 东方冒险 Oriental Adventures / 麓燕战役设定集 / 生活在麓燕,世设：多元宇宙的构成,第三方
氏族、家族与天皇,9 世设\其他世设\OA-L5R\麓燕战役设定集\生活在麓燕\氏族、家族与天皇.html,6,世设：多元宇宙的构成 / 第三方 / [部分内容] 东方冒险 Oriental Adventures / 麓燕战役设定集 / 生活在麓燕,世设：多元宇宙的构成,第三方
战争,9 世设\其他世设\OA-L5R\麓燕战役设定集\生活在麓燕\战争.html,6,世设：多元宇宙的构成 / 第三方 / [部分内容] 东方冒险 Oriental Adventures / 麓燕战役设定集 / 生活在麓燕,世设：多元宇宙的构成,第三方
货币,9 世设\其他世设\OA-L5R\麓燕战役设定集\生活在麓燕\货币.html,6,世设：多元宇宙的构成 / 第三方 / [部分内容] 东方冒险 Oriental Adventures / 麓燕战役设定集 / 生活在麓燕,世设：多元宇宙的构成,第三方
工艺与工程,9 世设\其他世设\OA-L5R\麓燕战役设定集\生活在麓燕\工艺与工程.html,6,世设：多元宇宙的构成 / 第三方 / [部分内容] 东方冒险 Oriental Adventures / 麓燕战役设定集 / 生活在麓燕,世设：多元宇宙的构成,第三方
魔法在社会中的地位,9 世设\其他世设\OA-L5R\麓燕战役设定集\生活在麓燕\魔法在社会中的地位.html,6,世设：多元宇宙的构成 / 第三方 / [部分内容] 东方冒险 Oriental Adventures / 麓燕战役设定集 / 生活在麓燕,世设：多元宇宙的构成,第三方
阴影之地的污染,9 世设\其他世设\OA-L5R\麓燕战役设定集\生活在麓燕\阴影之地的污染.html,6,世设：多元宇宙的构成 / 第三方 / [部分内容] 东方冒险 Oriental Adventures / 麓燕战役设定集 / 生活在麓燕,世设：多元宇宙的构成,第三方
麓燕的地理,,5,世设：多元宇宙的构成 / 第三方 / [部分内容] 东方冒险 Oriental Adventures / 麓燕战役设定集,世设：多元宇宙的构成,第三方
麓燕的地理,9 世设\其他世设\OA-L5R\麓燕战役设定集\麓燕的地理\麓燕的地理.html,6,世设：多元宇宙的构成 / 第三方 / [部分内容] 东方冒险 Oriental Adventures / 麓燕战役设定集 / 麓燕的地理,世设：多元宇宙的构成,第三方
巨蟹之地,9 世设\其他世设\OA-L5R\麓燕战役设定集\麓燕的地理\巨蟹之地.html,6,世设：多元宇宙的构成 / 第三方 / [部分内容] 东方冒险 Oriental Adventures / 麓燕战役设定集 / 麓燕的地理,世设：多元宇宙的构成,第三方
仙鹤之地,9 世设\其他世设\OA-L5R\麓燕战役设定集\麓燕的地理\仙鹤之地.html,6,世设：多元宇宙的构成 / 第三方 / [部分内容] 东方冒险 Oriental Adventures / 麓燕战役设定集 / 麓燕的地理,世设：多元宇宙的构成,第三方
潜龙之地,9 世设\其他世设\OA-L5R\麓燕战役设定集\麓燕的地理\潜龙之地.html,6,世设：多元宇宙的构成 / 第三方 / [部分内容] 东方冒险 Oriental Adventures / 麓燕战役设定集 / 麓燕的地理,世设：多元宇宙的构成,第三方
雄狮之地,9 世设\其他世设\OA-L5R\麓燕战役设定集\麓燕的地理\雄狮之地.html,6,世设：多元宇宙的构成 / 第三方 / [部分内容] 东方冒险 Oriental Adventures / 麓燕战役设定集 / 麓燕的地理,世设：多元宇宙的构成,第三方
螳螂之地,9 世设\其他世设\OA-L5R\麓燕战役设定集\麓燕的地理\螳螂之地.html,6,世设：多元宇宙的构成 / 第三方 / [部分内容] 东方冒险 Oriental Adventures / 麓燕战役设定集 / 麓燕的地理,世设：多元宇宙的构成,第三方
纳迦之地,9 世设\其他世设\OA-L5R\麓燕战役设定集\麓燕的地理\纳迦之地.html,6,世设：多元宇宙的构成 / 第三方 / [部分内容] 东方冒险 Oriental Adventures / 麓燕战役设定集 / 麓燕的地理,世设：多元宇宙的构成,第三方
凤凰之地,9 世设\其他世设\OA-L5R\麓燕战役设定集\麓燕的地理\凤凰之地.html,6,世设：多元宇宙的构成 / 第三方 / [部分内容] 东方冒险 Oriental Adventures / 麓燕战役设定集 / 麓燕的地理,世设：多元宇宙的构成,第三方
毒蝎之地,9 世设\其他世设\OA-L5R\麓燕战役设定集\麓燕的地理\毒蝎之地.html,6,世设：多元宇宙的构成 / 第三方 / [部分内容] 东方冒险 Oriental Adventures / 麓燕战役设定集 / 麓燕的地理,世设：多元宇宙的构成,第三方
奇麟之地,9 世设\其他世设\OA-L5R\麓燕战役设定集\麓燕的地理\奇麟之地.html,6,世设：多元宇宙的构成 / 第三方 / [部分内容] 东方冒险 Oriental Adventures / 麓燕战役设定集 / 麓燕的地理,世设：多元宇宙的构成,第三方
次级氏族与中立之地,9 世设\其他世设\OA-L5R\麓燕战役设定集\麓燕的地理\次级氏族与中立之地.html,6,世设：多元宇宙的构成 / 第三方 / [部分内容] 东方冒险 Oriental Adventures / 麓燕战役设定集 / 麓燕的地理,世设：多元宇宙的构成,第三方
神祇和宇宙,,5,世设：多元宇宙的构成 / 第三方 / [部分内容] 东方冒险 Oriental Adventures / 麓燕战役设定集,世设：多元宇宙的构成,第三方
魂域,9 世设\其他世设\OA-L5R\麓燕战役设定集\神祇和宇宙\魂域.html,6,世设：多元宇宙的构成 / 第三方 / [部分内容] 东方冒险 Oriental Adventures / 麓燕战役设定集 / 神祇和宇宙,世设：多元宇宙的构成,第三方
命神,9 世设\其他世设\OA-L5R\麓燕战役设定集\神祇和宇宙\命神.html,6,世设：多元宇宙的构成 / 第三方 / [部分内容] 东方冒险 Oriental Adventures / 麓燕战役设定集 / 神祇和宇宙,世设：多元宇宙的构成,第三方
神明、日后与月主,9 世设\其他世设\OA-L5R\麓燕战役设定集\神祇和宇宙\神明、日后与月主.html,6,世设：多元宇宙的构成 / 第三方 / [部分内容] 东方冒险 Oriental Adventures / 麓燕战役设定集 / 神祇和宇宙,世设：多元宇宙的构成,第三方
符冷,9 世设\其他世设\OA-L5R\麓燕战役设定集\神祇和宇宙\符冷.html,6,世设：多元宇宙的构成 / 第三方 / [部分内容] 东方冒险 Oriental Adventures / 麓燕战役设定集 / 神祇和宇宙,世设：多元宇宙的构成,第三方
先祖,9 世设\其他世设\OA-L5R\麓燕战役设定集\神祇和宇宙\先祖.html,6,世设：多元宇宙的构成 / 第三方 / [部分内容] 东方冒险 Oriental Adventures / 麓燕战役设定集 / 神祇和宇宙,世设：多元宇宙的构成,第三方
罪孽与赎罪,9 世设\其他世设\OA-L5R\麓燕战役设定集\神祇和宇宙\罪孽与赎罪.html,6,世设：多元宇宙的构成 / 第三方 / [部分内容] 东方冒险 Oriental Adventures / 麓燕战役设定集 / 神祇和宇宙,世设：多元宇宙的构成,第三方
神龙,9 世设\其他世设\OA-L5R\麓燕战役设定集\神祇和宇宙\神龙.html,6,世设：多元宇宙的构成 / 第三方 / [部分内容] 东方冒险 Oriental Adventures / 麓燕战役设定集 / 神祇和宇宙,世设：多元宇宙的构成,第三方
麓燕的历史,,5,世设：多元宇宙的构成 / 第三方 / [部分内容] 东方冒险 Oriental Adventures / 麓燕战役设定集,世设：多元宇宙的构成,第三方
引言,9 世设\其他世设\OA-L5R\麓燕战役设定集\麓燕的历史\引言.html,6,世设：多元宇宙的构成 / 第三方 / [部分内容] 东方冒险 Oriental Adventures / 麓燕战役设定集 / 麓燕的历史,世设：多元宇宙的构成,第三方
史前时期,9 世设\其他世设\OA-L5R\麓燕战役设定集\麓燕的历史\史前时期.html,6,世设：多元宇宙的构成 / 第三方 / [部分内容] 东方冒险 Oriental Adventures / 麓燕战役设定集 / 麓燕的历史,世设：多元宇宙的构成,第三方
第一世纪,9 世设\其他世设\OA-L5R\麓燕战役设定集\麓燕的历史\第一世纪.html,6,世设：多元宇宙的构成 / 第三方 / [部分内容] 东方冒险 Oriental Adventures / 麓燕战役设定集 / 麓燕的历史,世设：多元宇宙的构成,第三方
第二世纪,9 世设\其他世设\OA-L5R\麓燕战役设定集\麓燕的历史\第二世纪.html,6,世设：多元宇宙的构成 / 第三方 / [部分内容] 东方冒险 Oriental Adventures / 麓燕战役设定集 / 麓燕的历史,世设：多元宇宙的构成,第三方
第三世纪,9 世设\其他世设\OA-L5R\麓燕战役设定集\麓燕的历史\第三世纪.html,6,世设：多元宇宙的构成 / 第三方 / [部分内容] 东方冒险 Oriental Adventures / 麓燕战役设定集 / 麓燕的历史,世设：多元宇宙的构成,第三方
第四世纪,9 世设\其他世设\OA-L5R\麓燕战役设定集\麓燕的历史\第四世纪.html,6,世设：多元宇宙的构成 / 第三方 / [部分内容] 东方冒险 Oriental Adventures / 麓燕战役设定集 / 麓燕的历史,世设：多元宇宙的构成,第三方
第五世纪,9 世设\其他世设\OA-L5R\麓燕战役设定集\麓燕的历史\第五世纪.html,6,世设：多元宇宙的构成 / 第三方 / [部分内容] 东方冒险 Oriental Adventures / 麓燕战役设定集 / 麓燕的历史,世设：多元宇宙的构成,第三方
第六世纪,9 世设\其他世设\OA-L5R\麓燕战役设定集\麓燕的历史\第六世纪.html,6,世设：多元宇宙的构成 / 第三方 / [部分内容] 东方冒险 Oriental Adventures / 麓燕战役设定集 / 麓燕的历史,世设：多元宇宙的构成,第三方
第七世纪,9 世设\其他世设\OA-L5R\麓燕战役设定集\麓燕的历史\第七世纪.html,6,世设：多元宇宙的构成 / 第三方 / [部分内容] 东方冒险 Oriental Adventures / 麓燕战役设定集 / 麓燕的历史,世设：多元宇宙的构成,第三方
第八世纪,9 世设\其他世设\OA-L5R\麓燕战役设定集\麓燕的历史\第八世纪.html,6,世设：多元宇宙的构成 / 第三方 / [部分内容] 东方冒险 Oriental Adventures / 麓燕战役设定集 / 麓燕的历史,世设：多元宇宙的构成,第三方
第九世纪,9 世设\其他世设\OA-L5R\麓燕战役设定集\麓燕的历史\第九世纪.html,6,世设：多元宇宙的构成 / 第三方 / [部分内容] 东方冒险 Oriental Adventures / 麓燕战役设定集 / 麓燕的历史,世设：多元宇宙的构成,第三方
第十世纪,9 世设\其他世设\OA-L5R\麓燕战役设定集\麓燕的历史\第十世纪.html,6,世设：多元宇宙的构成 / 第三方 / [部分内容] 东方冒险 Oriental Adventures / 麓燕战役设定集 / 麓燕的历史,世设：多元宇宙的构成,第三方
第十一世纪,9 世设\其他世设\OA-L5R\麓燕战役设定集\麓燕的历史\第十一世纪.html,6,世设：多元宇宙的构成 / 第三方 / [部分内容] 东方冒险 Oriental Adventures / 麓燕战役设定集 / 麓燕的历史,世设：多元宇宙的构成,第三方
十二世纪,9 世设\其他世设\OA-L5R\麓燕战役设定集\麓燕的历史\十二世纪.html,6,世设：多元宇宙的构成 / 第三方 / [部分内容] 东方冒险 Oriental Adventures / 麓燕战役设定集 / 麓燕的历史,世设：多元宇宙的构成,第三方
麓燕的组织,,5,世设：多元宇宙的构成 / 第三方 / [部分内容] 东方冒险 Oriental Adventures / 麓燕战役设定集,世设：多元宇宙的构成,第三方
引言,9 世设\其他世设\OA-L5R\麓燕战役设定集\麓燕的组织\引言.html,6,世设：多元宇宙的构成 / 第三方 / [部分内容] 东方冒险 Oriental Adventures / 麓燕战役设定集 / 麓燕的组织,世设：多元宇宙的构成,第三方
帝国奉行与翡翠军团,9 世设\其他世设\OA-L5R\麓燕战役设定集\麓燕的组织\帝国奉行与翡翠军团.html,6,世设：多元宇宙的构成 / 第三方 / [部分内容] 东方冒险 Oriental Adventures / 麓燕战役设定集 / 麓燕的组织,世设：多元宇宙的构成,第三方
血言者,9 世设\其他世设\OA-L5R\麓燕战役设定集\麓燕的组织\血言者.html,6,世设：多元宇宙的构成 / 第三方 / [部分内容] 东方冒险 Oriental Adventures / 麓燕战役设定集 / 麓燕的组织,世设：多元宇宙的构成,第三方
浪人众,9 世设\其他世设\OA-L5R\麓燕战役设定集\麓燕的组织\浪人众.html,6,世设：多元宇宙的构成 / 第三方 / [部分内容] 东方冒险 Oriental Adventures / 麓燕战役设定集 / 麓燕的组织,世设：多元宇宙的构成,第三方
疑世会,9 世设\其他世设\OA-L5R\麓燕战役设定集\麓燕的组织\疑世会.html,6,世设：多元宇宙的构成 / 第三方 / [部分内容] 东方冒险 Oriental Adventures / 麓燕战役设定集 / 麓燕的组织,世设：多元宇宙的构成,第三方
新生宗,9 世设\其他世设\OA-L5R\麓燕战役设定集\麓燕的组织\新生宗.html,6,世设：多元宇宙的构成 / 第三方 / [部分内容] 东方冒险 Oriental Adventures / 麓燕战役设定集 / 麓燕的组织,世设：多元宇宙的构成,第三方
忍者,9 世设\其他世设\OA-L5R\麓燕战役设定集\麓燕的组织\忍者.html,6,世设：多元宇宙的构成 / 第三方 / [部分内容] 东方冒险 Oriental Adventures / 麓燕战役设定集 / 麓燕的组织,世设：多元宇宙的构成,第三方
附录,,5,世设：多元宇宙的构成 / 第三方 / [部分内容] 东方冒险 Oriental Adventures / 麓燕战役设定集,世设：多元宇宙的构成,第三方
附录一：魔法物品,9 世设\其他世设\OA-L5R\麓燕战役设定集\附录\附录一：魔法物品.html,6,世设：多元宇宙的构成 / 第三方 / [部分内容] 东方冒险 Oriental Adventures / 麓燕战役设定集 / 附录,世设：多元宇宙的构成,第三方
附录二：麓雁的怪物,9 世设\其他世设\OA-L5R\麓燕战役设定集\附录\附录二：麓雁的怪物.html,6,世设：多元宇宙的构成 / 第三方 / [部分内容] 东方冒险 Oriental Adventures / 麓燕战役设定集 / 附录,世设：多元宇宙的构成,第三方
边栏集合,,5,世设：多元宇宙的构成 / 第三方 / [部分内容] 东方冒险 Oriental Adventures / 麓燕战役设定集,世设：多元宇宙的构成,第三方
常见命神,9 世设\其他世设\OA-L5R\麓燕战役设定集\边栏集合\常见命神.html,6,世设：多元宇宙的构成 / 第三方 / [部分内容] 东方冒险 Oriental Adventures / 麓燕战役设定集 / 边栏集合,世设：多元宇宙的构成,第三方
低贱技能,9 世设\其他世设\OA-L5R\麓燕战役设定集\边栏集合\低贱技能.html,6,世设：多元宇宙的构成 / 第三方 / [部分内容] 东方冒险 Oriental Adventures / 麓燕战役设定集 / 边栏集合,世设：多元宇宙的构成,第三方
东方冒险中的娜迦,9 世设\其他世设\OA-L5R\麓燕战役设定集\边栏集合\东方冒险中的娜迦.html,6,世设：多元宇宙的构成 / 第三方 / [部分内容] 东方冒险 Oriental Adventures / 麓燕战役设定集 / 边栏集合,世设：多元宇宙的构成,第三方
额外语言,9 世设\其他世设\OA-L5R\麓燕战役设定集\边栏集合\额外语言.html,6,世设：多元宇宙的构成 / 第三方 / [部分内容] 东方冒险 Oriental Adventures / 麓燕战役设定集 / 边栏集合,世设：多元宇宙的构成,第三方
共通法术,9 世设\其他世设\OA-L5R\麓燕战役设定集\边栏集合\共通法术.html,6,世设：多元宇宙的构成 / 第三方 / [部分内容] 东方冒险 Oriental Adventures / 麓燕战役设定集 / 边栏集合,世设：多元宇宙的构成,第三方
关于持续时间的说明,9 世设\其他世设\OA-L5R\麓燕战役设定集\边栏集合\关于持续时间的说明.html,6,世设：多元宇宙的构成 / 第三方 / [部分内容] 东方冒险 Oriental Adventures / 麓燕战役设定集 / 边栏集合,世设：多元宇宙的构成,第三方
关于进阶职业的说明,9 世设\其他世设\OA-L5R\麓燕战役设定集\边栏集合\关于进阶职业的说明.html,6,世设：多元宇宙的构成 / 第三方 / [部分内容] 东方冒险 Oriental Adventures / 麓燕战役设定集 / 边栏集合,世设：多元宇宙的构成,第三方
关于数据面板的注释,9 世设\其他世设\OA-L5R\麓燕战役设定集\边栏集合\关于数据面板的注释.html,6,世设：多元宇宙的构成 / 第三方 / [部分内容] 东方冒险 Oriental Adventures / 麓燕战役设定集 / 边栏集合,世设：多元宇宙的构成,第三方
关于武士刀的说明,9 世设\其他世设\OA-L5R\麓燕战役设定集\边栏集合\关于武士刀的说明.html,6,世设：多元宇宙的构成 / 第三方 / [部分内容] 东方冒险 Oriental Adventures / 麓燕战役设定集 / 边栏集合,世设：多元宇宙的构成,第三方
金币与石,9 世设\其他世设\OA-L5R\麓燕战役设定集\边栏集合\金币与石.html,6,世设：多元宇宙的构成 / 第三方 / [部分内容] 东方冒险 Oriental Adventures / 麓燕战役设定集 / 边栏集合,世设：多元宇宙的构成,第三方
绝技专长,9 世设\其他世设\OA-L5R\麓燕战役设定集\边栏集合\绝技专长.html,6,世设：多元宇宙的构成 / 第三方 / [部分内容] 东方冒险 Oriental Adventures / 麓燕战役设定集 / 边栏集合,世设：多元宇宙的构成,第三方
军事等级,9 世设\其他世设\OA-L5R\麓燕战役设定集\边栏集合\军事等级.html,6,世设：多元宇宙的构成 / 第三方 / [部分内容] 东方冒险 Oriental Adventures / 麓燕战役设定集 / 边栏集合,世设：多元宇宙的构成,第三方
陪臣家,9 世设\其他世设\OA-L5R\麓燕战役设定集\边栏集合\陪臣家.html,6,世设：多元宇宙的构成 / 第三方 / [部分内容] 东方冒险 Oriental Adventures / 麓燕战役设定集 / 边栏集合,世设：多元宇宙的构成,第三方
其他法术,9 世设\其他世设\OA-L5R\麓燕战役设定集\边栏集合\其他法术.html,6,世设：多元宇宙的构成 / 第三方 / [部分内容] 东方冒险 Oriental Adventures / 麓燕战役设定集 / 边栏集合,世设：多元宇宙的构成,第三方
荣誉与毁誉,9 世设\其他世设\OA-L5R\麓燕战役设定集\边栏集合\荣誉与毁誉.html,6,世设：多元宇宙的构成 / 第三方 / [部分内容] 东方冒险 Oriental Adventures / 麓燕战役设定集 / 边栏集合,世设：多元宇宙的构成,第三方
神示者名录,9 世设\其他世设\OA-L5R\麓燕战役设定集\边栏集合\神示者名录.html,6,世设：多元宇宙的构成 / 第三方 / [部分内容] 东方冒险 Oriental Adventures / 麓燕战役设定集 / 边栏集合,世设：多元宇宙的构成,第三方
氏族阵营,9 世设\其他世设\OA-L5R\麓燕战役设定集\边栏集合\氏族阵营.html,6,世设：多元宇宙的构成 / 第三方 / [部分内容] 东方冒险 Oriental Adventures / 麓燕战役设定集 / 边栏集合,世设：多元宇宙的构成,第三方
武士道的准则,9 世设\其他世设\OA-L5R\麓燕战役设定集\边栏集合\武士道的准则.html,6,世设：多元宇宙的构成 / 第三方 / [部分内容] 东方冒险 Oriental Adventures / 麓燕战役设定集 / 边栏集合,世设：多元宇宙的构成,第三方
虚空加值,9 世设\其他世设\OA-L5R\麓燕战役设定集\边栏集合\虚空加值.html,6,世设：多元宇宙的构成 / 第三方 / [部分内容] 东方冒险 Oriental Adventures / 麓燕战役设定集 / 边栏集合,世设：多元宇宙的构成,第三方
异客在异乡,9 世设\其他世设\OA-L5R\麓燕战役设定集\边栏集合\异客在异乡.html,6,世设：多元宇宙的构成 / 第三方 / [部分内容] 东方冒险 Oriental Adventures / 麓燕战役设定集 / 边栏集合,世设：多元宇宙的构成,第三方
异种与军用武器,9 世设\其他世设\OA-L5R\麓燕战役设定集\边栏集合\异种与军用武器.html,6,世设：多元宇宙的构成 / 第三方 / [部分内容] 东方冒险 Oriental Adventures / 麓燕战役设定集 / 边栏集合,世设：多元宇宙的构成,第三方
真名,9 世设\其他世设\OA-L5R\麓燕战役设定集\边栏集合\真名.html,6,世设：多元宇宙的构成 / 第三方 / [部分内容] 东方冒险 Oriental Adventures / 麓燕战役设定集 / 边栏集合,世设：多元宇宙的构成,第三方
[暂缺] 幽灵漫步 Ghostwalk,10 附录\填充页面.htm,3,世设：多元宇宙的构成 / 第三方,世设：多元宇宙的构成,第三方
[部分内容] 异度风景 Planescape,,3,世设：多元宇宙的构成 / 第三方,世设：多元宇宙的构成,第三方
[PSCS] 异度风景战役设定集,9 世设\其他世设\PS\PSCS封面.htm,4,世设：多元宇宙的构成 / 第三方 / [部分内容] 异度风景 Planescape,世设：多元宇宙的构成,第三方
1. 引言,9 世设\其他世设\PS\1引言.htm,5,世设：多元宇宙的构成 / 第三方 / [部分内容] 异度风景 Planescape / [PSCS] 异度风景战役设定集,世设：多元宇宙的构成,第三方
如何使用本书？,9 世设\其他世设\PS\1引言\如何使用本书.htm,6,世设：多元宇宙的构成 / 第三方 / [部分内容] 异度风景 Planescape / [PSCS] 异度风景战役设定集 / 1. 引言,世设：多元宇宙的构成,第三方
配套书目,9 世设\其他世设\PS\1引言\你还需要什么.htm,6,世设：多元宇宙的构成 / 第三方 / [部分内容] 异度风景 Planescape / [PSCS] 异度风景战役设定集 / 1. 引言,世设：多元宇宙的构成,第三方
多元宇宙与位面居民,9 世设\其他世设\PS\1引言\多元宇宙与位面居民.htm,6,世设：多元宇宙的构成 / 第三方 / [部分内容] 异度风景 Planescape / [PSCS] 异度风景战役设定集 / 1. 引言,世设：多元宇宙的构成,第三方
定义何为现实,9 世设\其他世设\PS\1引言\定义现实.htm,6,世设：多元宇宙的构成 / 第三方 / [部分内容] 异度风景 Planescape / [PSCS] 异度风景战役设定集 / 1. 引言,世设：多元宇宙的构成,第三方
阵营的区别,9 世设\其他世设\PS\1引言\阵营的区别.htm,6,世设：多元宇宙的构成 / 第三方 / [部分内容] 异度风景 Planescape / [PSCS] 异度风景战役设定集 / 1. 引言,世设：多元宇宙的构成,第三方
设定集的历史沿革,9 世设\其他世设\PS\1引言\设定集历史.htm,6,世设：多元宇宙的构成 / 第三方 / [部分内容] 异度风景 Planescape / [PSCS] 异度风景战役设定集 / 1. 引言,世设：多元宇宙的构成,第三方
冒险和阴谋,9 世设\其他世设\PS\1引言\冒险与阴谋.htm,6,世设：多元宇宙的构成 / 第三方 / [部分内容] 异度风景 Planescape / [PSCS] 异度风景战役设定集 / 1. 引言,世设：多元宇宙的构成,第三方
欢迎来到巨环,9 世设\其他世设\PS\1引言\巨环.htm,6,世设：多元宇宙的构成 / 第三方 / [部分内容] 异度风景 Planescape / [PSCS] 异度风景战役设定集 / 1. 引言,世设：多元宇宙的构成,第三方
基准位面,9 世设\其他世设\PS\1引言\基准位面.htm,7,世设：多元宇宙的构成 / 第三方 / [部分内容] 异度风景 Planescape / [PSCS] 异度风景战役设定集 / 1. 引言 / 欢迎来到巨环,世设：多元宇宙的构成,第三方
过渡和虚假位面,9 世设\其他世设\PS\1引言\过渡和虚假位面.htm,7,世设：多元宇宙的构成 / 第三方 / [部分内容] 异度风景 Planescape / [PSCS] 异度风景战役设定集 / 1. 引言 / 欢迎来到巨环,世设：多元宇宙的构成,第三方
印记城,9 世设\其他世设\PS\1引言\印记城.htm,7,世设：多元宇宙的构成 / 第三方 / [部分内容] 异度风景 Planescape / [PSCS] 异度风景战役设定集 / 1. 引言 / 欢迎来到巨环,世设：多元宇宙的构成,第三方
4. 技能专长和通用进阶,9 世设\其他世设\PS\4技能专长.htm,5,世设：多元宇宙的构成 / 第三方 / [部分内容] 异度风景 Planescape / [PSCS] 异度风景战役设定集,世设：多元宇宙的构成,第三方
新的技能,9 世设\其他世设\PS\4技能专长\技能部分.htm,6,世设：多元宇宙的构成 / 第三方 / [部分内容] 异度风景 Planescape / [PSCS] 异度风景战役设定集 / 4. 技能专长和通用进阶,世设：多元宇宙的构成,第三方
新的专长,9 世设\其他世设\PS\4技能专长\专长简表.htm,6,世设：多元宇宙的构成 / 第三方 / [部分内容] 异度风景 Planescape / [PSCS] 异度风景战役设定集 / 4. 技能专长和通用进阶,世设：多元宇宙的构成,第三方
一般专长,9 世设\其他世设\PS\4技能专长\一般专长.htm,7,世设：多元宇宙的构成 / 第三方 / [部分内容] 异度风景 Planescape / [PSCS] 异度风景战役设定集 / 4. 技能专长和通用进阶 / 新的专长,世设：多元宇宙的构成,第三方
派系专长,9 世设\其他世设\PS\4技能专长\派系专长简表.htm,7,世设：多元宇宙的构成 / 第三方 / [部分内容] 异度风景 Planescape / [PSCS] 异度风景战役设定集 / 4. 技能专长和通用进阶 / 新的专长,世设：多元宇宙的构成,第三方
A,9 世设\其他世设\PS\4技能专长\派系专长-A.htm,8,世设：多元宇宙的构成 / 第三方 / [部分内容] 异度风景 Planescape / [PSCS] 异度风景战役设定集 / 4. 技能专长和通用进阶 / 新的专长 / 派系专长,世设：多元宇宙的构成,第三方
B,9 世设\其他世设\PS\4技能专长\派系专长-B.htm,8,世设：多元宇宙的构成 / 第三方 / [部分内容] 异度风景 Planescape / [PSCS] 异度风景战役设定集 / 4. 技能专长和通用进阶 / 新的专长 / 派系专长,世设：多元宇宙的构成,第三方
C,,8,世设：多元宇宙的构成 / 第三方 / [部分内容] 异度风景 Planescape / [PSCS] 异度风景战役设定集 / 4. 技能专长和通用进阶 / 新的专长 / 派系专长,世设：多元宇宙的构成,第三方
D,,8,世设：多元宇宙的构成 / 第三方 / [部分内容] 异度风景 Planescape / [PSCS] 异度风景战役设定集 / 4. 技能专长和通用进阶 / 新的专长 / 派系专长,世设：多元宇宙的构成,第三方
E,,8,世设：多元宇宙的构成 / 第三方 / [部分内容] 异度风景 Planescape / [PSCS] 异度风景战役设定集 / 4. 技能专长和通用进阶 / 新的专长 / 派系专长,世设：多元宇宙的构成,第三方
F,,8,世设：多元宇宙的构成 / 第三方 / [部分内容] 异度风景 Planescape / [PSCS] 异度风景战役设定集 / 4. 技能专长和通用进阶 / 新的专长 / 派系专长,世设：多元宇宙的构成,第三方
G,,8,世设：多元宇宙的构成 / 第三方 / [部分内容] 异度风景 Planescape / [PSCS] 异度风景战役设定集 / 4. 技能专长和通用进阶 / 新的专长 / 派系专长,世设：多元宇宙的构成,第三方
H,,8,世设：多元宇宙的构成 / 第三方 / [部分内容] 异度风景 Planescape / [PSCS] 异度风景战役设定集 / 4. 技能专长和通用进阶 / 新的专长 / 派系专长,世设：多元宇宙的构成,第三方
I,,8,世设：多元宇宙的构成 / 第三方 / [部分内容] 异度风景 Planescape / [PSCS] 异度风景战役设定集 / 4. 技能专长和通用进阶 / 新的专长 / 派系专长,世设：多元宇宙的构成,第三方
J,,8,世设：多元宇宙的构成 / 第三方 / [部分内容] 异度风景 Planescape / [PSCS] 异度风景战役设定集 / 4. 技能专长和通用进阶 / 新的专长 / 派系专长,世设：多元宇宙的构成,第三方
K,,8,世设：多元宇宙的构成 / 第三方 / [部分内容] 异度风景 Planescape / [PSCS] 异度风景战役设定集 / 4. 技能专长和通用进阶 / 新的专长 / 派系专长,世设：多元宇宙的构成,第三方
L,,8,世设：多元宇宙的构成 / 第三方 / [部分内容] 异度风景 Planescape / [PSCS] 异度风景战役设定集 / 4. 技能专长和通用进阶 / 新的专长 / 派系专长,世设：多元宇宙的构成,第三方
M,,8,世设：多元宇宙的构成 / 第三方 / [部分内容] 异度风景 Planescape / [PSCS] 异度风景战役设定集 / 4. 技能专长和通用进阶 / 新的专长 / 派系专长,世设：多元宇宙的构成,第三方
N,,8,世设：多元宇宙的构成 / 第三方 / [部分内容] 异度风景 Planescape / [PSCS] 异度风景战役设定集 / 4. 技能专长和通用进阶 / 新的专长 / 派系专长,世设：多元宇宙的构成,第三方
O,,8,世设：多元宇宙的构成 / 第三方 / [部分内容] 异度风景 Planescape / [PSCS] 异度风景战役设定集 / 4. 技能专长和通用进阶 / 新的专长 / 派系专长,世设：多元宇宙的构成,第三方
P,,8,世设：多元宇宙的构成 / 第三方 / [部分内容] 异度风景 Planescape / [PSCS] 异度风景战役设定集 / 4. 技能专长和通用进阶 / 新的专长 / 派系专长,世设：多元宇宙的构成,第三方
R,,8,世设：多元宇宙的构成 / 第三方 / [部分内容] 异度风景 Planescape / [PSCS] 异度风景战役设定集 / 4. 技能专长和通用进阶 / 新的专长 / 派系专长,世设：多元宇宙的构成,第三方
S,,8,世设：多元宇宙的构成 / 第三方 / [部分内容] 异度风景 Planescape / [PSCS] 异度风景战役设定集 / 4. 技能专长和通用进阶 / 新的专长 / 派系专长,世设：多元宇宙的构成,第三方
T,,8,世设：多元宇宙的构成 / 第三方 / [部分内容] 异度风景 Planescape / [PSCS] 异度风景战役设定集 / 4. 技能专长和通用进阶 / 新的专长 / 派系专长,世设：多元宇宙的构成,第三方
U,,8,世设：多元宇宙的构成 / 第三方 / [部分内容] 异度风景 Planescape / [PSCS] 异度风景战役设定集 / 4. 技能专长和通用进阶 / 新的专长 / 派系专长,世设：多元宇宙的构成,第三方
V,,8,世设：多元宇宙的构成 / 第三方 / [部分内容] 异度风景 Planescape / [PSCS] 异度风景战役设定集 / 4. 技能专长和通用进阶 / 新的专长 / 派系专长,世设：多元宇宙的构成,第三方
W,,8,世设：多元宇宙的构成 / 第三方 / [部分内容] 异度风景 Planescape / [PSCS] 异度风景战役设定集 / 4. 技能专长和通用进阶 / 新的专长 / 派系专长,世设：多元宇宙的构成,第三方
地域专长,9 世设\其他世设\PS\4技能专长\地域专长.htm,7,世设：多元宇宙的构成 / 第三方 / [部分内容] 异度风景 Planescape / [PSCS] 异度风景战役设定集 / 4. 技能专长和通用进阶 / 新的专长,世设：多元宇宙的构成,第三方
通用进阶职业,,6,世设：多元宇宙的构成 / 第三方 / [部分内容] 异度风景 Planescape / [PSCS] 异度风景战役设定集 / 4. 技能专长和通用进阶,世设：多元宇宙的构成,第三方
深渊战士,,7,世设：多元宇宙的构成 / 第三方 / [部分内容] 异度风景 Planescape / [PSCS] 异度风景战役设定集 / 4. 技能专长和通用进阶 / 通用进阶职业,世设：多元宇宙的构成,第三方
黄泉战帅,,7,世设：多元宇宙的构成 / 第三方 / [部分内容] 异度风景 Planescape / [PSCS] 异度风景战役设定集 / 4. 技能专长和通用进阶 / 通用进阶职业,世设：多元宇宙的构成,第三方
星界滑行者,,7,世设：多元宇宙的构成 / 第三方 / [部分内容] 异度风景 Planescape / [PSCS] 异度风景战役设定集 / 4. 技能专长和通用进阶 / 通用进阶职业,世设：多元宇宙的构成,第三方
逻辑心智,,7,世设：多元宇宙的构成 / 第三方 / [部分内容] 异度风景 Planescape / [PSCS] 异度风景战役设定集 / 4. 技能专长和通用进阶 / 通用进阶职业,世设：多元宇宙的构成,第三方
以太强盗,,7,世设：多元宇宙的构成 / 第三方 / [部分内容] 异度风景 Planescape / [PSCS] 异度风景战役设定集 / 4. 技能专长和通用进阶 / 通用进阶职业,世设：多元宇宙的构成,第三方
以太行者哨兵,,7,世设：多元宇宙的构成 / 第三方 / [部分内容] 异度风景 Planescape / [PSCS] 异度风景战役设定集 / 4. 技能专长和通用进阶 / 通用进阶职业,世设：多元宇宙的构成,第三方
腹地匪徒,,7,世设：多元宇宙的构成 / 第三方 / [部分内容] 异度风景 Planescape / [PSCS] 异度风景战役设定集 / 4. 技能专长和通用进阶 / 通用进阶职业,世设：多元宇宙的构成,第三方
咆哮者,,7,世设：多元宇宙的构成 / 第三方 / [部分内容] 异度风景 Planescape / [PSCS] 异度风景战役设定集 / 4. 技能专长和通用进阶 / 通用进阶职业,世设：多元宇宙的构成,第三方
位面侦探,,7,世设：多元宇宙的构成 / 第三方 / [部分内容] 异度风景 Planescape / [PSCS] 异度风景战役设定集 / 4. 技能专长和通用进阶 / 通用进阶职业,世设：多元宇宙的构成,第三方
位面行者,,7,世设：多元宇宙的构成 / 第三方 / [部分内容] 异度风景 Planescape / [PSCS] 异度风景战役设定集 / 4. 技能专长和通用进阶 / 通用进阶职业,世设：多元宇宙的构成,第三方
位面猎手,,7,世设：多元宇宙的构成 / 第三方 / [部分内容] 异度风景 Planescape / [PSCS] 异度风景战役设定集 / 4. 技能专长和通用进阶 / 通用进阶职业,世设：多元宇宙的构成,第三方
天空巫师,,7,世设：多元宇宙的构成 / 第三方 / [部分内容] 异度风景 Planescape / [PSCS] 异度风景战役设定集 / 4. 技能专长和通用进阶 / 通用进阶职业,世设：多元宇宙的构成,第三方
旋风苦修士,,7,世设：多元宇宙的构成 / 第三方 / [部分内容] 异度风景 Planescape / [PSCS] 异度风景战役设定集 / 4. 技能专长和通用进阶 / 通用进阶职业,世设：多元宇宙的构成,第三方
泽斯武者,,7,世设：多元宇宙的构成 / 第三方 / [部分内容] 异度风景 Planescape / [PSCS] 异度风景战役设定集 / 4. 技能专长和通用进阶 / 通用进阶职业,世设：多元宇宙的构成,第三方
5. 位面中的魔法,,5,世设：多元宇宙的构成 / 第三方 / [部分内容] 异度风景 Planescape / [PSCS] 异度风景战役设定集,世设：多元宇宙的构成,第三方
6. 活在多元宇宙,,5,世设：多元宇宙的构成 / 第三方 / [部分内容] 异度风景 Planescape / [PSCS] 异度风景战役设定集,世设：多元宇宙的构成,第三方
7. 印记城,,5,世设：多元宇宙的构成 / 第三方 / [部分内容] 异度风景 Planescape / [PSCS] 异度风景战役设定集,世设：多元宇宙的构成,第三方
8. 及其之外,,5,世设：多元宇宙的构成 / 第三方 / [部分内容] 异度风景 Planescape / [PSCS] 异度风景战役设定集,世设：多元宇宙的构成,第三方
9. DM之暗,,5,世设：多元宇宙的构成 / 第三方 / [部分内容] 异度风景 Planescape / [PSCS] 异度风景战役设定集,世设：多元宇宙的构成,第三方
附录,9 世设\其他世设\PS\附录\附录总述.htm,5,世设：多元宇宙的构成 / 第三方 / [部分内容] 异度风景 Planescape / [PSCS] 异度风景战役设定集,世设：多元宇宙的构成,第三方
诸界已知神祇列表,10 附录\填充页面.htm,4,世设：多元宇宙的构成 / 第三方 / [部分内容] 异度风景 Planescape,世设：多元宇宙的构成,第三方
印记城NPC列表,10 附录\填充页面.htm,4,世设：多元宇宙的构成 / 第三方 / [部分内容] 异度风景 Planescape,世设：多元宇宙的构成,第三方
印记城地点列表,10 附录\填充页面.htm,4,世设：多元宇宙的构成 / 第三方 / [部分内容] 异度风景 Planescape,世设：多元宇宙的构成,第三方
[暂缺] 鸦阁 Ravenloft,10 附录\填充页面.htm,3,世设：多元宇宙的构成 / 第三方,世设：多元宇宙的构成,第三方
[暂缺] 魔法船 Spelljammer,10 附录\填充页面.htm,3,世设：多元宇宙的构成 / 第三方,世设：多元宇宙的构成,第三方
[暂缺] 浩劫残阳 Dark Sun,10 附录\填充页面.htm,3,世设：多元宇宙的构成 / 第三方,世设：多元宇宙的构成,第三方
[暂缺] 天赋神权 Birthright,10 附录\填充页面.htm,3,世设：多元宇宙的构成 / 第三方,世设：多元宇宙的构成,第三方
[暂缺] 密斯塔拉 Mystara,10 附录\填充页面.htm,3,世设：多元宇宙的构成 / 第三方,世设：多元宇宙的构成,第三方
其他出版物及资源,,1,,其他出版物及资源,
龙杂志,,2,其他出版物及资源,其他出版物及资源,龙杂志
艾伯伦相关,,3,其他出版物及资源 / 龙杂志,其他出版物及资源,龙杂志
[DraM#330] 树荫之民：秘境大陆希恩德瑞克的影精灵,9 世设\艾伯伦\额外内容\龙杂志\330希恩德瑞克的影精灵.htm,4,其他出版物及资源 / 龙杂志 / 艾伯伦相关,其他出版物及资源,龙杂志
[DraM#337] 永恒之恶：砂主,9 世设\艾伯伦\额外内容\龙杂志\337永恒之恶：砂主.htm,4,其他出版物及资源 / 龙杂志 / 艾伯伦相关,其他出版物及资源,龙杂志
[DraM#351] 龙纹：艾伯伦的术士,9 世设\艾伯伦\额外内容\龙杂志\351龙纹：艾伯伦的术士.htm,4,其他出版物及资源 / 龙杂志 / 艾伯伦相关,其他出版物及资源,龙杂志
[DraM#357] 进阶职业：咒语主宰 (spell sovereign),9 世设\艾伯伦\额外内容\龙杂志\357，p76 艾伯伦专栏——咒语主宰spell sovereign.htm,4,其他出版物及资源 / 龙杂志 / 艾伯伦相关,其他出版物及资源,龙杂志
地城志,,2,其他出版物及资源,其他出版物及资源,地城志
艾伯伦相关,,3,其他出版物及资源 / 地城志,其他出版物及资源,地城志
[DunM#122] 风暴之环,9 世设\艾伯伦\额外内容\龙杂志\地城122风暴之环.htm,4,其他出版物及资源 / 地城志 / 艾伯伦相关,其他出版物及资源,地城志
文章与专栏,,2,其他出版物及资源,其他出版物及资源,文章与专栏
[大部分暂缺] 心灵之眼,10 附录\填充页面.htm,3,其他出版物及资源 / 文章与专栏,其他出版物及资源,文章与专栏
心灵武士的替代能力,1 核心补充书籍\PHB2玩家手册2\职业替代能力\扩展职业.htm,4,其他出版物及资源 / 文章与专栏 / [大部分暂缺] 心灵之眼,其他出版物及资源,文章与专栏
艾伯伦相关,,3,其他出版物及资源 / 文章与专栏,其他出版物及资源,文章与专栏
龙晶 (Dragonshard),10 附录\填充页面.htm,4,其他出版物及资源 / 文章与专栏 / 艾伯伦相关,其他出版物及资源,文章与专栏
地域,,5,其他出版物及资源 / 文章与专栏 / 艾伯伦相关 / 龙晶 (Dragonshard),其他出版物及资源,文章与专栏
不为人知的瑞依卓尔,11 其他资源\文章与专栏\龙晶\不为人知的瑞依卓尔.htm,6,其他出版物及资源 / 文章与专栏 / 艾伯伦相关 / 龙晶 (Dragonshard) / 地域,其他出版物及资源,文章与专栏
塞里岛,11 其他资源\文章与专栏\龙晶\塞里岛.htm,6,其他出版物及资源 / 文章与专栏 / 艾伯伦相关 / 龙晶 (Dragonshard) / 地域,其他出版物及资源,文章与专栏
拉扎尔邦联,11 其他资源\文章与专栏\龙晶\拉扎尔邦联.htm,6,其他出版物及资源 / 文章与专栏 / 艾伯伦相关 / 龙晶 (Dragonshard) / 地域,其他出版物及资源,文章与专栏
欢迎来到萨恩,11 其他资源\文章与专栏\龙晶\欢迎来到萨恩.htm,6,其他出版物及资源 / 文章与专栏 / 艾伯伦相关 / 龙晶 (Dragonshard) / 地域,其他出版物及资源,文章与专栏
萨恩的八风竞赛,11 其他资源\文章与专栏\龙晶\八风竞赛.htm,6,其他出版物及资源 / 文章与专栏 / 艾伯伦相关 / 龙晶 (Dragonshard) / 地域,其他出版物及资源,文章与专栏
种族,,5,其他出版物及资源 / 文章与专栏 / 艾伯伦相关 / 龙晶 (Dragonshard),其他出版物及资源,文章与专栏
吉拉哥的侏儒,11 其他资源\文章与专栏\龙晶\吉拉哥的侏儒.htm,6,其他出版物及资源 / 文章与专栏 / 艾伯伦相关 / 龙晶 (Dragonshard) / 种族,其他出版物及资源,文章与专栏
科拉瓦：科瓦雷的半精灵,11 其他资源\文章与专栏\龙晶\科拉瓦：科瓦雷的半精灵.htm,6,其他出版物及资源 / 文章与专栏 / 艾伯伦相关 / 龙晶 (Dragonshard) / 种族,其他出版物及资源,文章与专栏
摩洛领的矮人,11 其他资源\文章与专栏\龙晶\摩洛领的矮人.htm,6,其他出版物及资源 / 文章与专栏 / 艾伯伦相关 / 龙晶 (Dragonshard) / 种族,其他出版物及资源,文章与专栏
维纶娜的精灵,11 其他资源\文章与专栏\龙晶\维纶娜的精灵.htm,6,其他出版物及资源 / 文章与专栏 / 艾伯伦相关 / 龙晶 (Dragonshard) / 种族,其他出版物及资源,文章与专栏
艾伦诺精灵,11 其他资源\文章与专栏\龙晶\艾伦诺精灵.htm,6,其他出版物及资源 / 文章与专栏 / 艾伯伦相关 / 龙晶 (Dragonshard) / 种族,其他出版物及资源,文章与专栏
兽化人和大清洗,11 其他资源\文章与专栏\龙晶\兽化人和大清洗.htm,6,其他出版物及资源 / 文章与专栏 / 艾伯伦相关 / 龙晶 (Dragonshard) / 种族,其他出版物及资源,文章与专栏
卓姆的美杜莎,11 其他资源\文章与专栏\龙晶\卓姆的美杜莎.htm,6,其他出版物及资源 / 文章与专栏 / 艾伯伦相关 / 龙晶 (Dragonshard) / 种族,其他出版物及资源,文章与专栏
战俑,11 其他资源\文章与专栏\龙晶\战俑.htm,6,其他出版物及资源 / 文章与专栏 / 艾伯伦相关 / 龙晶 (Dragonshard) / 种族,其他出版物及资源,文章与专栏
梦族之刃,11 其他资源\文章与专栏\龙晶\梦族之刃.htm,6,其他出版物及资源 / 文章与专栏 / 艾伯伦相关 / 龙晶 (Dragonshard) / 种族,其他出版物及资源,文章与专栏
科瓦雷的狗头人,11 其他资源\文章与专栏\龙晶\科瓦雷的狗头人.htm,6,其他出版物及资源 / 文章与专栏 / 艾伯伦相关 / 龙晶 (Dragonshard) / 种族,其他出版物及资源,文章与专栏
羽蛇人：身披羽毛的使者,11 其他资源\文章与专栏\龙晶\羽蛇人：身披羽毛的使者.htm,6,其他出版物及资源 / 文章与专栏 / 艾伯伦相关 / 龙晶 (Dragonshard) / 种族,其他出版物及资源,文章与专栏
达坎的后裔,11 其他资源\文章与专栏\龙晶\达坎的后裔.htm,6,其他出版物及资源 / 文章与专栏 / 艾伯伦相关 / 龙晶 (Dragonshard) / 种族,其他出版物及资源,文章与专栏
组织与宗教,,5,其他出版物及资源 / 文章与专栏 / 艾伯伦相关 / 龙晶 (Dragonshard),其他出版物及资源,文章与专栏
修道院组织,11 其他资源\文章与专栏\龙晶\修道院组织.htm,6,其他出版物及资源 / 文章与专栏 / 艾伯伦相关 / 龙晶 (Dragonshard) / 组织与宗教,其他出版物及资源,文章与专栏
科瓦雷的德鲁伊,11 其他资源\文章与专栏\龙晶\科瓦雷的德鲁伊.htm,6,其他出版物及资源 / 文章与专栏 / 艾伯伦相关 / 龙晶 (Dragonshard) / 组织与宗教,其他出版物及资源,文章与专栏
艾伯伦的宗教,11 其他资源\文章与专栏\龙晶\艾伯伦的宗教.htm,6,其他出版物及资源 / 文章与专栏 / 艾伯伦相关 / 龙晶 (Dragonshard) / 组织与宗教,其他出版物及资源,文章与专栏
银焰教会,11 其他资源\文章与专栏\龙晶\银焰教会.htm,6,其他出版物及资源 / 文章与专栏 / 艾伯伦相关 / 龙晶 (Dragonshard) / 组织与宗教,其他出版物及资源,文章与专栏
铁军：坎达,11 其他资源\文章与专栏\龙晶\铁军：坎达.htm,6,其他出版物及资源 / 文章与专栏 / 艾伯伦相关 / 龙晶 (Dragonshard) / 组织与宗教,其他出版物及资源,文章与专栏
龙纹,,5,其他出版物及资源 / 文章与专栏 / 艾伯伦相关 / 龙晶 (Dragonshard),其他出版物及资源,文章与专栏
凯博尔之子,11 其他资源\文章与专栏\龙晶\凯博尔之子.htm,6,其他出版物及资源 / 文章与专栏 / 艾伯伦相关 / 龙晶 (Dragonshard) / 龙纹,其他出版物及资源,文章与专栏
费奥兰家族,11 其他资源\文章与专栏\龙晶\费奥兰家族.htm,6,其他出版物及资源 / 文章与专栏 / 艾伯伦相关 / 龙晶 (Dragonshard) / 龙纹,其他出版物及资源,文章与专栏
魔法与灵能,,5,其他出版物及资源 / 文章与专栏 / 艾伯伦相关 / 龙晶 (Dragonshard),其他出版物及资源,文章与专栏
灵能在艾伯伦世界,11 其他资源\文章与专栏\龙晶\灵能在艾伯伦世界.htm,6,其他出版物及资源 / 文章与专栏 / 艾伯伦相关 / 龙晶 (Dragonshard) / 魔法与灵能,其他出版物及资源,文章与专栏
艾伯伦的魔法：魔匠师,11 其他资源\文章与专栏\龙晶\艾伯伦的魔法：魔匠师.htm,6,其他出版物及资源 / 文章与专栏 / 艾伯伦相关 / 龙晶 (Dragonshard) / 魔法与灵能,其他出版物及资源,文章与专栏
魔法大师,11 其他资源\文章与专栏\龙晶\魔法大师.htm,6,其他出版物及资源 / 文章与专栏 / 艾伯伦相关 / 龙晶 (Dragonshard) / 魔法与灵能,其他出版物及资源,文章与专栏
龙,,5,其他出版物及资源 / 文章与专栏 / 艾伯伦相关 / 龙晶 (Dragonshard),其他出版物及资源,文章与专栏
龙之预言,11 其他资源\文章与专栏\龙晶\龙之预言.htm,6,其他出版物及资源 / 文章与专栏 / 艾伯伦相关 / 龙晶 (Dragonshard) / 龙,其他出版物及资源,文章与专栏
龙的定位,11 其他资源\文章与专栏\龙晶\龙的定位.htm,6,其他出版物及资源 / 文章与专栏 / 艾伯伦相关 / 龙晶 (Dragonshard) / 龙,其他出版物及资源,文章与专栏
其他,,5,其他出版物及资源 / 文章与专栏 / 艾伯伦相关 / 龙晶 (Dragonshard),其他出版物及资源,文章与专栏
从此开始,11 其他资源\文章与专栏\龙晶\从此开始.htm,6,其他出版物及资源 / 文章与专栏 / 艾伯伦相关 / 龙晶 (Dragonshard) / 其他,其他出版物及资源,文章与专栏
人口统计学,11 其他资源\文章与专栏\龙晶\人口统计学.htm,6,其他出版物及资源 / 文章与专栏 / 艾伯伦相关 / 龙晶 (Dragonshard) / 其他,其他出版物及资源,文章与专栏
你知道什么？,11 其他资源\文章与专栏\龙晶\你知道什么？.htm,6,其他出版物及资源 / 文章与专栏 / 艾伯伦相关 / 龙晶 (Dragonshard) / 其他,其他出版物及资源,文章与专栏
神气活现101：战斗,11 其他资源\文章与专栏\龙晶\神气活现101：战斗.htm,6,其他出版物及资源 / 文章与专栏 / 艾伯伦相关 / 龙晶 (Dragonshard) / 其他,其他出版物及资源,文章与专栏
索拉·科伦的女儿们,11 其他资源\文章与专栏\龙晶\索拉·科伦的女儿们.htm,6,其他出版物及资源 / 文章与专栏 / 艾伯伦相关 / 龙晶 (Dragonshard) / 其他,其他出版物及资源,文章与专栏
终末战争,11 其他资源\文章与专栏\龙晶\终末战争.htm,6,其他出版物及资源 / 文章与专栏 / 艾伯伦相关 / 龙晶 (Dragonshard) / 其他,其他出版物及资源,文章与专栏
艾伯伦之月,11 其他资源\文章与专栏\龙晶\艾伯伦之月.htm,6,其他出版物及资源 / 文章与专栏 / 艾伯伦相关 / 龙晶 (Dragonshard) / 其他,其他出版物及资源,文章与专栏
英雄之旅,11 其他资源\文章与专栏\龙晶\英雄之旅.htm,6,其他出版物及资源 / 文章与专栏 / 艾伯伦相关 / 龙晶 (Dragonshard) / 其他,其他出版物及资源,文章与专栏
阴谋与背叛,11 其他资源\文章与专栏\龙晶\阴谋与背叛.htm,6,其他出版物及资源 / 文章与专栏 / 艾伯伦相关 / 龙晶 (Dragonshard) / 其他,其他出版物及资源,文章与专栏
放大镜下 (Under the Glass),,4,其他出版物及资源 / 文章与专栏 / 艾伯伦相关,其他出版物及资源,文章与专栏
艾伯伦的神器,9 世设\艾伯伦\额外内容\放大镜下\艾伯伦的神器.htm,5,其他出版物及资源 / 文章与专栏 / 艾伯伦相关 / 放大镜下 (Under the Glass),其他出版物及资源,文章与专栏
地城探索,9 世设\艾伯伦\额外内容\放大镜下\地城探索.htm,5,其他出版物及资源 / 文章与专栏 / 艾伯伦相关 / 放大镜下 (Under the Glass),其他出版物及资源,文章与专栏
地精的崛起,9 世设\艾伯伦\额外内容\放大镜下\地精的崛起.htm,5,其他出版物及资源 / 文章与专栏 / 艾伯伦相关 / 放大镜下 (Under the Glass),其他出版物及资源,文章与专栏
种族关系,9 世设\艾伯伦\额外内容\放大镜下\种族关系.htm,5,其他出版物及资源 / 文章与专栏 / 艾伯伦相关 / 放大镜下 (Under the Glass),其他出版物及资源,文章与专栏
诅咒魔法物品,9 世设\艾伯伦\额外内容\放大镜下\诅咒魔法物品.htm,5,其他出版物及资源 / 文章与专栏 / 艾伯伦相关 / 放大镜下 (Under the Glass),其他出版物及资源,文章与专栏
位面旅行,9 世设\艾伯伦\额外内容\放大镜下\位面旅行.htm,5,其他出版物及资源 / 文章与专栏 / 艾伯伦相关 / 放大镜下 (Under the Glass),其他出版物及资源,文章与专栏
角色的职业与等级,9 世设\艾伯伦\额外内容\放大镜下\角色的职业与等级.htm,5,其他出版物及资源 / 文章与专栏 / 艾伯伦相关 / 放大镜下 (Under the Glass),其他出版物及资源,文章与专栏
医疗,9 世设\艾伯伦\额外内容\放大镜下\医疗.htm,5,其他出版物及资源 / 文章与专栏 / 艾伯伦相关 / 放大镜下 (Under the Glass),其他出版物及资源,文章与专栏
艾伯伦扩展 (Eberron Expanded),,4,其他出版物及资源 / 文章与专栏 / 艾伯伦相关,其他出版物及资源,文章与专栏
玩家手册Ⅱ(PHB2)联动,9 世设\艾伯伦\额外内容\艾伯伦扩展\PHB2.HTM,5,其他出版物及资源 / 文章与专栏 / 艾伯伦相关 / 艾伯伦扩展 (Eberron Expanded),其他出版物及资源,文章与专栏
完美灵能(CPsi)联动,9 世设\艾伯伦\额外内容\艾伯伦扩展\CPsi.HTM,5,其他出版物及资源 / 文章与专栏 / 艾伯伦相关 / 艾伯伦扩展 (Eberron Expanded),其他出版物及资源,文章与专栏
异怪之书(LoM)联动,9 世设\艾伯伦\额外内容\艾伯伦扩展\LOM.HTM,5,其他出版物及资源 / 文章与专栏 / 艾伯伦相关 / 艾伯伦扩展 (Eberron Expanded),其他出版物及资源,文章与专栏
死灵之书(LM)联动,9 世设\艾伯伦\额外内容\艾伯伦扩展\LM.HTM,5,其他出版物及资源 / 文章与专栏 / 艾伯伦相关 / 艾伯伦扩展 (Eberron Expanded),其他出版物及资源,文章与专栏
战争英雄(HoB)联动,9 世设\艾伯伦\额外内容\艾伯伦扩展\HOB.HTM,5,其他出版物及资源 / 文章与专栏 / 艾伯伦相关 / 艾伯伦扩展 (Eberron Expanded),其他出版物及资源,文章与专栏
传古武器(WoL)联动,9 世设\艾伯伦\额外内容\艾伯伦扩展\WOL.HTM,5,其他出版物及资源 / 文章与专栏 / 艾伯伦相关 / 艾伯伦扩展 (Eberron Expanded),其他出版物及资源,文章与专栏
边缘英雄 (Mark of Heroes),9 世设\艾伯伦\额外内容\边缘英雄.htm,4,其他出版物及资源 / 文章与专栏 / 艾伯伦相关,其他出版物及资源,文章与专栏
萨恩观察 (Sharn Inquisitive),9 世设\艾伯伦\额外内容\萨恩观察.htm,4,其他出版物及资源 / 文章与专栏 / 艾伯伦相关,其他出版物及资源,文章与专栏
冒险仓库 (Steal This Hook),9 世设\艾伯伦\额外内容\冒险仓库.htm,4,其他出版物及资源 / 文章与专栏 / 艾伯伦相关,其他出版物及资源,文章与专栏
齿轮奇物 (Clockwork Wonders),,4,其他出版物及资源 / 文章与专栏 / 艾伯伦相关,其他出版物及资源,文章与专栏
1.护士长套娃 Matryoshka Matron,9 世设\艾伯伦\额外内容\齿轮奇物\1.护士长套娃 Matryoshka Matron.htm,5,其他出版物及资源 / 文章与专栏 / 艾伯伦相关 / 齿轮奇物 (Clockwork Wonders),其他出版物及资源,文章与专栏
2.蜘蛛窃贼The Spider Thief,9 世设\艾伯伦\额外内容\齿轮奇物\2.蜘蛛窃贼The Spider Thief.htm,5,其他出版物及资源 / 文章与专栏 / 艾伯伦相关 / 齿轮奇物 (Clockwork Wonders),其他出版物及资源,文章与专栏
3.爬行护盾The Crawling Shield,9 世设\艾伯伦\额外内容\齿轮奇物\3.爬行护盾The Crawling Shield.htm,5,其他出版物及资源 / 文章与专栏 / 艾伯伦相关 / 齿轮奇物 (Clockwork Wonders),其他出版物及资源,文章与专栏
4.万能钥匙,9 世设\艾伯伦\额外内容\齿轮奇物\4.万能钥匙.htm,5,其他出版物及资源 / 文章与专栏 / 艾伯伦相关 / 齿轮奇物 (Clockwork Wonders),其他出版物及资源,文章与专栏
5.塞尔滑行靴Cyran Gliding Boots,9 世设\艾伯伦\额外内容\齿轮奇物\5.塞尔滑行靴Cyran Gliding Boots.htm,5,其他出版物及资源 / 文章与专栏 / 艾伯伦相关 / 齿轮奇物 (Clockwork Wonders),其他出版物及资源,文章与专栏
6.刀盘梦魇 The Razordisc Nightmare,9 世设\艾伯伦\额外内容\齿轮奇物\6.刀盘梦魇 The Razordisc Nightmare.htm,5,其他出版物及资源 / 文章与专栏 / 艾伯伦相关 / 齿轮奇物 (Clockwork Wonders),其他出版物及资源,文章与专栏
7.黄铜书 The Brass Book,9 世设\艾伯伦\额外内容\齿轮奇物\7.黄铜书 The Brass Book.htm,5,其他出版物及资源 / 文章与专栏 / 艾伯伦相关 / 齿轮奇物 (Clockwork Wonders),其他出版物及资源,文章与专栏
8.法咒夜莺 The Spellsong Nightingale,9 世设\艾伯伦\额外内容\齿轮奇物\8.法咒夜莺 The Spellsong Nightingale.htm,5,其他出版物及资源 / 文章与专栏 / 艾伯伦相关 / 齿轮奇物 (Clockwork Wonders),其他出版物及资源,文章与专栏
9.希恩德瑞克飞艇 The Xen'drik Flying Boat,9 世设\艾伯伦\额外内容\齿轮奇物\9.希恩德瑞克飞艇 The Xen drik Flying Boat.htm,5,其他出版物及资源 / 文章与专栏 / 艾伯伦相关 / 齿轮奇物 (Clockwork Wonders),其他出版物及资源,文章与专栏
10.分拣兽 The Sorting Beast,9 世设\艾伯伦\额外内容\齿轮奇物\10.分拣兽 The Sorting Beast.htm,5,其他出版物及资源 / 文章与专栏 / 艾伯伦相关 / 齿轮奇物 (Clockwork Wonders),其他出版物及资源,文章与专栏
11.法术时钟 The Spell Clock,9 世设\艾伯伦\额外内容\齿轮奇物\11.法术时钟 The Spell Clock.htm,5,其他出版物及资源 / 文章与专栏 / 艾伯伦相关 / 齿轮奇物 (Clockwork Wonders),其他出版物及资源,文章与专栏
12.自动抄写器 The Autoscribe,9 世设\艾伯伦\额外内容\齿轮奇物\12.自动抄写器 The Autoscribe.htm,5,其他出版物及资源 / 文章与专栏 / 艾伯伦相关 / 齿轮奇物 (Clockwork Wonders),其他出版物及资源,文章与专栏
13.移动塔 The Moving Tower,9 世设\艾伯伦\额外内容\齿轮奇物\13.移动塔 The Moving Tower.htm,5,其他出版物及资源 / 文章与专栏 / 艾伯伦相关 / 齿轮奇物 (Clockwork Wonders),其他出版物及资源,文章与专栏
KB博客(注意：非WotC官方内容),10 附录\填充页面.htm,4,其他出版物及资源 / 文章与专栏 / 艾伯伦相关,其他出版物及资源,文章与专栏
完美神力官网补充资源,,2,其他出版物及资源,其他出版物及资源,完美神力官网补充资源
夜之袍 [官网文章],3 完美系列\CD完美神力\进阶职业\夜之袍.htm,3,其他出版物及资源 / 完美神力官网补充资源,其他出版物及资源,完美神力官网补充资源
亡魂之主 [官网文章],3 完美系列\CD完美神力\进阶职业\亡魂之主.htm,3,其他出版物及资源 / 完美神力官网补充资源,其他出版物及资源,完美神力官网补充资源
月之守护者 [官网文章],3 完美系列\CD完美神力\进阶职业\月之守护者.htm,3,其他出版物及资源 / 完美神力官网补充资源,其他出版物及资源,完美神力官网补充资源
咒文守护者 [官网文章],3 完美系列\CD完美神力\进阶职业\咒文守护者.htm,3,其他出版物及资源 / 完美神力官网补充资源,其他出版物及资源,完美神力官网补充资源
附录,,1,,附录,
优化心得：职业,,2,附录,附录,优化心得：职业
诗人手册,10 附录\职业心得\诗人手册.htm,3,附录 / 优化心得：职业,附录,优化心得：职业
九剑手册,10 附录\职业心得\九剑手册.htm,3,附录 / 优化心得：职业,附录,优化心得：职业
暮刃手册,10 附录\职业心得\暮刃手册.htm,3,附录 / 优化心得：职业,附录,优化心得：职业
卷宗手册,10 附录\职业心得\卷宗手册.htm,3,附录 / 优化心得：职业,附录,优化心得：职业
牧师手册,10 附录\职业心得\牧师手册.htm,3,附录 / 优化心得：职业,附录,优化心得：职业
德鲁伊手册,10 附录\职业心得\德鲁伊手册.htm,3,附录 / 优化心得：职业,附录,优化心得：职业
游荡者手册,10 附录\职业心得\游荡者手册.htm,3,附录 / 优化心得：职业,附录,优化心得：职业
心灵术士手册,10 附录\职业心得\心灵术士手册.htm,3,附录 / 优化心得：职业,附录,优化心得：职业
冲锋者手册,10 附录\职业心得\冲锋者手册.htm,3,附录 / 优化心得：职业,附录,优化心得：职业
优化心得：职业以外,,2,附录,附录,优化心得：职业以外
魔宠手册,10 附录\职业心得\魔宠手册.htm,3,附录 / 优化心得：职业以外,附录,优化心得：职业以外
购物指南,10 附录\职业心得\购物指南.htm,3,附录 / 优化心得：职业以外,附录,优化心得：职业以外
精华法术指南,10 附录\职业心得\精华法术指南.htm,3,附录 / 优化心得：职业以外,附录,优化心得：职业以外
武器附魔测评,10 附录\武器附魔测评\武器附魔测评.htm,3,附录 / 优化心得：职业以外,附录,优化心得：职业以外
A,10 附录\武器附魔测评\03510EA6F50E4956BC7CFBBCA5CC966A.htm,4,附录 / 优化心得：职业以外 / 武器附魔测评,附录,优化心得：职业以外
B,10 附录\武器附魔测评\9C22BEFEF22D405EBC224616C157048F.htm,4,附录 / 优化心得：职业以外 / 武器附魔测评,附录,优化心得：职业以外
C-D,10 附录\武器附魔测评\FF20FA8DE2AA4E218FF6EC85E92FC3B0.htm,4,附录 / 优化心得：职业以外 / 武器附魔测评,附录,优化心得：职业以外
E-F,10 附录\武器附魔测评\7B7FF8BACAB94F6AB567700DAE7C1F27.htm,4,附录 / 优化心得：职业以外 / 武器附魔测评,附录,优化心得：职业以外
G-I,10 附录\武器附魔测评\579F94B8B2CA4868A7142A5A04D670DC.htm,4,附录 / 优化心得：职业以外 / 武器附魔测评,附录,优化心得：职业以外
J-N,10 附录\武器附魔测评\0CF541F85C904DB59C3F41B3BCEA9283.htm,4,附录 / 优化心得：职业以外 / 武器附魔测评,附录,优化心得：职业以外
P-Q,10 附录\武器附魔测评\BF0BCB36155C4D468151C7DDEA8395A3.htm,4,附录 / 优化心得：职业以外 / 武器附魔测评,附录,优化心得：职业以外
R,10 附录\武器附魔测评\9BD471BA46AC4754B208538EE59E8A97.htm,4,附录 / 优化心得：职业以外 / 武器附魔测评,附录,优化心得：职业以外
S,10 附录\武器附魔测评\94D7C96240F84AA29AD974B8362AFAC1.htm,4,附录 / 优化心得：职业以外 / 武器附魔测评,附录,优化心得：职业以外
T-V,10 附录\武器附魔测评\2A0BCA3059B04758804DE32EFA906367.htm,4,附录 / 优化心得：职业以外 / 武器附魔测评,附录,优化心得：职业以外
W-Z,10 附录\武器附魔测评\97778BBA4EEC4592BE920E89EA538752.htm,4,附录 / 优化心得：职业以外 / 武器附魔测评,附录,优化心得：职业以外
版本历史,10 附录\版本历史.htm,2,附录,附录,版本历史
旧前言,10 附录\老前言.htm,3,附录 / 版本历史,附录,版本历史
如何使用大不全,10 附录\如何使用大不全.htm,2,附录,附录,如何使用大不全
常见资源分类,10 附录\资源分类.htm,2,附录,附录,常见资源分类
杂项,,2,附录,附录,杂项
如何为扩展大全做出贡献,10 附录\如何为扩展大全做出贡献.htm,3,附录 / 杂项,附录,杂项
猴子都看得懂的html教程,,4,附录 / 杂项 / 如何为扩展大全做出贡献,附录,杂项
开始之前,10 附录\html教学\开始之前.htm,5,附录 / 杂项 / 如何为扩展大全做出贡献 / 猴子都看得懂的html教程,附录,杂项
标签与格式,10 附录\html教学\标签与格式.htm,5,附录 / 杂项 / 如何为扩展大全做出贡献 / 猴子都看得懂的html教程,附录,杂项
为什么不用所见即所得,,5,附录 / 杂项 / 如何为扩展大全做出贡献 / 猴子都看得懂的html教程,附录,杂项
填充页面,10 附录\填充页面.htm,3,附录 / 杂项,附录,杂项
