"相对路径","文件名","扩展名","大小","目录"
"cascading_stylesheet.css","cascading_stylesheet.css",".css","1488",""
"前言.htm","前言.htm",".htm","4408",""
"如何使用大不全.htm","如何使用大不全.htm",".htm","17875",""
"译者名录1.1.htm","译者名录1.1.htm",".htm","34853",""
"0 核心三宝书\DMG城主指南\封面.htm","封面.htm",".htm","1339","0 核心三宝书\DMG城主指南"
"0 核心三宝书\DMG城主指南\封面.jpg","封面.jpg",".jpg","302341","0 核心三宝书\DMG城主指南"
"0 核心三宝书\DMG城主指南\所有DMG表格\表2-1：机动性.htm","表2-1：机动性.htm",".htm","5275","0 核心三宝书\DMG城主指南\所有DMG表格"
"0 核心三宝书\DMG城主指南\所有DMG表格\表2-2：武器大小增加的伤害值.htm","表2-2：武器大小增加的伤害值.htm",".htm","4893","0 核心三宝书\DMG城主指南\所有DMG表格"
"0 核心三宝书\DMG城主指南\所有DMG表格\表2-3：武器大小减少的伤害值.htm","表2-3：武器大小减少的伤害值.htm",".htm","4882","0 核心三宝书\DMG城主指南\所有DMG表格"
"0 核心三宝书\DMG城主指南\所有DMG表格\表2-4：生物体型.htm","表2-4：生物体型.htm",".htm","5203","0 核心三宝书\DMG城主指南\所有DMG表格"
"0 核心三宝书\DMG城主指南\所有DMG表格\表2-5：难度等级的范例.htm","表2-5：难度等级的范例.htm",".htm","11011","0 核心三宝书\DMG城主指南\所有DMG表格"
"0 核心三宝书\DMG城主指南\所有DMG表格\表2-6：经验值奖赏（单一怪物）.htm","表2-6：经验值奖赏（单一怪物）.htm",".htm","11744","0 核心三宝书\DMG城主指南\所有DMG表格"
"0 核心三宝书\DMG城主指南\所有DMG表格\表3-10：门.htm","表3-10：门.htm",".htm","4526","0 核心三宝书\DMG城主指南\所有DMG表格"
"0 核心三宝书\DMG城主指南\所有DMG表格\表3-11：设置地下城.htm","表3-11：设置地下城.htm",".htm","9827","0 核心三宝书\DMG城主指南\所有DMG表格"
"0 核心三宝书\DMG城主指南\所有DMG表格\表3-12：设置地下城次要特征与摆设.htm","表3-12：设置地下城次要特征与摆设.htm",".htm","10305","0 核心三宝书\DMG城主指南\所有DMG表格"
"0 核心三宝书\DMG城主指南\所有DMG表格\表3-13：机关陷阱CR调整值.htm","表3-13：机关陷阱CR调整值.htm",".htm","9367","0 核心三宝书\DMG城主指南\所有DMG表格"
"0 核心三宝书\DMG城主指南\所有DMG表格\表3-14：魔法陷阱CR调整值.htm","表3-14：魔法陷阱CR调整值.htm",".htm","4188","0 核心三宝书\DMG城主指南\所有DMG表格"
"0 核心三宝书\DMG城主指南\所有DMG表格\表3-15：机关陷阱费用调整值.htm","表3-15：机关陷阱费用调整值.htm",".htm","7911","0 核心三宝书\DMG城主指南\所有DMG表格"
"0 核心三宝书\DMG城主指南\所有DMG表格\表3-17：门的形态.htm","表3-17：门的形态.htm",".htm","6858","0 核心三宝书\DMG城主指南\所有DMG表格"
"0 核心三宝书\DMG城主指南\所有DMG表格\表3-18：房间内容.htm","表3-18：房间内容.htm",".htm","4946","0 核心三宝书\DMG城主指南\所有DMG表格"
"0 核心三宝书\DMG城主指南\所有DMG表格\表3-19：挑战级数为1至3的陷阱.htm","表3-19：挑战级数为1至3的陷阱.htm",".htm","7795","0 核心三宝书\DMG城主指南\所有DMG表格"
"0 核心三宝书\DMG城主指南\所有DMG表格\表3-1：遭遇等级与生物数量.htm","表3-1：遭遇等级与生物数量.htm",".htm","6971","0 核心三宝书\DMG城主指南\所有DMG表格"
"0 核心三宝书\DMG城主指南\所有DMG表格\表3-20：挑战级数为4至6的陷阱.htm","表3-20：挑战级数为4至6的陷阱.htm",".htm","7774","0 核心三宝书\DMG城主指南\所有DMG表格"
"0 核心三宝书\DMG城主指南\所有DMG表格\表3-21：挑战级数为7至10的陷阱.htm","表3-21：挑战级数为7至10的陷阱.htm",".htm","7232","0 核心三宝书\DMG城主指南\所有DMG表格"
"0 核心三宝书\DMG城主指南\所有DMG表格\表3-22：水中战斗修正值.htm","表3-22：水中战斗修正值.htm",".htm","6748","0 核心三宝书\DMG城主指南\所有DMG表格"
"0 核心三宝书\DMG城主指南\所有DMG表格\表3-23：随机天气.htm","表3-23：随机天气.htm",".htm","5196","0 核心三宝书\DMG城主指南\所有DMG表格"
"0 核心三宝书\DMG城主指南\所有DMG表格\表3-24：风力效果.htm","表3-24：风力效果.htm",".htm","7991","0 核心三宝书\DMG城主指南\所有DMG表格"
"0 核心三宝书\DMG城主指南\所有DMG表格\表3-26：攻城器.htm","表3-26：攻城器.htm",".htm","5524","0 核心三宝书\DMG城主指南\所有DMG表格"
"0 核心三宝书\DMG城主指南\所有DMG表格\表3-27：建筑物.htm","表3-27：建筑物.htm",".htm","5057","0 核心三宝书\DMG城主指南\所有DMG表格"
"0 核心三宝书\DMG城主指南\所有DMG表格\表3-28：城镇事件遭遇.htm","表3-28：城镇事件遭遇.htm",".htm","5591","0 核心三宝书\DMG城主指南\所有DMG表格"
"0 核心三宝书\DMG城主指南\所有DMG表格\表3-2：事件遭遇的难度.htm","表3-2：事件遭遇的难度.htm",".htm","2642","0 核心三宝书\DMG城主指南\所有DMG表格"
"0 核心三宝书\DMG城主指南\所有DMG表格\表3-3：每场遭遇可得到的宝藏总值.htm","表3-3：每场遭遇可得到的宝藏总值.htm",".htm","3423","0 核心三宝书\DMG城主指南\所有DMG表格"
"0 核心三宝书\DMG城主指南\所有DMG表格\表3-4：各种宝藏的平均价值.htm","表3-4：各种宝藏的平均价值.htm",".htm","2630","0 核心三宝书\DMG城主指南\所有DMG表格"
"0 核心三宝书\DMG城主指南\所有DMG表格\表3-5：宝藏.htm","表3-5：宝藏.htm",".htm","13199","0 核心三宝书\DMG城主指南\所有DMG表格"
"0 核心三宝书\DMG城主指南\所有DMG表格\表3-6：宝石.htm","表3-6：宝石.htm",".htm","4209","0 核心三宝书\DMG城主指南\所有DMG表格"
"0 核心三宝书\DMG城主指南\所有DMG表格\表3-7：艺术品.htm","表3-7：艺术品.htm",".htm","5168","0 核心三宝书\DMG城主指南\所有DMG表格"
"0 核心三宝书\DMG城主指南\所有DMG表格\表3-8：非魔法物品.htm","表3-8：非魔法物品.htm",".htm","13098","0 核心三宝书\DMG城主指南\所有DMG表格"
"0 核心三宝书\DMG城主指南\所有DMG表格\表3-9：墙.htm","表3-9：墙.htm",".htm","8703","0 核心三宝书\DMG城主指南\所有DMG表格"
"0 核心三宝书\DMG城主指南\所有DMG表格\表4-10：中立npc人物种族或生物种类.htm","表4-10：中立npc人物种族或生物种类.htm",".htm","6237","0 核心三宝书\DMG城主指南\所有DMG表格"
"0 核心三宝书\DMG城主指南\所有DMG表格\表4-11：邪恶NPC人物种族或生物种类.htm","表4-11：邪恶NPC人物种族或生物种类.htm",".htm","8555","0 核心三宝书\DMG城主指南\所有DMG表格"
"0 核心三宝书\DMG城主指南\所有DMG表格\表4-12：野蛮人非玩家人物.htm","表4-12：野蛮人非玩家人物.htm",".htm","6375","0 核心三宝书\DMG城主指南\所有DMG表格"
"0 核心三宝书\DMG城主指南\所有DMG表格\表4-13各等级可知法术数量（补）.htm","表4-13各等级可知法术数量（补）.htm",".htm","3798","0 核心三宝书\DMG城主指南\所有DMG表格"
"0 核心三宝书\DMG城主指南\所有DMG表格\表4-13：吟游诗人非玩家人物.htm","表4-13：吟游诗人非玩家人物.htm",".htm","6837","0 核心三宝书\DMG城主指南\所有DMG表格"
"0 核心三宝书\DMG城主指南\所有DMG表格\表4-14：牧师非玩家人物.htm","表4-14：牧师非玩家人物.htm",".htm","7221","0 核心三宝书\DMG城主指南\所有DMG表格"
"0 核心三宝书\DMG城主指南\所有DMG表格\表4-15：德鲁伊非玩家人物.htm","表4-15：德鲁伊非玩家人物.htm",".htm","7139","0 核心三宝书\DMG城主指南\所有DMG表格"
"0 核心三宝书\DMG城主指南\所有DMG表格\表4-16：战士非玩家人物.htm","表4-16：战士非玩家人物.htm",".htm","6873","0 核心三宝书\DMG城主指南\所有DMG表格"
"0 核心三宝书\DMG城主指南\所有DMG表格\表4-17：武僧非玩家人物.htm","表4-17：武僧非玩家人物.htm",".htm","7494","0 核心三宝书\DMG城主指南\所有DMG表格"
"0 核心三宝书\DMG城主指南\所有DMG表格\表4-18：圣武士非玩家人物.htm","表4-18：圣武士非玩家人物.htm",".htm","6927","0 核心三宝书\DMG城主指南\所有DMG表格"
"0 核心三宝书\DMG城主指南\所有DMG表格\表4-19：巡林客非玩家人物.htm","表4-19：巡林客非玩家人物.htm",".htm","7731","0 核心三宝书\DMG城主指南\所有DMG表格"
"0 核心三宝书\DMG城主指南\所有DMG表格\表4-1：雇工的价格.htm","表4-1：雇工的价格.htm",".htm","5789","0 核心三宝书\DMG城主指南\所有DMG表格"
"0 核心三宝书\DMG城主指南\所有DMG表格\表4-20：游荡者非玩家人物.htm","表4-20：游荡者非玩家人物.htm",".htm","6405","0 核心三宝书\DMG城主指南\所有DMG表格"
"0 核心三宝书\DMG城主指南\所有DMG表格\表4-21：术士非玩家人物.htm","表4-21：术士非玩家人物.htm",".htm","7935","0 核心三宝书\DMG城主指南\所有DMG表格"
"0 核心三宝书\DMG城主指南\所有DMG表格\表4-22：法师非玩家人物.htm","表4-22：法师非玩家人物.htm",".htm","6864","0 核心三宝书\DMG城主指南\所有DMG表格"
"0 核心三宝书\DMG城主指南\所有DMG表格\表4-23：非玩家人物携带物品总价.htm","表4-23：非玩家人物携带物品总价.htm",".htm","3679","0 核心三宝书\DMG城主指南\所有DMG表格"
"0 核心三宝书\DMG城主指南\所有DMG表格\表4-24：百种人物特色.htm","表4-24：百种人物特色.htm",".htm","7952","0 核心三宝书\DMG城主指南\所有DMG表格"
"0 核心三宝书\DMG城主指南\所有DMG表格\表4-2：导师.htm","表4-2：导师.htm",".htm","7182","0 核心三宝书\DMG城主指南\所有DMG表格"
"0 核心三宝书\DMG城主指南\所有DMG表格\表4-3：望族.htm","表4-3：望族.htm",".htm","5463","0 核心三宝书\DMG城主指南\所有DMG表格"
"0 核心三宝书\DMG城主指南\所有DMG表格\表4-4：平民.htm","表4-4：平民.htm",".htm","5421","0 核心三宝书\DMG城主指南\所有DMG表格"
"0 核心三宝书\DMG城主指南\所有DMG表格\表4-5：专家.htm","表4-5：专家.htm",".htm","6023","0 核心三宝书\DMG城主指南\所有DMG表格"
"0 核心三宝书\DMG城主指南\所有DMG表格\表4-6：武者.htm","表4-6：武者.htm",".htm","6023","0 核心三宝书\DMG城主指南\所有DMG表格"
"0 核心三宝书\DMG城主指南\所有DMG表格\表4-7：随机NPC阵营.htm","表4-7：随机NPC阵营.htm",".htm","3994","0 核心三宝书\DMG城主指南\所有DMG表格"
"0 核心三宝书\DMG城主指南\所有DMG表格\表4-8：随机NPC职业.htm","表4-8：随机NPC职业.htm",".htm","4903","0 核心三宝书\DMG城主指南\所有DMG表格"
"0 核心三宝书\DMG城主指南\所有DMG表格\表4-9：善良NPC人类种族或生物种类.htm","表4-9：善良NPC人类种族或生物种类.htm",".htm","7188","0 核心三宝书\DMG城主指南\所有DMG表格"
"0 核心三宝书\DMG城主指南\所有DMG表格\表5-1：人物等级与平均财产.htm","表5-1：人物等级与平均财产.htm",".htm","3659","0 核心三宝书\DMG城主指南\所有DMG表格"
"0 核心三宝书\DMG城主指南\所有DMG表格\表5-2：随机产生城镇.htm","表5-2：随机产生城镇.htm",".htm","3658","0 核心三宝书\DMG城主指南\所有DMG表格"
"0 核心三宝书\DMG城主指南\所有DMG表格\表5-3：亚洲武器.htm","表5-3：亚洲武器.htm",".htm","4274","0 核心三宝书\DMG城主指南\所有DMG表格"
"0 核心三宝书\DMG城主指南\所有DMG表格\表5-4：文艺复兴时期的武器.htm","表5-4：文艺复兴时期的武器.htm",".htm","4110","0 核心三宝书\DMG城主指南\所有DMG表格"
"0 核心三宝书\DMG城主指南\所有DMG表格\表5-5：现代武器.htm","表5-5：现代武器.htm",".htm","4628","0 核心三宝书\DMG城主指南\所有DMG表格"
"0 核心三宝书\DMG城主指南\所有DMG表格\表5-6：未来武器.htm","表5-6：未来武器.htm",".htm","3930","0 核心三宝书\DMG城主指南\所有DMG表格"
"0 核心三宝书\DMG城主指南\所有DMG表格\表5-7：随机位面目的地.htm","表5-7：随机位面目的地.htm",".htm","4091","0 核心三宝书\DMG城主指南\所有DMG表格"
"0 核心三宝书\DMG城主指南\所有DMG表格\表6-10：奥法骑士.htm","表6-10：奥法骑士.htm",".htm","3861","0 核心三宝书\DMG城主指南\所有DMG表格"
"0 核心三宝书\DMG城主指南\所有DMG表格\表6-11：大祭司.htm","表6-11：大祭司.htm",".htm","3322","0 核心三宝书\DMG城主指南\所有DMG表格"
"0 核心三宝书\DMG城主指南\所有DMG表格\表6-12：大地旅者.htm","表6-12：大地旅者.htm",".htm","3776","0 核心三宝书\DMG城主指南\所有DMG表格"
"0 核心三宝书\DMG城主指南\所有DMG表格\表6-13：博学士.htm","表6-13：博学士.htm",".htm","3966","0 核心三宝书\DMG城主指南\所有DMG表格"
"0 核心三宝书\DMG城主指南\所有DMG表格\表6-14：秘术士.htm","表6-14：秘术士.htm",".htm","4207","0 核心三宝书\DMG城主指南\所有DMG表格"
"0 核心三宝书\DMG城主指南\所有DMG表格\表6-15：红袍法师.htm","表6-15：红袍法师.htm",".htm","4172","0 核心三宝书\DMG城主指南\所有DMG表格"
"0 核心三宝书\DMG城主指南\所有DMG表格\表6-16：影舞者.htm","表6-16：影舞者.htm",".htm","3801","0 核心三宝书\DMG城主指南\所有DMG表格"
"0 核心三宝书\DMG城主指南\所有DMG表格\表6-17：咒法召唤师.htm","表6-17：咒法召唤师.htm",".htm","3509","0 核心三宝书\DMG城主指南\所有DMG表格"
"0 核心三宝书\DMG城主指南\所有DMG表格\表6-18：史诗豁免检定及攻击加值.htm","表6-18：史诗豁免检定及攻击加值.htm",".htm","3449","0 核心三宝书\DMG城主指南\所有DMG表格"
"0 核心三宝书\DMG城主指南\所有DMG表格\表6-19：史诗人物经验值及等级相关优势.htm","表6-19：史诗人物经验值及等级相关优势.htm",".htm","4071","0 核心三宝书\DMG城主指南\所有DMG表格"
"0 核心三宝书\DMG城主指南\所有DMG表格\表6-1：魔射手.htm","表6-1：魔射手.htm",".htm","3722","0 核心三宝书\DMG城主指南\所有DMG表格"
"0 核心三宝书\DMG城主指南\所有DMG表格\表6-2：诡术师.htm","表6-2：诡术师.htm",".htm","3953","0 核心三宝书\DMG城主指南\所有DMG表格"
"0 核心三宝书\DMG城主指南\所有DMG表格\表6-3：大法师.htm","表6-3：大法师.htm",".htm","3447","0 核心三宝书\DMG城主指南\所有DMG表格"
"0 核心三宝书\DMG城主指南\所有DMG表格\表6-4：刺客.htm","表6-4：刺客.htm",".htm","4329","0 核心三宝书\DMG城主指南\所有DMG表格"
"0 核心三宝书\DMG城主指南\所有DMG表格\表6-5：刺客可知法术数量.htm","表6-5：刺客可知法术数量.htm",".htm","3819","0 核心三宝书\DMG城主指南\所有DMG表格"
"0 核心三宝书\DMG城主指南\所有DMG表格\表6-6：暗黑卫士.htm","表6-6：暗黑卫士.htm",".htm","4367","0 核心三宝书\DMG城主指南\所有DMG表格"
"0 核心三宝书\DMG城主指南\所有DMG表格\表6-7：龙脉术士.htm","表6-7：龙脉术士.htm",".htm","3951","0 核心三宝书\DMG城主指南\所有DMG表格"
"0 核心三宝书\DMG城主指南\所有DMG表格\表6-8：决斗家.htm","表6-8：决斗家.htm",".htm","3704","0 核心三宝书\DMG城主指南\所有DMG表格"
"0 核心三宝书\DMG城主指南\所有DMG表格\表6-9：矮人防御者.htm","表6-9：矮人防御者.htm",".htm","3965","0 核心三宝书\DMG城主指南\所有DMG表格"
"0 核心三宝书\DMG城主指南\所有DMG表格\表7-10：武器类别.htm","表7-10：武器类别.htm",".htm","2984","0 核心三宝书\DMG城主指南\所有DMG表格"
"0 核心三宝书\DMG城主指南\所有DMG表格\表7-11：常见近战武器.htm","表7-11：常见近战武器.htm",".htm","4242","0 核心三宝书\DMG城主指南\所有DMG表格"
"0 核心三宝书\DMG城主指南\所有DMG表格\表7-12：罕见武器.htm","表7-12：罕见武器.htm",".htm","5476","0 核心三宝书\DMG城主指南\所有DMG表格"
"0 核心三宝书\DMG城主指南\所有DMG表格\表7-13：常见远程武器.htm","表7-13：常见远程武器.htm",".htm","4302","0 核心三宝书\DMG城主指南\所有DMG表格"
"0 核心三宝书\DMG城主指南\所有DMG表格\表7-14：近战武器特殊能力.htm","表7-14：近战武器特殊能力.htm",".htm","5710","0 核心三宝书\DMG城主指南\所有DMG表格"
"0 核心三宝书\DMG城主指南\所有DMG表格\表7-15：远程武器特殊能力.htm","表7-15：远程武器特殊能力.htm",".htm","4762","0 核心三宝书\DMG城主指南\所有DMG表格"
"0 核心三宝书\DMG城主指南\所有DMG表格\表7-16：特殊武器.htm","表7-16：特殊武器.htm",".htm","5720","0 核心三宝书\DMG城主指南\所有DMG表格"
"0 核心三宝书\DMG城主指南\所有DMG表格\表7-17：药水与神油.htm","表7-17：药水与神油.htm",".htm","10366","0 核心三宝书\DMG城主指南\所有DMG表格"
"0 核心三宝书\DMG城主指南\所有DMG表格\表7-18：戒指.htm","表7-18：戒指.htm",".htm","6595","0 核心三宝书\DMG城主指南\所有DMG表格"
"0 核心三宝书\DMG城主指南\所有DMG表格\表7-19：权杖.htm","表7-19：权杖.htm",".htm","5436","0 核心三宝书\DMG城主指南\所有DMG表格"
"0 核心三宝书\DMG城主指南\所有DMG表格\表7-1：随机魔法物品.htm","表7-1：随机魔法物品.htm",".htm","3565","0 核心三宝书\DMG城主指南\所有DMG表格"
"0 核心三宝书\DMG城主指南\所有DMG表格\表7-20：卷轴种类.htm","表7-20：卷轴种类.htm",".htm","2881","0 核心三宝书\DMG城主指南\所有DMG表格"
"0 核心三宝书\DMG城主指南\所有DMG表格\表7-21：卷轴所含法术数目.htm","表7-21：卷轴所含法术数目.htm",".htm","3025","0 核心三宝书\DMG城主指南\所有DMG表格"
"0 核心三宝书\DMG城主指南\所有DMG表格\表7-22：卷轴法术等级.htm","表7-22：卷轴法术等级.htm",".htm","3774","0 核心三宝书\DMG城主指南\所有DMG表格"
"0 核心三宝书\DMG城主指南\所有DMG表格\表7-23：奥术卷轴.htm","表7-23：奥术卷轴.htm",".htm","29057","0 核心三宝书\DMG城主指南\所有DMG表格"
"0 核心三宝书\DMG城主指南\所有DMG表格\表7-24：神术卷轴.htm","表7-24：神术卷轴.htm",".htm","23655","0 核心三宝书\DMG城主指南\所有DMG表格"
"0 核心三宝书\DMG城主指南\所有DMG表格\表7-25：法杖.htm","表7-25：法杖.htm",".htm","4223","0 核心三宝书\DMG城主指南\所有DMG表格"
"0 核心三宝书\DMG城主指南\所有DMG表格\表7-26：魔杖.htm","表7-26：魔杖.htm",".htm","10042","0 核心三宝书\DMG城主指南\所有DMG表格"
"0 核心三宝书\DMG城主指南\所有DMG表格\表7-27：次级奇物.htm","表7-27：次级奇物.htm",".htm","8683","0 核心三宝书\DMG城主指南\所有DMG表格"
"0 核心三宝书\DMG城主指南\所有DMG表格\表7-28：中级奇物.htm","表7-28：中级奇物.htm",".htm","8994","0 核心三宝书\DMG城主指南\所有DMG表格"
"0 核心三宝书\DMG城主指南\所有DMG表格\表7-29：高级奇物.htm","表7-29：高级奇物.htm",".htm","8993","0 核心三宝书\DMG城主指南\所有DMG表格"
"0 核心三宝书\DMG城主指南\所有DMG表格\表7-2：盔甲与盾牌.htm","表7-2：盔甲与盾牌.htm",".htm","4868","0 核心三宝书\DMG城主指南\所有DMG表格"
"0 核心三宝书\DMG城主指南\所有DMG表格\表7-30：智能物品特殊意图能力.htm","表7-30：智能物品特殊意图能力.htm",".htm","4276","0 核心三宝书\DMG城主指南\所有DMG表格"
"0 核心三宝书\DMG城主指南\所有DMG表格\表7-30：物品智力值、感知值、魅力值及能力数目.htm","表7-30：物品智力值、感知值、魅力值及能力数目.htm",".htm","5074","0 核心三宝书\DMG城主指南\所有DMG表格"
"0 核心三宝书\DMG城主指南\所有DMG表格\表7-31：特殊诅咒物品.htm","表7-31：特殊诅咒物品.htm",".htm","6220","0 核心三宝书\DMG城主指南\所有DMG表格"
"0 核心三宝书\DMG城主指南\所有DMG表格\表7-32：魔法物品制造成本摘要.htm","表7-32：魔法物品制造成本摘要.htm",".htm","5264","0 核心三宝书\DMG城主指南\所有DMG表格"
"0 核心三宝书\DMG城主指南\所有DMG表格\表7-33：计算魔法物品的价值.htm","表7-33：计算魔法物品的价值.htm",".htm","6304","0 核心三宝书\DMG城主指南\所有DMG表格"
"0 核心三宝书\DMG城主指南\所有DMG表格\表7-3：随机盔甲类别.htm","表7-3：随机盔甲类别.htm",".htm","3758","0 核心三宝书\DMG城主指南\所有DMG表格"
"0 核心三宝书\DMG城主指南\所有DMG表格\表7-4：随机盾牌类别.htm","表7-4：随机盾牌类别.htm",".htm","3441","0 核心三宝书\DMG城主指南\所有DMG表格"
"0 核心三宝书\DMG城主指南\所有DMG表格\表7-5：盔甲特殊能力.htm","表7-5：盔甲特殊能力.htm",".htm","6339","0 核心三宝书\DMG城主指南\所有DMG表格"
"0 核心三宝书\DMG城主指南\所有DMG表格\表7-6：盾牌特殊能力.htm","表7-6：盾牌特殊能力.htm",".htm","5861","0 核心三宝书\DMG城主指南\所有DMG表格"
"0 核心三宝书\DMG城主指南\所有DMG表格\表7-7：特殊盔甲.htm","表7-7：特殊盔甲.htm",".htm","3849","0 核心三宝书\DMG城主指南\所有DMG表格"
"0 核心三宝书\DMG城主指南\所有DMG表格\表7-8：特殊盾牌.htm","表7-8：特殊盾牌.htm",".htm","3509","0 核心三宝书\DMG城主指南\所有DMG表格"
"0 核心三宝书\DMG城主指南\所有DMG表格\表7-9：武器.htm","表7-9：武器.htm",".htm","4234","0 核心三宝书\DMG城主指南\所有DMG表格"
"0 核心三宝书\DMG城主指南\所有DMG表格\表8-1：特殊能力分类.htm","表8-1：特殊能力分类.htm",".htm","3650","0 核心三宝书\DMG城主指南\所有DMG表格"
"0 核心三宝书\DMG城主指南\所有DMG表格\表8-2：疾病.htm","表8-2：疾病.htm",".htm","4083","0 核心三宝书\DMG城主指南\所有DMG表格"
"0 核心三宝书\DMG城主指南\所有DMG表格\表8-3：毒素.htm","表8-3：毒素.htm",".htm","6235","0 核心三宝书\DMG城主指南\所有DMG表格"
"0 核心三宝书\DMG城主指南\所有DMG表格\表8-4：坠落物的伤害.htm","表8-4：坠落物的伤害.htm",".htm","3083","0 核心三宝书\DMG城主指南\所有DMG表格"
"0 核心三宝书\DMG城主指南\所有DMG表格\3-25\表3-25：野外事件遭遇列表-任何野外环境.htm","表3-25：野外事件遭遇列表-任何野外环境.htm",".htm","5016","0 核心三宝书\DMG城主指南\所有DMG表格\3-25"
"0 核心三宝书\DMG城主指南\所有DMG表格\3-25\表3-25：野外事件遭遇列表-寒带丘陵.htm","表3-25：野外事件遭遇列表-寒带丘陵.htm",".htm","3563","0 核心三宝书\DMG城主指南\所有DMG表格\3-25"
"0 核心三宝书\DMG城主指南\所有DMG表格\3-25\表3-25：野外事件遭遇列表-寒带山脉.htm","表3-25：野外事件遭遇列表-寒带山脉.htm",".htm","4048","0 核心三宝书\DMG城主指南\所有DMG表格\3-25"
"0 核心三宝书\DMG城主指南\所有DMG表格\3-25\表3-25：野外事件遭遇列表-寒带平原.htm","表3-25：野外事件遭遇列表-寒带平原.htm",".htm","3433","0 核心三宝书\DMG城主指南\所有DMG表格\3-25"
"0 核心三宝书\DMG城主指南\所有DMG表格\3-25\表3-25：野外事件遭遇列表-寒带森林.htm","表3-25：野外事件遭遇列表-寒带森林.htm",".htm","3599","0 核心三宝书\DMG城主指南\所有DMG表格\3-25"
"0 核心三宝书\DMG城主指南\所有DMG表格\3-25\表3-25：野外事件遭遇列表-寒带水域.htm","表3-25：野外事件遭遇列表-寒带水域.htm",".htm","3624","0 核心三宝书\DMG城主指南\所有DMG表格\3-25"
"0 核心三宝书\DMG城主指南\所有DMG表格\3-25\表3-25：野外事件遭遇列表-寒带沙漠.htm","表3-25：野外事件遭遇列表-寒带沙漠.htm",".htm","3389","0 核心三宝书\DMG城主指南\所有DMG表格\3-25"
"0 核心三宝书\DMG城主指南\所有DMG表格\3-25\表3-25：野外事件遭遇列表-寒带沼泽.htm","表3-25：野外事件遭遇列表-寒带沼泽.htm",".htm","3850","0 核心三宝书\DMG城主指南\所有DMG表格\3-25"
"0 核心三宝书\DMG城主指南\所有DMG表格\3-25\表3-25：野外事件遭遇列表-暖带丘陵.htm","表3-25：野外事件遭遇列表-暖带丘陵.htm",".htm","4151","0 核心三宝书\DMG城主指南\所有DMG表格\3-25"
"0 核心三宝书\DMG城主指南\所有DMG表格\3-25\表3-25：野外事件遭遇列表-暖带山脉.htm","表3-25：野外事件遭遇列表-暖带山脉.htm",".htm","4011","0 核心三宝书\DMG城主指南\所有DMG表格\3-25"
"0 核心三宝书\DMG城主指南\所有DMG表格\3-25\表3-25：野外事件遭遇列表-暖带平原.htm","表3-25：野外事件遭遇列表-暖带平原.htm",".htm","4371","0 核心三宝书\DMG城主指南\所有DMG表格\3-25"
"0 核心三宝书\DMG城主指南\所有DMG表格\3-25\表3-25：野外事件遭遇列表-暖带森林.htm","表3-25：野外事件遭遇列表-暖带森林.htm",".htm","4337","0 核心三宝书\DMG城主指南\所有DMG表格\3-25"
"0 核心三宝书\DMG城主指南\所有DMG表格\3-25\表3-25：野外事件遭遇列表-暖带水域.htm","表3-25：野外事件遭遇列表-暖带水域.htm",".htm","3661","0 核心三宝书\DMG城主指南\所有DMG表格\3-25"
"0 核心三宝书\DMG城主指南\所有DMG表格\3-25\表3-25：野外事件遭遇列表-暖带沙漠.htm","表3-25：野外事件遭遇列表-暖带沙漠.htm",".htm","4617","0 核心三宝书\DMG城主指南\所有DMG表格\3-25"
"0 核心三宝书\DMG城主指南\所有DMG表格\3-25\表3-25：野外事件遭遇列表-暖带沼泽.htm","表3-25：野外事件遭遇列表-暖带沼泽.htm",".htm","4506","0 核心三宝书\DMG城主指南\所有DMG表格\3-25"
"0 核心三宝书\DMG城主指南\所有DMG表格\3-25\表3-25：野外事件遭遇列表-温带丘陵.htm","表3-25：野外事件遭遇列表-温带丘陵.htm",".htm","4571","0 核心三宝书\DMG城主指南\所有DMG表格\3-25"
"0 核心三宝书\DMG城主指南\所有DMG表格\3-25\表3-25：野外事件遭遇列表-温带山脉.htm","表3-25：野外事件遭遇列表-温带山脉.htm",".htm","4246","0 核心三宝书\DMG城主指南\所有DMG表格\3-25"
"0 核心三宝书\DMG城主指南\所有DMG表格\3-25\表3-25：野外事件遭遇列表-温带平原.htm","表3-25：野外事件遭遇列表-温带平原.htm",".htm","4667","0 核心三宝书\DMG城主指南\所有DMG表格\3-25"
"0 核心三宝书\DMG城主指南\所有DMG表格\3-25\表3-25：野外事件遭遇列表-温带森林.htm","表3-25：野外事件遭遇列表-温带森林.htm",".htm","5977","0 核心三宝书\DMG城主指南\所有DMG表格\3-25"
"0 核心三宝书\DMG城主指南\所有DMG表格\3-25\表3-25：野外事件遭遇列表-温带水域.htm","表3-25：野外事件遭遇列表-温带水域.htm",".htm","4004","0 核心三宝书\DMG城主指南\所有DMG表格\3-25"
"0 核心三宝书\DMG城主指南\所有DMG表格\3-25\表3-25：野外事件遭遇列表-温带沙漠.htm","表3-25：野外事件遭遇列表-温带沙漠.htm",".htm","4084","0 核心三宝书\DMG城主指南\所有DMG表格\3-25"
"0 核心三宝书\DMG城主指南\所有DMG表格\3-25\表3-25：野外事件遭遇列表-温带沼泽.htm","表3-25：野外事件遭遇列表-温带沼泽.htm",".htm","4535","0 核心三宝书\DMG城主指南\所有DMG表格\3-25"
"0 核心三宝书\DMG城主指南\所有DMG表格\地下城遭遇\10级地下城事件遭遇.htm","10级地下城事件遭遇.htm",".htm","4781","0 核心三宝书\DMG城主指南\所有DMG表格\地下城遭遇"
"0 核心三宝书\DMG城主指南\所有DMG表格\地下城遭遇\11级地下城事件遭遇.htm","11级地下城事件遭遇.htm",".htm","5684","0 核心三宝书\DMG城主指南\所有DMG表格\地下城遭遇"
"0 核心三宝书\DMG城主指南\所有DMG表格\地下城遭遇\12级地下城事件遭遇.htm","12级地下城事件遭遇.htm",".htm","5400","0 核心三宝书\DMG城主指南\所有DMG表格\地下城遭遇"
"0 核心三宝书\DMG城主指南\所有DMG表格\地下城遭遇\13级地下城事件遭遇.htm","13级地下城事件遭遇.htm",".htm","4104","0 核心三宝书\DMG城主指南\所有DMG表格\地下城遭遇"
"0 核心三宝书\DMG城主指南\所有DMG表格\地下城遭遇\14级地下城事件遭遇.htm","14级地下城事件遭遇.htm",".htm","4956","0 核心三宝书\DMG城主指南\所有DMG表格\地下城遭遇"
"0 核心三宝书\DMG城主指南\所有DMG表格\地下城遭遇\15级地下城事件遭遇.htm","15级地下城事件遭遇.htm",".htm","4737","0 核心三宝书\DMG城主指南\所有DMG表格\地下城遭遇"
"0 核心三宝书\DMG城主指南\所有DMG表格\地下城遭遇\16级地下城事件遭遇.htm","16级地下城事件遭遇.htm",".htm","4944","0 核心三宝书\DMG城主指南\所有DMG表格\地下城遭遇"
"0 核心三宝书\DMG城主指南\所有DMG表格\地下城遭遇\17级地下城事件遭遇.htm","17级地下城事件遭遇.htm",".htm","3820","0 核心三宝书\DMG城主指南\所有DMG表格\地下城遭遇"
"0 核心三宝书\DMG城主指南\所有DMG表格\地下城遭遇\18级地下城事件遭遇.htm","18级地下城事件遭遇.htm",".htm","4746","0 核心三宝书\DMG城主指南\所有DMG表格\地下城遭遇"
"0 核心三宝书\DMG城主指南\所有DMG表格\地下城遭遇\19级地下城事件遭遇.htm","19级地下城事件遭遇.htm",".htm","3841","0 核心三宝书\DMG城主指南\所有DMG表格\地下城遭遇"
"0 核心三宝书\DMG城主指南\所有DMG表格\地下城遭遇\1级地下城事件遭遇.htm","1级地下城事件遭遇.htm",".htm","5384","0 核心三宝书\DMG城主指南\所有DMG表格\地下城遭遇"
"0 核心三宝书\DMG城主指南\所有DMG表格\地下城遭遇\20级地下城事件遭遇.htm","20级地下城事件遭遇.htm",".htm","4322","0 核心三宝书\DMG城主指南\所有DMG表格\地下城遭遇"
"0 核心三宝书\DMG城主指南\所有DMG表格\地下城遭遇\2级地下城事件遭遇.htm","2级地下城事件遭遇.htm",".htm","5855","0 核心三宝书\DMG城主指南\所有DMG表格\地下城遭遇"
"0 核心三宝书\DMG城主指南\所有DMG表格\地下城遭遇\3级地下城事件遭遇.htm","3级地下城事件遭遇.htm",".htm","4803","0 核心三宝书\DMG城主指南\所有DMG表格\地下城遭遇"
"0 核心三宝书\DMG城主指南\所有DMG表格\地下城遭遇\4级地下城事件遭遇.htm","4级地下城事件遭遇.htm",".htm","6437","0 核心三宝书\DMG城主指南\所有DMG表格\地下城遭遇"
"0 核心三宝书\DMG城主指南\所有DMG表格\地下城遭遇\5级地下城事件遭遇.htm","5级地下城事件遭遇.htm",".htm","5141","0 核心三宝书\DMG城主指南\所有DMG表格\地下城遭遇"
"0 核心三宝书\DMG城主指南\所有DMG表格\地下城遭遇\6级地下城事件遭遇.htm","6级地下城事件遭遇.htm",".htm","6790","0 核心三宝书\DMG城主指南\所有DMG表格\地下城遭遇"
"0 核心三宝书\DMG城主指南\所有DMG表格\地下城遭遇\7级地下城事件遭遇.htm","7级地下城事件遭遇.htm",".htm","5030","0 核心三宝书\DMG城主指南\所有DMG表格\地下城遭遇"
"0 核心三宝书\DMG城主指南\所有DMG表格\地下城遭遇\8级地下城事件遭遇.htm","8级地下城事件遭遇.htm",".htm","5051","0 核心三宝书\DMG城主指南\所有DMG表格\地下城遭遇"
"0 核心三宝书\DMG城主指南\所有DMG表格\地下城遭遇\9级地下城事件遭遇.htm","9级地下城事件遭遇.htm",".htm","6358","0 核心三宝书\DMG城主指南\所有DMG表格\地下城遭遇"
"0 核心三宝书\DMG城主指南\第一章\DM是什么？.htm","DM是什么？.htm",".htm","2565","0 核心三宝书\DMG城主指南\第一章"
"0 核心三宝书\DMG城主指南\第一章\NPC的动作.htm","NPC的动作.htm",".htm","4800","0 核心三宝书\DMG城主指南\第一章"
"0 核心三宝书\DMG城主指南\第一章\中场休息.htm","中场休息.htm",".htm","2572","0 核心三宝书\DMG城主指南\第一章"
"0 核心三宝书\DMG城主指南\第一章\中间路线.htm","中间路线.htm",".htm","2670","0 核心三宝书\DMG城主指南\第一章"
"0 核心三宝书\DMG城主指南\第一章\丰富游戏.htm","丰富游戏.htm",".htm","3039","0 核心三宝书\DMG城主指南\第一章"
"0 核心三宝书\DMG城主指南\第一章\为何改版.htm","为何改版.htm",".htm","3273","0 核心三宝书\DMG城主指南\第一章"
"0 核心三宝书\DMG城主指南\第一章\主持游戏所需的配备.htm","主持游戏所需的配备.htm",".htm","3549","0 核心三宝书\DMG城主指南\第一章"
"0 核心三宝书\DMG城主指南\第一章\了解冒险任务与其他资料.htm","了解冒险任务与其他资料.htm",".htm","4412","0 核心三宝书\DMG城主指南\第一章"
"0 核心三宝书\DMG城主指南\第一章\了解玩家.htm","了解玩家.htm",".htm","2791","0 核心三宝书\DMG城主指南\第一章"
"0 核心三宝书\DMG城主指南\第一章\了解玩家人物.htm","了解玩家人物.htm",".htm","5220","0 核心三宝书\DMG城主指南\第一章"
"0 核心三宝书\DMG城主指南\第一章\人物被魔法控制.htm","人物被魔法控制.htm",".htm","3337","0 核心三宝书\DMG城主指南\第一章"
"0 核心三宝书\DMG城主指南\第一章\使用小模型.htm","使用小模型.htm",".htm","3048","0 核心三宝书\DMG城主指南\第一章"
"0 核心三宝书\DMG城主指南\第一章\使用预设冒险任务.htm","使用预设冒险任务.htm",".htm","3060","0 核心三宝书\DMG城主指南\第一章"
"0 核心三宝书\DMG城主指南\第一章\保持游戏平衡.htm","保持游戏平衡.htm",".htm","4006","0 核心三宝书\DMG城主指南\第一章"
"0 核心三宝书\DMG城主指南\第一章\关于边栏.htm","关于边栏.htm",".htm","3117","0 核心三宝书\DMG城主指南\第一章"
"0 核心三宝书\DMG城主指南\第一章\其他风格.htm","其他风格.htm",".htm","3423","0 核心三宝书\DMG城主指南\第一章"
"0 核心三宝书\DMG城主指南\第一章\决定结果.htm","决定结果.htm",".htm","6572","0 核心三宝书\DMG城主指南\第一章"
"0 核心三宝书\DMG城主指南\第一章\创造世界.htm","创造世界.htm",".htm","3230","0 核心三宝书\DMG城主指南\第一章"
"0 核心三宝书\DMG城主指南\第一章\前情提要.htm","前情提要.htm",".htm","3427","0 核心三宝书\DMG城主指南\第一章"
"0 核心三宝书\DMG城主指南\第一章\协调玩家.htm","协调玩家.htm",".htm","3733","0 核心三宝书\DMG城主指南\第一章"
"0 核心三宝书\DMG城主指南\第一章\即席规则.htm","即席规则.htm",".htm","4907","0 核心三宝书\DMG城主指南\第一章"
"0 核心三宝书\DMG城主指南\第一章\发问.htm","发问.htm",".htm","2503","0 核心三宝书\DMG城主指南\第一章"
"0 核心三宝书\DMG城主指南\第一章\叙事扮演型.htm","叙事扮演型.htm",".htm","3362","0 核心三宝书\DMG城主指南\第一章"
"0 核心三宝书\DMG城主指南\第一章\叙述动作.htm","叙述动作.htm",".htm","4201","0 核心三宝书\DMG城主指南\第一章"
"0 核心三宝书\DMG城主指南\第一章\地下城主.htm","地下城主.htm",".htm","3147","0 核心三宝书\DMG城主指南\第一章"
"0 核心三宝书\DMG城主指南\第一章\地下城主2.htm","地下城主2.htm",".htm","2584","0 核心三宝书\DMG城主指南\第一章"
"0 核心三宝书\DMG城主指南\第一章\处理NPC的行动.htm","处理NPC的行动.htm",".htm","3012","0 核心三宝书\DMG城主指南\第一章"
"0 核心三宝书\DMG城主指南\第一章\处理不平衡的玩家人物.htm","处理不平衡的玩家人物.htm",".htm","4156","0 核心三宝书\DMG城主指南\第一章"
"0 核心三宝书\DMG城主指南\第一章\处理玩家人物的行动.htm","处理玩家人物的行动.htm",".htm","2989","0 核心三宝书\DMG城主指南\第一章"
"0 核心三宝书\DMG城主指南\第一章\如何使用本书.htm","如何使用本书.htm",".htm","3544","0 核心三宝书\DMG城主指南\第一章"
"0 核心三宝书\DMG城主指南\第一章\布置舞台.htm","布置舞台.htm",".htm","2631","0 核心三宝书\DMG城主指南\第一章"
"0 核心三宝书\DMG城主指南\第一章\建议.htm","建议.htm",".htm","4505","0 核心三宝书\DMG城主指南\第一章"
"0 核心三宝书\DMG城主指南\第一章\掌握节奏.htm","掌握节奏.htm",".htm","3103","0 核心三宝书\DMG城主指南\第一章"
"0 核心三宝书\DMG城主指南\第一章\改变规则.htm","改变规则.htm",".htm","2509","0 核心三宝书\DMG城主指南\第一章"
"0 核心三宝书\DMG城主指南\第一章\改得让游戏顺畅.htm","改得让游戏顺畅.htm",".htm","3891","0 核心三宝书\DMG城主指南\第一章"
"0 核心三宝书\DMG城主指南\第一章\最后.htm","最后.htm",".htm","2489","0 核心三宝书\DMG城主指南\第一章"
"0 核心三宝书\DMG城主指南\第一章\查阅规则.htm","查阅规则.htm",".htm","2607","0 核心三宝书\DMG城主指南\第一章"
"0 核心三宝书\DMG城主指南\第一章\游戏外思考.htm","游戏外思考.htm",".htm","3221","0 核心三宝书\DMG城主指南\第一章"
"0 核心三宝书\DMG城主指南\第一章\游戏教学.htm","游戏教学.htm",".htm","3822","0 核心三宝书\DMG城主指南\第一章"
"0 核心三宝书\DMG城主指南\第一章\游戏风格.htm","游戏风格.htm",".htm","2608","0 核心三宝书\DMG城主指南\第一章"
"0 核心三宝书\DMG城主指南\第一章\熟悉规则.htm","熟悉规则.htm",".htm","2962","0 核心三宝书\DMG城主指南\第一章"
"0 核心三宝书\DMG城主指南\第一章\犯错.htm","犯错.htm",".htm","3167","0 核心三宝书\DMG城主指南\第一章"
"0 核心三宝书\DMG城主指南\第一章\破门砍杀型.htm","破门砍杀型.htm",".htm","3144","0 核心三宝书\DMG城主指南\第一章"
"0 核心三宝书\DMG城主指南\第一章\简介.htm","简介.htm",".htm","2608","0 核心三宝书\DMG城主指南\第一章"
"0 核心三宝书\DMG城主指南\第一章\绘制地图.htm","绘制地图.htm",".htm","2891","0 核心三宝书\DMG城主指南\第一章"
"0 核心三宝书\DMG城主指南\第一章\自创冒险任务.htm","自创冒险任务.htm",".htm","2745","0 核心三宝书\DMG城主指南\第一章"
"0 核心三宝书\DMG城主指南\第一章\裁判.htm","裁判.htm",".htm","3479","0 核心三宝书\DMG城主指南\第一章"
"0 核心三宝书\DMG城主指南\第一章\让战斗有趣.htm","让战斗有趣.htm",".htm","4331","0 核心三宝书\DMG城主指南\第一章"
"0 核心三宝书\DMG城主指南\第一章\设计冒险任务.htm","设计冒险任务.htm",".htm","2583","0 核心三宝书\DMG城主指南\第一章"
"0 核心三宝书\DMG城主指南\第一章\跑团.htm","跑团.htm",".htm","2484","0 核心三宝书\DMG城主指南\第一章"
"0 核心三宝书\DMG城主指南\第一章\跑团实例.htm","跑团实例.htm",".htm","12728","0 核心三宝书\DMG城主指南\第一章"
"0 核心三宝书\DMG城主指南\第一章\运作游戏.htm","运作游戏.htm",".htm","5843","0 核心三宝书\DMG城主指南\第一章"
"0 核心三宝书\DMG城主指南\第七章\A_-_特殊奇物资料.htm","A_-_特殊奇物资料.htm",".htm","8242","0 核心三宝书\DMG城主指南\第七章"
"0 核心三宝书\DMG城主指南\第七章\B_-_奇物资料.htm","B_-_奇物资料.htm",".htm","21175","0 核心三宝书\DMG城主指南\第七章"
"0 核心三宝书\DMG城主指南\第七章\C_-_奇物资料.htm","C_-_奇物资料.htm",".htm","21405","0 核心三宝书\DMG城主指南\第七章"
"0 核心三宝书\DMG城主指南\第七章\D_-_奇物资料.htm","D_-_奇物资料.htm",".htm","14001","0 核心三宝书\DMG城主指南\第七章"
"0 核心三宝书\DMG城主指南\第七章\E_-_奇物资料.htm","E_-_奇物资料.htm",".htm","11284","0 核心三宝书\DMG城主指南\第七章"
"0 核心三宝书\DMG城主指南\第七章\F_-_奇物资料.htm","F_-_奇物资料.htm",".htm","9761","0 核心三宝书\DMG城主指南\第七章"
"0 核心三宝书\DMG城主指南\第七章\G_-_奇物资料.htm","G_-_奇物资料.htm",".htm","12800","0 核心三宝书\DMG城主指南\第七章"
"0 核心三宝书\DMG城主指南\第七章\H_-_奇物资料.htm","H_-_奇物资料.htm",".htm","17049","0 核心三宝书\DMG城主指南\第七章"
"0 核心三宝书\DMG城主指南\第七章\I_-_奇物资料.htm","I_-_奇物资料.htm",".htm","11381","0 核心三宝书\DMG城主指南\第七章"
"0 核心三宝书\DMG城主指南\第七章\K_-_奇物资料.htm","K_-_奇物资料.htm",".htm","4252","0 核心三宝书\DMG城主指南\第七章"
"0 核心三宝书\DMG城主指南\第七章\L_-_奇物资料.htm","L_-_奇物资料.htm",".htm","5556","0 核心三宝书\DMG城主指南\第七章"
"0 核心三宝书\DMG城主指南\第七章\M_-_奇物资料.htm","M_-_奇物资料.htm",".htm","12205","0 核心三宝书\DMG城主指南\第七章"
"0 核心三宝书\DMG城主指南\第七章\N_-_奇物资料.htm","N_-_奇物资料.htm",".htm","8233","0 核心三宝书\DMG城主指南\第七章"
"0 核心三宝书\DMG城主指南\第七章\O_-_奇物资料.htm","O_-_奇物资料.htm",".htm","4229","0 核心三宝书\DMG城主指南\第七章"
"0 核心三宝书\DMG城主指南\第七章\P_-_奇物资料.htm","P_-_奇物资料.htm",".htm","11903","0 核心三宝书\DMG城主指南\第七章"
"0 核心三宝书\DMG城主指南\第七章\Q_-_奇物资料.htm","Q_-_奇物资料.htm",".htm","6326","0 核心三宝书\DMG城主指南\第七章"
"0 核心三宝书\DMG城主指南\第七章\R_-_奇物资料.htm","R_-_奇物资料.htm",".htm","12454","0 核心三宝书\DMG城主指南\第七章"
"0 核心三宝书\DMG城主指南\第七章\S_-_奇物资料.htm","S_-_奇物资料.htm",".htm","15475","0 核心三宝书\DMG城主指南\第七章"
"0 核心三宝书\DMG城主指南\第七章\T_-_奇物资料.htm","T_-_奇物资料.htm",".htm","6577","0 核心三宝书\DMG城主指南\第七章"
"0 核心三宝书\DMG城主指南\第七章\U_-_奇物资料.htm","U_-_奇物资料.htm",".htm","4750","0 核心三宝书\DMG城主指南\第七章"
"0 核心三宝书\DMG城主指南\第七章\W_-_奇物资料.htm","W_-_奇物资料.htm",".htm","5242","0 核心三宝书\DMG城主指南\第七章"
"0 核心三宝书\DMG城主指南\第七章\万法之书.htm","万法之书.htm",".htm","4516","0 核心三宝书\DMG城主指南\第七章"
"0 核心三宝书\DMG城主指南\第七章\万象无常牌.htm","万象无常牌.htm",".htm","9531","0 核心三宝书\DMG城主指南\第七章"
"0 核心三宝书\DMG城主指南\第七章\体型与魔法物品.htm","体型与魔法物品.htm",".htm","3281","0 核心三宝书\DMG城主指南\第七章"
"0 核心三宝书\DMG城主指南\第七章\使用魔法物品.htm","使用魔法物品.htm",".htm","5796","0 核心三宝书\DMG城主指南\第七章"
"0 核心三宝书\DMG城主指南\第七章\修复魔法物品.htm","修复魔法物品.htm",".htm","2778","0 核心三宝书\DMG城主指南\第七章"
"0 核心三宝书\DMG城主指南\第七章\凯斯之剑.htm","凯斯之剑.htm",".htm","2914","0 核心三宝书\DMG城主指南\第七章"
"0 核心三宝书\DMG城主指南\第七章\制造卷轴.htm","制造卷轴.htm",".htm","7062","0 核心三宝书\DMG城主指南\第七章"
"0 核心三宝书\DMG城主指南\第七章\制造奇物.htm","制造奇物.htm",".htm","3194","0 核心三宝书\DMG城主指南\第七章"
"0 核心三宝书\DMG城主指南\第七章\制造智能魔法物品.htm","制造智能魔法物品.htm",".htm","2757","0 核心三宝书\DMG城主指南\第七章"
"0 核心三宝书\DMG城主指南\第七章\制造权杖.htm","制造权杖.htm",".htm","3190","0 核心三宝书\DMG城主指南\第七章"
"0 核心三宝书\DMG城主指南\第七章\制造法杖.htm","制造法杖.htm",".htm","3627","0 核心三宝书\DMG城主指南\第七章"
"0 核心三宝书\DMG城主指南\第七章\制造药水.htm","制造药水.htm",".htm","5966","0 核心三宝书\DMG城主指南\第七章"
"0 核心三宝书\DMG城主指南\第七章\制造魔杖.htm","制造魔杖.htm",".htm","6208","0 核心三宝书\DMG城主指南\第七章"
"0 核心三宝书\DMG城主指南\第七章\制造魔法戒指.htm","制造魔法戒指.htm",".htm","3222","0 核心三宝书\DMG城主指南\第七章"
"0 核心三宝书\DMG城主指南\第七章\制造魔法武器.htm","制造魔法武器.htm",".htm","4028","0 核心三宝书\DMG城主指南\第七章"
"0 核心三宝书\DMG城主指南\第七章\制造魔法物品.htm","制造魔法物品.htm",".htm","4930","0 核心三宝书\DMG城主指南\第七章"
"0 核心三宝书\DMG城主指南\第七章\制造魔法防具.htm","制造魔法防具.htm",".htm","3750","0 核心三宝书\DMG城主指南\第七章"
"0 核心三宝书\DMG城主指南\第七章\卷轴.htm","卷轴.htm",".htm","8865","0 核心三宝书\DMG城主指南\第七章"
"0 核心三宝书\DMG城主指南\第七章\圣洁之书.htm","圣洁之书.htm",".htm","3256","0 核心三宝书\DMG城主指南\第七章"
"0 核心三宝书\DMG城主指南\第七章\处理魔法物品-宝藏中的魔法物品.htm","处理魔法物品-宝藏中的魔法物品.htm",".htm","3494","0 核心三宝书\DMG城主指南\第七章"
"0 核心三宝书\DMG城主指南\第七章\外观.htm","外观.htm",".htm","4000","0 核心三宝书\DMG城主指南\第七章"
"0 核心三宝书\DMG城主指南\第七章\奇物.htm","奇物.htm",".htm","3174","0 核心三宝书\DMG城主指南\第七章"
"0 核心三宝书\DMG城主指南\第七章\对抗魔法物品的豁免检定.htm","对抗魔法物品的豁免检定.htm",".htm","3455","0 核心三宝书\DMG城主指南\第七章"
"0 核心三宝书\DMG城主指南\第七章\幕后随谈：在游戏中加入诅咒物品.htm","幕后随谈：在游戏中加入诅咒物品.htm",".htm","3594","0 核心三宝书\DMG城主指南\第七章"
"0 核心三宝书\DMG城主指南\第七章\幕后随谈：特殊武器原料.htm","幕后随谈：特殊武器原料.htm",".htm","3156","0 核心三宝书\DMG城主指南\第七章"
"0 核心三宝书\DMG城主指南\第七章\幕后随谈：身体装备栏位.htm","幕后随谈：身体装备栏位.htm",".htm","5323","0 核心三宝书\DMG城主指南\第七章"
"0 核心三宝书\DMG城主指南\第七章\幕后随谈：魔法物品的价格.htm","幕后随谈：魔法物品的价格.htm",".htm","4800","0 核心三宝书\DMG城主指南\第七章"
"0 核心三宝书\DMG城主指南\第七章\幽影法杖.htm","幽影法杖.htm",".htm","3330","0 核心三宝书\DMG城主指南\第七章"
"0 核心三宝书\DMG城主指南\第七章\库斯伯特硬头锤.htm","库斯伯特硬头锤.htm",".htm","2762","0 核心三宝书\DMG城主指南\第七章"
"0 核心三宝书\DMG城主指南\第七章\悲啸钻石.htm","悲啸钻石.htm",".htm","2862","0 核心三宝书\DMG城主指南\第七章"
"0 核心三宝书\DMG城主指南\第七章\戒指.htm","戒指.htm",".htm","3518","0 核心三宝书\DMG城主指南\第七章"
"0 核心三宝书\DMG城主指南\第七章\戒指说明.htm","戒指说明.htm",".htm","24744","0 核心三宝书\DMG城主指南\第七章"
"0 核心三宝书\DMG城主指南\第七章\普瑞特之盾.htm","普瑞特之盾.htm",".htm","3174","0 核心三宝书\DMG城主指南\第七章"
"0 核心三宝书\DMG城主指南\第七章\智能物品能力.htm","智能物品能力.htm",".htm","9966","0 核心三宝书\DMG城主指南\第七章"
"0 核心三宝书\DMG城主指南\第七章\智能魔法物品.htm","智能魔法物品.htm",".htm","3895","0 核心三宝书\DMG城主指南\第七章"
"0 核心三宝书\DMG城主指南\第七章\智能魔法物品的阵营.htm","智能魔法物品的阵营.htm",".htm","4756","0 核心三宝书\DMG城主指南\第七章"
"0 核心三宝书\DMG城主指南\第七章\智能魔法物品范例.htm","智能魔法物品范例.htm",".htm","9619","0 核心三宝书\DMG城主指南\第七章"
"0 核心三宝书\DMG城主指南\第七章\权杖.htm","权杖.htm",".htm","6784","0 核心三宝书\DMG城主指南\第七章"
"0 核心三宝书\DMG城主指南\第七章\权杖说明.htm","权杖说明.htm",".htm","21285","0 核心三宝书\DMG城主指南\第七章"
"0 核心三宝书\DMG城主指南\第七章\极恶神符.htm","极恶神符.htm",".htm","3105","0 核心三宝书\DMG城主指南\第七章"
"0 核心三宝书\DMG城主指南\第七章\次级奇物.htm","次级奇物.htm",".htm","8974","0 核心三宝书\DMG城主指南\第七章"
"0 核心三宝书\DMG城主指南\第七章\次级奇物分类-乐器.htm","次级奇物分类-乐器.htm",".htm","6962","0 核心三宝书\DMG城主指南\第七章"
"0 核心三宝书\DMG城主指南\第七章\次级奇物分类-召唤类（魔术袋、元素宝石）.htm","次级奇物分类-召唤类（魔术袋、元素宝石）.htm",".htm","6048","0 核心三宝书\DMG城主指南\第七章"
"0 核心三宝书\DMG城主指南\第七章\次级奇物分类-坐骑奇物.htm","次级奇物分类-坐骑奇物.htm",".htm","4494","0 核心三宝书\DMG城主指南\第七章"
"0 核心三宝书\DMG城主指南\第七章\次级奇物分类-头部.htm","次级奇物分类-头部.htm",".htm","5848","0 核心三宝书\DMG城主指南\第七章"
"0 核心三宝书\DMG城主指南\第七章\次级奇物分类-宝珠.htm","次级奇物分类-宝珠.htm",".htm","4517","0 核心三宝书\DMG城主指南\第七章"
"0 核心三宝书\DMG城主指南\第七章\次级奇物分类-容器.htm","次级奇物分类-容器.htm",".htm","6889","0 核心三宝书\DMG城主指南\第七章"
"0 核心三宝书\DMG城主指南\第七章\次级奇物分类-工具.htm","次级奇物分类-工具.htm",".htm","8181","0 核心三宝书\DMG城主指南\第七章"
"0 核心三宝书\DMG城主指南\第七章\次级奇物分类-手套.htm","次级奇物分类-手套.htm",".htm","5033","0 核心三宝书\DMG城主指南\第七章"
"0 核心三宝书\DMG城主指南\第七章\次级奇物分类-手腕.htm","次级奇物分类-手腕.htm",".htm","4438","0 核心三宝书\DMG城主指南\第七章"
"0 核心三宝书\DMG城主指南\第七章\次级奇物分类-无位置.htm","次级奇物分类-无位置.htm",".htm","8394","0 核心三宝书\DMG城主指南\第七章"
"0 核心三宝书\DMG城主指南\第七章\次级奇物分类-眼部.htm","次级奇物分类-眼部.htm",".htm","4784","0 核心三宝书\DMG城主指南\第七章"
"0 核心三宝书\DMG城主指南\第七章\次级奇物分类-粉尘.htm","次级奇物分类-粉尘.htm",".htm","5508","0 核心三宝书\DMG城主指南\第七章"
"0 核心三宝书\DMG城主指南\第七章\次级奇物分类-肩膀.htm","次级奇物分类-肩膀.htm",".htm","5706","0 核心三宝书\DMG城主指南\第七章"
"0 核心三宝书\DMG城主指南\第七章\次级奇物分类-药水、药剂、药膏与染料.htm","次级奇物分类-药水、药剂、药膏与染料.htm",".htm","10064","0 核心三宝书\DMG城主指南\第七章"
"0 核心三宝书\DMG城主指南\第七章\次级奇物分类-身体.htm","次级奇物分类-身体.htm",".htm","7540","0 核心三宝书\DMG城主指南\第七章"
"0 核心三宝书\DMG城主指南\第七章\次级奇物分类-鞋子.htm","次级奇物分类-鞋子.htm",".htm","5085","0 核心三宝书\DMG城主指南\第七章"
"0 核心三宝书\DMG城主指南\第七章\次级奇物分类-颈部.htm","次级奇物分类-颈部.htm",".htm","5597","0 核心三宝书\DMG城主指南\第七章"
"0 核心三宝书\DMG城主指南\第七章\次级奇物分类—夸尔的羽符.htm","次级奇物分类—夸尔的羽符.htm",".htm","4679","0 核心三宝书\DMG城主指南\第七章"
"0 核心三宝书\DMG城主指南\第七章\武器.htm","武器.htm",".htm","19463","0 核心三宝书\DMG城主指南\第七章"
"0 核心三宝书\DMG城主指南\第七章\毁灭黑洞.htm","毁灭黑洞.htm",".htm","3828","0 核心三宝书\DMG城主指南\第七章"
"0 核心三宝书\DMG城主指南\第七章\法杖.htm","法杖.htm",".htm","5635","0 核心三宝书\DMG城主指南\第七章"
"0 核心三宝书\DMG城主指南\第七章\法杖说明.htm","法杖说明.htm",".htm","14608","0 核心三宝书\DMG城主指南\第七章"
"0 核心三宝书\DMG城主指南\第七章\炼金石.htm","炼金石.htm",".htm","2951","0 核心三宝书\DMG城主指南\第七章"
"0 核心三宝书\DMG城主指南\第七章\物品反抗人物.htm","物品反抗人物.htm",".htm","4920","0 核心三宝书\DMG城主指南\第七章"
"0 核心三宝书\DMG城主指南\第七章\物品的特殊意图.htm","物品的特殊意图.htm",".htm","7189","0 核心三宝书\DMG城主指南\第七章"
"0 核心三宝书\DMG城主指南\第七章\物品自我意识.htm","物品自我意识.htm",".htm","4941","0 核心三宝书\DMG城主指南\第七章"
"0 核心三宝书\DMG城主指南\第七章\物品语言.htm","物品语言.htm",".htm","2621","0 核心三宝书\DMG城主指南\第七章"
"0 核心三宝书\DMG城主指南\第七章\特殊原料.htm","特殊原料.htm",".htm","8334","0 核心三宝书\DMG城主指南\第七章"
"0 核心三宝书\DMG城主指南\第七章\特殊武器.htm","特殊武器.htm",".htm","22113","0 核心三宝书\DMG城主指南\第七章"
"0 核心三宝书\DMG城主指南\第七章\特殊盔甲.htm","特殊盔甲.htm",".htm","9101","0 核心三宝书\DMG城主指南\第七章"
"0 核心三宝书\DMG城主指南\第七章\特殊盾牌.htm","特殊盾牌.htm",".htm","7172","0 核心三宝书\DMG城主指南\第七章"
"0 核心三宝书\DMG城主指南\第七章\特殊诅咒物品.htm","特殊诅咒物品.htm",".htm","17484","0 核心三宝书\DMG城主指南\第七章"
"0 核心三宝书\DMG城主指南\第七章\破坏魔法物品.htm","破坏魔法物品.htm",".htm","3211","0 核心三宝书\DMG城主指南\第七章"
"0 核心三宝书\DMG城主指南\第七章\神器.htm","神器.htm",".htm","3028","0 核心三宝书\DMG城主指南\第七章"
"0 核心三宝书\DMG城主指南\第七章\秽暗之书.htm","秽暗之书.htm",".htm","3406","0 核心三宝书\DMG城主指南\第七章"
"0 核心三宝书\DMG城主指南\第七章\穿戴魔法物品的限制.htm","穿戴魔法物品的限制.htm",".htm","3902","0 核心三宝书\DMG城主指南\第七章"
"0 核心三宝书\DMG城主指南\第七章\精制品.htm","精制品.htm",".htm","2575","0 核心三宝书\DMG城主指南\第七章"
"0 核心三宝书\DMG城主指南\第七章\维克那法眼魔掌.htm","维克那法眼魔掌.htm",".htm","3790","0 核心三宝书\DMG城主指南\第七章"
"0 核心三宝书\DMG城主指南\第七章\至高圣符.htm","至高圣符.htm",".htm","3097","0 核心三宝书\DMG城主指南\第七章"
"0 核心三宝书\DMG城主指南\第七章\药水和神油.htm","药水和神油.htm",".htm","13470","0 核心三宝书\DMG城主指南\第七章"
"0 核心三宝书\DMG城主指南\第七章\萨基神符.htm","萨基神符.htm",".htm","3131","0 核心三宝书\DMG城主指南\第七章"
"0 核心三宝书\DMG城主指南\第七章\表7-23：奥术卷轴.htm","表7-23：奥术卷轴.htm",".htm","29050","0 核心三宝书\DMG城主指南\第七章"
"0 核心三宝书\DMG城主指南\第七章\表7-24：神术卷轴.htm","表7-24：神术卷轴.htm",".htm","23649","0 核心三宝书\DMG城主指南\第七章"
"0 核心三宝书\DMG城主指南\第七章\诅咒物品.htm","诅咒物品.htm",".htm","11782","0 核心三宝书\DMG城主指南\第七章"
"0 核心三宝书\DMG城主指南\第七章\轰雷锤.htm","轰雷锤.htm",".htm","2960","0 核心三宝书\DMG城主指南\第七章"
"0 核心三宝书\DMG城主指南\第七章\鉴定物品.htm","鉴定物品.htm",".htm","4435","0 核心三宝书\DMG城主指南\第七章"
"0 核心三宝书\DMG城主指南\第七章\防具.htm","防具.htm",".htm","9640","0 核心三宝书\DMG城主指南\第七章"
"0 核心三宝书\DMG城主指南\第七章\附加新能力.htm","附加新能力.htm",".htm","2795","0 核心三宝书\DMG城主指南\第七章"
"0 核心三宝书\DMG城主指南\第七章\随机魔法物品.htm","随机魔法物品.htm",".htm","6232","0 核心三宝书\DMG城主指南\第七章"
"0 核心三宝书\DMG城主指南\第七章\驭洞神符.htm","驭洞神符.htm",".htm","2900","0 核心三宝书\DMG城主指南\第七章"
"0 核心三宝书\DMG城主指南\第七章\高等神器.htm","高等神器.htm",".htm","3210","0 核心三宝书\DMG城主指南\第七章"
"0 核心三宝书\DMG城主指南\第七章\高等神器说明.htm","高等神器说明.htm",".htm","2610","0 核心三宝书\DMG城主指南\第七章"
"0 核心三宝书\DMG城主指南\第七章\魔杖.htm","魔杖.htm",".htm","12014","0 核心三宝书\DMG城主指南\第七章"
"0 核心三宝书\DMG城主指南\第七章\魔法武器特殊能力说明.htm","魔法武器特殊能力说明.htm",".htm","18450","0 核心三宝书\DMG城主指南\第七章"
"0 核心三宝书\DMG城主指南\第七章\魔法物品.htm","魔法物品.htm",".htm","5882","0 核心三宝书\DMG城主指南\第七章"
"0 核心三宝书\DMG城主指南\第七章\魔法物品与“侦测魔法”.htm","魔法物品与“侦测魔法”.htm",".htm","3655","0 核心三宝书\DMG城主指南\第七章"
"0 核心三宝书\DMG城主指南\第七章\魔法物品说明.htm","魔法物品说明.htm",".htm","6087","0 核心三宝书\DMG城主指南\第七章"
"0 核心三宝书\DMG城主指南\第七章\魔法盔甲与盾牌特殊能力说明.htm","魔法盔甲与盾牌特殊能力说明.htm",".htm","22760","0 核心三宝书\DMG城主指南\第七章"
"0 核心三宝书\DMG城主指南\第七章\龙珠.htm","龙珠.htm",".htm","4326","0 核心三宝书\DMG城主指南\第七章"
"0 核心三宝书\DMG城主指南\第三章\事件遭遇\困难度.htm","困难度.htm",".htm","4211","0 核心三宝书\DMG城主指南\第三章\事件遭遇"
"0 核心三宝书\DMG城主指南\第三章\事件遭遇\困难度附记.htm","困难度附记.htm",".htm","3536","0 核心三宝书\DMG城主指南\第三章\事件遭遇"
"0 核心三宝书\DMG城主指南\第三章\事件遭遇\地点.htm","地点.htm",".htm","2526","0 核心三宝书\DMG城主指南\第三章\事件遭遇"
"0 核心三宝书\DMG城主指南\第三章\事件遭遇\多个怪物的遭遇等级.htm","多个怪物的遭遇等级.htm",".htm","4575","0 核心三宝书\DMG城主指南\第三章\事件遭遇"
"0 核心三宝书\DMG城主指南\第三章\事件遭遇\怎样才算有挑战性.htm","怎样才算有挑战性.htm",".htm","3269","0 核心三宝书\DMG城主指南\第三章\事件遭遇"
"0 核心三宝书\DMG城主指南\第三章\事件遭遇\行为与鼓励.htm","行为与鼓励.htm",".htm","4180","0 核心三宝书\DMG城主指南\第三章\事件遭遇"
"0 核心三宝书\DMG城主指南\第三章\事件遭遇\让事情有趣.htm","让事情有趣.htm",".htm","2998","0 核心三宝书\DMG城主指南\第三章\事件遭遇"
"0 核心三宝书\DMG城主指南\第三章\事件遭遇\调整难度.htm","调整难度.htm",".htm","3388","0 核心三宝书\DMG城主指南\第三章\事件遭遇"
"0 核心三宝书\DMG城主指南\第三章\事件遭遇\较强的怪物.htm","较强的怪物.htm",".htm","2745","0 核心三宝书\DMG城主指南\第三章\事件遭遇"
"0 核心三宝书\DMG城主指南\第三章\事件遭遇\量身特制或预先设计47页.htm","量身特制或预先设计47页.htm",".htm","3496","0 核心三宝书\DMG城主指南\第三章\事件遭遇"
"0 核心三宝书\DMG城主指南\第三章\冒险\优秀的结构.htm","优秀的结构.htm",".htm","3938","0 核心三宝书\DMG城主指南\第三章\冒险"
"0 核心三宝书\DMG城主指南\第三章\冒险\冒险写作要点.htm","冒险写作要点.htm",".htm","3964","0 核心三宝书\DMG城主指南\第三章\冒险"
"0 核心三宝书\DMG城主指南\第三章\冒险\动机.htm","动机.htm",".htm","2695","0 核心三宝书\DMG城主指南\第三章\冒险"
"0 核心三宝书\DMG城主指南\第三章\冒险\地点导向式冒险任务.htm","地点导向式冒险任务.htm",".htm","4751","0 核心三宝书\DMG城主指南\第三章\冒险"
"0 核心三宝书\DMG城主指南\第三章\冒险\情节导向式冒险任务.htm","情节导向式冒险任务.htm",".htm","4454","0 核心三宝书\DMG城主指南\第三章\冒险"
"0 核心三宝书\DMG城主指南\第三章\冒险\终场.htm","终场.htm",".htm","3092","0 核心三宝书\DMG城主指南\第三章\冒险"
"0 核心三宝书\DMG城主指南\第三章\冒险\结构.htm","结构.htm",".htm","2556","0 核心三宝书\DMG城主指南\第三章\冒险"
"0 核心三宝书\DMG城主指南\第三章\冒险\设计冒险.htm","设计冒险.htm",".htm","3839","0 核心三宝书\DMG城主指南\第三章\冒险"
"0 核心三宝书\DMG城主指南\第三章\冒险\资讯的掌控.htm","资讯的掌控.htm",".htm","3432","0 核心三宝书\DMG城主指南\第三章\冒险"
"0 核心三宝书\DMG城主指南\第三章\冒险\量身特制或预先设计43页.htm","量身特制或预先设计43页.htm",".htm","3707","0 核心三宝书\DMG城主指南\第三章\冒险"
"0 核心三宝书\DMG城主指南\第三章\冒险\错误的结构.htm","错误的结构.htm",".htm","3872","0 核心三宝书\DMG城主指南\第三章\冒险"
"0 核心三宝书\DMG城主指南\第三章\冒险\静态或动态.htm","静态或动态.htm",".htm","3993","0 核心三宝书\DMG城主指南\第三章\冒险"
"0 核心三宝书\DMG城主指南\第三章\冒险\预言系法术.htm","预言系法术.htm",".htm","2668","0 核心三宝书\DMG城主指南\第三章\冒险"
"0 核心三宝书\DMG城主指南\第三章\冒险任务之间\冒险任务之间.htm","冒险任务之间.htm",".htm","2548","0 核心三宝书\DMG城主指南\第三章\冒险任务之间"
"0 核心三宝书\DMG城主指南\第三章\冒险任务之间\制作记录.htm","制作记录.htm",".htm","2847","0 核心三宝书\DMG城主指南\第三章\冒险任务之间"
"0 核心三宝书\DMG城主指南\第三章\冒险任务之间\更新人物资料.htm","更新人物资料.htm",".htm","2754","0 核心三宝书\DMG城主指南\第三章\冒险任务之间"
"0 核心三宝书\DMG城主指南\第三章\冒险任务之间\给予经验值.htm","给予经验值.htm",".htm","2732","0 核心三宝书\DMG城主指南\第三章\冒险任务之间"
"0 核心三宝书\DMG城主指南\第三章\冒险范例\冒险范例.htm","冒险范例.htm",".htm","3893","0 核心三宝书\DMG城主指南\第三章\冒险范例"
"0 核心三宝书\DMG城主指南\第三章\冒险范例\模组修道院地窖.htm","模组修道院地窖.htm",".htm","14675","0 核心三宝书\DMG城主指南\第三章\冒险范例"
"0 核心三宝书\DMG城主指南\第三章\地下城\冒险设定里的地下城.htm","冒险设定里的地下城.htm",".htm","2982","0 核心三宝书\DMG城主指南\第三章\地下城"
"0 核心三宝书\DMG城主指南\第三章\地下城\地下城.htm","地下城.htm",".htm","2620","0 核心三宝书\DMG城主指南\第三章\地下城"
"0 核心三宝书\DMG城主指南\第三章\地下城\地下城类型.htm","地下城类型.htm",".htm","5501","0 核心三宝书\DMG城主指南\第三章\地下城"
"0 核心三宝书\DMG城主指南\第三章\地下城地形\其他特色.htm","其他特色.htm",".htm","10267","0 核心三宝书\DMG城主指南\第三章\地下城地形"
"0 核心三宝书\DMG城主指南\第三章\地下城地形\地下城地形.htm","地下城地形.htm",".htm","3668","0 核心三宝书\DMG城主指南\第三章\地下城地形"
"0 核心三宝书\DMG城主指南\第三章\地下城地形\地面.htm","地面.htm",".htm","5562","0 核心三宝书\DMG城主指南\第三章\地下城地形"
"0 核心三宝书\DMG城主指南\第三章\地下城地形\坍塌与倒塌.htm","坍塌与倒塌.htm",".htm","3902","0 核心三宝书\DMG城主指南\第三章\地下城地形"
"0 核心三宝书\DMG城主指南\第三章\地下城地形\墙壁.htm","墙壁.htm",".htm","5858","0 核心三宝书\DMG城主指南\第三章\地下城地形"
"0 核心三宝书\DMG城主指南\第三章\地下城地形\幕后随谈.htm","幕后随谈.htm",".htm","3730","0 核心三宝书\DMG城主指南\第三章\地下城地形"
"0 核心三宝书\DMG城主指南\第三章\地下城地形\房间.htm","房间.htm",".htm","5022","0 核心三宝书\DMG城主指南\第三章\地下城地形"
"0 核心三宝书\DMG城主指南\第三章\地下城地形\照明.htm","照明.htm",".htm","3575","0 核心三宝书\DMG城主指南\第三章\地下城地形"
"0 核心三宝书\DMG城主指南\第三章\地下城地形\通道.htm","通道.htm",".htm","3373","0 核心三宝书\DMG城主指南\第三章\地下城地形"
"0 核心三宝书\DMG城主指南\第三章\地下城地形\门.htm","门.htm",".htm","9865","0 核心三宝书\DMG城主指南\第三章\地下城地形"
"0 核心三宝书\DMG城主指南\第三章\地下城地形\随机特征与摆设.htm","随机特征与摆设.htm",".htm","2687","0 核心三宝书\DMG城主指南\第三章\地下城地形"
"0 核心三宝书\DMG城主指南\第三章\地下城生态\地下城生态.htm","地下城生态.htm",".htm","3004","0 核心三宝书\DMG城主指南\第三章\地下城生态"
"0 核心三宝书\DMG城主指南\第三章\地下城生态\地下城的动物.htm","地下城的动物.htm",".htm","3545","0 核心三宝书\DMG城主指南\第三章\地下城生态"
"0 核心三宝书\DMG城主指南\第三章\地下城生态\烂泥、霉菌与蕈类.htm","烂泥、霉菌与蕈类.htm",".htm","4620","0 核心三宝书\DMG城主指南\第三章\地下城生态"
"0 核心三宝书\DMG城主指南\第三章\地下城生态\游荡的怪物\游荡怪物.htm","游荡怪物.htm",".htm","2903","0 核心三宝书\DMG城主指南\第三章\地下城生态\游荡的怪物"
"0 核心三宝书\DMG城主指南\第三章\地下城生态\游荡的怪物\游荡怪物掷骰.htm","游荡怪物掷骰.htm",".htm","3888","0 核心三宝书\DMG城主指南\第三章\地下城生态\游荡的怪物"
"0 核心三宝书\DMG城主指南\第三章\地下城生态\游荡的怪物\游荡怪物的宝藏.htm","游荡怪物的宝藏.htm",".htm","2872","0 核心三宝书\DMG城主指南\第三章\地下城生态\游荡的怪物"
"0 核心三宝书\DMG城主指南\第三章\地下城生态\游荡的怪物\遭遇怪物.htm","遭遇怪物.htm",".htm","3790","0 核心三宝书\DMG城主指南\第三章\地下城生态\游荡的怪物"
"0 核心三宝书\DMG城主指南\第三章\城镇冒险\城墙与城门.htm","城墙与城门.htm",".htm","4189","0 核心三宝书\DMG城主指南\第三章\城镇冒险"
"0 核心三宝书\DMG城主指南\第三章\城镇冒险\城市建筑.htm","城市建筑.htm",".htm","3140","0 核心三宝书\DMG城主指南\第三章\城镇冒险"
"0 核心三宝书\DMG城主指南\第三章\城镇冒险\城市灯光.htm","城市灯光.htm",".htm","3060","0 核心三宝书\DMG城主指南\第三章\城镇冒险"
"0 核心三宝书\DMG城主指南\第三章\城镇冒险\城市街道.htm","城市街道.htm",".htm","3555","0 核心三宝书\DMG城主指南\第三章\城镇冒险"
"0 核心三宝书\DMG城主指南\第三章\城镇冒险\城镇事件遭遇.htm","城镇事件遭遇.htm",".htm","9621","0 核心三宝书\DMG城主指南\第三章\城镇冒险"
"0 核心三宝书\DMG城主指南\第三章\城镇冒险\城镇冒险.htm","城镇冒险.htm",".htm","4368","0 核心三宝书\DMG城主指南\第三章\城镇冒险"
"0 核心三宝书\DMG城主指南\第三章\城镇冒险\城镇特征.htm","城镇特征.htm",".htm","2564","0 核心三宝书\DMG城主指南\第三章\城镇冒险"
"0 核心三宝书\DMG城主指南\第三章\城镇冒险\守卫与士兵.htm","守卫与士兵.htm",".htm","3033","0 核心三宝书\DMG城主指南\第三章\城镇冒险"
"0 核心三宝书\DMG城主指南\第三章\城镇冒险\攻城器.htm","攻城器.htm",".htm","4876","0 核心三宝书\DMG城主指南\第三章\城镇冒险"
"0 核心三宝书\DMG城主指南\第三章\城镇冒险\武器与法术限制.htm","武器与法术限制.htm",".htm","3298","0 核心三宝书\DMG城主指南\第三章\城镇冒险"
"0 核心三宝书\DMG城主指南\第三章\城镇冒险\街道之上与街道之下.htm","街道之上与街道之下.htm",".htm","3657","0 核心三宝书\DMG城主指南\第三章\城镇冒险"
"0 核心三宝书\DMG城主指南\第三章\城镇冒险\购买建筑.htm","购买建筑.htm",".htm","2524","0 核心三宝书\DMG城主指南\第三章\城镇冒险"
"0 核心三宝书\DMG城主指南\第三章\宝藏\其他奖赏.htm","其他奖赏.htm",".htm","3646","0 核心三宝书\DMG城主指南\第三章\宝藏"
"0 核心三宝书\DMG城主指南\第三章\宝藏\其他宝藏.htm","其他宝藏.htm",".htm","2762","0 核心三宝书\DMG城主指南\第三章\宝藏"
"0 核心三宝书\DMG城主指南\第三章\宝藏\如何查阅宝藏表.htm","如何查阅宝藏表.htm",".htm","2578","0 核心三宝书\DMG城主指南\第三章\宝藏"
"0 核心三宝书\DMG城主指南\第三章\宝藏\宝藏.htm","宝藏.htm",".htm","2463","0 核心三宝书\DMG城主指南\第三章\宝藏"
"0 核心三宝书\DMG城主指南\第三章\宝藏\宝藏类别.htm","宝藏类别.htm",".htm","3309","0 核心三宝书\DMG城主指南\第三章\宝藏"
"0 核心三宝书\DMG城主指南\第三章\宝藏\幕后随谈：宝藏价值.htm","幕后随谈：宝藏价值.htm",".htm","5597","0 核心三宝书\DMG城主指南\第三章\宝藏"
"0 核心三宝书\DMG城主指南\第三章\宝藏\怪物的宝藏.htm","怪物的宝藏.htm",".htm","3151","0 核心三宝书\DMG城主指南\第三章\宝藏"
"0 核心三宝书\DMG城主指南\第三章\宝藏\有职业的怪物.htm","有职业的怪物.htm",".htm","2780","0 核心三宝书\DMG城主指南\第三章\宝藏"
"0 核心三宝书\DMG城主指南\第三章\宝藏\每场遭遇的宝藏.htm","每场遭遇的宝藏.htm",".htm","4217","0 核心三宝书\DMG城主指南\第三章\宝藏"
"0 核心三宝书\DMG城主指南\第三章\宝藏\法师与宝藏.htm","法师与宝藏.htm",".htm","2680","0 核心三宝书\DMG城主指南\第三章\宝藏"
"0 核心三宝书\DMG城主指南\第三章\宝藏\自订宝藏.htm","自订宝藏.htm",".htm","2722","0 核心三宝书\DMG城主指南\第三章\宝藏"
"0 核心三宝书\DMG城主指南\第三章\宝藏\随机宝藏.htm","随机宝藏.htm",".htm","4383","0 核心三宝书\DMG城主指南\第三章\宝藏"
"0 核心三宝书\DMG城主指南\第三章\宝藏\非玩家人物的宝藏.htm","非玩家人物的宝藏.htm",".htm","2859","0 核心三宝书\DMG城主指南\第三章\宝藏"
"0 核心三宝书\DMG城主指南\第三章\数据资料栏位\数据资料栏位.htm","数据资料栏位.htm",".htm","6051","0 核心三宝书\DMG城主指南\第三章\数据资料栏位"
"0 核心三宝书\DMG城主指南\第三章\整合数场冒险任务\交织剧情.htm","交织剧情.htm",".htm","3946","0 核心三宝书\DMG城主指南\第三章\整合数场冒险任务"
"0 核心三宝书\DMG城主指南\第三章\整合数场冒险任务\单元或长篇.htm","单元或长篇.htm",".htm","3785","0 核心三宝书\DMG城主指南\第三章\整合数场冒险任务"
"0 核心三宝书\DMG城主指南\第三章\整合数场冒险任务\整合数场冒险任务.htm","整合数场冒险任务.htm",".htm","2710","0 核心三宝书\DMG城主指南\第三章\整合数场冒险任务"
"0 核心三宝书\DMG城主指南\第三章\野外冒险\制作野外事件遭遇表.htm","制作野外事件遭遇表.htm",".htm","4486","0 核心三宝书\DMG城主指南\第三章\野外冒险"
"0 核心三宝书\DMG城主指南\第三章\野外冒险\天气.htm","天气.htm",".htm","4284","0 核心三宝书\DMG城主指南\第三章\野外冒险"
"0 核心三宝书\DMG城主指南\第三章\野外冒险\山脉地形.htm","山脉地形.htm",".htm","6459","0 核心三宝书\DMG城主指南\第三章\野外冒险"
"0 核心三宝书\DMG城主指南\第三章\野外冒险\平原地形.htm","平原地形.htm",".htm","6318","0 核心三宝书\DMG城主指南\第三章\野外冒险"
"0 核心三宝书\DMG城主指南\第三章\野外冒险\森林地形.htm","森林地形.htm",".htm","5531","0 核心三宝书\DMG城主指南\第三章\野外冒险"
"0 核心三宝书\DMG城主指南\第三章\野外冒险\森林火灾.htm","森林火灾.htm",".htm","3973","0 核心三宝书\DMG城主指南\第三章\野外冒险"
"0 核心三宝书\DMG城主指南\第三章\野外冒险\水中战斗.htm","水中战斗.htm",".htm","3679","0 核心三宝书\DMG城主指南\第三章\野外冒险"
"0 核心三宝书\DMG城主指南\第三章\野外冒险\水域地形.htm","水域地形.htm",".htm","5483","0 核心三宝书\DMG城主指南\第三章\野外冒险"
"0 核心三宝书\DMG城主指南\第三章\野外冒险\沙漠地形.htm","沙漠地形.htm",".htm","6414","0 核心三宝书\DMG城主指南\第三章\野外冒险"
"0 核心三宝书\DMG城主指南\第三章\野外冒险\沼泽地形.htm","沼泽地形.htm",".htm","6952","0 核心三宝书\DMG城主指南\第三章\野外冒险"
"0 核心三宝书\DMG城主指南\第三章\野外冒险\洪水.htm","洪水.htm",".htm","2781","0 核心三宝书\DMG城主指南\第三章\野外冒险"
"0 核心三宝书\DMG城主指南\第三章\野外冒险\迷路.htm","迷路.htm",".htm","5652","0 核心三宝书\DMG城主指南\第三章\野外冒险"
"0 核心三宝书\DMG城主指南\第三章\野外冒险\野外冒险.htm","野外冒险.htm",".htm","3741","0 核心三宝书\DMG城主指南\第三章\野外冒险"
"0 核心三宝书\DMG城主指南\第三章\野外冒险\随机野外事件遭遇.htm","随机野外事件遭遇.htm",".htm","3267","0 核心三宝书\DMG城主指南\第三章\野外冒险"
"0 核心三宝书\DMG城主指南\第三章\野外冒险\雨、雪、雪雨及冰雹.htm","雨、雪、雪雨及冰雹.htm",".htm","3733","0 核心三宝书\DMG城主指南\第三章\野外冒险"
"0 核心三宝书\DMG城主指南\第三章\野外冒险\雪崩.htm","雪崩.htm",".htm","3796","0 核心三宝书\DMG城主指南\第三章\野外冒险"
"0 核心三宝书\DMG城主指南\第三章\野外冒险\风.htm","风.htm",".htm","4051","0 核心三宝书\DMG城主指南\第三章\野外冒险"
"0 核心三宝书\DMG城主指南\第三章\野外冒险\风暴.htm","风暴.htm",".htm","4440","0 核心三宝书\DMG城主指南\第三章\野外冒险"
"0 核心三宝书\DMG城主指南\第三章\陷阱\陷阱.htm","陷阱.htm",".htm","3070","0 核心三宝书\DMG城主指南\第三章\陷阱"
"0 核心三宝书\DMG城主指南\第三章\陷阱\机关陷阱\机关陷阱.htm","机关陷阱.htm",".htm","2976","0 核心三宝书\DMG城主指南\第三章\陷阱\机关陷阱"
"0 核心三宝书\DMG城主指南\第三章\陷阱\设计陷阱\制作机关陷阱的“手艺”.htm","制作机关陷阱的“手艺”.htm",".htm","3444","0 核心三宝书\DMG城主指南\第三章\陷阱\设计陷阱"
"0 核心三宝书\DMG城主指南\第三章\陷阱\设计陷阱\机关陷阱费用.htm","机关陷阱费用.htm",".htm","2985","0 核心三宝书\DMG城主指南\第三章\陷阱\设计陷阱"
"0 核心三宝书\DMG城主指南\第三章\陷阱\设计陷阱\法术陷阱费用.htm","法术陷阱费用.htm",".htm","2520","0 核心三宝书\DMG城主指南\第三章\陷阱\设计陷阱"
"0 核心三宝书\DMG城主指南\第三章\陷阱\设计陷阱\设计陷阱.htm","设计陷阱.htm",".htm","3625","0 核心三宝书\DMG城主指南\第三章\陷阱\设计陷阱"
"0 核心三宝书\DMG城主指南\第三章\陷阱\设计陷阱\陷阱的挑战级数.htm","陷阱的挑战级数.htm",".htm","3830","0 核心三宝书\DMG城主指南\第三章\陷阱\设计陷阱"
"0 核心三宝书\DMG城主指南\第三章\陷阱\设计陷阱\魔法装置陷阱费用.htm","魔法装置陷阱费用.htm",".htm","4082","0 核心三宝书\DMG城主指南\第三章\陷阱\设计陷阱"
"0 核心三宝书\DMG城主指南\第三章\陷阱\陷阱的要素\“搜索”及“解除装置”的.htm","“搜索”及“解除装置”的.htm",".htm","2990","0 核心三宝书\DMG城主指南\第三章\陷阱\陷阱的要素"
"0 核心三宝书\DMG城主指南\第三章\陷阱\陷阱的要素\伤害.htm","伤害.htm",".htm","3626","0 核心三宝书\DMG城主指南\第三章\陷阱\陷阱的要素"
"0 核心三宝书\DMG城主指南\第三章\陷阱\陷阱的要素\修复与重新设定机关陷阱.htm","修复与重新设定机关陷阱.htm",".htm","2901","0 核心三宝书\DMG城主指南\第三章\陷阱\陷阱的要素"
"0 核心三宝书\DMG城主指南\第三章\陷阱\陷阱的要素\其他陷阱特色.htm","其他陷阱特色.htm",".htm","4282","0 核心三宝书\DMG城主指南\第三章\陷阱\陷阱的要素"
"0 核心三宝书\DMG城主指南\第三章\陷阱\陷阱的要素\回避.htm","回避.htm",".htm","2759","0 核心三宝书\DMG城主指南\第三章\陷阱\陷阱的要素"
"0 核心三宝书\DMG城主指南\第三章\陷阱\陷阱的要素\幕后随谈：陷阱.htm","幕后随谈：陷阱.htm",".htm","2858","0 核心三宝书\DMG城主指南\第三章\陷阱\陷阱的要素"
"0 核心三宝书\DMG城主指南\第三章\陷阱\陷阱的要素\攻击加值.htm","攻击加值.htm",".htm","4682","0 核心三宝书\DMG城主指南\第三章\陷阱\陷阱的要素"
"0 核心三宝书\DMG城主指南\第三章\陷阱\陷阱的要素\触发.htm","触发.htm",".htm","4796","0 核心三宝书\DMG城主指南\第三章\陷阱\陷阱的要素"
"0 核心三宝书\DMG城主指南\第三章\陷阱\陷阱的要素\陷阱的要素.htm","陷阱的要素.htm",".htm","2655","0 核心三宝书\DMG城主指南\第三章\陷阱\陷阱的要素"
"0 核心三宝书\DMG城主指南\第三章\陷阱\陷阱范例\CR=10陷阱.htm","CR=10陷阱.htm",".htm","4250","0 核心三宝书\DMG城主指南\第三章\陷阱\陷阱范例"
"0 核心三宝书\DMG城主指南\第三章\陷阱\陷阱范例\CR=1陷阱.htm","CR=1陷阱.htm",".htm","5097","0 核心三宝书\DMG城主指南\第三章\陷阱\陷阱范例"
"0 核心三宝书\DMG城主指南\第三章\陷阱\陷阱范例\CR=2陷阱.htm","CR=2陷阱.htm",".htm","5095","0 核心三宝书\DMG城主指南\第三章\陷阱\陷阱范例"
"0 核心三宝书\DMG城主指南\第三章\陷阱\陷阱范例\CR=3陷阱.htm","CR=3陷阱.htm",".htm","5020","0 核心三宝书\DMG城主指南\第三章\陷阱\陷阱范例"
"0 核心三宝书\DMG城主指南\第三章\陷阱\陷阱范例\CR=4陷阱.htm","CR=4陷阱.htm",".htm","5166","0 核心三宝书\DMG城主指南\第三章\陷阱\陷阱范例"
"0 核心三宝书\DMG城主指南\第三章\陷阱\陷阱范例\CR=5陷阱.htm","CR=5陷阱.htm",".htm","5779","0 核心三宝书\DMG城主指南\第三章\陷阱\陷阱范例"
"0 核心三宝书\DMG城主指南\第三章\陷阱\陷阱范例\CR=6陷阱.htm","CR=6陷阱.htm",".htm","5112","0 核心三宝书\DMG城主指南\第三章\陷阱\陷阱范例"
"0 核心三宝书\DMG城主指南\第三章\陷阱\陷阱范例\CR=7陷阱.htm","CR=7陷阱.htm",".htm","4881","0 核心三宝书\DMG城主指南\第三章\陷阱\陷阱范例"
"0 核心三宝书\DMG城主指南\第三章\陷阱\陷阱范例\CR=8陷阱.htm","CR=8陷阱.htm",".htm","4948","0 核心三宝书\DMG城主指南\第三章\陷阱\陷阱范例"
"0 核心三宝书\DMG城主指南\第三章\陷阱\陷阱范例\CR=9陷阱.htm","CR=9陷阱.htm",".htm","3708","0 核心三宝书\DMG城主指南\第三章\陷阱\陷阱范例"
"0 核心三宝书\DMG城主指南\第三章\陷阱\陷阱范例\规则变化.htm","规则变化.htm",".htm","3390","0 核心三宝书\DMG城主指南\第三章\陷阱\陷阱范例"
"0 核心三宝书\DMG城主指南\第三章\陷阱\陷阱范例\陷阱范例.htm","陷阱范例.htm",".htm","2646","0 核心三宝书\DMG城主指南\第三章\陷阱\陷阱范例"
"0 核心三宝书\DMG城主指南\第三章\陷阱\魔法陷阱\魔法陷阱.htm","魔法陷阱.htm",".htm","3020","0 核心三宝书\DMG城主指南\第三章\陷阱\魔法陷阱"
"0 核心三宝书\DMG城主指南\第三章\随机地下城\地下城等级.htm","地下城等级.htm",".htm","2819","0 核心三宝书\DMG城主指南\第三章\随机地下城"
"0 核心三宝书\DMG城主指南\第三章\随机地下城\地图与注记.htm","地图与注记.htm",".htm","3513","0 核心三宝书\DMG城主指南\第三章\随机地下城"
"0 核心三宝书\DMG城主指南\第三章\随机地下城\随机地下城.htm","随机地下城.htm",".htm","2550","0 核心三宝书\DMG城主指南\第三章\随机地下城"
"0 核心三宝书\DMG城主指南\第三章\随机地下城\随机地下城事件遭遇.htm","随机地下城事件遭遇.htm",".htm","3414","0 核心三宝书\DMG城主指南\第三章\随机地下城"
"0 核心三宝书\DMG城主指南\第二章\人物死亡\人物死亡.htm","人物死亡.htm",".htm","4323","0 核心三宝书\DMG城主指南\第二章\人物死亡"
"0 核心三宝书\DMG城主指南\第二章\人物死亡\新人物.htm","新人物.htm",".htm","6558","0 核心三宝书\DMG城主指南\第二章\人物死亡"
"0 核心三宝书\DMG城主指南\第二章\判定魔法\创造新法术.htm","创造新法术.htm",".htm","4172","0 核心三宝书\DMG城主指南\第二章\判定魔法"
"0 核心三宝书\DMG城主指南\第二章\判定魔法\判定魔法.htm","判定魔法.htm",".htm","2607","0 核心三宝书\DMG城主指南\第二章\判定魔法"
"0 核心三宝书\DMG城主指南\第二章\判定魔法\处理预言.htm","处理预言.htm",".htm","4014","0 核心三宝书\DMG城主指南\第二章\判定魔法"
"0 核心三宝书\DMG城主指南\第二章\判定魔法\描述法术效果.htm","描述法术效果.htm",".htm","3646","0 核心三宝书\DMG城主指南\第二章\判定魔法"
"0 核心三宝书\DMG城主指南\第二章\判定魔法\法术伤害值上限.htm","法术伤害值上限.htm",".htm","4649","0 核心三宝书\DMG城主指南\第二章\判定魔法"
"0 核心三宝书\DMG城主指南\第二章\判定魔法\规则变化：不同属性值的豁免检定.htm","规则变化：不同属性值的豁免检定.htm",".htm","3805","0 核心三宝书\DMG城主指南\第二章\判定魔法"
"0 核心三宝书\DMG城主指南\第二章\判定魔法\规则变化：极端成功与极端失败.htm","规则变化：极端成功与极端失败.htm",".htm","5280","0 核心三宝书\DMG城主指南\第二章\判定魔法"
"0 核心三宝书\DMG城主指南\第二章\加值种类\加值种类.htm","加值种类.htm",".htm","6897","0 核心三宝书\DMG城主指南\第二章\加值种类"
"0 核心三宝书\DMG城主指南\第二章\奖赏\NPC的挑战级数.htm","NPC的挑战级数.htm",".htm","4685","0 核心三宝书\DMG城主指南\第二章\奖赏"
"0 核心三宝书\DMG城主指南\第二章\奖赏\任务目标.htm","任务目标.htm",".htm","3528","0 核心三宝书\DMG城主指南\第二章\奖赏"
"0 核心三宝书\DMG城主指南\第二章\奖赏\前言.htm","前言.htm",".htm","2991","0 核心三宝书\DMG城主指南\第二章\奖赏"
"0 核心三宝书\DMG城主指南\第二章\奖赏\剧情奖赏.htm","剧情奖赏.htm",".htm","2762","0 核心三宝书\DMG城主指南\第二章\奖赏"
"0 核心三宝书\DMG城主指南\第二章\奖赏\剧情奖赏与标准奖赏.htm","剧情奖赏与标准奖赏.htm",".htm","3044","0 核心三宝书\DMG城主指南\第二章\奖赏"
"0 核心三宝书\DMG城主指南\第二章\奖赏\宝藏与其他奖赏.htm","宝藏与其他奖赏.htm",".htm","2568","0 核心三宝书\DMG城主指南\第二章\奖赏"
"0 核心三宝书\DMG城主指南\第二章\奖赏\幕后随谈：经验值.htm","幕后随谈：经验值.htm",".htm","3553","0 核心三宝书\DMG城主指南\第二章\奖赏"
"0 核心三宝书\DMG城主指南\第二章\奖赏\挑战级数低于1的怪物.htm","挑战级数低于1的怪物.htm",".htm","2740","0 核心三宝书\DMG城主指南\第二章\奖赏"
"0 核心三宝书\DMG城主指南\第二章\奖赏\死亡与经验值.htm","死亡与经验值.htm",".htm","2632","0 核心三宝书\DMG城主指南\第二章\奖赏"
"0 核心三宝书\DMG城主指南\第二章\奖赏\特殊经验值奖赏.htm","特殊经验值奖赏.htm",".htm","3400","0 核心三宝书\DMG城主指南\第二章\奖赏"
"0 核心三宝书\DMG城主指南\第二章\奖赏\经验值奖赏.htm","经验值奖赏.htm",".htm","5058","0 核心三宝书\DMG城主指南\第二章\奖赏"
"0 核心三宝书\DMG城主指南\第二章\奖赏\经验值惩罚.htm","经验值惩罚.htm",".htm","2798","0 核心三宝书\DMG城主指南\第二章\奖赏"
"0 核心三宝书\DMG城主指南\第二章\奖赏\规则变化：加快或是减慢给予经验值.htm","规则变化：加快或是减慢给予经验值.htm",".htm","3500","0 核心三宝书\DMG城主指南\第二章\奖赏"
"0 核心三宝书\DMG城主指南\第二章\奖赏\规则变化：召唤特定怪物个体.htm","规则变化：召唤特定怪物个体.htm",".htm","5097","0 核心三宝书\DMG城主指南\第二章\奖赏"
"0 核心三宝书\DMG城主指南\第二章\奖赏\规则变化：定额经验值.htm","规则变化：定额经验值.htm",".htm","3002","0 核心三宝书\DMG城主指南\第二章\奖赏"
"0 核心三宝书\DMG城主指南\第二章\奖赏\规则变化：法术检定.htm","规则变化：法术检定.htm",".htm","4068","0 核心三宝书\DMG城主指南\第二章\奖赏"
"0 核心三宝书\DMG城主指南\第二章\奖赏\角色扮演奖赏.htm","角色扮演奖赏.htm",".htm","2962","0 核心三宝书\DMG城主指南\第二章\奖赏"
"0 核心三宝书\DMG城主指南\第二章\奖赏\调整经验值奖赏.htm","调整经验值奖赏.htm",".htm","4277","0 核心三宝书\DMG城主指南\第二章\奖赏"
"0 核心三宝书\DMG城主指南\第二章\奖赏\陷阱的挑战级数.htm","陷阱的挑战级数.htm",".htm","2863","0 核心三宝书\DMG城主指南\第二章\奖赏"
"0 核心三宝书\DMG城主指南\第二章\奖赏\非战斗遭遇的挑战级数.htm","非战斗遭遇的挑战级数.htm",".htm","3464","0 核心三宝书\DMG城主指南\第二章\奖赏"
"0 核心三宝书\DMG城主指南\第二章\战斗\伤害.htm","伤害.htm",".htm","3244","0 核心三宝书\DMG城主指南\第二章\战斗"
"0 核心三宝书\DMG城主指南\第二章\战斗\判定准备动作.htm","判定准备动作.htm",".htm","3538","0 核心三宝书\DMG城主指南\第二章\战斗"
"0 核心三宝书\DMG城主指南\第二章\战斗\判定未被定义过的新动作.htm","判定未被定义过的新动作.htm",".htm","4120","0 核心三宝书\DMG城主指南\第二章\战斗"
"0 核心三宝书\DMG城主指南\第二章\战斗\区域型法术.htm","区域型法术.htm",".htm","3344","0 核心三宝书\DMG城主指南\第二章\战斗"
"0 核心三宝书\DMG城主指南\第二章\战斗\同时行动.htm","同时行动.htm",".htm","3154","0 核心三宝书\DMG城主指南\第二章\战斗"
"0 核心三宝书\DMG城主指南\第二章\战斗\大生物.htm","大生物.htm",".htm","2614","0 核心三宝书\DMG城主指南\第二章\战斗"
"0 核心三宝书\DMG城主指南\第二章\战斗\幕后随谈：重击.htm","幕后随谈：重击.htm",".htm","4064","0 核心三宝书\DMG城主指南\第二章\战斗"
"0 核心三宝书\DMG城主指南\第二章\战斗\很小的生物.htm","很小的生物.htm",".htm","2729","0 核心三宝书\DMG城主指南\第二章\战斗"
"0 核心三宝书\DMG城主指南\第二章\战斗\战斗.htm","战斗.htm",".htm","2808","0 核心三宝书\DMG城主指南\第二章\战斗"
"0 核心三宝书\DMG城主指南\第二章\战斗\战斗中的生物体型大小.htm","战斗中的生物体型大小.htm",".htm","3627","0 核心三宝书\DMG城主指南\第二章\战斗"
"0 核心三宝书\DMG城主指南\第二章\战斗\战斗以外的战斗动作.htm","战斗以外的战斗动作.htm",".htm","3430","0 核心三宝书\DMG城主指南\第二章\战斗"
"0 核心三宝书\DMG城主指南\第二章\战斗\战斗动作.htm","战斗动作.htm",".htm","3107","0 核心三宝书\DMG城主指南\第二章\战斗"
"0 核心三宝书\DMG城主指南\第二章\战斗\投炸武器.htm","投炸武器.htm",".htm","2681","0 核心三宝书\DMG城主指南\第二章\战斗"
"0 核心三宝书\DMG城主指南\第二章\战斗\挤过.htm","挤过.htm",".htm","2726","0 核心三宝书\DMG城主指南\第二章\战斗"
"0 核心三宝书\DMG城主指南\第二章\战斗\推动游戏.htm","推动游戏.htm",".htm","3455","0 核心三宝书\DMG城主指南\第二章\战斗"
"0 核心三宝书\DMG城主指南\第二章\战斗\新加入的战斗者.htm","新加入的战斗者.htm",".htm","5150","0 核心三宝书\DMG城主指南\第二章\战斗"
"0 核心三宝书\DMG城主指南\第二章\战斗\武器大小的影响.htm","武器大小的影响.htm",".htm","3143","0 核心三宝书\DMG城主指南\第二章\战斗"
"0 核心三宝书\DMG城主指南\第二章\战斗\混合.htm","混合.htm",".htm","4103","0 核心三宝书\DMG城主指南\第二章\战斗"
"0 核心三宝书\DMG城主指南\第二章\战斗\突袭轮.htm","突袭轮.htm",".htm","2794","0 核心三宝书\DMG城主指南\第二章\战斗"
"0 核心三宝书\DMG城主指南\第二章\战斗\站在狭窄之处.htm","站在狭窄之处.htm",".htm","2646","0 核心三宝书\DMG城主指南\第二章\战斗"
"0 核心三宝书\DMG城主指南\第二章\战斗\规则变化：一击致死（InstantKill）.htm","规则变化：一击致死（InstantKill）.htm",".htm","4720","0 核心三宝书\DMG城主指南\第二章\战斗"
"0 核心三宝书\DMG城主指南\第二章\战斗\规则变化：依据体型定义巨创（MassiveDamage）.htm","规则变化：依据体型定义巨创（MassiveDamage）.htm",".htm","3664","0 核心三宝书\DMG城主指南\第二章\战斗"
"0 核心三宝书\DMG城主指南\第二章\战斗\规则变化：失手时误中掩蔽物.htm","规则变化：失手时误中掩蔽物.htm",".htm","3235","0 核心三宝书\DMG城主指南\第二章\战斗"
"0 核心三宝书\DMG城主指南\第二章\战斗\规则变化：必然命中与防御检定.htm","规则变化：必然命中与防御检定.htm",".htm","4365","0 核心三宝书\DMG城主指南\第二章\战斗"
"0 核心三宝书\DMG城主指南\第二章\战斗\规则变化：攻击特定部位.htm","规则变化：攻击特定部位.htm",".htm","4787","0 核心三宝书\DMG城主指南\第二章\战斗"
"0 核心三宝书\DMG城主指南\第二章\战斗\规则变化：每轮都掷先攻权.htm","规则变化：每轮都掷先攻权.htm",".htm","5150","0 核心三宝书\DMG城主指南\第二章\战斗"
"0 核心三宝书\DMG城主指南\第二章\战斗\规则变化：等效武器.htm","规则变化：等效武器.htm",".htm","4696","0 核心三宝书\DMG城主指南\第二章\战斗"
"0 核心三宝书\DMG城主指南\第二章\战斗\规则变化：聪慧的座骑.htm","规则变化：聪慧的座骑.htm",".htm","3231","0 核心三宝书\DMG城主指南\第二章\战斗"
"0 核心三宝书\DMG城主指南\第二章\战斗\视线.htm","视线.htm",".htm","3037","0 核心三宝书\DMG城主指南\第二章\战斗"
"0 核心三宝书\DMG城主指南\第二章\战斗\遭遇开始.htm","遭遇开始.htm",".htm","6334","0 核心三宝书\DMG城主指南\第二章\战斗"
"0 核心三宝书\DMG城主指南\第二章\战斗\重击.htm","重击.htm",".htm","2684","0 核心三宝书\DMG城主指南\第二章\战斗"
"0 核心三宝书\DMG城主指南\第二章\技能与属性检定\使用豁免检定还是属性检定.htm","使用豁免检定还是属性检定.htm",".htm","3396","0 核心三宝书\DMG城主指南\第二章\技能与属性检定"
"0 核心三宝书\DMG城主指南\第二章\技能与属性检定\取10.htm","取10.htm",".htm","2646","0 核心三宝书\DMG城主指南\第二章\技能与属性检定"
"0 核心三宝书\DMG城主指南\第二章\技能与属性检定\地下城主的好伙伴.htm","地下城主的好伙伴.htm",".htm","3841","0 核心三宝书\DMG城主指南\第二章\技能与属性检定"
"0 核心三宝书\DMG城主指南\第二章\技能与属性检定\处理任务.htm","处理任务.htm",".htm","6718","0 核心三宝书\DMG城主指南\第二章\技能与属性检定"
"0 核心三宝书\DMG城主指南\第二章\技能与属性检定\失败的程度.htm","失败的程度.htm",".htm","3569","0 核心三宝书\DMG城主指南\第二章\技能与属性检定"
"0 核心三宝书\DMG城主指南\第二章\技能与属性检定\属性检定.htm","属性检定.htm",".htm","3756","0 核心三宝书\DMG城主指南\第二章\技能与属性检定"
"0 核心三宝书\DMG城主指南\第二章\技能与属性检定\成功的程度.htm","成功的程度.htm",".htm","3602","0 核心三宝书\DMG城主指南\第二章\技能与属性检定"
"0 核心三宝书\DMG城主指南\第二章\技能与属性检定\技能与属性检定.htm","技能与属性检定.htm",".htm","2732","0 核心三宝书\DMG城主指南\第二章\技能与属性检定"
"0 核心三宝书\DMG城主指南\第二章\技能与属性检定\笼统描述与明确描述的差异.htm","笼统描述与明确描述的差异.htm",".htm","3438","0 核心三宝书\DMG城主指南\第二章\技能与属性检定"
"0 核心三宝书\DMG城主指南\第二章\技能与属性检定\规则变化：技能与不同属性的结合运用.htm","规则变化：技能与不同属性的结合运用.htm",".htm","4428","0 核心三宝书\DMG城主指南\第二章\技能与属性检定"
"0 核心三宝书\DMG城主指南\第二章\技能与属性检定\调整检定结果或是难度等级.htm","调整检定结果或是难度等级.htm",".htm","3351","0 核心三宝书\DMG城主指南\第二章\技能与属性检定"
"0 核心三宝书\DMG城主指南\第二章\技能与属性检定\豁免检定.htm","豁免检定.htm",".htm","2558","0 核心三宝书\DMG城主指南\第二章\技能与属性检定"
"0 核心三宝书\DMG城主指南\第二章\技能与属性检定\进行哪种豁免检定.htm","进行哪种豁免检定.htm",".htm","3329","0 核心三宝书\DMG城主指南\第二章\技能与属性检定"
"0 核心三宝书\DMG城主指南\第二章\技能与属性检定\难度等级.htm","难度等级.htm",".htm","3031","0 核心三宝书\DMG城主指南\第二章\技能与属性检定"
"0 核心三宝书\DMG城主指南\第二章\更多移动规则\三维空间的移动.htm","三维空间的移动.htm",".htm","2860","0 核心三宝书\DMG城主指南\第二章\更多移动规则"
"0 核心三宝书\DMG城主指南\第二章\更多移动规则\前言.htm","前言.htm",".htm","2799","0 核心三宝书\DMG城主指南\第二章\更多移动规则"
"0 核心三宝书\DMG城主指南\第二章\更多移动规则\度量与方格.htm","度量与方格.htm",".htm","2790","0 核心三宝书\DMG城主指南\第二章\更多移动规则"
"0 核心三宝书\DMG城主指南\第二章\更多移动规则\斜向方格移动.htm","斜向方格移动.htm",".htm","2906","0 核心三宝书\DMG城主指南\第二章\更多移动规则"
"0 核心三宝书\DMG城主指南\第二章\更多移动规则\方格间的活动.htm","方格间的活动.htm",".htm","3072","0 核心三宝书\DMG城主指南\第二章\更多移动规则"
"0 核心三宝书\DMG城主指南\第二章\更多移动规则\更多移动规则.htm","更多移动规则.htm",".htm","2654","0 核心三宝书\DMG城主指南\第二章\更多移动规则"
"0 核心三宝书\DMG城主指南\第二章\更多移动规则\移动与位置.htm","移动与位置.htm",".htm","2974","0 核心三宝书\DMG城主指南\第二章\更多移动规则"
"0 核心三宝书\DMG城主指南\第二章\更多移动规则\移动与方格.htm","移动与方格.htm",".htm","2960","0 核心三宝书\DMG城主指南\第二章\更多移动规则"
"0 核心三宝书\DMG城主指南\第二章\更多移动规则\空中战术移动.htm","空中战术移动.htm",".htm","4550","0 核心三宝书\DMG城主指南\第二章\更多移动规则"
"0 核心三宝书\DMG城主指南\第二章\更多移动规则\逃逸与追赶.htm","逃逸与追赶.htm",".htm","3262","0 核心三宝书\DMG城主指南\第二章\更多移动规则"
"0 核心三宝书\DMG城主指南\第二章\更多移动规则\防具与负重量.htm","防具与负重量.htm",".htm","3404","0 核心三宝书\DMG城主指南\第二章\更多移动规则"
"0 核心三宝书\DMG城主指南\第五章\战役剧情\人物与周围世界\人物与周围世界.htm","人物与周围世界.htm",".htm","9417","0 核心三宝书\DMG城主指南\第五章\战役剧情\人物与周围世界"
"0 核心三宝书\DMG城主指南\第五章\战役剧情\位面特征\位面关联.htm","位面关联.htm",".htm","3624","0 核心三宝书\DMG城主指南\第五章\战役剧情\位面特征"
"0 核心三宝书\DMG城主指南\第五章\战役剧情\位面特征\位面特征.htm","位面特征.htm",".htm","2965","0 核心三宝书\DMG城主指南\第五章\战役剧情\位面特征"
"0 核心三宝书\DMG城主指南\第五章\战役剧情\位面特征\元素与能量特征.htm","元素与能量特征.htm",".htm","5518","0 核心三宝书\DMG城主指南\第五章\战役剧情\位面特征"
"0 核心三宝书\DMG城主指南\第五章\战役剧情\位面特征\分层位面.htm","分层位面.htm",".htm","2966","0 核心三宝书\DMG城主指南\第五章\战役剧情\位面特征"
"0 核心三宝书\DMG城主指南\第五章\战役剧情\位面特征\物理特征.htm","物理特征.htm",".htm","6726","0 核心三宝书\DMG城主指南\第五章\战役剧情\位面特征"
"0 核心三宝书\DMG城主指南\第五章\战役剧情\位面特征\阵营特征.htm","阵营特征.htm",".htm","4338","0 核心三宝书\DMG城主指南\第五章\战役剧情\位面特征"
"0 核心三宝书\DMG城主指南\第五章\战役剧情\位面特征\随机位面目的地.htm","随机位面目的地.htm",".htm","4919","0 核心三宝书\DMG城主指南\第五章\战役剧情\位面特征"
"0 核心三宝书\DMG城主指南\第五章\战役剧情\位面特征\魔法特征.htm","魔法特征.htm",".htm","6878","0 核心三宝书\DMG城主指南\第五章\战役剧情\位面特征"
"0 核心三宝书\DMG城主指南\第五章\战役剧情\位面特征\龙与地下城的宇宙观.htm","龙与地下城的宇宙观.htm",".htm","3447","0 核心三宝书\DMG城主指南\第五章\战役剧情\位面特征"
"0 核心三宝书\DMG城主指南\第五章\战役剧情\位面说明\七丘天堂之天堂山.htm","七丘天堂之天堂山.htm",".htm","4176","0 核心三宝书\DMG城主指南\第五章\战役剧情\位面说明"
"0 核心三宝书\DMG城主指南\第五章\战役剧情\位面说明\九层地狱之巴托地狱.htm","九层地狱之巴托地狱.htm",".htm","4782","0 核心三宝书\DMG城主指南\第五章\战役剧情\位面说明"
"0 核心三宝书\DMG城主指南\第五章\战役剧情\位面说明\以太界.htm","以太界.htm",".htm","6353","0 核心三宝书\DMG城主指南\第五章\战役剧情\位面说明"
"0 核心三宝书\DMG城主指南\第五章\战役剧情\位面说明\位面说明.htm","位面说明.htm",".htm","2721","0 核心三宝书\DMG城主指南\第五章\战役剧情\位面说明"
"0 核心三宝书\DMG城主指南\第五章\战役剧情\位面说明\和平国度之世外桃源.htm","和平国度之世外桃源.htm",".htm","4354","0 核心三宝书\DMG城主指南\第五章\战役剧情\位面说明"
"0 核心三宝书\DMG城主指南\第五章\战役剧情\位面说明\和谐领域之外域.htm","和谐领域之外域.htm",".htm","10074","0 核心三宝书\DMG城主指南\第五章\战役剧情\位面说明"
"0 核心三宝书\DMG城主指南\第五章\战役剧情\位面说明\土元素位面.htm","土元素位面.htm",".htm","5671","0 核心三宝书\DMG城主指南\第五章\战役剧情\位面说明"
"0 核心三宝书\DMG城主指南\第五章\战役剧情\位面说明\地狱战场之修罗场.htm","地狱战场之修罗场.htm",".htm","4830","0 核心三宝书\DMG城主指南\第五章\战役剧情\位面说明"
"0 核心三宝书\DMG城主指南\第五章\战役剧情\位面说明\外层位面遭遇表.htm","外层位面遭遇表.htm",".htm","5824","0 核心三宝书\DMG城主指南\第五章\战役剧情\位面说明"
"0 核心三宝书\DMG城主指南\第五章\战役剧情\位面说明\奥林匹亚林地之奔放之野.htm","奥林匹亚林地之奔放之野.htm",".htm","4518","0 核心三宝书\DMG城主指南\第五章\战役剧情\位面说明"
"0 核心三宝书\DMG城主指南\第五章\战役剧情\位面说明\孪生伊甸之双生天堂.htm","孪生伊甸之双生天堂.htm",".htm","4528","0 核心三宝书\DMG城主指南\第五章\战役剧情\位面说明"
"0 核心三宝书\DMG城主指南\第五章\战役剧情\位面说明\幽影界.htm","幽影界.htm",".htm","6604","0 核心三宝书\DMG城主指南\第五章\战役剧情\位面说明"
"0 核心三宝书\DMG城主指南\第五章\战役剧情\位面说明\无尽荒野之万兽园.htm","无尽荒野之万兽园.htm",".htm","4691","0 核心三宝书\DMG城主指南\第五章\战役剧情\位面说明"
"0 核心三宝书\DMG城主指南\第五章\战役剧情\位面说明\无限层面之无底深渊.htm","无限层面之无底深渊.htm",".htm","6784","0 核心三宝书\DMG城主指南\第五章\战役剧情\位面说明"
"0 核心三宝书\DMG城主指南\第五章\战役剧情\位面说明\星界.htm","星界.htm",".htm","5649","0 核心三宝书\DMG城主指南\第五章\战役剧情\位面说明"
"0 核心三宝书\DMG城主指南\第五章\战役剧情\位面说明\正能量位面.htm","正能量位面.htm",".htm","4363","0 核心三宝书\DMG城主指南\第五章\战役剧情\位面说明"
"0 核心三宝书\DMG城主指南\第五章\战役剧情\位面说明\气元素位面.htm","气元素位面.htm",".htm","5565","0 核心三宝书\DMG城主指南\第五章\战役剧情\位面说明"
"0 核心三宝书\DMG城主指南\第五章\战役剧情\位面说明\水元素位面.htm","水元素位面.htm",".htm","5476","0 核心三宝书\DMG城主指南\第五章\战役剧情\位面说明"
"0 核心三宝书\DMG城主指南\第五章\战役剧情\位面说明\永恒混乱之混沌海.htm","永恒混乱之混沌海.htm",".htm","6396","0 核心三宝书\DMG城主指南\第五章\战役剧情\位面说明"
"0 核心三宝书\DMG城主指南\第五章\战役剧情\位面说明\永恒荒凉之焦炎地狱.htm","永恒荒凉之焦炎地狱.htm",".htm","4753","0 核心三宝书\DMG城主指南\第五章\战役剧情\位面说明"
"0 核心三宝书\DMG城主指南\第五章\战役剧情\位面说明\流放深渊之卡瑟利.htm","流放深渊之卡瑟利.htm",".htm","4725","0 核心三宝书\DMG城主指南\第五章\战役剧情\位面说明"
"0 核心三宝书\DMG城主指南\第五章\战役剧情\位面说明\火元素位面.htm","火元素位面.htm",".htm","6364","0 核心三宝书\DMG城主指南\第五章\战役剧情\位面说明"
"0 核心三宝书\DMG城主指南\第五章\战役剧情\位面说明\灰色荒野之哈迪斯.htm","灰色荒野之哈迪斯.htm",".htm","5029","0 核心三宝书\DMG城主指南\第五章\战役剧情\位面说明"
"0 核心三宝书\DMG城主指南\第五章\战役剧情\位面说明\祝福地域之极乐境.htm","祝福地域之极乐境.htm",".htm","5273","0 核心三宝书\DMG城主指南\第五章\战役剧情\位面说明"
"0 核心三宝书\DMG城主指南\第五章\战役剧情\位面说明\英雄领域之约瑟园.htm","英雄领域之约瑟园.htm",".htm","5680","0 核心三宝书\DMG城主指南\第五章\战役剧情\位面说明"
"0 核心三宝书\DMG城主指南\第五章\战役剧情\位面说明\负能量位面.htm","负能量位面.htm",".htm","4696","0 核心三宝书\DMG城主指南\第五章\战役剧情\位面说明"
"0 核心三宝书\DMG城主指南\第五章\战役剧情\位面说明\钟表涅磐之机械境.htm","钟表涅磐之机械境.htm",".htm","4405","0 核心三宝书\DMG城主指南\第五章\战役剧情\位面说明"
"0 核心三宝书\DMG城主指南\第五章\战役剧情\位面说明\风啸深渊之喧嚣空隧.htm","风啸深渊之喧嚣空隧.htm",".htm","5220","0 核心三宝书\DMG城主指南\第五章\战役剧情\位面说明"
"0 核心三宝书\DMG城主指南\第五章\战役剧情\其他事项\人物能力的控制.htm","人物能力的控制.htm",".htm","2919","0 核心三宝书\DMG城主指南\第五章\战役剧情\其他事项"
"0 核心三宝书\DMG城主指南\第五章\战役剧情\其他事项\人物财产.htm","人物财产.htm",".htm","4357","0 核心三宝书\DMG城主指南\第五章\战役剧情\其他事项"
"0 核心三宝书\DMG城主指南\第五章\战役剧情\其他事项\从低级到高级的过渡.htm","从低级到高级的过渡.htm",".htm","3018","0 核心三宝书\DMG城主指南\第五章\战役剧情\其他事项"
"0 核心三宝书\DMG城主指南\第五章\战役剧情\其他事项\低等级人物.htm","低等级人物.htm",".htm","2930","0 核心三宝书\DMG城主指南\第五章\战役剧情\其他事项"
"0 核心三宝书\DMG城主指南\第五章\战役剧情\其他事项\其他事项.htm","其他事项.htm",".htm","2613","0 核心三宝书\DMG城主指南\第五章\战役剧情\其他事项"
"0 核心三宝书\DMG城主指南\第五章\战役剧情\其他事项\加入新玩家.htm","加入新玩家.htm",".htm","3192","0 核心三宝书\DMG城主指南\第五章\战役剧情\其他事项"
"0 核心三宝书\DMG城主指南\第五章\战役剧情\其他事项\失控的玩家人物.htm","失控的玩家人物.htm",".htm","3268","0 核心三宝书\DMG城主指南\第五章\战役剧情\其他事项"
"0 核心三宝书\DMG城主指南\第五章\战役剧情\其他事项\订立个人目标.htm","订立个人目标.htm",".htm","2843","0 核心三宝书\DMG城主指南\第五章\战役剧情\其他事项"
"0 核心三宝书\DMG城主指南\第五章\战役剧情\其他事项\阵营转变.htm","阵营转变.htm",".htm","4610","0 核心三宝书\DMG城主指南\第五章\战役剧情\其他事项"
"0 核心三宝书\DMG城主指南\第五章\战役剧情\其他事项\高等级人物.htm","高等级人物.htm",".htm","3206","0 核心三宝书\DMG城主指南\第五章\战役剧情\其他事项"
"0 核心三宝书\DMG城主指南\第五章\战役剧情\前言\战役与世界.htm","战役与世界.htm",".htm","3199","0 核心三宝书\DMG城主指南\第五章\战役剧情\前言"
"0 核心三宝书\DMG城主指南\第五章\战役剧情\异界冒险\什么是位面.htm","什么是位面.htm",".htm","4222","0 核心三宝书\DMG城主指南\第五章\战役剧情\异界冒险"
"0 核心三宝书\DMG城主指南\第五章\战役剧情\异界冒险\异界冒险.htm","异界冒险.htm",".htm","3354","0 核心三宝书\DMG城主指南\第五章\战役剧情\异界冒险"
"0 核心三宝书\DMG城主指南\第五章\战役剧情\战争与灾祸\战争与灾祸.htm","战争与灾祸.htm",".htm","5619","0 核心三宝书\DMG城主指南\第五章\战役剧情\战争与灾祸"
"0 核心三宝书\DMG城主指南\第五章\战役剧情\打造宇宙观\位面特征167.htm","位面特征167.htm",".htm","3502","0 核心三宝书\DMG城主指南\第五章\战役剧情\打造宇宙观"
"0 核心三宝书\DMG城主指南\第五章\战役剧情\打造宇宙观\你需要什么位面.htm","你需要什么位面.htm",".htm","3538","0 核心三宝书\DMG城主指南\第五章\战役剧情\打造宇宙观"
"0 核心三宝书\DMG城主指南\第五章\战役剧情\打造宇宙观\打造宇宙观.htm","打造宇宙观.htm",".htm","2645","0 核心三宝书\DMG城主指南\第五章\战役剧情\打造宇宙观"
"0 核心三宝书\DMG城主指南\第五章\战役剧情\打造宇宙观\更多位面特征167.htm","更多位面特征167.htm",".htm","6730","0 核心三宝书\DMG城主指南\第五章\战役剧情\打造宇宙观"
"0 核心三宝书\DMG城主指南\第五章\战役剧情\构建不同的世界\亚洲文化.htm","亚洲文化.htm",".htm","4551","0 核心三宝书\DMG城主指南\第五章\战役剧情\构建不同的世界"
"0 核心三宝书\DMG城主指南\第五章\战役剧情\构建不同的世界\原始科技.htm","原始科技.htm",".htm","3534","0 核心三宝书\DMG城主指南\第五章\战役剧情\构建不同的世界"
"0 核心三宝书\DMG城主指南\第五章\战役剧情\构建不同的世界\增进科技水准.htm","增进科技水准.htm",".htm","4319","0 核心三宝书\DMG城主指南\第五章\战役剧情\构建不同的世界"
"0 核心三宝书\DMG城主指南\第五章\战役剧情\构建不同的世界\构建不同的世界.htm","构建不同的世界.htm",".htm","2771","0 核心三宝书\DMG城主指南\第五章\战役剧情\构建不同的世界"
"0 核心三宝书\DMG城主指南\第五章\战役剧情\构建不同的世界\现代与未来科技.htm","现代与未来科技.htm",".htm","7303","0 核心三宝书\DMG城主指南\第五章\战役剧情\构建不同的世界"
"0 核心三宝书\DMG城主指南\第五章\战役剧情\构建不同的世界\社会文化.htm","社会文化.htm",".htm","2947","0 核心三宝书\DMG城主指南\第五章\战役剧情\构建不同的世界"
"0 核心三宝书\DMG城主指南\第五章\战役剧情\构建不同的世界\科技.htm","科技.htm",".htm","2671","0 核心三宝书\DMG城主指南\第五章\战役剧情\构建不同的世界"
"0 核心三宝书\DMG城主指南\第五章\战役剧情\构建世界\世界-高等级人物141p.htm","世界-高等级人物141p.htm",".htm","3163","0 核心三宝书\DMG城主指南\第五章\战役剧情\构建世界"
"0 核心三宝书\DMG城主指南\第五章\战役剧情\构建世界\人口分布.htm","人口分布.htm",".htm","4039","0 核心三宝书\DMG城主指南\第五章\战役剧情\构建世界"
"0 核心三宝书\DMG城主指南\第五章\战役剧情\构建世界\供需法则.htm","供需法则.htm",".htm","3014","0 核心三宝书\DMG城主指南\第五章\战役剧情\构建世界"
"0 核心三宝书\DMG城主指南\第五章\战役剧情\构建世界\创造城镇.htm","创造城镇.htm",".htm","4193","0 核心三宝书\DMG城主指南\第五章\战役剧情\构建世界"
"0 核心三宝书\DMG城主指南\第五章\战役剧情\构建世界\创造新神祇.htm","创造新神祇.htm",".htm","3249","0 核心三宝书\DMG城主指南\第五章\战役剧情\构建世界"
"0 核心三宝书\DMG城主指南\第五章\战役剧情\构建世界\各种族人口分布.htm","各种族人口分布.htm",".htm","4189","0 核心三宝书\DMG城主指南\第五章\战役剧情\构建世界"
"0 核心三宝书\DMG城主指南\第五章\战役剧情\构建世界\各职业人物总和.htm","各职业人物总和.htm",".htm","6480","0 核心三宝书\DMG城主指南\第五章\战役剧情\构建世界"
"0 核心三宝书\DMG城主指南\第五章\战役剧情\构建世界\地理.htm","地理.htm",".htm","3005","0 核心三宝书\DMG城主指南\第五章\战役剧情\构建世界"
"0 核心三宝书\DMG城主指南\第五章\战役剧情\构建世界\宗教.htm","宗教.htm",".htm","2985","0 核心三宝书\DMG城主指南\第五章\战役剧情\构建世界"
"0 核心三宝书\DMG城主指南\第五章\战役剧情\构建世界\对魔法的限制.htm","对魔法的限制.htm",".htm","3025","0 核心三宝书\DMG城主指南\第五章\战役剧情\构建世界"
"0 核心三宝书\DMG城主指南\第五章\战役剧情\构建世界\币制.htm","币制.htm",".htm","3293","0 核心三宝书\DMG城主指南\第五章\战役剧情\构建世界"
"0 核心三宝书\DMG城主指南\第五章\战役剧情\构建世界\幕后随谈.htm","幕后随谈.htm",".htm","3395","0 核心三宝书\DMG城主指南\第五章\战役剧情\构建世界"
"0 核心三宝书\DMG城主指南\第五章\战役剧情\构建世界\政治.htm","政治.htm",".htm","2745","0 核心三宝书\DMG城主指南\第五章\战役剧情\构建世界"
"0 核心三宝书\DMG城主指南\第五章\战役剧情\构建世界\政治体制.htm","政治体制.htm",".htm","6064","0 核心三宝书\DMG城主指南\第五章\战役剧情\构建世界"
"0 核心三宝书\DMG城主指南\第五章\战役剧情\构建世界\文化倾向.htm","文化倾向.htm",".htm","4117","0 核心三宝书\DMG城主指南\第五章\战役剧情\构建世界"
"0 核心三宝书\DMG城主指南\第五章\战役剧情\构建世界\权力中心的斗争.htm","权力中心的斗争.htm",".htm","3173","0 核心三宝书\DMG城主指南\第五章\战役剧情\构建世界"
"0 核心三宝书\DMG城主指南\第五章\战役剧情\构建世界\权力中心的阵营.htm","权力中心的阵营.htm",".htm","4576","0 核心三宝书\DMG城主指南\第五章\战役剧情\构建世界"
"0 核心三宝书\DMG城主指南\第五章\战役剧情\构建世界\构建世界.htm","构建世界.htm",".htm","4702","0 核心三宝书\DMG城主指南\第五章\战役剧情\构建世界"
"0 核心三宝书\DMG城主指南\第五章\战役剧情\构建世界\气候与地形.htm","气候与地形.htm",".htm","4143","0 核心三宝书\DMG城主指南\第五章\战役剧情\构建世界"
"0 核心三宝书\DMG城主指南\第五章\战役剧情\构建世界\法律事务.htm","法律事务.htm",".htm","3368","0 核心三宝书\DMG城主指南\第五章\战役剧情\构建世界"
"0 核心三宝书\DMG城主指南\第五章\战役剧情\构建世界\社会阶级.htm","社会阶级.htm",".htm","3603","0 核心三宝书\DMG城主指南\第五章\战役剧情\构建世界"
"0 核心三宝书\DMG城主指南\第五章\战役剧情\构建世界\社区中的公权力.htm","社区中的公权力.htm",".htm","3730","0 核心三宝书\DMG城主指南\第五章\战役剧情\构建世界"
"0 核心三宝书\DMG城主指南\第五章\战役剧情\构建世界\社区的权力中心.htm","社区的权力中心.htm",".htm","5069","0 核心三宝书\DMG城主指南\第五章\战役剧情\构建世界"
"0 核心三宝书\DMG城主指南\第五章\战役剧情\构建世界\社区财富与人口.htm","社区财富与人口.htm",".htm","3392","0 核心三宝书\DMG城主指南\第五章\战役剧情\构建世界"
"0 核心三宝书\DMG城主指南\第五章\战役剧情\构建世界\社区里的非玩家人物.htm","社区里的非玩家人物.htm",".htm","2961","0 核心三宝书\DMG城主指南\第五章\战役剧情\构建世界"
"0 核心三宝书\DMG城主指南\第五章\战役剧情\构建世界\神系与战役设定.htm","神系与战役设定.htm",".htm","5570","0 核心三宝书\DMG城主指南\第五章\战役剧情\构建世界"
"0 核心三宝书\DMG城主指南\第五章\战役剧情\构建世界\经济.htm","经济.htm",".htm","2742","0 核心三宝书\DMG城主指南\第五章\战役剧情\构建世界"
"0 核心三宝书\DMG城主指南\第五章\战役剧情\构建世界\自然生态.htm","自然生态.htm",".htm","3251","0 核心三宝书\DMG城主指南\第五章\战役剧情\构建世界"
"0 核心三宝书\DMG城主指南\第五章\战役剧情\构建世界\赋税与捐款.htm","赋税与捐款.htm",".htm","2889","0 核心三宝书\DMG城主指南\第五章\战役剧情\构建世界"
"0 核心三宝书\DMG城主指南\第五章\战役剧情\构建世界\迷信.htm","迷信.htm",".htm","3068","0 核心三宝书\DMG城主指南\第五章\战役剧情\构建世界"
"0 核心三宝书\DMG城主指南\第五章\战役剧情\构建世界\钱庄.htm","钱庄.htm",".htm","2741","0 核心三宝书\DMG城主指南\第五章\战役剧情\构建世界"
"0 核心三宝书\DMG城主指南\第五章\战役剧情\构建世界\魔法.htm","魔法.htm",".htm","4036","0 核心三宝书\DMG城主指南\第五章\战役剧情\构建世界"
"0 核心三宝书\DMG城主指南\第五章\战役剧情\构建世界\魔法物品.htm","魔法物品.htm",".htm","2861","0 核心三宝书\DMG城主指南\第五章\战役剧情\构建世界"
"0 核心三宝书\DMG城主指南\第五章\战役剧情\维护一个战役\维护一个战役.htm","维护一个战役.htm",".htm","6688","0 核心三宝书\DMG城主指南\第五章\战役剧情\维护一个战役"
"0 核心三宝书\DMG城主指南\第五章\战役剧情\设立一个战役\规则变化：生活支出.htm","规则变化：生活支出.htm",".htm","4007","0 核心三宝书\DMG城主指南\第五章\战役剧情\设立一个战役"
"0 核心三宝书\DMG城主指南\第五章\战役剧情\设立一个战役\设立一个战役.htm","设立一个战役.htm",".htm","5804","0 核心三宝书\DMG城主指南\第五章\战役剧情\设立一个战役"
"0 核心三宝书\DMG城主指南\第八章\特殊能力\伤害减免.htm","伤害减免.htm",".htm","4887","0 核心三宝书\DMG城主指南\第八章\特殊能力"
"0 核心三宝书\DMG城主指南\第八章\特殊能力\使用毒物的危险.htm","使用毒物的危险.htm",".htm","3002","0 核心三宝书\DMG城主指南\第八章\特殊能力"
"0 核心三宝书\DMG城主指南\第八章\特殊能力\再生.htm","再生.htm",".htm","3434","0 核心三宝书\DMG城主指南\第八章\特殊能力"
"0 核心三宝书\DMG城主指南\第八章\特殊能力\凝视攻击.htm","凝视攻击.htm",".htm","4557","0 核心三宝书\DMG城主指南\第八章\特殊能力"
"0 核心三宝书\DMG城主指南\第八章\特殊能力\反射闪避与精通反射闪避.htm","反射闪避与精通反射闪避.htm",".htm","3321","0 核心三宝书\DMG城主指南\第八章\特殊能力"
"0 核心三宝书\DMG城主指南\第八章\特殊能力\反魔法.htm","反魔法.htm",".htm","4725","0 核心三宝书\DMG城主指南\第八章\特殊能力"
"0 核心三宝书\DMG城主指南\第八章\特殊能力\变形.htm","变形.htm",".htm","3880","0 核心三宝书\DMG城主指南\第八章\特殊能力"
"0 核心三宝书\DMG城主指南\第八章\特殊能力\喷吐攻击.htm","喷吐攻击.htm",".htm","3739","0 核心三宝书\DMG城主指南\第八章\特殊能力"
"0 核心三宝书\DMG城主指南\第八章\特殊能力\夺命攻击.htm","夺命攻击.htm",".htm","3671","0 核心三宝书\DMG城主指南\第八章\特殊能力"
"0 核心三宝书\DMG城主指南\第八章\特殊能力\寒冷免疫.htm","寒冷免疫.htm",".htm","2598","0 核心三宝书\DMG城主指南\第八章\特殊能力"
"0 核心三宝书\DMG城主指南\第八章\特殊能力\对毒素免疫.htm","对毒素免疫.htm",".htm","3026","0 核心三宝书\DMG城主指南\第八章\特殊能力"
"0 核心三宝书\DMG城主指南\第八章\特殊能力\对火焰免疫.htm","对火焰免疫.htm",".htm","3085","0 核心三宝书\DMG城主指南\第八章\特殊能力"
"0 核心三宝书\DMG城主指南\第八章\特殊能力\射线.htm","射线.htm",".htm","3308","0 核心三宝书\DMG城主指南\第八章\特殊能力"
"0 核心三宝书\DMG城主指南\第八章\特殊能力\属性值减免.htm","属性值减免.htm",".htm","4743","0 核心三宝书\DMG城主指南\第八章\特殊能力"
"0 核心三宝书\DMG城主指南\第八章\特殊能力\心灵异能.htm","心灵异能.htm",".htm","3316","0 核心三宝书\DMG城主指南\第八章\特殊能力"
"0 核心三宝书\DMG城主指南\第八章\特殊能力\快速医疗.htm","快速医疗.htm",".htm","3379","0 核心三宝书\DMG城主指南\第八章\特殊能力"
"0 核心三宝书\DMG城主指南\第八章\特殊能力\恐惧.htm","恐惧.htm",".htm","4052","0 核心三宝书\DMG城主指南\第八章\特殊能力"
"0 核心三宝书\DMG城主指南\第八章\特殊能力\昏暗视觉.htm","昏暗视觉.htm",".htm","3123","0 核心三宝书\DMG城主指南\第八章\特殊能力"
"0 核心三宝书\DMG城主指南\第八章\特殊能力\毒素.htm","毒素.htm",".htm","4867","0 核心三宝书\DMG城主指南\第八章\特殊能力"
"0 核心三宝书\DMG城主指南\第八章\特殊能力\气化形体.htm","气化形体.htm",".htm","3764","0 核心三宝书\DMG城主指南\第八章\特殊能力"
"0 核心三宝书\DMG城主指南\第八章\特殊能力\治愈疾病.htm","治愈疾病.htm",".htm","2760","0 核心三宝书\DMG城主指南\第八章\特殊能力"
"0 核心三宝书\DMG城主指南\第八章\特殊能力\法术抗力.htm","法术抗力.htm",".htm","8419","0 核心三宝书\DMG城主指南\第八章\特殊能力"
"0 核心三宝书\DMG城主指南\第八章\特殊能力\灵体.htm","灵体.htm",".htm","4059","0 核心三宝书\DMG城主指南\第八章\特殊能力"
"0 核心三宝书\DMG城主指南\第八章\特殊能力\灵敏嗅觉.htm","灵敏嗅觉.htm",".htm","3854","0 核心三宝书\DMG城主指南\第八章\特殊能力"
"0 核心三宝书\DMG城主指南\第八章\特殊能力\特殊能力、状态总览与环境危害.htm","特殊能力、状态总览与环境危害.htm",".htm","3048","0 核心三宝书\DMG城主指南\第八章\特殊能力"
"0 核心三宝书\DMG城主指南\第八章\特殊能力\疾病.htm","疾病.htm",".htm","2780","0 核心三宝书\DMG城主指南\第八章\特殊能力"
"0 核心三宝书\DMG城主指南\第八章\特殊能力\疾病描述.htm","疾病描述.htm",".htm","6267","0 核心三宝书\DMG城主指南\第八章\特殊能力"
"0 核心三宝书\DMG城主指南\第八章\特殊能力\盲视与盲感.htm","盲视与盲感.htm",".htm","3597","0 核心三宝书\DMG城主指南\第八章\特殊能力"
"0 核心三宝书\DMG城主指南\第八章\特殊能力\等级减少.htm","等级减少.htm",".htm","3378","0 核心三宝书\DMG城主指南\第八章\特殊能力"
"0 核心三宝书\DMG城主指南\第八章\特殊能力\能量吸取与负向等级.htm","能量吸取与负向等级.htm",".htm","4522","0 核心三宝书\DMG城主指南\第八章\特殊能力"
"0 核心三宝书\DMG城主指南\第八章\特殊能力\能量抗力.htm","能量抗力.htm",".htm","3221","0 核心三宝书\DMG城主指南\第八章\特殊能力"
"0 核心三宝书\DMG城主指南\第八章\特殊能力\虚体能力.htm","虚体能力.htm",".htm","4580","0 核心三宝书\DMG城主指南\第八章\特殊能力"
"0 核心三宝书\DMG城主指南\第八章\特殊能力\规则变化.htm","规则变化.htm",".htm","3457","0 核心三宝书\DMG城主指南\第八章\特殊能力"
"0 核心三宝书\DMG城主指南\第八章\特殊能力\隐形.htm","隐形.htm",".htm","7629","0 核心三宝书\DMG城主指南\第八章\特殊能力"
"0 核心三宝书\DMG城主指南\第八章\特殊能力\颤动感知.htm","颤动感知.htm",".htm","3097","0 核心三宝书\DMG城主指南\第八章\特殊能力"
"0 核心三宝书\DMG城主指南\第八章\特殊能力\驱散抗力.htm","驱散抗力.htm",".htm","3113","0 核心三宝书\DMG城主指南\第八章\特殊能力"
"0 核心三宝书\DMG城主指南\第八章\特殊能力\魅惑（Charm）与胁迫（Compulsion）.htm","魅惑（Charm）与胁迫（Compulsion）.htm",".htm","4618","0 核心三宝书\DMG城主指南\第八章\特殊能力"
"0 核心三宝书\DMG城主指南\第八章\特殊能力\麻痹.htm","麻痹.htm",".htm","3458","0 核心三宝书\DMG城主指南\第八章\特殊能力"
"0 核心三宝书\DMG城主指南\第八章\特殊能力\黑暗视觉.htm","黑暗视觉.htm",".htm","2862","0 核心三宝书\DMG城主指南\第八章\特殊能力"
"0 核心三宝书\DMG城主指南\第八章\状态总览\状态总览.htm","状态总览.htm",".htm","13470","0 核心三宝书\DMG城主指南\第八章\状态总览"
"0 核心三宝书\DMG城主指南\第八章\环境危害\冰.htm","冰.htm",".htm","2590","0 核心三宝书\DMG城主指南\第八章\环境危害"
"0 核心三宝书\DMG城主指南\第八章\环境危害\坠落.htm","坠落.htm",".htm","3443","0 核心三宝书\DMG城主指南\第八章\环境危害"
"0 核心三宝书\DMG城主指南\第八章\环境危害\坠落物.htm","坠落物.htm",".htm","4116","0 核心三宝书\DMG城主指南\第八章\环境危害"
"0 核心三宝书\DMG城主指南\第八章\环境危害\寒害.htm","寒害.htm",".htm","3437","0 核心三宝书\DMG城主指南\第八章\环境危害"
"0 核心三宝书\DMG城主指南\第八章\环境危害\强酸.htm","强酸.htm",".htm","2925","0 核心三宝书\DMG城主指南\第八章\环境危害"
"0 核心三宝书\DMG城主指南\第八章\环境危害\水域危害.htm","水域危害.htm",".htm","3736","0 核心三宝书\DMG城主指南\第八章\环境危害"
"0 核心三宝书\DMG城主指南\第八章\环境危害\溺水.htm","溺水.htm",".htm","2760","0 核心三宝书\DMG城主指南\第八章\环境危害"
"0 核心三宝书\DMG城主指南\第八章\环境危害\烟雾.htm","烟雾.htm",".htm","2688","0 核心三宝书\DMG城主指南\第八章\环境危害"
"0 核心三宝书\DMG城主指南\第八章\环境危害\热害.htm","热害.htm",".htm","4077","0 核心三宝书\DMG城主指南\第八章\环境危害"
"0 核心三宝书\DMG城主指南\第八章\环境危害\熔岩.htm","熔岩.htm",".htm","2824","0 核心三宝书\DMG城主指南\第八章\环境危害"
"0 核心三宝书\DMG城主指南\第八章\环境危害\环境危害.htm","环境危害.htm",".htm","2946","0 核心三宝书\DMG城主指南\第八章\环境危害"
"0 核心三宝书\DMG城主指南\第八章\环境危害\着火.htm","着火.htm",".htm","3123","0 核心三宝书\DMG城主指南\第八章\环境危害"
"0 核心三宝书\DMG城主指南\第八章\环境危害\窒息.htm","窒息.htm",".htm","3414","0 核心三宝书\DMG城主指南\第八章\环境危害"
"0 核心三宝书\DMG城主指南\第八章\环境危害\饥饿与干渴.htm","饥饿与干渴.htm",".htm","3212","0 核心三宝书\DMG城主指南\第八章\环境危害"
"0 核心三宝书\DMG城主指南\第八章\环境危害\黑暗.htm","黑暗.htm",".htm","4788","0 核心三宝书\DMG城主指南\第八章\环境危害"
"0 核心三宝书\DMG城主指南\第六章\RPGA人物及属性值.htm","RPGA人物及属性值.htm",".htm","3157","0 核心三宝书\DMG城主指南\第六章"
"0 核心三宝书\DMG城主指南\第六章\以怪物作为人物种族.htm","以怪物作为人物种族.htm",".htm","12204","0 核心三宝书\DMG城主指南\第六章"
"0 核心三宝书\DMG城主指南\第六章\以怪物作为史诗人物.htm","以怪物作为史诗人物.htm",".htm","2923","0 核心三宝书\DMG城主指南\第六章"
"0 核心三宝书\DMG城主指南\第六章\休整期.htm","休整期.htm",".htm","2582","0 核心三宝书\DMG城主指南\第六章"
"0 核心三宝书\DMG城主指南\第六章\决斗家.htm","决斗家.htm",".htm","6947","0 核心三宝书\DMG城主指南\第六章"
"0 核心三宝书\DMG城主指南\第六章\创造新种族.htm","创造新种族.htm",".htm","5259","0 核心三宝书\DMG城主指南\第六章"
"0 核心三宝书\DMG城主指南\第六章\创造新职业.htm","创造新职业.htm",".htm","2984","0 核心三宝书\DMG城主指南\第六章"
"0 核心三宝书\DMG城主指南\第六章\创造超过20级的人物.htm","创造超过20级的人物.htm",".htm","4606","0 核心三宝书\DMG城主指南\第六章"
"0 核心三宝书\DMG城主指南\第六章\创造较高等级的人物.htm","创造较高等级的人物.htm",".htm","4291","0 核心三宝书\DMG城主指南\第六章"
"0 核心三宝书\DMG城主指南\第六章\刺客.htm","刺客.htm",".htm","10448","0 核心三宝书\DMG城主指南\第六章"
"0 核心三宝书\DMG城主指南\第六章\前言.htm","前言.htm",".htm","2555","0 核心三宝书\DMG城主指南\第六章"
"0 核心三宝书\DMG城主指南\第六章\动物伙伴.htm","动物伙伴.htm",".htm","3533","0 核心三宝书\DMG城主指南\第六章"
"0 核心三宝书\DMG城主指南\第六章\博学士.htm","博学士.htm",".htm","7684","0 核心三宝书\DMG城主指南\第六章"
"0 核心三宝书\DMG城主指南\第六章\变体的法术列表.htm","变体的法术列表.htm",".htm","4097","0 核心三宝书\DMG城主指南\第六章"
"0 核心三宝书\DMG城主指南\第六章\史诗专长.htm","史诗专长.htm",".htm","7741","0 核心三宝书\DMG城主指南\第六章"
"0 核心三宝书\DMG城主指南\第六章\史诗人物.htm","史诗人物.htm",".htm","4218","0 核心三宝书\DMG城主指南\第六章"
"0 核心三宝书\DMG城主指南\第六章\史诗人物与职业特性.htm","史诗人物与职业特性.htm",".htm","11759","0 核心三宝书\DMG城主指南\第六章"
"0 核心三宝书\DMG城主指南\第六章\史诗职业特性.htm","史诗职业特性.htm",".htm","5435","0 核心三宝书\DMG城主指南\第六章"
"0 核心三宝书\DMG城主指南\第六章\咒法召唤师.htm","咒法召唤师.htm",".htm","8310","0 核心三宝书\DMG城主指南\第六章"
"0 核心三宝书\DMG城主指南\第六章\坐骑.htm","坐骑.htm",".htm","9477","0 核心三宝书\DMG城主指南\第六章"
"0 核心三宝书\DMG城主指南\第六章\增减调整.htm","增减调整.htm",".htm","3099","0 核心三宝书\DMG城主指南\第六章"
"0 核心三宝书\DMG城主指南\第六章\大地旅者.htm","大地旅者.htm",".htm","9587","0 核心三宝书\DMG城主指南\第六章"
"0 核心三宝书\DMG城主指南\第六章\大法师.htm","大法师.htm",".htm","8778","0 核心三宝书\DMG城主指南\第六章"
"0 核心三宝书\DMG城主指南\第六章\大祭司.htm","大祭司.htm",".htm","8658","0 核心三宝书\DMG城主指南\第六章"
"0 核心三宝书\DMG城主指南\第六章\奥法骑士.htm","奥法骑士.htm",".htm","6421","0 核心三宝书\DMG城主指南\第六章"
"0 核心三宝书\DMG城主指南\第六章\学习技能与专长.htm","学习技能与专长.htm",".htm","4326","0 核心三宝书\DMG城主指南\第六章"
"0 核心三宝书\DMG城主指南\第六章\学习新法术.htm","学习新法术.htm",".htm","4164","0 核心三宝书\DMG城主指南\第六章"
"0 核心三宝书\DMG城主指南\第六章\属性值.htm","属性值.htm",".htm","6105","0 核心三宝书\DMG城主指南\第六章"
"0 核心三宝书\DMG城主指南\第六章\幕后随谈：为何要修改人物职业？.htm","幕后随谈：为何要修改人物职业？.htm",".htm","3687","0 核心三宝书\DMG城主指南\第六章"
"0 核心三宝书\DMG城主指南\第六章\幕后随谈：史诗职业进程.htm","幕后随谈：史诗职业进程.htm",".htm","3154","0 核心三宝书\DMG城主指南\第六章"
"0 核心三宝书\DMG城主指南\第六章\幕后随谈：限制攻击加值和豁免检定加值.htm","幕后随谈：限制攻击加值和豁免检定加值.htm",".htm","4185","0 核心三宝书\DMG城主指南\第六章"
"0 核心三宝书\DMG城主指南\第六章\影舞者.htm","影舞者.htm",".htm","9011","0 核心三宝书\DMG城主指南\第六章"
"0 核心三宝书\DMG城主指南\第六章\提升玩家人物的能力.htm","提升玩家人物的能力.htm",".htm","2798","0 核心三宝书\DMG城主指南\第六章"
"0 核心三宝书\DMG城主指南\第六章\新法术列表范例：女巫（Witch）.htm","新法术列表范例：女巫（Witch）.htm",".htm","6118","0 核心三宝书\DMG城主指南\第六章"
"0 核心三宝书\DMG城主指南\第六章\新种族.htm","新种族.htm",".htm","2505","0 核心三宝书\DMG城主指南\第六章"
"0 核心三宝书\DMG城主指南\第六章\智慧坐骑.htm","智慧坐骑.htm",".htm","2776","0 核心三宝书\DMG城主指南\第六章"
"0 核心三宝书\DMG城主指南\第六章\暗黑卫士.htm","暗黑卫士.htm",".htm","13392","0 核心三宝书\DMG城主指南\第六章"
"0 核心三宝书\DMG城主指南\第六章\特殊体型主人的魔宠.htm","特殊体型主人的魔宠.htm",".htm","9342","0 核心三宝书\DMG城主指南\第六章"
"0 核心三宝书\DMG城主指南\第六章\特殊部属.htm","特殊部属.htm",".htm","6687","0 核心三宝书\DMG城主指南\第六章"
"0 核心三宝书\DMG城主指南\第六章\矮人防御者.htm","矮人防御者.htm",".htm","7655","0 核心三宝书\DMG城主指南\第六章"
"0 核心三宝书\DMG城主指南\第六章\种族、亚种与范例.htm","种族、亚种与范例.htm",".htm","7446","0 核心三宝书\DMG城主指南\第六章"
"0 核心三宝书\DMG城主指南\第六章\秘术士.htm","秘术士.htm",".htm","6493","0 核心三宝书\DMG城主指南\第六章"
"0 核心三宝书\DMG城主指南\第六章\红袍法师.htm","红袍法师.htm",".htm","10760","0 核心三宝书\DMG城主指南\第六章"
"0 核心三宝书\DMG城主指南\第六章\职业.htm","职业.htm",".htm","2454","0 核心三宝书\DMG城主指南\第六章"
"0 核心三宝书\DMG城主指南\第六章\职业与种族的限制.htm","职业与种族的限制.htm",".htm","3392","0 核心三宝书\DMG城主指南\第六章"
"0 核心三宝书\DMG城主指南\第六章\获得固定生命值.htm","获得固定生命值.htm",".htm","4136","0 核心三宝书\DMG城主指南\第六章"
"0 核心三宝书\DMG城主指南\第六章\获得职业能力.htm","获得职业能力.htm",".htm","2867","0 核心三宝书\DMG城主指南\第六章"
"0 核心三宝书\DMG城主指南\第六章\规则变化：本章变体规则不列为边栏.htm","规则变化：本章变体规则不列为边栏.htm",".htm","2819","0 核心三宝书\DMG城主指南\第六章"
"0 核心三宝书\DMG城主指南\第六章\训练特殊坐骑.htm","训练特殊坐骑.htm",".htm","2873","0 核心三宝书\DMG城主指南\第六章"
"0 核心三宝书\DMG城主指南\第六章\设计进阶职业.htm","设计进阶职业.htm",".htm","3572","0 核心三宝书\DMG城主指南\第六章"
"0 核心三宝书\DMG城主指南\第六章\诡术师.htm","诡术师.htm",".htm","7108","0 核心三宝书\DMG城主指南\第六章"
"0 核心三宝书\DMG城主指南\第六章\调整人物职业.htm","调整人物职业.htm",".htm","4142","0 核心三宝书\DMG城主指南\第六章"
"0 核心三宝书\DMG城主指南\第六章\调整种族.htm","调整种族.htm",".htm","2749","0 核心三宝书\DMG城主指南\第六章"
"0 核心三宝书\DMG城主指南\第六章\调整种族范例.htm","调整种族范例.htm",".htm","3085","0 核心三宝书\DMG城主指南\第六章"
"0 核心三宝书\DMG城主指南\第六章\超大型或更大的主人.htm","超大型或更大的主人.htm",".htm","9786","0 核心三宝书\DMG城主指南\第六章"
"0 核心三宝书\DMG城主指南\第六章\进阶职业.htm","进阶职业.htm",".htm","3837","0 核心三宝书\DMG城主指南\第六章"
"0 核心三宝书\DMG城主指南\第六章\避免犯错.htm","避免犯错.htm",".htm","3720","0 核心三宝书\DMG城主指南\第六章"
"0 核心三宝书\DMG城主指南\第六章\钻研新创法术.htm","钻研新创法术.htm",".htm","3276","0 核心三宝书\DMG城主指南\第六章"
"0 核心三宝书\DMG城主指南\第六章\领导力和坐骑.htm","领导力和坐骑.htm",".htm","2679","0 核心三宝书\DMG城主指南\第六章"
"0 核心三宝书\DMG城主指南\第六章\魔宠.htm","魔宠.htm",".htm","22558","0 核心三宝书\DMG城主指南\第六章"
"0 核心三宝书\DMG城主指南\第六章\魔射手.htm","魔射手.htm",".htm","6882","0 核心三宝书\DMG城主指南\第六章"
"0 核心三宝书\DMG城主指南\第六章\魔法物品的限制.htm","魔法物品的限制.htm",".htm","4008","0 核心三宝书\DMG城主指南\第六章"
"0 核心三宝书\DMG城主指南\第六章\龙脉术士.htm","龙脉术士.htm",".htm","9186","0 核心三宝书\DMG城主指南\第六章"
"0 核心三宝书\DMG城主指南\第四章\专家.htm","专家.htm",".htm","5977","0 核心三宝书\DMG城主指南\第四章"
"0 核心三宝书\DMG城主指南\第四章\人物种族或生物种类的非玩家人物修正值.htm","人物种族或生物种类的非玩家人物修正值.htm",".htm","3139","0 核心三宝书\DMG城主指南\第四章"
"0 核心三宝书\DMG城主指南\第四章\刻画非玩家人物.htm","刻画非玩家人物.htm",".htm","2773","0 核心三宝书\DMG城主指南\第四章"
"0 核心三宝书\DMG城主指南\第四章\动物与其他怪物.htm","动物与其他怪物.htm",".htm","3469","0 核心三宝书\DMG城主指南\第四章"
"0 核心三宝书\DMG城主指南\第四章\反派主角.htm","反派主角.htm",".htm","3907","0 核心三宝书\DMG城主指南\第四章"
"0 核心三宝书\DMG城主指南\第四章\吟游诗人非玩家人物.htm","吟游诗人非玩家人物.htm",".htm","6614","0 核心三宝书\DMG城主指南\第四章"
"0 核心三宝书\DMG城主指南\第四章\圣武士非玩家人物.htm","圣武士非玩家人物.htm",".htm","10079","0 核心三宝书\DMG城主指南\第四章"
"0 核心三宝书\DMG城主指南\第四章\导师.htm","导师.htm",".htm","9959","0 核心三宝书\DMG城主指南\第四章"
"0 核心三宝书\DMG城主指南\第四章\巡林客非玩家人物.htm","巡林客非玩家人物.htm",".htm","10616","0 核心三宝书\DMG城主指南\第四章"
"0 核心三宝书\DMG城主指南\第四章\平民.htm","平民.htm",".htm","6074","0 核心三宝书\DMG城主指南\第四章"
"0 核心三宝书\DMG城主指南\第四章\引言.htm","引言.htm",".htm","2432","0 核心三宝书\DMG城主指南\第四章"
"0 核心三宝书\DMG城主指南\第四章\德鲁伊非玩家人物.htm","德鲁伊非玩家人物.htm",".htm","7762","0 核心三宝书\DMG城主指南\第四章"
"0 核心三宝书\DMG城主指南\第四章\战士非玩家人物.htm","战士非玩家人物.htm",".htm","5632","0 核心三宝书\DMG城主指南\第四章"
"0 核心三宝书\DMG城主指南\第四章\敌人.htm","敌人.htm",".htm","3743","0 核心三宝书\DMG城主指南\第四章"
"0 核心三宝书\DMG城主指南\第四章\替补部属与追随者.htm","替补部属与追随者.htm",".htm","2729","0 核心三宝书\DMG城主指南\第四章"
"0 核心三宝书\DMG城主指南\第四章\朋友.htm","朋友.htm",".htm","2630","0 核心三宝书\DMG城主指南\第四章"
"0 核心三宝书\DMG城主指南\第四章\望族.htm","望族.htm",".htm","6414","0 核心三宝书\DMG城主指南\第四章"
"0 核心三宝书\DMG城主指南\第四章\术士非玩家人物.htm","术士非玩家人物.htm",".htm","10311","0 核心三宝书\DMG城主指南\第四章"
"0 核心三宝书\DMG城主指南\第四章\武僧非玩家人物.htm","武僧非玩家人物.htm",".htm","7737","0 核心三宝书\DMG城主指南\第四章"
"0 核心三宝书\DMG城主指南\第四章\武者.htm","武者.htm",".htm","6230","0 核心三宝书\DMG城主指南\第四章"
"0 核心三宝书\DMG城主指南\第四章\法师非玩家人物.htm","法师非玩家人物.htm",".htm","7275","0 核心三宝书\DMG城主指南\第四章"
"0 核心三宝书\DMG城主指南\第四章\游荡者非玩家人物.htm","游荡者非玩家人物.htm",".htm","7405","0 核心三宝书\DMG城主指南\第四章"
"0 核心三宝书\DMG城主指南\第四章\牧师非玩家人物.htm","牧师非玩家人物.htm",".htm","6487","0 核心三宝书\DMG城主指南\第四章"
"0 核心三宝书\DMG城主指南\第四章\盟友.htm","盟友.htm",".htm","2966","0 核心三宝书\DMG城主指南\第四章"
"0 核心三宝书\DMG城主指南\第四章\芸芸众生.htm","芸芸众生.htm",".htm","3097","0 核心三宝书\DMG城主指南\第四章"
"0 核心三宝书\DMG城主指南\第四章\追随者.htm","追随者.htm",".htm","2905","0 核心三宝书\DMG城主指南\第四章"
"0 核心三宝书\DMG城主指南\第四章\部属.htm","部属.htm",".htm","4224","0 核心三宝书\DMG城主指南\第四章"
"0 核心三宝书\DMG城主指南\第四章\野蛮人非玩家人物.htm","野蛮人非玩家人物.htm",".htm","6292","0 核心三宝书\DMG城主指南\第四章"
"0 核心三宝书\DMG城主指南\第四章\雇工.htm","雇工.htm",".htm","7839","0 核心三宝书\DMG城主指南\第四章"
"0 核心三宝书\DMG城主指南\第四章\非玩家人物修正值.htm","非玩家人物修正值.htm",".htm","14995","0 核心三宝书\DMG城主指南\第四章"
"0 核心三宝书\DMG城主指南\第四章\非玩家人物修正值的解释与定义.htm","非玩家人物修正值的解释与定义.htm",".htm","3567","0 核心三宝书\DMG城主指南\第四章"
"0 核心三宝书\DMG城主指南\第四章\非玩家人物数据资料.htm","非玩家人物数据资料.htm",".htm","7113","0 核心三宝书\DMG城主指南\第四章"
"0 核心三宝书\DMG城主指南\第四章\非玩家人物的态度.htm","非玩家人物的态度.htm",".htm","3993","0 核心三宝书\DMG城主指南\第四章"
"0 核心三宝书\DMG城主指南\第四章\非玩家人物的职业.htm","非玩家人物的职业.htm",".htm","3801","0 核心三宝书\DMG城主指南\第四章"
"0 核心三宝书\DMG城主指南\第四章\领导力.htm","领导力.htm",".htm","8691","0 核心三宝书\DMG城主指南\第四章"
"0 核心三宝书\MM怪物图鉴\封面.htm","封面.htm",".htm","1327","0 核心三宝书\MM怪物图鉴"
"0 核心三宝书\MM怪物图鉴\封面.jpg","封面.jpg",".jpg","173606","0 核心三宝书\MM怪物图鉴"
"0 核心三宝书\MM怪物图鉴\_images\MM1\三臂巨怪.jpg","三臂巨怪.jpg",".jpg","114655","0 核心三宝书\MM怪物图鉴\_images\MM1"
"0 核心三宝书\MM怪物图鉴\_images\MM1\云巨人（上）石巨人（中）山丘巨人（下）.jpg","云巨人（上）石巨人（中）山丘巨人（下）.jpg",".jpg","160490","0 核心三宝书\MM怪物图鉴\_images\MM1"
"0 核心三宝书\MM怪物图鉴\_images\MM1\人身狮.jpg","人身狮.jpg",".jpg","91344","0 核心三宝书\MM怪物图鉴\_images\MM1"
"0 核心三宝书\MM怪物图鉴\_images\MM1\人马.jpg","人马.jpg",".jpg","115080","0 核心三宝书\MM怪物图鉴\_images\MM1"
"0 核心三宝书\MM怪物图鉴\_images\MM1\人鱼族.jpg","人鱼族.jpg",".jpg","141353","0 核心三宝书\MM怪物图鉴\_images\MM1"
"0 核心三宝书\MM怪物图鉴\_images\MM1\伊特怪.jpg","伊特怪.jpg",".jpg","151872","0 核心三宝书\MM怪物图鉴\_images\MM1"
"0 核心三宝书\MM怪物图鉴\_images\MM1\伪龙.jpg","伪龙.jpg",".jpg","117057","0 核心三宝书\MM怪物图鉴\_images\MM1"
"0 核心三宝书\MM怪物图鉴\_images\MM1\僵尸.jpg","僵尸.jpg",".jpg","157953","0 核心三宝书\MM怪物图鉴\_images\MM1"
"0 核心三宝书\MM怪物图鉴\_images\MM1\兽人.jpg","兽人.jpg",".jpg","146453","0 核心三宝书\MM怪物图鉴\_images\MM1"
"0 核心三宝书\MM怪物图鉴\_images\MM1\冬狼.jpg","冬狼.jpg",".jpg","89389","0 核心三宝书\MM怪物图鉴\_images\MM1"
"0 核心三宝书\MM怪物图鉴\_images\MM1\凶暴熊.jpg","凶暴熊.jpg",".jpg","102879","0 核心三宝书\MM怪物图鉴\_images\MM1"
"0 核心三宝书\MM怪物图鉴\_images\MM1\判魂魔（左）夸塞魔（右上）魅魔（右）.jpg","判魂魔（左）夸塞魔（右上）魅魔（右）.jpg",".jpg","158020","0 核心三宝书\MM怪物图鉴\_images\MM1"
"0 核心三宝书\MM怪物图鉴\_images\MM1\刺尾狮.jpg","刺尾狮.jpg",".jpg","153548","0 核心三宝书\MM怪物图鉴\_images\MM1"
"0 核心三宝书\MM怪物图鉴\_images\MM1\半羊人.jpg","半羊人.jpg",".jpg","152524","0 核心三宝书\MM怪物图鉴\_images\MM1"
"0 核心三宝书\MM怪物图鉴\_images\MM1\半身人.jpg","半身人.jpg",".jpg","88630","0 核心三宝书\MM怪物图鉴\_images\MM1"
"0 核心三宝书\MM怪物图鉴\_images\MM1\半龙.jpg","半龙.jpg",".jpg","125682","0 核心三宝书\MM怪物图鉴\_images\MM1"
"0 核心三宝书\MM怪物图鉴\_images\MM1\原变体.jpg","原变体.jpg",".jpg","70781","0 核心三宝书\MM怪物图鉴\_images\MM1"
"0 核心三宝书\MM怪物图鉴\_images\MM1\双头巨人.jpg","双头巨人.jpg",".jpg","122272","0 核心三宝书\MM怪物图鉴\_images\MM1"
"0 核心三宝书\MM怪物图鉴\_images\MM1\变形怪.jpg","变形怪.jpg",".jpg","66779","0 核心三宝书\MM怪物图鉴\_images\MM1"
"0 核心三宝书\MM怪物图鉴\_images\MM1\变形蛛.jpg","变形蛛.jpg",".jpg","78803","0 核心三宝书\MM怪物图鉴\_images\MM1"
"0 核心三宝书\MM怪物图鉴\_images\MM1\吉斯扬基.jpg","吉斯扬基.jpg",".jpg","142353","0 核心三宝书\MM怪物图鉴\_images\MM1"
"0 核心三宝书\MM怪物图鉴\_images\MM1\吉斯泽莱.jpg","吉斯泽莱.jpg",".jpg","139099","0 核心三宝书\MM怪物图鉴\_images\MM1"
"0 核心三宝书\MM怪物图鉴\_images\MM1\吸血衍体.jpg","吸血衍体.jpg",".jpg","161453","0 核心三宝书\MM怪物图鉴\_images\MM1"
"0 核心三宝书\MM怪物图鉴\_images\MM1\吸血鬼.jpg","吸血鬼.jpg",".jpg","139647","0 核心三宝书\MM怪物图鉴\_images\MM1"
"0 核心三宝书\MM怪物图鉴\_images\MM1\哥布林.jpg","哥布林.jpg",".jpg","128964","0 核心三宝书\MM怪物图鉴\_images\MM1"
"0 核心三宝书\MM怪物图鉴\_images\MM1\嚎兽.jpg","嚎兽.jpg",".jpg","105317","0 核心三宝书\MM怪物图鉴\_images\MM1"
"0 核心三宝书\MM怪物图鉴\_images\MM1\囚魂.jpg","囚魂.jpg",".jpg","132586","0 核心三宝书\MM怪物图鉴\_images\MM1"
"0 核心三宝书\MM怪物图鉴\_images\MM1\四臂猩猩.jpg","四臂猩猩.jpg",".jpg","79401","0 核心三宝书\MM怪物图鉴\_images\MM1"
"0 核心三宝书\MM怪物图鉴\_images\MM1\土元素.jpg","土元素.jpg",".jpg","94471","0 核心三宝书\MM怪物图鉴\_images\MM1"
"0 核心三宝书\MM怪物图鉴\_images\MM1\土巨怪.jpg","土巨怪.jpg",".jpg","125442","0 核心三宝书\MM怪物图鉴\_images\MM1"
"0 核心三宝书\MM怪物图鉴\_images\MM1\土焢虫.jpg","土焢虫.jpg",".jpg","44304","0 核心三宝书\MM怪物图鉴\_images\MM1"
"0 核心三宝书\MM怪物图鉴\_images\MM1\圣光天使獒首天使号手天使.jpg","圣光天使獒首天使号手天使.jpg",".jpg","247182","0 核心三宝书\MM怪物图鉴\_images\MM1"
"0 核心三宝书\MM怪物图鉴\_images\MM1\地狱犬.jpg","地狱犬.jpg",".jpg","113052","0 核心三宝书\MM怪物图鉴\_images\MM1"
"0 核心三宝书\MM怪物图鉴\_images\MM1\地狱猫.jpg","地狱猫.jpg",".jpg","60208","0 核心三宝书\MM怪物图鉴\_images\MM1"
"0 核心三宝书\MM怪物图鉴\_images\MM1\多头蛇蜥.jpg","多头蛇蜥.jpg",".jpg","195448","0 核心三宝书\MM怪物图鉴\_images\MM1"
"0 核心三宝书\MM怪物图鉴\_images\MM1\夜嘶猎犬.jpg","夜嘶猎犬.jpg",".jpg","107103","0 核心三宝书\MM怪物图鉴\_images\MM1"
"0 核心三宝书\MM怪物图鉴\_images\MM1\大地精.jpg","大地精.jpg",".jpg","96202","0 核心三宝书\MM怪物图鉴\_images\MM1"
"0 核心三宝书\MM怪物图鉴\_images\MM1\天使.jpg","天使.jpg",".jpg","444143","0 核心三宝书\MM怪物图鉴\_images\MM1"
"0 核心三宝书\MM怪物图鉴\_images\MM1\夺心魔.jpg","夺心魔.jpg",".jpg","96890","0 核心三宝书\MM怪物图鉴\_images\MM1"
"0 核心三宝书\MM怪物图鉴\_images\MM1\夺心魔术士.jpg","夺心魔术士.jpg",".jpg","116715","0 核心三宝书\MM怪物图鉴\_images\MM1"
"0 核心三宝书\MM怪物图鉴\_images\MM1\奇美拉.jpg","奇美拉.jpg",".jpg","96074","0 核心三宝书\MM怪物图鉴\_images\MM1"
"0 核心三宝书\MM怪物图鉴\_images\MM1\寇涛鱼人.jpg","寇涛鱼人.jpg",".jpg","98061","0 核心三宝书\MM怪物图鉴\_images\MM1"
"0 核心三宝书\MM怪物图鉴\_images\MM1\尸妖.jpg","尸妖.jpg",".jpg","141998","0 核心三宝书\MM怪物图鉴\_images\MM1"
"0 核心三宝书\MM怪物图鉴\_images\MM1\尼克精.jpg","尼克精.jpg",".jpg","133637","0 核心三宝书\MM怪物图鉴\_images\MM1"
"0 核心三宝书\MM怪物图鉴\_images\MM1\巨枭.jpg","巨枭.jpg",".jpg","116047","0 核心三宝书\MM怪物图鉴\_images\MM1"
"0 核心三宝书\MM怪物图鉴\_images\MM1\巨魔.jpg","巨魔.jpg",".jpg","137849","0 核心三宝书\MM怪物图鉴\_images\MM1"
"0 核心三宝书\MM怪物图鉴\_images\MM1\巨鹰.jpg","巨鹰.jpg",".jpg","118043","0 核心三宝书\MM怪物图鉴\_images\MM1"
"0 核心三宝书\MM怪物图鉴\_images\MM1\巫妖.jpg","巫妖.jpg",".jpg","115504","0 核心三宝书\MM怪物图鉴\_images\MM1"
"0 核心三宝书\MM怪物图鉴\_images\MM1\巴洛魔和六臂蛇魔.jpg","巴洛魔和六臂蛇魔.jpg",".jpg","163585","0 核心三宝书\MM怪物图鉴\_images\MM1"
"0 核心三宝书\MM怪物图鉴\_images\MM1\幽影.jpg","幽影.jpg",".jpg","71159","0 核心三宝书\MM怪物图鉴\_images\MM1"
"0 核心三宝书\MM怪物图鉴\_images\MM1\幽影獒犬.jpg","幽影獒犬.jpg",".jpg","82097","0 核心三宝书\MM怪物图鉴\_images\MM1"
"0 核心三宝书\MM怪物图鉴\_images\MM1\幽魂.jpg","幽魂.jpg",".jpg","101483","0 核心三宝书\MM怪物图鉴\_images\MM1"
"0 核心三宝书\MM怪物图鉴\_images\MM1\幽魂娜迦.jpg","幽魂娜迦.jpg",".jpg","87468","0 核心三宝书\MM怪物图鉴\_images\MM1"
"0 核心三宝书\MM怪物图鉴\_images\MM1\底栖魔鱼.jpg","底栖魔鱼.jpg",".jpg","256807","0 核心三宝书\MM怪物图鉴\_images\MM1"
"0 核心三宝书\MM怪物图鉴\_images\MM1\座狼.jpg","座狼.jpg",".jpg","245599","0 核心三宝书\MM怪物图鉴\_images\MM1"
"0 核心三宝书\MM怪物图鉴\_images\MM1\弗米蚁族和族蚁.jpg","弗米蚁族和族蚁.jpg",".jpg","140238","0 核心三宝书\MM怪物图鉴\_images\MM1"
"0 核心三宝书\MM怪物图鉴\_images\MM1\怨魂.jpg","怨魂.jpg",".jpg","353742","0 核心三宝书\MM怪物图鉴\_images\MM1"
"0 核心三宝书\MM怪物图鉴\_images\MM1\恐龙.jpg","恐龙.jpg",".jpg","147906","0 核心三宝书\MM怪物图鉴\_images\MM1"
"0 核心三宝书\MM怪物图鉴\_images\MM1\惧噬体.jpg","惧噬体.jpg",".jpg","97794","0 核心三宝书\MM怪物图鉴\_images\MM1"
"0 核心三宝书\MM怪物图鉴\_images\MM1\战蜥人.jpg","战蜥人.jpg",".jpg","125423","0 核心三宝书\MM怪物图鉴\_images\MM1"
"0 核心三宝书\MM怪物图鉴\_images\MM1\拟身怪.jpg","拟身怪.jpg",".jpg","74822","0 核心三宝书\MM怪物图鉴\_images\MM1"
"0 核心三宝书\MM怪物图鉴\_images\MM1\掘地虫.jpg","掘地虫.jpg",".jpg","91224","0 核心三宝书\MM怪物图鉴\_images\MM1"
"0 核心三宝书\MM怪物图鉴\_images\MM1\暗幕魔兽.jpg","暗幕魔兽.jpg",".jpg","81410","0 核心三宝书\MM怪物图鉴\_images\MM1"
"0 核心三宝书\MM怪物图鉴\_images\MM1\暗音盲管.jpg","暗音盲管.jpg",".jpg","97688","0 核心三宝书\MM怪物图鉴\_images\MM1"
"0 核心三宝书\MM怪物图鉴\_images\MM1\暴龙.jpg","暴龙.jpg",".jpg","93096","0 核心三宝书\MM怪物图鉴\_images\MM1"
"0 核心三宝书\MM怪物图鉴\_images\MM1\曼生怪.jpg","曼生怪.jpg",".jpg","122944","0 核心三宝书\MM怪物图鉴\_images\MM1"
"0 核心三宝书\MM怪物图鉴\_images\MM1\木乃伊.jpg","木乃伊.jpg",".jpg","114566","0 核心三宝书\MM怪物图鉴\_images\MM1"
"0 核心三宝书\MM怪物图鉴\_images\MM1\木乃伊王.jpg","木乃伊王.jpg",".jpg","146330","0 核心三宝书\MM怪物图鉴\_images\MM1"
"0 核心三宝书\MM怪物图鉴\_images\MM1\杀手藤.jpg","杀手藤.jpg",".jpg","138799","0 核心三宝书\MM怪物图鉴\_images\MM1"
"0 核心三宝书\MM怪物图鉴\_images\MM1\枭头熊.jpg","枭头熊.jpg",".jpg","113717","0 核心三宝书\MM怪物图鉴\_images\MM1"
"0 核心三宝书\MM怪物图鉴\_images\MM1\树人.jpg","树人.jpg",".jpg","130006","0 核心三宝书\MM怪物图鉴\_images\MM1"
"0 核心三宝书\MM怪物图鉴\_images\MM1\树精.jpg","树精.jpg",".jpg","106484","0 核心三宝书\MM怪物图鉴\_images\MM1"
"0 核心三宝书\MM怪物图鉴\_images\MM1\树绳妖.jpg","树绳妖.jpg",".jpg","75169","0 核心三宝书\MM怪物图鉴\_images\MM1"
"0 核心三宝书\MM怪物图鉴\_images\MM1\梅杜莎.jpg","梅杜莎.jpg",".jpg","137177","0 核心三宝书\MM怪物图鉴\_images\MM1"
"0 核心三宝书\MM怪物图鉴\_images\MM1\梦魇.jpg","梦魇.jpg",".jpg","99411","0 核心三宝书\MM怪物图鉴\_images\MM1"
"0 核心三宝书\MM怪物图鉴\_images\MM1\梭螺鱼人.jpg","梭螺鱼人.jpg",".jpg","118066","0 核心三宝书\MM怪物图鉴\_images\MM1"
"0 核心三宝书\MM怪物图鉴\_images\MM1\棘魔（左）骨魔（中）小恶魔（右上）劣魔（右下）.jpg","棘魔（左）骨魔（中）小恶魔（右上）劣魔（右下）.jpg",".jpg","261080","0 核心三宝书\MM怪物图鉴\_images\MM1"
"0 核心三宝书\MM怪物图鉴\_images\MM1\水妖精.jpg","水妖精.jpg",".jpg","102252","0 核心三宝书\MM怪物图鉴\_images\MM1"
"0 核心三宝书\MM怪物图鉴\_images\MM1\沙华鱼人.jpg","沙华鱼人.jpg",".jpg","138529","0 核心三宝书\MM怪物图鉴\_images\MM1"
"0 核心三宝书\MM怪物图鉴\_images\MM1\波达尸.jpg","波达尸.jpg",".jpg","58860","0 核心三宝书\MM怪物图鉴\_images\MM1"
"0 核心三宝书\MM怪物图鉴\_images\MM1\泥形怪.jpg","泥形怪.jpg",".jpg","75077","0 核心三宝书\MM怪物图鉴\_images\MM1"
"0 核心三宝书\MM怪物图鉴\_images\MM1\泰坦.jpg","泰坦.jpg",".jpg","109433","0 核心三宝书\MM怪物图鉴\_images\MM1"
"0 核心三宝书\MM怪物图鉴\_images\MM1\泰夫林、阿斯莫.jpg","泰夫林、阿斯莫.jpg",".jpg","162562","0 核心三宝书\MM怪物图鉴\_images\MM1"
"0 核心三宝书\MM怪物图鉴\_images\MM1\泰拉斯奎巨兽.jpg","泰拉斯奎巨兽.jpg",".jpg","125869","0 核心三宝书\MM怪物图鉴\_images\MM1"
"0 核心三宝书\MM怪物图鉴\_images\MM1\活化物品.jpg","活化物品.jpg",".jpg","244706","0 核心三宝书\MM怪物图鉴\_images\MM1"
"0 核心三宝书\MM怪物图鉴\_images\MM1\海猫.jpg","海猫.jpg",".jpg","123909","0 核心三宝书\MM怪物图鉴\_images\MM1"
"0 核心三宝书\MM怪物图鉴\_images\MM1\深海乌贼.jpg","深海乌贼.jpg",".jpg","162331","0 核心三宝书\MM怪物图鉴\_images\MM1"
"0 核心三宝书\MM怪物图鉴\_images\MM1\深渊高等石化蜥蜴.jpg","深渊高等石化蜥蜴.jpg",".jpg","101069","0 核心三宝书\MM怪物图鉴\_images\MM1"
"0 核心三宝书\MM怪物图鉴\_images\MM1\混沌兽.jpg","混沌兽.jpg",".jpg","117330","0 核心三宝书\MM怪物图鉴\_images\MM1"
"0 核心三宝书\MM怪物图鉴\_images\MM1\火巨人（左）风暴巨人（中）霜巨人（右）.jpg","火巨人（左）风暴巨人（中）霜巨人（右）.jpg",".jpg","134705","0 核心三宝书\MM怪物图鉴\_images\MM1"
"0 核心三宝书\MM怪物图鉴\_images\MM1\火矮人.jpg","火矮人.jpg",".jpg","104518","0 核心三宝书\MM怪物图鉴\_images\MM1"
"0 核心三宝书\MM怪物图鉴\_images\MM1\火童.jpg","火童.jpg",".jpg","116967","0 核心三宝书\MM怪物图鉴\_images\MM1"
"0 核心三宝书\MM怪物图鉴\_images\MM1\火蜥蜴.jpg","火蜥蜴.jpg",".jpg","139453","0 核心三宝书\MM怪物图鉴\_images\MM1"
"0 核心三宝书\MM怪物图鉴\_images\MM1\火螨.jpg","火螨.jpg",".jpg","97952","0 核心三宝书\MM怪物图鉴\_images\MM1"
"0 核心三宝书\MM怪物图鉴\_images\MM1\灰袋兽.jpg","灰袋兽.jpg",".jpg","151551","0 核心三宝书\MM怪物图鉴\_images\MM1"
"0 核心三宝书\MM怪物图鉴\_images\MM1\灵窃怪.jpg","灵窃怪.jpg",".jpg","115599","0 核心三宝书\MM怪物图鉴\_images\MM1"
"0 核心三宝书\MM怪物图鉴\_images\MM1\灵褫兽.jpg","灵褫兽.jpg",".jpg","141521","0 核心三宝书\MM怪物图鉴\_images\MM1"
"0 核心三宝书\MM怪物图鉴\_images\MM1\炼魔.jpg","炼魔.jpg",".jpg","136211","0 核心三宝书\MM怪物图鉴\_images\MM1"
"0 核心三宝书\MM怪物图鉴\_images\MM1\熊地精.jpg","熊地精.jpg",".jpg","167441","0 核心三宝书\MM怪物图鉴\_images\MM1"
"0 核心三宝书\MM怪物图鉴\_images\MM1\牛头人.jpg","牛头人.jpg",".jpg","86904","0 核心三宝书\MM怪物图鉴\_images\MM1"
"0 核心三宝书\MM怪物图鉴\_images\MM1\犬魔.jpg","犬魔.jpg",".jpg","67689","0 核心三宝书\MM怪物图鉴\_images\MM1"
"0 核心三宝书\MM怪物图鉴\_images\MM1\狂战魔（上）巴刨魔（左）怯魔（右）.jpg","狂战魔（上）巴刨魔（左）怯魔（右）.jpg",".jpg","164830","0 核心三宝书\MM怪物图鉴\_images\MM1"
"0 核心三宝书\MM怪物图鉴\_images\MM1\狗头人.jpg","狗头人.jpg",".jpg","58379","0 核心三宝书\MM怪物图鉴\_images\MM1"
"0 核心三宝书\MM怪物图鉴\_images\MM1\狩魔蛛.jpg","狩魔蛛.jpg",".jpg","92000","0 核心三宝书\MM怪物图鉴\_images\MM1"
"0 核心三宝书\MM怪物图鉴\_images\MM1\独爪蜃.jpg","独爪蜃.jpg",".jpg","68375","0 核心三宝书\MM怪物图鉴\_images\MM1"
"0 核心三宝书\MM怪物图鉴\_images\MM1\独角兽.jpg","独角兽.jpg",".jpg","70179","0 核心三宝书\MM怪物图鉴\_images\MM1"
"0 核心三宝书\MM怪物图鉴\_images\MM1\狮子龙.jpg","狮子龙.jpg",".jpg","76924","0 核心三宝书\MM怪物图鉴\_images\MM1"
"0 核心三宝书\MM怪物图鉴\_images\MM1\狮鹫.jpg","狮鹫.jpg",".jpg","99714","0 核心三宝书\MM怪物图鉴\_images\MM1"
"0 核心三宝书\MM怪物图鉴\_images\MM1\猎不义使、猎背信使、猎偷神使.jpg","猎不义使、猎背信使、猎偷神使.jpg",".jpg","272344","0 核心三宝书\MM怪物图鉴\_images\MM1"
"0 核心三宝书\MM怪物图鉴\_images\MM1\猎魔蛛.jpg","猎魔蛛.jpg",".jpg","74416","0 核心三宝书\MM怪物图鉴\_images\MM1"
"0 核心三宝书\MM怪物图鉴\_images\MM1\甲伏怪.jpg","甲伏怪.jpg",".jpg","87275","0 核心三宝书\MM怪物图鉴\_images\MM1"
"0 核心三宝书\MM怪物图鉴\_images\MM1\电蜥蜴.jpg","电蜥蜴.jpg",".jpg","132371","0 核心三宝书\MM怪物图鉴\_images\MM1"
"0 核心三宝书\MM怪物图鉴\_images\MM1\白龙.jpg","白龙.jpg",".jpg","161546","0 核心三宝书\MM怪物图鉴\_images\MM1"
"0 核心三宝书\MM怪物图鉴\_images\MM1\百足魔兽.jpg","百足魔兽.jpg",".jpg","135350","0 核心三宝书\MM怪物图鉴\_images\MM1"
"0 核心三宝书\MM怪物图鉴\_images\MM1\盾卫.jpg","盾卫.jpg",".jpg","142726","0 核心三宝书\MM怪物图鉴\_images\MM1"
"0 核心三宝书\MM怪物图鉴\_images\MM1\眼魔.jpg","眼魔.jpg",".jpg","172459","0 核心三宝书\MM怪物图鉴\_images\MM1"
"0 核心三宝书\MM怪物图鉴\_images\MM1\石像鬼.jpg","石像鬼.jpg",".jpg","145243","0 核心三宝书\MM怪物图鉴\_images\MM1"
"0 核心三宝书\MM怪物图鉴\_images\MM1\石化牛.jpg","石化牛.jpg",".jpg","169023","0 核心三宝书\MM怪物图鉴\_images\MM1"
"0 核心三宝书\MM怪物图鉴\_images\MM1\石化蜥蜴.jpg","石化蜥蜴.jpg",".jpg","91724","0 核心三宝书\MM怪物图鉴\_images\MM1"
"0 核心三宝书\MM怪物图鉴\_images\MM1\石盲蛮族.jpg","石盲蛮族.jpg",".jpg","108243","0 核心三宝书\MM怪物图鉴\_images\MM1"
"0 核心三宝书\MM怪物图鉴\_images\MM1\移位兽.jpg","移位兽.jpg",".jpg","115704","0 核心三宝书\MM怪物图鉴\_images\MM1"
"0 核心三宝书\MM怪物图鉴\_images\MM1\穴居攫怪.jpg","穴居攫怪.jpg",".jpg","117218","0 核心三宝书\MM怪物图鉴\_images\MM1"
"0 核心三宝书\MM怪物图鉴\_images\MM1\突蟹龟.jpg","突蟹龟.jpg",".jpg","115463","0 核心三宝书\MM怪物图鉴\_images\MM1"
"0 核心三宝书\MM怪物图鉴\_images\MM1\箭鹰.jpg","箭鹰.jpg",".jpg","102322","0 核心三宝书\MM怪物图鉴\_images\MM1"
"0 核心三宝书\MM怪物图鉴\_images\MM1\精灵.jpg","精灵.jpg",".jpg","130004","0 核心三宝书\MM怪物图鉴\_images\MM1"
"0 核心三宝书\MM怪物图鉴\_images\MM1\索尔石怪.jpg","索尔石怪.jpg",".jpg","91997","0 核心三宝书\MM怪物图鉴\_images\MM1"
"0 核心三宝书\MM怪物图鉴\_images\MM1\紫蕈.jpg","紫蕈.jpg",".jpg","124389","0 核心三宝书\MM怪物图鉴\_images\MM1"
"0 核心三宝书\MM怪物图鉴\_images\MM1\紫虫.jpg","紫虫.jpg",".jpg","103161","0 核心三宝书\MM怪物图鉴\_images\MM1"
"0 核心三宝书\MM怪物图鉴\_images\MM1\红龙.jpg","红龙.jpg",".jpg","123091","0 核心三宝书\MM怪物图鉴\_images\MM1"
"0 核心三宝书\MM怪物图鉴\_images\MM1\绿龙.jpg","绿龙.jpg",".jpg","127826","0 核心三宝书\MM怪物图鉴\_images\MM1"
"0 核心三宝书\MM怪物图鉴\_images\MM1\缚灵.jpg","缚灵.jpg",".jpg","80419","0 核心三宝书\MM怪物图鉴\_images\MM1"
"0 核心三宝书\MM怪物图鉴\_images\MM1\羽蛇.jpg","羽蛇.jpg",".jpg","123584","0 核心三宝书\MM怪物图鉴\_images\MM1"
"0 核心三宝书\MM怪物图鉴\_images\MM1\翔狮兽.jpg","翔狮兽.jpg",".jpg","99085","0 核心三宝书\MM怪物图鉴\_images\MM1"
"0 核心三宝书\MM怪物图鉴\_images\MM1\翼蛇人.jpg","翼蛇人.jpg",".jpg","131856","0 核心三宝书\MM怪物图鉴\_images\MM1"
"0 核心三宝书\MM怪物图鉴\_images\MM1\翼龙.jpg","翼龙.jpg",".jpg","142223","0 核心三宝书\MM怪物图鉴\_images\MM1"
"0 核心三宝书\MM怪物图鉴\_images\MM1\老鬼婆.jpg","老鬼婆.jpg",".jpg","160050","0 核心三宝书\MM怪物图鉴\_images\MM1"
"0 核心三宝书\MM怪物图鉴\_images\MM1\自走夜影.jpg","自走夜影.jpg",".jpg","107483","0 核心三宝书\MM怪物图鉴\_images\MM1"
"0 核心三宝书\MM怪物图鉴\_images\MM1\蓝龙.jpg","蓝龙.jpg",".jpg","136535","0 核心三宝书\MM怪物图鉴\_images\MM1"
"0 核心三宝书\MM怪物图鉴\_images\MM1\蚊蝠.jpg","蚊蝠.jpg",".jpg","78374","0 核心三宝书\MM怪物图鉴\_images\MM1"
"0 核心三宝书\MM怪物图鉴\_images\MM1\蛇人族.jpg","蛇人族.jpg",".jpg","144028","0 核心三宝书\MM怪物图鉴\_images\MM1"
"0 核心三宝书\MM怪物图鉴\_images\MM1\蛛化精灵.jpg","蛛化精灵.jpg",".jpg","137086","0 核心三宝书\MM怪物图鉴\_images\MM1"
"0 核心三宝书\MM怪物图鉴\_images\MM1\蛰伏伪怪.jpg","蛰伏伪怪.jpg",".jpg","100094","0 核心三宝书\MM怪物图鉴\_images\MM1"
"0 核心三宝书\MM怪物图鉴\_images\MM1\蜥人族.jpg","蜥人族.jpg",".jpg","84901","0 核心三宝书\MM怪物图鉴\_images\MM1"
"0 核心三宝书\MM怪物图鉴\_images\MM1\角翼魔兽.jpg","角翼魔兽.jpg",".jpg","146871","0 核心三宝书\MM怪物图鉴\_images\MM1"
"0 核心三宝书\MM怪物图鉴\_images\MM1\触手魔藤.jpg","触手魔藤.jpg",".jpg","107722","0 核心三宝书\MM怪物图鉴\_images\MM1"
"0 核心三宝书\MM怪物图鉴\_images\MM1\豺狼人.jpg","豺狼人.jpg",".jpg","123036","0 核心三宝书\MM怪物图鉴\_images\MM1"
"0 核心三宝书\MM怪物图鉴\_images\MM1\贝克风精.jpg","贝克风精.jpg",".jpg","94881","0 核心三宝书\MM怪物图鉴\_images\MM1"
"0 核心三宝书\MM怪物图鉴\_images\MM1\赤铜龙.jpg","赤铜龙.jpg",".jpg","175412","0 核心三宝书\MM怪物图鉴\_images\MM1"
"0 核心三宝书\MM怪物图鉴\_images\MM1\迦勒神使和御风神使.jpg","迦勒神使和御风神使.jpg",".jpg","267092","0 核心三宝书\MM怪物图鉴\_images\MM1"
"0 核心三宝书\MM怪物图鉴\_images\MM1\迷诱魔（上）弗洛魔（下）.jpg","迷诱魔（上）弗洛魔（下）.jpg",".jpg","153483","0 核心三宝书\MM怪物图鉴\_images\MM1"
"0 核心三宝书\MM怪物图鉴\_images\MM1\邪兽鬼.jpg","邪兽鬼.jpg",".jpg","141787","0 核心三宝书\MM怪物图鉴\_images\MM1"
"0 核心三宝书\MM怪物图鉴\_images\MM1\金戍翼狮.jpg","金戍翼狮.jpg",".jpg","105651","0 核心三宝书\MM怪物图鉴\_images\MM1"
"0 核心三宝书\MM怪物图鉴\_images\MM1\金龙.jpg","金龙.jpg",".jpg","234796","0 核心三宝书\MM怪物图鉴\_images\MM1"
"0 核心三宝书\MM怪物图鉴\_images\MM1\铁魔像和肉身魔像.jpg","铁魔像和肉身魔像.jpg",".jpg","203092","0 核心三宝书\MM怪物图鉴\_images\MM1"
"0 核心三宝书\MM怪物图鉴\_images\MM1\银龙.jpg","银龙.jpg",".jpg","139857","0 核心三宝书\MM怪物图鉴\_images\MM1"
"0 核心三宝书\MM怪物图鉴\_images\MM1\锁喉怪.jpg","锁喉怪.jpg",".jpg","142109","0 核心三宝书\MM怪物图鉴\_images\MM1"
"0 核心三宝书\MM怪物图鉴\_images\MM1\锈蚀怪.jpg","锈蚀怪.jpg",".jpg","132188","0 核心三宝书\MM怪物图鉴\_images\MM1"
"0 核心三宝书\MM怪物图鉴\_images\MM1\锡尔族.jpg","锡尔族.jpg",".jpg","69569","0 核心三宝书\MM怪物图鉴\_images\MM1"
"0 核心三宝书\MM怪物图鉴\_images\MM1\闪现犬.jpg","闪现犬.jpg",".jpg","90893","0 核心三宝书\MM怪物图鉴\_images\MM1"
"0 核心三宝书\MM怪物图鉴\_images\MM1\隐形潜伏怪.jpg","隐形潜伏怪.jpg",".jpg","105328","0 核心三宝书\MM怪物图鉴\_images\MM1"
"0 核心三宝书\MM怪物图鉴\_images\MM1\霜虫.jpg","霜虫.jpg",".jpg","94728","0 核心三宝书\MM怪物图鉴\_images\MM1"
"0 核心三宝书\MM怪物图鉴\_images\MM1\青足龙蛇.jpg","青足龙蛇.jpg",".jpg","77378","0 核心三宝书\MM怪物图鉴\_images\MM1"
"0 核心三宝书\MM怪物图鉴\_images\MM1\青铜龙.jpg","青铜龙.jpg",".jpg","141458","0 核心三宝书\MM怪物图鉴\_images\MM1"
"0 核心三宝书\MM怪物图鉴\_images\MM1\风巨灵和火巨灵.jpg","风巨灵和火巨灵.jpg",".jpg","277177","0 核心三宝书\MM怪物图鉴\_images\MM1"
"0 核心三宝书\MM怪物图鉴\_images\MM1\飞头蛮.jpg","飞头蛮.jpg",".jpg","103893","0 核心三宝书\MM怪物图鉴\_images\MM1"
"0 核心三宝书\MM怪物图鉴\_images\MM1\食人魔.jpg","食人魔.jpg",".jpg","129635","0 核心三宝书\MM怪物图鉴\_images\MM1"
"0 核心三宝书\MM怪物图鉴\_images\MM1\食人魔巫师.jpg","食人魔巫师.jpg",".jpg","144699","0 核心三宝书\MM怪物图鉴\_images\MM1"
"0 核心三宝书\MM怪物图鉴\_images\MM1\食尸鬼.jpg","食尸鬼.jpg",".jpg","91017","0 核心三宝书\MM怪物图鉴\_images\MM1"
"0 核心三宝书\MM怪物图鉴\_images\MM1\食腐兽.jpg","食腐兽.jpg",".jpg","124696","0 核心三宝书\MM怪物图鉴\_images\MM1"
"0 核心三宝书\MM怪物图鉴\_images\MM1\食蛛兽.jpg","食蛛兽.jpg",".jpg","61108","0 核心三宝书\MM怪物图鉴\_images\MM1"
"0 核心三宝书\MM怪物图鉴\_images\MM1\骨面斑兽.jpg","骨面斑兽.jpg",".jpg","84901","0 核心三宝书\MM怪物图鉴\_images\MM1"
"0 核心三宝书\MM怪物图鉴\_images\MM1\骷髅.jpg","骷髅.jpg",".jpg","138793","0 核心三宝书\MM怪物图鉴\_images\MM1"
"0 核心三宝书\MM怪物图鉴\_images\MM1\髯魔（左）角魔（上）欲魔（右）.jpg","髯魔（左）角魔（上）欲魔（右）.jpg",".jpg","172419","0 核心三宝书\MM怪物图鉴\_images\MM1"
"0 核心三宝书\MM怪物图鉴\_images\MM1\鬼婆.jpg","鬼婆.jpg",".jpg","101480","0 核心三宝书\MM怪物图鉴\_images\MM1"
"0 核心三宝书\MM怪物图鉴\_images\MM1\鬼火.jpg","鬼火.jpg",".jpg","72252","0 核心三宝书\MM怪物图鉴\_images\MM1"
"0 核心三宝书\MM怪物图鉴\_images\MM1\魅影蕈.jpg","魅影蕈.jpg",".jpg","107681","0 核心三宝书\MM怪物图鉴\_images\MM1"
"0 核心三宝书\MM怪物图鉴\_images\MM1\魔蝠.jpg","魔蝠.jpg",".jpg","124590","0 核心三宝书\MM怪物图鉴\_images\MM1"
"0 核心三宝书\MM怪物图鉴\_images\MM1\魔造仆役.jpg","魔造仆役.jpg",".jpg","74494","0 核心三宝书\MM怪物图鉴\_images\MM1"
"0 核心三宝书\MM怪物图鉴\_images\MM1\鱼魔怪.jpg","鱼魔怪.jpg",".jpg","120741","0 核心三宝书\MM怪物图鉴\_images\MM1"
"0 核心三宝书\MM怪物图鉴\_images\MM1\鸟妖.jpg","鸟妖.jpg",".jpg","109226","0 核心三宝书\MM怪物图鉴\_images\MM1"
"0 核心三宝书\MM怪物图鉴\_images\MM1\鸡蛇兽.jpg","鸡蛇兽.jpg",".jpg","89722","0 核心三宝书\MM怪物图鉴\_images\MM1"
"0 核心三宝书\MM怪物图鉴\_images\MM1\鹏羽神侍和狮鬃神侍.jpg","鹏羽神侍和狮鬃神侍.jpg",".jpg","262239","0 核心三宝书\MM怪物图鉴\_images\MM1"
"0 核心三宝书\MM怪物图鉴\_images\MM1\鹏鸟.jpg","鹏鸟.jpg",".jpg","78964","0 核心三宝书\MM怪物图鉴\_images\MM1"
"0 核心三宝书\MM怪物图鉴\_images\MM1\鹦哥兽.jpg","鹦哥兽.jpg",".jpg","314637","0 核心三宝书\MM怪物图鉴\_images\MM1"
"0 核心三宝书\MM怪物图鉴\_images\MM1\鹫马.jpg","鹫马.jpg",".jpg","136731","0 核心三宝书\MM怪物图鉴\_images\MM1"
"0 核心三宝书\MM怪物图鉴\_images\MM1\黄铜龙.jpg","黄铜龙.jpg",".jpg","161267","0 核心三宝书\MM怪物图鉴\_images\MM1"
"0 核心三宝书\MM怪物图鉴\_images\MM1\黑暗精灵.jpg","黑暗精灵.jpg",".jpg","95655","0 核心三宝书\MM怪物图鉴\_images\MM1"
"0 核心三宝书\MM怪物图鉴\_images\MM1\黑龙.jpg","黑龙.jpg",".jpg","175089","0 核心三宝书\MM怪物图鉴\_images\MM1"
"0 核心三宝书\MM怪物图鉴\_images\MM1\鼠人、狼人、熊人.jpg","鼠人、狼人、熊人.jpg",".jpg","180020","0 核心三宝书\MM怪物图鉴\_images\MM1"
"0 核心三宝书\MM怪物图鉴\_images\MM1\龙.jpg","龙.jpg",".jpg","56521","0 核心三宝书\MM怪物图鉴\_images\MM1"
"0 核心三宝书\MM怪物图鉴\_images\MM1\龙龟.jpg","龙龟.jpg",".jpg","110287","0 核心三宝书\MM怪物图鉴\_images\MM1"
"0 核心三宝书\MM怪物图鉴\第一章：怪物\A\三臂巨怪.htm","三臂巨怪.htm",".htm","7469","0 核心三宝书\MM怪物图鉴\第一章：怪物\A"
"0 核心三宝书\MM怪物图鉴\第一章：怪物\A\亚空神族.htm","亚空神族.htm",".htm","20725","0 核心三宝书\MM怪物图鉴\第一章：怪物\A"
"0 核心三宝书\MM怪物图鉴\第一章：怪物\A\变形蛛.htm","变形蛛.htm",".htm","8569","0 核心三宝书\MM怪物图鉴\第一章：怪物\A"
"0 核心三宝书\MM怪物图鉴\第一章：怪物\A\天使.htm","天使.htm",".htm","19538","0 核心三宝书\MM怪物图鉴\第一章：怪物\A"
"0 核心三宝书\MM怪物图鉴\第一章：怪物\A\底栖魔鱼.htm","底栖魔鱼.htm",".htm","13143","0 核心三宝书\MM怪物图鉴\第一章：怪物\A"
"0 核心三宝书\MM怪物图鉴\第一章：怪物\A\怨魂.htm","怨魂.htm",".htm","8127","0 核心三宝书\MM怪物图鉴\第一章：怪物\A"
"0 核心三宝书\MM怪物图鉴\第一章：怪物\A\掘地虫.htm","掘地虫.htm",".htm","8806","0 核心三宝书\MM怪物图鉴\第一章：怪物\A"
"0 核心三宝书\MM怪物图鉴\第一章：怪物\A\杀手藤.htm","杀手藤.htm",".htm","7931","0 核心三宝书\MM怪物图鉴\第一章：怪物\A"
"0 核心三宝书\MM怪物图鉴\第一章：怪物\A\活化物体.htm","活化物体.htm",".htm","10194","0 核心三宝书\MM怪物图鉴\第一章：怪物\A"
"0 核心三宝书\MM怪物图鉴\第一章：怪物\A\火矮人.htm","火矮人.htm",".htm","8900","0 核心三宝书\MM怪物图鉴\第一章：怪物\A"
"0 核心三宝书\MM怪物图鉴\第一章：怪物\A\箭鹰.htm","箭鹰.htm",".htm","9253","0 核心三宝书\MM怪物图鉴\第一章：怪物\A"
"0 核心三宝书\MM怪物图鉴\第一章：怪物\A\鹗哥兽.htm","鹗哥兽.htm",".htm","7563","0 核心三宝书\MM怪物图鉴\第一章：怪物\A"
"0 核心三宝书\MM怪物图鉴\第一章：怪物\B\波达尸.htm","波达尸.htm",".htm","6722","0 核心三宝书\MM怪物图鉴\第一章：怪物\B"
"0 核心三宝书\MM怪物图鉴\第一章：怪物\B\熊地精.htm","熊地精.htm",".htm","9375","0 核心三宝书\MM怪物图鉴\第一章：怪物\B"
"0 核心三宝书\MM怪物图鉴\第一章：怪物\B\犬魔.htm","犬魔.htm",".htm","9997","0 核心三宝书\MM怪物图鉴\第一章：怪物\B"
"0 核心三宝书\MM怪物图鉴\第一章：怪物\B\眼魔.htm","眼魔.htm",".htm","13642","0 核心三宝书\MM怪物图鉴\第一章：怪物\B"
"0 核心三宝书\MM怪物图鉴\第一章：怪物\B\石化蜥蜴.htm","石化蜥蜴.htm",".htm","9305","0 核心三宝书\MM怪物图鉴\第一章：怪物\B"
"0 核心三宝书\MM怪物图鉴\第一章：怪物\B\贝克风精.htm","贝克风精.htm",".htm","7410","0 核心三宝书\MM怪物图鉴\第一章：怪物\B"
"0 核心三宝书\MM怪物图鉴\第一章：怪物\B\闪现犬.htm","闪现犬.htm",".htm","7032","0 核心三宝书\MM怪物图鉴\第一章：怪物\B"
"0 核心三宝书\MM怪物图鉴\第一章：怪物\B\青足龙蛇.htm","青足龙蛇.htm",".htm","8486","0 核心三宝书\MM怪物图鉴\第一章：怪物\B"
"0 核心三宝书\MM怪物图鉴\第一章：怪物\B\鲨蜥兽.htm","鲨蜥兽.htm",".htm","7083","0 核心三宝书\MM怪物图鉴\第一章：怪物\B"
"0 核心三宝书\MM怪物图鉴\第一章：怪物\C\人马.htm","人马.htm",".htm","10659","0 核心三宝书\MM怪物图鉴\第一章：怪物\C"
"0 核心三宝书\MM怪物图鉴\第一章：怪物\C\天界生物.htm","天界生物.htm",".htm","10441","0 核心三宝书\MM怪物图鉴\第一章：怪物\C"
"0 核心三宝书\MM怪物图鉴\第一章：怪物\C\奇美拉.htm","奇美拉.htm",".htm","8107","0 核心三宝书\MM怪物图鉴\第一章：怪物\C"
"0 核心三宝书\MM怪物图鉴\第一章：怪物\C\混沌兽.htm","混沌兽.htm",".htm","8605","0 核心三宝书\MM怪物图鉴\第一章：怪物\C"
"0 核心三宝书\MM怪物图鉴\第一章：怪物\C\甲伏怪.htm","甲伏怪.htm",".htm","8485","0 核心三宝书\MM怪物图鉴\第一章：怪物\C"
"0 核心三宝书\MM怪物图鉴\第一章：怪物\C\羽蛇.htm","羽蛇.htm",".htm","8867","0 核心三宝书\MM怪物图鉴\第一章：怪物\C"
"0 核心三宝书\MM怪物图鉴\第一章：怪物\C\蛇鸡兽.htm","蛇鸡兽.htm",".htm","6925","0 核心三宝书\MM怪物图鉴\第一章：怪物\C"
"0 核心三宝书\MM怪物图鉴\第一章：怪物\C\蛰伏伪怪.htm","蛰伏伪怪.htm",".htm","9193","0 核心三宝书\MM怪物图鉴\第一章：怪物\C"
"0 核心三宝书\MM怪物图鉴\第一章：怪物\C\锁喉怪.htm","锁喉怪.htm",".htm","8574","0 核心三宝书\MM怪物图鉴\第一章：怪物\C"
"0 核心三宝书\MM怪物图鉴\第一章：怪物\C\食腐虫.htm","食腐虫.htm",".htm","7742","0 核心三宝书\MM怪物图鉴\第一章：怪物\C"
"0 核心三宝书\MM怪物图鉴\第一章：怪物\D\变形怪.htm","变形怪.htm",".htm","13150","0 核心三宝书\MM怪物图鉴\第一章：怪物\D"
"0 核心三宝书\MM怪物图鉴\第一章：怪物\D\囚魂尸.htm","囚魂尸.htm",".htm","12835","0 核心三宝书\MM怪物图鉴\第一章：怪物\D"
"0 核心三宝书\MM怪物图鉴\第一章：怪物\D\恐兽.htm","恐兽.htm",".htm","11160","0 核心三宝书\MM怪物图鉴\第一章：怪物\D"
"0 核心三宝书\MM怪物图鉴\第一章：怪物\D\暗幕魔兽.htm","暗幕魔兽.htm",".htm","7771","0 核心三宝书\MM怪物图鉴\第一章：怪物\D"
"0 核心三宝书\MM怪物图鉴\第一章：怪物\D\暗音盲怪.htm","暗音盲怪.htm",".htm","8757","0 核心三宝书\MM怪物图鉴\第一章：怪物\D"
"0 核心三宝书\MM怪物图鉴\第一章：怪物\D\树精.htm","树精.htm",".htm","12198","0 核心三宝书\MM怪物图鉴\第一章：怪物\D"
"0 核心三宝书\MM怪物图鉴\第一章：怪物\D\狮龙.htm","狮龙.htm",".htm","12589","0 核心三宝书\MM怪物图鉴\第一章：怪物\D"
"0 核心三宝书\MM怪物图鉴\第一章：怪物\D\矮人.htm","矮人.htm",".htm","12105","0 核心三宝书\MM怪物图鉴\第一章：怪物\D"
"0 核心三宝书\MM怪物图鉴\第一章：怪物\D\移位兽.htm","移位兽.htm",".htm","19145","0 核心三宝书\MM怪物图鉴\第一章：怪物\D"
"0 核心三宝书\MM怪物图鉴\第一章：怪物\D\蛛化精灵.htm","蛛化精灵.htm",".htm","12992","0 核心三宝书\MM怪物图鉴\第一章：怪物\D"
"0 核心三宝书\MM怪物图鉴\第一章：怪物\D\迪洛矮人.htm","迪洛矮人.htm",".htm","8418","0 核心三宝书\MM怪物图鉴\第一章：怪物\D"
"0 核心三宝书\MM怪物图鉴\第一章：怪物\D\钻地掘怪.htm","钻地掘怪.htm",".htm","8009","0 核心三宝书\MM怪物图鉴\第一章：怪物\D"
"0 核心三宝书\MM怪物图鉴\第一章：怪物\D\龙龟.htm","龙龟.htm",".htm","11958","0 核心三宝书\MM怪物图鉴\第一章：怪物\D"
"0 核心三宝书\MM怪物图鉴\第一章：怪物\D\凶暴动物\凶暴动物.htm","凶暴动物.htm",".htm","2360","0 核心三宝书\MM怪物图鉴\第一章：怪物\D\凶暴动物"
"0 核心三宝书\MM怪物图鉴\第一章：怪物\D\凶暴动物\凶暴熊.htm","凶暴熊.htm",".htm","10899","0 核心三宝书\MM怪物图鉴\第一章：怪物\D\凶暴动物"
"0 核心三宝书\MM怪物图鉴\第一章：怪物\D\凶暴动物\凶暴狮.htm","凶暴狮.htm",".htm","11121","0 核心三宝书\MM怪物图鉴\第一章：怪物\D\凶暴动物"
"0 核心三宝书\MM怪物图鉴\第一章：怪物\D\凶暴动物\凶暴狼.htm","凶暴狼.htm",".htm","10786","0 核心三宝书\MM怪物图鉴\第一章：怪物\D\凶暴动物"
"0 核心三宝书\MM怪物图鉴\第一章：怪物\D\凶暴动物\凶暴狼獾.htm","凶暴狼獾.htm",".htm","10884","0 核心三宝书\MM怪物图鉴\第一章：怪物\D\凶暴动物"
"0 核心三宝书\MM怪物图鉴\第一章：怪物\D\凶暴动物\凶暴猿.htm","凶暴猿.htm",".htm","10842","0 核心三宝书\MM怪物图鉴\第一章：怪物\D\凶暴动物"
"0 核心三宝书\MM怪物图鉴\第一章：怪物\D\凶暴动物\凶暴獾.htm","凶暴獾.htm",".htm","10857","0 核心三宝书\MM怪物图鉴\第一章：怪物\D\凶暴动物"
"0 核心三宝书\MM怪物图鉴\第一章：怪物\D\凶暴动物\凶暴虎.htm","凶暴虎.htm",".htm","11142","0 核心三宝书\MM怪物图鉴\第一章：怪物\D\凶暴动物"
"0 核心三宝书\MM怪物图鉴\第一章：怪物\D\凶暴动物\凶暴野猪.htm","凶暴野猪.htm",".htm","10619","0 核心三宝书\MM怪物图鉴\第一章：怪物\D\凶暴动物"
"0 核心三宝书\MM怪物图鉴\第一章：怪物\D\凶暴动物\凶暴鲨.htm","凶暴鲨.htm",".htm","11568","0 核心三宝书\MM怪物图鉴\第一章：怪物\D\凶暴动物"
"0 核心三宝书\MM怪物图鉴\第一章：怪物\D\凶暴动物\凶暴鼠.htm","凶暴鼠.htm",".htm","10902","0 核心三宝书\MM怪物图鉴\第一章：怪物\D\凶暴动物"
"0 核心三宝书\MM怪物图鉴\第一章：怪物\D\凶暴动物\凶暴鼬.htm","凶暴鼬.htm",".htm","10795","0 核心三宝书\MM怪物图鉴\第一章：怪物\D\凶暴动物"
"0 核心三宝书\MM怪物图鉴\第一章：怪物\D\恐龙\三角龙.htm","三角龙.htm",".htm","10699","0 核心三宝书\MM怪物图鉴\第一章：怪物\D\恐龙"
"0 核心三宝书\MM怪物图鉴\第一章：怪物\D\恐龙\恐爪龙.htm","恐爪龙.htm",".htm","11017","0 核心三宝书\MM怪物图鉴\第一章：怪物\D\恐龙"
"0 核心三宝书\MM怪物图鉴\第一章：怪物\D\恐龙\恐龙.htm","恐龙.htm",".htm","3561","0 核心三宝书\MM怪物图鉴\第一章：怪物\D\恐龙"
"0 核心三宝书\MM怪物图鉴\第一章：怪物\D\恐龙\暴龙.htm","暴龙.htm",".htm","11633","0 核心三宝书\MM怪物图鉴\第一章：怪物\D\恐龙"
"0 核心三宝书\MM怪物图鉴\第一章：怪物\D\恐龙\猛禽龙.htm","猛禽龙.htm",".htm","10518","0 核心三宝书\MM怪物图鉴\第一章：怪物\D\恐龙"
"0 核心三宝书\MM怪物图鉴\第一章：怪物\D\恐龙\薄板龙.htm","薄板龙.htm",".htm","10688","0 核心三宝书\MM怪物图鉴\第一章：怪物\D\恐龙"
"0 核心三宝书\MM怪物图鉴\第一章：怪物\D\恶魔\六臂蛇魔.htm","六臂蛇魔.htm",".htm","8265","0 核心三宝书\MM怪物图鉴\第一章：怪物\D\恶魔"
"0 核心三宝书\MM怪物图鉴\第一章：怪物\D\恶魔\判魂魔.htm","判魂魔.htm",".htm","8284","0 核心三宝书\MM怪物图鉴\第一章：怪物\D\恶魔"
"0 核心三宝书\MM怪物图鉴\第一章：怪物\D\恶魔\夸塞魔.htm","夸塞魔.htm",".htm","7720","0 核心三宝书\MM怪物图鉴\第一章：怪物\D\恶魔"
"0 核心三宝书\MM怪物图鉴\第一章：怪物\D\恶魔\巴创魔.htm","巴创魔.htm",".htm","7947","0 核心三宝书\MM怪物图鉴\第一章：怪物\D\恶魔"
"0 核心三宝书\MM怪物图鉴\第一章：怪物\D\恶魔\巴洛魔.htm","巴洛魔.htm",".htm","10866","0 核心三宝书\MM怪物图鉴\第一章：怪物\D\恶魔"
"0 核心三宝书\MM怪物图鉴\第一章：怪物\D\恶魔\弗洛魔.htm","弗洛魔.htm",".htm","8520","0 核心三宝书\MM怪物图鉴\第一章：怪物\D\恶魔"
"0 核心三宝书\MM怪物图鉴\第一章：怪物\D\恶魔\怯魔.htm","怯魔.htm",".htm","7422","0 核心三宝书\MM怪物图鉴\第一章：怪物\D\恶魔"
"0 核心三宝书\MM怪物图鉴\第一章：怪物\D\恶魔\恶魔.htm","恶魔.htm",".htm","3715","0 核心三宝书\MM怪物图鉴\第一章：怪物\D\恶魔"
"0 核心三宝书\MM怪物图鉴\第一章：怪物\D\恶魔\恶魔的挑战级数.htm","恶魔的挑战级数.htm",".htm","4937","0 核心三宝书\MM怪物图鉴\第一章：怪物\D\恶魔"
"0 核心三宝书\MM怪物图鉴\第一章：怪物\D\恶魔\狂战魔.htm","狂战魔.htm",".htm","8200","0 核心三宝书\MM怪物图鉴\第一章：怪物\D\恶魔"
"0 核心三宝书\MM怪物图鉴\第一章：怪物\D\恶魔\狩魔蛛.htm","狩魔蛛.htm",".htm","8144","0 核心三宝书\MM怪物图鉴\第一章：怪物\D\恶魔"
"0 核心三宝书\MM怪物图鉴\第一章：怪物\D\恶魔\猎魔蛛.htm","猎魔蛛.htm",".htm","8065","0 核心三宝书\MM怪物图鉴\第一章：怪物\D\恶魔"
"0 核心三宝书\MM怪物图鉴\第一章：怪物\D\恶魔\迷诱魔.htm","迷诱魔.htm",".htm","8244","0 核心三宝书\MM怪物图鉴\第一章：怪物\D\恶魔"
"0 核心三宝书\MM怪物图鉴\第一章：怪物\D\恶魔\魅魔.htm","魅魔.htm",".htm","8367","0 核心三宝书\MM怪物图鉴\第一章：怪物\D\恶魔"
"0 核心三宝书\MM怪物图鉴\第一章：怪物\D\真龙\真龙.htm","真龙.htm",".htm","13820","0 核心三宝书\MM怪物图鉴\第一章：怪物\D\真龙"
"0 核心三宝书\MM怪物图鉴\第一章：怪物\D\真龙\五色龙\五色龙.htm","五色龙.htm",".htm","2289","0 核心三宝书\MM怪物图鉴\第一章：怪物\D\真龙\五色龙"
"0 核心三宝书\MM怪物图鉴\第一章：怪物\D\真龙\五色龙\白龙.htm","白龙.htm",".htm","17151","0 核心三宝书\MM怪物图鉴\第一章：怪物\D\真龙\五色龙"
"0 核心三宝书\MM怪物图鉴\第一章：怪物\D\真龙\五色龙\红龙.htm","红龙.htm",".htm","18663","0 核心三宝书\MM怪物图鉴\第一章：怪物\D\真龙\五色龙"
"0 核心三宝书\MM怪物图鉴\第一章：怪物\D\真龙\五色龙\绿龙.htm","绿龙.htm",".htm","17607","0 核心三宝书\MM怪物图鉴\第一章：怪物\D\真龙\五色龙"
"0 核心三宝书\MM怪物图鉴\第一章：怪物\D\真龙\五色龙\蓝龙.htm","蓝龙.htm",".htm","17470","0 核心三宝书\MM怪物图鉴\第一章：怪物\D\真龙\五色龙"
"0 核心三宝书\MM怪物图鉴\第一章：怪物\D\真龙\五色龙\黑龙.htm","黑龙.htm",".htm","18008","0 核心三宝书\MM怪物图鉴\第一章：怪物\D\真龙\五色龙"
"0 核心三宝书\MM怪物图鉴\第一章：怪物\D\真龙\金属龙\赤铜龙.htm","赤铜龙.htm",".htm","17572","0 核心三宝书\MM怪物图鉴\第一章：怪物\D\真龙\金属龙"
"0 核心三宝书\MM怪物图鉴\第一章：怪物\D\真龙\金属龙\金属龙.htm","金属龙.htm",".htm","2344","0 核心三宝书\MM怪物图鉴\第一章：怪物\D\真龙\金属龙"
"0 核心三宝书\MM怪物图鉴\第一章：怪物\D\真龙\金属龙\金龙.htm","金龙.htm",".htm","19266","0 核心三宝书\MM怪物图鉴\第一章：怪物\D\真龙\金属龙"
"0 核心三宝书\MM怪物图鉴\第一章：怪物\D\真龙\金属龙\银龙.htm","银龙.htm",".htm","18230","0 核心三宝书\MM怪物图鉴\第一章：怪物\D\真龙\金属龙"
"0 核心三宝书\MM怪物图鉴\第一章：怪物\D\真龙\金属龙\青铜龙.htm","青铜龙.htm",".htm","18100","0 核心三宝书\MM怪物图鉴\第一章：怪物\D\真龙\金属龙"
"0 核心三宝书\MM怪物图鉴\第一章：怪物\D\真龙\金属龙\黄铜龙.htm","黄铜龙.htm",".htm","17567","0 核心三宝书\MM怪物图鉴\第一章：怪物\D\真龙\金属龙"
"0 核心三宝书\MM怪物图鉴\第一章：怪物\D\魔鬼\劣魔.htm","劣魔.htm",".htm","5020","0 核心三宝书\MM怪物图鉴\第一章：怪物\D\魔鬼"
"0 核心三宝书\MM怪物图鉴\第一章：怪物\D\魔鬼\地狱猫.htm","地狱猫.htm",".htm","7705","0 核心三宝书\MM怪物图鉴\第一章：怪物\D\魔鬼"
"0 核心三宝书\MM怪物图鉴\第一章：怪物\D\魔鬼\小魔鬼.htm","小魔鬼.htm",".htm","7755","0 核心三宝书\MM怪物图鉴\第一章：怪物\D\魔鬼"
"0 核心三宝书\MM怪物图鉴\第一章：怪物\D\魔鬼\棘魔.htm","棘魔.htm",".htm","8262","0 核心三宝书\MM怪物图鉴\第一章：怪物\D\魔鬼"
"0 核心三宝书\MM怪物图鉴\第一章：怪物\D\魔鬼\欲魔.htm","欲魔.htm",".htm","8036","0 核心三宝书\MM怪物图鉴\第一章：怪物\D\魔鬼"
"0 核心三宝书\MM怪物图鉴\第一章：怪物\D\魔鬼\深狱炼魔.htm","深狱炼魔.htm",".htm","13725","0 核心三宝书\MM怪物图鉴\第一章：怪物\D\魔鬼"
"0 核心三宝书\MM怪物图鉴\第一章：怪物\D\魔鬼\炼魔.htm","炼魔.htm",".htm","7958","0 核心三宝书\MM怪物图鉴\第一章：怪物\D\魔鬼"
"0 核心三宝书\MM怪物图鉴\第一章：怪物\D\魔鬼\角魔.htm","角魔.htm",".htm","8873","0 核心三宝书\MM怪物图鉴\第一章：怪物\D\魔鬼"
"0 核心三宝书\MM怪物图鉴\第一章：怪物\D\魔鬼\髯魔.htm","髯魔.htm",".htm","8315","0 核心三宝书\MM怪物图鉴\第一章：怪物\D\魔鬼"
"0 核心三宝书\MM怪物图鉴\第一章：怪物\D\魔鬼\魔鬼.htm","魔鬼.htm",".htm","3896","0 核心三宝书\MM怪物图鉴\第一章：怪物\D\魔鬼"
"0 核心三宝书\MM怪物图鉴\第一章：怪物\D\魔鬼\魔鬼的挑战级数.htm","魔鬼的挑战级数.htm",".htm","4812","0 核心三宝书\MM怪物图鉴\第一章：怪物\D\魔鬼"
"0 核心三宝书\MM怪物图鉴\第一章：怪物\E\伊特怪.htm","伊特怪.htm",".htm","12767","0 核心三宝书\MM怪物图鉴\第一章：怪物\E"
"0 核心三宝书\MM怪物图鉴\第一章：怪物\E\双头巨人.htm","双头巨人.htm",".htm","12681","0 核心三宝书\MM怪物图鉴\第一章：怪物\E"
"0 核心三宝书\MM怪物图鉴\第一章：怪物\E\巨鹰.htm","巨鹰.htm",".htm","11737","0 核心三宝书\MM怪物图鉴\第一章：怪物\E"
"0 核心三宝书\MM怪物图鉴\第一章：怪物\E\灵窃怪.htm","灵窃怪.htm",".htm","12151","0 核心三宝书\MM怪物图鉴\第一章：怪物\E"
"0 核心三宝书\MM怪物图鉴\第一章：怪物\E\灵褫兽.htm","灵褫兽.htm",".htm","11637","0 核心三宝书\MM怪物图鉴\第一章：怪物\E"
"0 核心三宝书\MM怪物图鉴\第一章：怪物\E\爱莅天族.htm","爱莅天族.htm",".htm","12895","0 核心三宝书\MM怪物图鉴\第一章：怪物\E"
"0 核心三宝书\MM怪物图鉴\第一章：怪物\E\精灵.htm","精灵.htm",".htm","15305","0 核心三宝书\MM怪物图鉴\第一章：怪物\E"
"0 核心三宝书\MM怪物图鉴\第一章：怪物\E\迦勒神使.htm","迦勒神使.htm",".htm","14616","0 核心三宝书\MM怪物图鉴\第一章：怪物\E"
"0 核心三宝书\MM怪物图鉴\第一章：怪物\E\元素\元素-风元素.htm","元素-风元素.htm",".htm","12243","0 核心三宝书\MM怪物图鉴\第一章：怪物\E\元素"
"0 核心三宝书\MM怪物图鉴\第一章：怪物\E\元素\土元素.htm","土元素.htm",".htm","49313","0 核心三宝书\MM怪物图鉴\第一章：怪物\E\元素"
"0 核心三宝书\MM怪物图鉴\第一章：怪物\E\元素\水元素.htm","水元素.htm",".htm","12659","0 核心三宝书\MM怪物图鉴\第一章：怪物\E\元素"
"0 核心三宝书\MM怪物图鉴\第一章：怪物\E\元素\火元素.htm","火元素.htm",".htm","10890","0 核心三宝书\MM怪物图鉴\第一章：怪物\E\元素"
"0 核心三宝书\MM怪物图鉴\第一章：怪物\F\弗米蚁族.htm","弗米蚁族.htm",".htm","16778","0 核心三宝书\MM怪物图鉴\第一章：怪物\F"
"0 核心三宝书\MM怪物图鉴\第一章：怪物\F\炼狱生物.htm","炼狱生物.htm",".htm","12948","0 核心三宝书\MM怪物图鉴\第一章：怪物\F"
"0 核心三宝书\MM怪物图鉴\第一章：怪物\F\霜虫.htm","霜虫.htm",".htm","12817","0 核心三宝书\MM怪物图鉴\第一章：怪物\F"
"0 核心三宝书\MM怪物图鉴\第一章：怪物\G\侏儒.htm","侏儒.htm",".htm","24110","0 核心三宝书\MM怪物图鉴\第一章：怪物\G"
"0 核心三宝书\MM怪物图鉴\第一章：怪物\G\吉斯扬基.htm","吉斯扬基.htm",".htm","15198","0 核心三宝书\MM怪物图鉴\第一章：怪物\G"
"0 核心三宝书\MM怪物图鉴\第一章：怪物\G\吉斯泽莱.htm","吉斯泽莱.htm",".htm","13504","0 核心三宝书\MM怪物图鉴\第一章：怪物\G"
"0 核心三宝书\MM怪物图鉴\第一章：怪物\G\四臂猩.htm","四臂猩.htm",".htm","11416","0 核心三宝书\MM怪物图鉴\第一章：怪物\G"
"0 核心三宝书\MM怪物图鉴\第一章：怪物\G\地精.htm","地精.htm",".htm","13185","0 核心三宝书\MM怪物图鉴\第一章：怪物\G"
"0 核心三宝书\MM怪物图鉴\第一章：怪物\G\巨灵.htm","巨灵.htm",".htm","34185","0 核心三宝书\MM怪物图鉴\第一章：怪物\G"
"0 核心三宝书\MM怪物图鉴\第一章：怪物\G\幽魂.htm","幽魂.htm",".htm","17396","0 核心三宝书\MM怪物图鉴\第一章：怪物\G"
"0 核心三宝书\MM怪物图鉴\第一章：怪物\G\惧噬体.htm","惧噬体.htm",".htm","13297","0 核心三宝书\MM怪物图鉴\第一章：怪物\G"
"0 核心三宝书\MM怪物图鉴\第一章：怪物\G\灰袋兽.htm","灰袋兽.htm",".htm","12020","0 核心三宝书\MM怪物图鉴\第一章：怪物\G"
"0 核心三宝书\MM怪物图鉴\第一章：怪物\G\狮鹫.htm","狮鹫.htm",".htm","11911","0 核心三宝书\MM怪物图鉴\第一章：怪物\G"
"0 核心三宝书\MM怪物图鉴\第一章：怪物\G\盖丁天族-狮鬃神侍.htm","盖丁天族-狮鬃神侍.htm",".htm","12705","0 核心三宝书\MM怪物图鉴\第一章：怪物\G"
"0 核心三宝书\MM怪物图鉴\第一章：怪物\G\盖丁天族.htm","盖丁天族.htm",".htm","13105","0 核心三宝书\MM怪物图鉴\第一章：怪物\G"
"0 核心三宝书\MM怪物图鉴\第一章：怪物\G\石像鬼.htm","石像鬼.htm",".htm","12634","0 核心三宝书\MM怪物图鉴\第一章：怪物\G"
"0 核心三宝书\MM怪物图鉴\第一章：怪物\G\石化牛.htm","石化牛.htm",".htm","11150","0 核心三宝书\MM怪物图鉴\第一章：怪物\G"
"0 核心三宝书\MM怪物图鉴\第一章：怪物\G\石盲蛮族.htm","石盲蛮族.htm",".htm","12779","0 核心三宝书\MM怪物图鉴\第一章：怪物\G"
"0 核心三宝书\MM怪物图鉴\第一章：怪物\G\石魔像-高等石魔像.htm","石魔像-高等石魔像.htm",".htm","10560","0 核心三宝书\MM怪物图鉴\第一章：怪物\G"
"0 核心三宝书\MM怪物图鉴\第一章：怪物\G\石魔像.htm","石魔像.htm",".htm","11234","0 核心三宝书\MM怪物图鉴\第一章：怪物\G"
"0 核心三宝书\MM怪物图鉴\第一章：怪物\G\穴居攫怪.htm","穴居攫怪.htm",".htm","11856","0 核心三宝书\MM怪物图鉴\第一章：怪物\G"
"0 核心三宝书\MM怪物图鉴\第一章：怪物\G\蕈.htm","蕈.htm",".htm","18935","0 核心三宝书\MM怪物图鉴\第一章：怪物\G"
"0 核心三宝书\MM怪物图鉴\第一章：怪物\G\豺狼人.htm","豺狼人.htm",".htm","13092","0 核心三宝书\MM怪物图鉴\第一章：怪物\G"
"0 核心三宝书\MM怪物图鉴\第一章：怪物\G\食尸鬼.htm","食尸鬼.htm",".htm","8026","0 核心三宝书\MM怪物图鉴\第一章：怪物\G"
"0 核心三宝书\MM怪物图鉴\第一章：怪物\G\巨人\云巨人.htm","云巨人.htm",".htm","12888","0 核心三宝书\MM怪物图鉴\第一章：怪物\G\巨人"
"0 核心三宝书\MM怪物图鉴\第一章：怪物\G\巨人\山丘巨人.htm","山丘巨人.htm",".htm","13252","0 核心三宝书\MM怪物图鉴\第一章：怪物\G\巨人"
"0 核心三宝书\MM怪物图鉴\第一章：怪物\G\巨人\巨人.htm","巨人.htm",".htm","7485","0 核心三宝书\MM怪物图鉴\第一章：怪物\G\巨人"
"0 核心三宝书\MM怪物图鉴\第一章：怪物\G\巨人\火巨人.htm","火巨人.htm",".htm","12322","0 核心三宝书\MM怪物图鉴\第一章：怪物\G\巨人"
"0 核心三宝书\MM怪物图鉴\第一章：怪物\G\巨人\石巨人.htm","石巨人.htm",".htm","14211","0 核心三宝书\MM怪物图鉴\第一章：怪物\G\巨人"
"0 核心三宝书\MM怪物图鉴\第一章：怪物\G\巨人\霜巨人.htm","霜巨人.htm",".htm","21727","0 核心三宝书\MM怪物图鉴\第一章：怪物\G\巨人"
"0 核心三宝书\MM怪物图鉴\第一章：怪物\G\巨人\风暴巨人.htm","风暴巨人.htm",".htm","13258","0 核心三宝书\MM怪物图鉴\第一章：怪物\G\巨人"
"0 核心三宝书\MM怪物图鉴\第一章：怪物\G\魔像\肉身魔像.htm","肉身魔像.htm",".htm","12364","0 核心三宝书\MM怪物图鉴\第一章：怪物\G\魔像"
"0 核心三宝书\MM怪物图鉴\第一章：怪物\G\魔像\铁魔像.htm","铁魔像.htm",".htm","12210","0 核心三宝书\MM怪物图鉴\第一章：怪物\G\魔像"
"0 核心三宝书\MM怪物图鉴\第一章：怪物\G\魔像\魔像.htm","魔像.htm",".htm","4383","0 核心三宝书\MM怪物图鉴\第一章：怪物\G\魔像"
"0 核心三宝书\MM怪物图鉴\第一章：怪物\G\魔像\黏土魔像.htm","黏土魔像.htm",".htm","12480","0 核心三宝书\MM怪物图鉴\第一章：怪物\G\魔像"
"0 核心三宝书\MM怪物图鉴\第一章：怪物\H\半天界生物.htm","半天界生物.htm",".htm","17009","0 核心三宝书\MM怪物图鉴\第一章：怪物\H"
"0 核心三宝书\MM怪物图鉴\第一章：怪物\H\半炼狱生物.htm","半炼狱生物.htm",".htm","17530","0 核心三宝书\MM怪物图鉴\第一章：怪物\H"
"0 核心三宝书\MM怪物图鉴\第一章：怪物\H\半身人-深半身人.htm","半身人-深半身人.htm",".htm","4206","0 核心三宝书\MM怪物图鉴\第一章：怪物\H"
"0 核心三宝书\MM怪物图鉴\第一章：怪物\H\半身人-高半身人.htm","半身人-高半身人.htm",".htm","3920","0 核心三宝书\MM怪物图鉴\第一章：怪物\H"
"0 核心三宝书\MM怪物图鉴\第一章：怪物\H\半身人.htm","半身人.htm",".htm","12817","0 核心三宝书\MM怪物图鉴\第一章：怪物\H"
"0 核心三宝书\MM怪物图鉴\第一章：怪物\H\半龙.htm","半龙.htm",".htm","15267","0 核心三宝书\MM怪物图鉴\第一章：怪物\H"
"0 核心三宝书\MM怪物图鉴\第一章：怪物\H\嚎兽.htm","嚎兽.htm",".htm","12300","0 核心三宝书\MM怪物图鉴\第一章：怪物\H"
"0 核心三宝书\MM怪物图鉴\第一章：怪物\H\地狱犬.htm","地狱犬.htm",".htm","7264","0 核心三宝书\MM怪物图鉴\第一章：怪物\H"
"0 核心三宝书\MM怪物图鉴\第一章：怪物\H\多头蛇蜥-多头寒蛇蜥.htm","多头蛇蜥-多头寒蛇蜥.htm",".htm","3970","0 核心三宝书\MM怪物图鉴\第一章：怪物\H"
"0 核心三宝书\MM怪物图鉴\第一章：怪物\H\多头蛇蜥-多头炎蛇蜥.htm","多头蛇蜥-多头炎蛇蜥.htm",".htm","3964","0 核心三宝书\MM怪物图鉴\第一章：怪物\H"
"0 核心三宝书\MM怪物图鉴\第一章：怪物\H\多头蛇蜥.htm","多头蛇蜥.htm",".htm","9204","0 核心三宝书\MM怪物图鉴\第一章：怪物\H"
"0 核心三宝书\MM怪物图鉴\第一章：怪物\H\大地精.htm","大地精.htm",".htm","13068","0 核心三宝书\MM怪物图鉴\第一章：怪物\H"
"0 核心三宝书\MM怪物图鉴\第一章：怪物\H\鬼婆.htm","鬼婆.htm",".htm","30297","0 核心三宝书\MM怪物图鉴\第一章：怪物\H"
"0 核心三宝书\MM怪物图鉴\第一章：怪物\H\魔造仆役.htm","魔造仆役.htm",".htm","11768","0 核心三宝书\MM怪物图鉴\第一章：怪物\H"
"0 核心三宝书\MM怪物图鉴\第一章：怪物\H\鸟妖.htm","鸟妖.htm",".htm","7523","0 核心三宝书\MM怪物图鉴\第一章：怪物\H"
"0 核心三宝书\MM怪物图鉴\第一章：怪物\H\鹫马.htm","鹫马.htm",".htm","11432","0 核心三宝书\MM怪物图鉴\第一章：怪物\H"
"0 核心三宝书\MM怪物图鉴\第一章：怪物\I\猎背信使-猎不义使.htm","猎背信使-猎不义使.htm",".htm","12097","0 核心三宝书\MM怪物图鉴\第一章：怪物\I"
"0 核心三宝书\MM怪物图鉴\第一章：怪物\I\猎背信使-猎偷生使.htm","猎背信使-猎偷生使.htm",".htm","12693","0 核心三宝书\MM怪物图鉴\第一章：怪物\I"
"0 核心三宝书\MM怪物图鉴\第一章：怪物\I\猎背信使.htm","猎背信使.htm",".htm","13660","0 核心三宝书\MM怪物图鉴\第一章：怪物\I"
"0 核心三宝书\MM怪物图鉴\第一章：怪物\I\隐形潜伏怪.htm","隐形潜伏怪.htm",".htm","11612","0 核心三宝书\MM怪物图鉴\第一章：怪物\I"
"0 核心三宝书\MM怪物图鉴\第一章：怪物\K\寇涛鱼人.htm","寇涛鱼人.htm",".htm","14344","0 核心三宝书\MM怪物图鉴\第一章：怪物\K"
"0 核心三宝书\MM怪物图鉴\第一章：怪物\K\深海乌贼.htm","深海乌贼.htm",".htm","12407","0 核心三宝书\MM怪物图鉴\第一章：怪物\K"
"0 核心三宝书\MM怪物图鉴\第一章：怪物\K\狗头人.htm","狗头人.htm",".htm","13007","0 核心三宝书\MM怪物图鉴\第一章：怪物\K"
"0 核心三宝书\MM怪物图鉴\第一章：怪物\K\骨面斑兽.htm","骨面斑兽.htm",".htm","11200","0 核心三宝书\MM怪物图鉴\第一章：怪物\K"
"0 核心三宝书\MM怪物图鉴\第一章：怪物\L\人身狮.htm","人身狮.htm",".htm","11510","0 核心三宝书\MM怪物图鉴\第一章：怪物\L"
"0 核心三宝书\MM怪物图鉴\第一章：怪物\L\兽化人-凶暴野猪巨人.htm","兽化人-凶暴野猪巨人.htm",".htm","11635","0 核心三宝书\MM怪物图鉴\第一章：怪物\L"
"0 核心三宝书\MM怪物图鉴\第一章：怪物\L\兽化人-熊人.htm","兽化人-熊人.htm",".htm","11740","0 核心三宝书\MM怪物图鉴\第一章：怪物\L"
"0 核心三宝书\MM怪物图鉴\第一章：怪物\L\兽化人-狼人.htm","兽化人-狼人.htm",".htm","11646","0 核心三宝书\MM怪物图鉴\第一章：怪物\L"
"0 核心三宝书\MM怪物图鉴\第一章：怪物\L\兽化人-狼人王.htm","兽化人-狼人王.htm",".htm","11909","0 核心三宝书\MM怪物图鉴\第一章：怪物\L"
"0 核心三宝书\MM怪物图鉴\第一章：怪物\L\兽化人-虎人.htm","兽化人-虎人.htm",".htm","11673","0 核心三宝书\MM怪物图鉴\第一章：怪物\L"
"0 核心三宝书\MM怪物图鉴\第一章：怪物\L\兽化人-野猪人.htm","兽化人-野猪人.htm",".htm","11256","0 核心三宝书\MM怪物图鉴\第一章：怪物\L"
"0 核心三宝书\MM怪物图鉴\第一章：怪物\L\兽化人-鼠人.htm","兽化人-鼠人.htm",".htm","11957","0 核心三宝书\MM怪物图鉴\第一章：怪物\L"
"0 核心三宝书\MM怪物图鉴\第一章：怪物\L\兽化人.htm","兽化人.htm",".htm","15386","0 核心三宝书\MM怪物图鉴\第一章：怪物\L"
"0 核心三宝书\MM怪物图鉴\第一章：怪物\L\巫妖.htm","巫妖.htm",".htm","16488","0 核心三宝书\MM怪物图鉴\第一章：怪物\L"
"0 核心三宝书\MM怪物图鉴\第一章：怪物\L\翼狮.htm","翼狮.htm",".htm","23099","0 核心三宝书\MM怪物图鉴\第一章：怪物\L"
"0 核心三宝书\MM怪物图鉴\第一章：怪物\L\翼蛇人.htm","翼蛇人.htm",".htm","12631","0 核心三宝书\MM怪物图鉴\第一章：怪物\L"
"0 核心三宝书\MM怪物图鉴\第一章：怪物\L\蜥人族.htm","蜥人族.htm",".htm","13363","0 核心三宝书\MM怪物图鉴\第一章：怪物\L"
"0 核心三宝书\MM怪物图鉴\第一章：怪物\M\人鱼族.htm","人鱼族.htm",".htm","12131","0 核心三宝书\MM怪物图鉴\第一章：怪物\M"
"0 核心三宝书\MM怪物图鉴\第一章：怪物\M\刺尾狮.htm","刺尾狮.htm",".htm","11177","0 核心三宝书\MM怪物图鉴\第一章：怪物\M"
"0 核心三宝书\MM怪物图鉴\第一章：怪物\M\夺心魔-夺心魔术士.htm","夺心魔-夺心魔术士.htm",".htm","11833","0 核心三宝书\MM怪物图鉴\第一章：怪物\M"
"0 核心三宝书\MM怪物图鉴\第一章：怪物\M\夺心魔.htm","夺心魔.htm",".htm","13712","0 核心三宝书\MM怪物图鉴\第一章：怪物\M"
"0 核心三宝书\MM怪物图鉴\第一章：怪物\M\拟身怪.htm","拟身怪.htm",".htm","11729","0 核心三宝书\MM怪物图鉴\第一章：怪物\M"
"0 核心三宝书\MM怪物图鉴\第一章：怪物\M\木乃伊-木乃伊王.htm","木乃伊-木乃伊王.htm",".htm","14193","0 核心三宝书\MM怪物图鉴\第一章：怪物\M"
"0 核心三宝书\MM怪物图鉴\第一章：怪物\M\木乃伊.htm","木乃伊.htm",".htm","12340","0 核心三宝书\MM怪物图鉴\第一章：怪物\M"
"0 核心三宝书\MM怪物图鉴\第一章：怪物\M\梅杜莎.htm","梅杜莎.htm",".htm","11586","0 核心三宝书\MM怪物图鉴\第一章：怪物\M"
"0 核心三宝书\MM怪物图鉴\第一章：怪物\M\火童.htm","火童.htm",".htm","11714","0 核心三宝书\MM怪物图鉴\第一章：怪物\M"
"0 核心三宝书\MM怪物图鉴\第一章：怪物\M\牛头人.htm","牛头人.htm",".htm","12139","0 核心三宝书\MM怪物图鉴\第一章：怪物\M"
"0 核心三宝书\MM怪物图鉴\第一章：怪物\M\魔蝠-土系魔蝠.htm","魔蝠-土系魔蝠.htm",".htm","19695","0 核心三宝书\MM怪物图鉴\第一章：怪物\M"
"0 核心三宝书\MM怪物图鉴\第一章：怪物\M\魔蝠-水系魔蝠.htm","魔蝠-水系魔蝠.htm",".htm","28391","0 核心三宝书\MM怪物图鉴\第一章：怪物\M"
"0 核心三宝书\MM怪物图鉴\第一章：怪物\M\魔蝠-火系魔蝠.htm","魔蝠-火系魔蝠.htm",".htm","28440","0 核心三宝书\MM怪物图鉴\第一章：怪物\M"
"0 核心三宝书\MM怪物图鉴\第一章：怪物\M\魔蝠.htm","魔蝠.htm",".htm","20830","0 核心三宝书\MM怪物图鉴\第一章：怪物\M"
"0 核心三宝书\MM怪物图鉴\第一章：怪物\N\夜影-伏行夜影.htm","夜影-伏行夜影.htm",".htm","12592","0 核心三宝书\MM怪物图鉴\第一章：怪物\N"
"0 核心三宝书\MM怪物图鉴\第一章：怪物\N\夜影-自走夜影.htm","夜影-自走夜影.htm",".htm","12855","0 核心三宝书\MM怪物图鉴\第一章：怪物\N"
"0 核心三宝书\MM怪物图鉴\第一章：怪物\N\夜影-飞翼夜影.htm","夜影-飞翼夜影.htm",".htm","11871","0 核心三宝书\MM怪物图鉴\第一章：怪物\N"
"0 核心三宝书\MM怪物图鉴\第一章：怪物\N\夜影.htm","夜影.htm",".htm","4139","0 核心三宝书\MM怪物图鉴\第一章：怪物\N"
"0 核心三宝书\MM怪物图鉴\第一章：怪物\N\梦魇-寇克马.htm","梦魇-寇克马.htm",".htm","13289","0 核心三宝书\MM怪物图鉴\第一章：怪物\N"
"0 核心三宝书\MM怪物图鉴\第一章：怪物\N\梦魇.htm","梦魇.htm",".htm","12154","0 核心三宝书\MM怪物图鉴\第一章：怪物\N"
"0 核心三宝书\MM怪物图鉴\第一章：怪物\N\水妖精.htm","水妖精.htm",".htm","12691","0 核心三宝书\MM怪物图鉴\第一章：怪物\N"
"0 核心三宝书\MM怪物图鉴\第一章：怪物\N\纳迦-巡守纳迦.htm","纳迦-巡守纳迦.htm",".htm","11738","0 核心三宝书\MM怪物图鉴\第一章：怪物\N"
"0 核心三宝书\MM怪物图鉴\第一章：怪物\N\纳迦-幽魂纳迦.htm","纳迦-幽魂纳迦.htm",".htm","11896","0 核心三宝书\MM怪物图鉴\第一章：怪物\N"
"0 核心三宝书\MM怪物图鉴\第一章：怪物\N\纳迦-暗纳迦.htm","纳迦-暗纳迦.htm",".htm","11687","0 核心三宝书\MM怪物图鉴\第一章：怪物\N"
"0 核心三宝书\MM怪物图鉴\第一章：怪物\N\纳迦-水纳迦.htm","纳迦-水纳迦.htm",".htm","11345","0 核心三宝书\MM怪物图鉴\第一章：怪物\N"
"0 核心三宝书\MM怪物图鉴\第一章：怪物\N\纳迦.htm","纳迦.htm",".htm","3479","0 核心三宝书\MM怪物图鉴\第一章：怪物\N"
"0 核心三宝书\MM怪物图鉴\第一章：怪物\N\老鬼婆.htm","老鬼婆.htm",".htm","12402","0 核心三宝书\MM怪物图鉴\第一章：怪物\N"
"0 核心三宝书\MM怪物图鉴\第一章：怪物\O\兽人-半兽人.htm","兽人-半兽人.htm",".htm","3814","0 核心三宝书\MM怪物图鉴\第一章：怪物\O"
"0 核心三宝书\MM怪物图鉴\第一章：怪物\O\兽人.htm","兽人.htm",".htm","12919","0 核心三宝书\MM怪物图鉴\第一章：怪物\O"
"0 核心三宝书\MM怪物图鉴\第一章：怪物\O\巨枭.htm","巨枭.htm",".htm","11644","0 核心三宝书\MM怪物图鉴\第一章：怪物\O"
"0 核心三宝书\MM怪物图鉴\第一章：怪物\O\枭头熊.htm","枭头熊.htm",".htm","11341","0 核心三宝书\MM怪物图鉴\第一章：怪物\O"
"0 核心三宝书\MM怪物图鉴\第一章：怪物\O\泥形怪-灰泥怪.htm","泥形怪-灰泥怪.htm",".htm","11130","0 核心三宝书\MM怪物图鉴\第一章：怪物\O"
"0 核心三宝书\MM怪物图鉴\第一章：怪物\O\泥形怪-胶质怪.htm","泥形怪-胶质怪.htm",".htm","11231","0 核心三宝书\MM怪物图鉴\第一章：怪物\O"
"0 核心三宝书\MM怪物图鉴\第一章：怪物\O\泥形怪-赭冻怪.htm","泥形怪-赭冻怪.htm",".htm","10951","0 核心三宝书\MM怪物图鉴\第一章：怪物\O"
"0 核心三宝书\MM怪物图鉴\第一章：怪物\O\泥形怪-黑布丁怪.htm","泥形怪-黑布丁怪.htm",".htm","11276","0 核心三宝书\MM怪物图鉴\第一章：怪物\O"
"0 核心三宝书\MM怪物图鉴\第一章：怪物\O\泥形怪-黑布丁怪长老.htm","泥形怪-黑布丁怪长老.htm",".htm","10103","0 核心三宝书\MM怪物图鉴\第一章：怪物\O"
"0 核心三宝书\MM怪物图鉴\第一章：怪物\O\泥形怪.htm","泥形怪.htm",".htm","3614","0 核心三宝书\MM怪物图鉴\第一章：怪物\O"
"0 核心三宝书\MM怪物图鉴\第一章：怪物\O\食人魔-数据对比.htm","食人魔-数据对比.htm",".htm","5581","0 核心三宝书\MM怪物图鉴\第一章：怪物\O"
"0 核心三宝书\MM怪物图鉴\第一章：怪物\O\食人魔-食人魔野蛮人.htm","食人魔-食人魔野蛮人.htm",".htm","4385","0 核心三宝书\MM怪物图鉴\第一章：怪物\O"
"0 核心三宝书\MM怪物图鉴\第一章：怪物\O\食人魔.htm","食人魔.htm",".htm","12805","0 核心三宝书\MM怪物图鉴\第一章：怪物\O"
"0 核心三宝书\MM怪物图鉴\第一章：怪物\O\食人魔巫师.htm","食人魔巫师.htm",".htm","12784","0 核心三宝书\MM怪物图鉴\第一章：怪物\O"
"0 核心三宝书\MM怪物图鉴\第一章：怪物\O\食腐兽.htm","食腐兽.htm",".htm","11672","0 核心三宝书\MM怪物图鉴\第一章：怪物\O"
"0 核心三宝书\MM怪物图鉴\第一章：怪物\P\伪龙.htm","伪龙.htm",".htm","12069","0 核心三宝书\MM怪物图鉴\第一章：怪物\P"
"0 核心三宝书\MM怪物图鉴\第一章：怪物\P\原变体.htm","原变体.htm",".htm","11932","0 核心三宝书\MM怪物图鉴\第一章：怪物\P"
"0 核心三宝书\MM怪物图鉴\第一章：怪物\P\神魔裔.htm","神魔裔.htm",".htm","21294","0 核心三宝书\MM怪物图鉴\第一章：怪物\P"
"0 核心三宝书\MM怪物图鉴\第一章：怪物\P\紫虫.htm","紫虫.htm",".htm","11876","0 核心三宝书\MM怪物图鉴\第一章：怪物\P"
"0 核心三宝书\MM怪物图鉴\第一章：怪物\P\邪兽鬼.htm","邪兽鬼.htm",".htm","13081","0 核心三宝书\MM怪物图鉴\第一章：怪物\P"
"0 核心三宝书\MM怪物图鉴\第一章：怪物\P\魅影蕈.htm","魅影蕈.htm",".htm","10995","0 核心三宝书\MM怪物图鉴\第一章：怪物\P"
"0 核心三宝书\MM怪物图鉴\第一章：怪物\R\树绳妖.htm","树绳妖.htm",".htm","11973","0 核心三宝书\MM怪物图鉴\第一章：怪物\R"
"0 核心三宝书\MM怪物图鉴\第一章：怪物\R\火螨.htm","火螨.htm",".htm","11176","0 核心三宝书\MM怪物图鉴\第一章：怪物\R"
"0 核心三宝书\MM怪物图鉴\第一章：怪物\R\独爪蜃.htm","独爪蜃.htm",".htm","11500","0 核心三宝书\MM怪物图鉴\第一章：怪物\R"
"0 核心三宝书\MM怪物图鉴\第一章：怪物\R\百足魔兽.htm","百足魔兽.htm",".htm","11683","0 核心三宝书\MM怪物图鉴\第一章：怪物\R"
"0 核心三宝书\MM怪物图鉴\第一章：怪物\R\锈蚀怪.htm","锈蚀怪.htm",".htm","11556","0 核心三宝书\MM怪物图鉴\第一章：怪物\R"
"0 核心三宝书\MM怪物图鉴\第一章：怪物\R\鹏鸟.htm","鹏鸟.htm",".htm","10737","0 核心三宝书\MM怪物图鉴\第一章：怪物\R"
"0 核心三宝书\MM怪物图鉴\第一章：怪物\S\半羊人.htm","半羊人.htm",".htm","12670","0 核心三宝书\MM怪物图鉴\第一章：怪物\S"
"0 核心三宝书\MM怪物图鉴\第一章：怪物\S\小妖精.htm","小妖精.htm",".htm","31367","0 核心三宝书\MM怪物图鉴\第一章：怪物\S"
"0 核心三宝书\MM怪物图鉴\第一章：怪物\S\幽影.htm","幽影.htm",".htm","20493","0 核心三宝书\MM怪物图鉴\第一章：怪物\S"
"0 核心三宝书\MM怪物图鉴\第一章：怪物\S\幽影獒犬.htm","幽影獒犬.htm",".htm","11600","0 核心三宝书\MM怪物图鉴\第一章：怪物\S"
"0 核心三宝书\MM怪物图鉴\第一章：怪物\S\幽灵.htm","幽灵.htm",".htm","11238","0 核心三宝书\MM怪物图鉴\第一章：怪物\S"
"0 核心三宝书\MM怪物图鉴\第一章：怪物\S\沙华鱼人-玛兰缇.htm","沙华鱼人-玛兰缇.htm",".htm","3591","0 核心三宝书\MM怪物图鉴\第一章：怪物\S"
"0 核心三宝书\MM怪物图鉴\第一章：怪物\S\沙华鱼人.htm","沙华鱼人.htm",".htm","14508","0 核心三宝书\MM怪物图鉴\第一章：怪物\S"
"0 核心三宝书\MM怪物图鉴\第一章：怪物\S\海猫.htm","海猫.htm",".htm","11410","0 核心三宝书\MM怪物图鉴\第一章：怪物\S"
"0 核心三宝书\MM怪物图鉴\第一章：怪物\S\火蜥蜴.htm","火蜥蜴.htm",".htm","9207","0 核心三宝书\MM怪物图鉴\第一章：怪物\S"
"0 核心三宝书\MM怪物图鉴\第一章：怪物\S\生物群-地狱胡蜂群.htm","生物群-地狱胡蜂群.htm",".htm","12664","0 核心三宝书\MM怪物图鉴\第一章：怪物\S"
"0 核心三宝书\MM怪物图鉴\第一章：怪物\S\生物群-蜈蚣群.htm","生物群-蜈蚣群.htm",".htm","11131","0 核心三宝书\MM怪物图鉴\第一章：怪物\S"
"0 核心三宝书\MM怪物图鉴\第一章：怪物\S\生物群-蜘蛛群.htm","生物群-蜘蛛群.htm",".htm","10784","0 核心三宝书\MM怪物图鉴\第一章：怪物\S"
"0 核心三宝书\MM怪物图鉴\第一章：怪物\S\生物群-蝗虫群.htm","生物群-蝗虫群.htm",".htm","10802","0 核心三宝书\MM怪物图鉴\第一章：怪物\S"
"0 核心三宝书\MM怪物图鉴\第一章：怪物\S\生物群-蝙蝠群.htm","生物群-蝙蝠群.htm",".htm","11279","0 核心三宝书\MM怪物图鉴\第一章：怪物\S"
"0 核心三宝书\MM怪物图鉴\第一章：怪物\S\生物群-鼠群.htm","生物群-鼠群.htm",".htm","11471","0 核心三宝书\MM怪物图鉴\第一章：怪物\S"
"0 核心三宝书\MM怪物图鉴\第一章：怪物\S\生物群.htm","生物群.htm",".htm","5197","0 核心三宝书\MM怪物图鉴\第一章：怪物\S"
"0 核心三宝书\MM怪物图鉴\第一章：怪物\S\电蜥蜴.htm","电蜥蜴.htm",".htm","12202","0 核心三宝书\MM怪物图鉴\第一章：怪物\S"
"0 核心三宝书\MM怪物图鉴\第一章：怪物\S\盾卫.htm","盾卫.htm",".htm","11940","0 核心三宝书\MM怪物图鉴\第一章：怪物\S"
"0 核心三宝书\MM怪物图鉴\第一章：怪物\S\翔狮兽.htm","翔狮兽.htm",".htm","36403","0 核心三宝书\MM怪物图鉴\第一章：怪物\S"
"0 核心三宝书\MM怪物图鉴\第一章：怪物\S\蔓生怪.htm","蔓生怪.htm",".htm","11557","0 核心三宝书\MM怪物图鉴\第一章：怪物\S"
"0 核心三宝书\MM怪物图鉴\第一章：怪物\S\蚊蝠.htm","蚊蝠.htm",".htm","11476","0 核心三宝书\MM怪物图鉴\第一章：怪物\S"
"0 核心三宝书\MM怪物图鉴\第一章：怪物\S\食蛛兽.htm","食蛛兽.htm",".htm","11964","0 核心三宝书\MM怪物图鉴\第一章：怪物\S"
"0 核心三宝书\MM怪物图鉴\第一章：怪物\S\骷髅.htm","骷髅.htm",".htm","18174","0 核心三宝书\MM怪物图鉴\第一章：怪物\S"
"0 核心三宝书\MM怪物图鉴\第一章：怪物\S\鱼魔怪.htm","鱼魔怪.htm",".htm","10977","0 核心三宝书\MM怪物图鉴\第一章：怪物\S"
"0 核心三宝书\MM怪物图鉴\第一章：怪物\T\土蛴虫.htm","土蛴虫.htm",".htm","11313","0 核心三宝书\MM怪物图鉴\第一章：怪物\T"
"0 核心三宝书\MM怪物图鉴\第一章：怪物\T\巨魔.htm","巨魔.htm",".htm","6376","0 核心三宝书\MM怪物图鉴\第一章：怪物\T"
"0 核心三宝书\MM怪物图鉴\第一章：怪物\T\战蜥人.htm","战蜥人.htm",".htm","13529","0 核心三宝书\MM怪物图鉴\第一章：怪物\T"
"0 核心三宝书\MM怪物图鉴\第一章：怪物\T\树人.htm","树人.htm",".htm","12079","0 核心三宝书\MM怪物图鉴\第一章：怪物\T"
"0 核心三宝书\MM怪物图鉴\第一章：怪物\T\梭螺鱼人.htm","梭螺鱼人.htm",".htm","12142","0 核心三宝书\MM怪物图鉴\第一章：怪物\T"
"0 核心三宝书\MM怪物图鉴\第一章：怪物\T\泰坦.htm","泰坦.htm",".htm","13566","0 核心三宝书\MM怪物图鉴\第一章：怪物\T"
"0 核心三宝书\MM怪物图鉴\第一章：怪物\T\泰拉斯奎巨兽.htm","泰拉斯奎巨兽.htm",".htm","13765","0 核心三宝书\MM怪物图鉴\第一章：怪物\T"
"0 核心三宝书\MM怪物图鉴\第一章：怪物\T\突蟹龟.htm","突蟹龟.htm",".htm","8636","0 核心三宝书\MM怪物图鉴\第一章：怪物\T"
"0 核心三宝书\MM怪物图鉴\第一章：怪物\T\触手魔藤.htm","触手魔藤.htm",".htm","12268","0 核心三宝书\MM怪物图鉴\第一章：怪物\T"
"0 核心三宝书\MM怪物图鉴\第一章：怪物\U\土巨怪.htm","土巨怪.htm",".htm","20250","0 核心三宝书\MM怪物图鉴\第一章：怪物\U"
"0 核心三宝书\MM怪物图鉴\第一章：怪物\U\独角兽.htm","独角兽.htm",".htm","22338","0 核心三宝书\MM怪物图鉴\第一章：怪物\U"
"0 核心三宝书\MM怪物图鉴\第一章：怪物\V\吸血衍体.htm","吸血衍体.htm",".htm","22230","0 核心三宝书\MM怪物图鉴\第一章：怪物\V"
"0 核心三宝书\MM怪物图鉴\第一章：怪物\V\吸血鬼.htm","吸血鬼.htm",".htm","32288","0 核心三宝书\MM怪物图鉴\第一章：怪物\V"
"0 核心三宝书\MM怪物图鉴\第一章：怪物\W\冬狼.htm","冬狼.htm",".htm","11906","0 核心三宝书\MM怪物图鉴\第一章：怪物\W"
"0 核心三宝书\MM怪物图鉴\第一章：怪物\W\尸妖.htm","尸妖.htm",".htm","11375","0 核心三宝书\MM怪物图鉴\第一章：怪物\W"
"0 核心三宝书\MM怪物图鉴\第一章：怪物\W\座狼.htm","座狼.htm",".htm","11284","0 核心三宝书\MM怪物图鉴\第一章：怪物\W"
"0 核心三宝书\MM怪物图鉴\第一章：怪物\W\缚灵-惧栗缚灵.htm","缚灵-惧栗缚灵.htm",".htm","11709","0 核心三宝书\MM怪物图鉴\第一章：怪物\W"
"0 核心三宝书\MM怪物图鉴\第一章：怪物\W\缚灵.htm","缚灵.htm",".htm","11997","0 核心三宝书\MM怪物图鉴\第一章：怪物\W"
"0 核心三宝书\MM怪物图鉴\第一章：怪物\W\翼龙.htm","翼龙.htm",".htm","11298","0 核心三宝书\MM怪物图鉴\第一章：怪物\W"
"0 核心三宝书\MM怪物图鉴\第一章：怪物\W\鬼火.htm","鬼火.htm",".htm","10946","0 核心三宝书\MM怪物图鉴\第一章：怪物\W"
"0 核心三宝书\MM怪物图鉴\第一章：怪物\X\索尔石怪（石鼎兽）.htm","索尔石怪（石鼎兽）.htm",".htm","11882","0 核心三宝书\MM怪物图鉴\第一章：怪物\X"
"0 核心三宝书\MM怪物图鉴\第一章：怪物\X\锡尔族.htm","锡尔族.htm",".htm","9538","0 核心三宝书\MM怪物图鉴\第一章：怪物\X"
"0 核心三宝书\MM怪物图鉴\第一章：怪物\Y\夜嘶猎犬.htm","夜嘶猎犬.htm",".htm","8003","0 核心三宝书\MM怪物图鉴\第一章：怪物\Y"
"0 核心三宝书\MM怪物图鉴\第一章：怪物\Y\蛇人族.htm","蛇人族.htm",".htm","22349","0 核心三宝书\MM怪物图鉴\第一章：怪物\Y"
"0 核心三宝书\MM怪物图鉴\第一章：怪物\Y\角翼魔兽.htm","角翼魔兽.htm",".htm","8708","0 核心三宝书\MM怪物图鉴\第一章：怪物\Y"
"0 核心三宝书\MM怪物图鉴\第一章：怪物\Z\僵尸.htm","僵尸.htm",".htm","13843","0 核心三宝书\MM怪物图鉴\第一章：怪物\Z"
"0 核心三宝书\MM怪物图鉴\第七章：名词解释\亚空亚种.htm","亚空亚种.htm",".htm","3406","0 核心三宝书\MM怪物图鉴\第七章：名词解释"
"0 核心三宝书\MM怪物图鉴\第七章：名词解释\人形生物.htm","人形生物.htm",".htm","2646","0 核心三宝书\MM怪物图鉴\第七章：名词解释"
"0 核心三宝书\MM怪物图鉴\第七章：名词解释\伤害减免.htm","伤害减免.htm",".htm","2700","0 核心三宝书\MM怪物图鉴\第七章：名词解释"
"0 核心三宝书\MM怪物图鉴\第七章：名词解释\体型.htm","体型.htm",".htm","2580","0 核心三宝书\MM怪物图鉴\第七章：名词解释"
"0 核心三宝书\MM怪物图鉴\第七章：名词解释\元素生物.htm","元素生物.htm",".htm","3498","0 核心三宝书\MM怪物图鉴\第七章：名词解释"
"0 核心三宝书\MM怪物图鉴\第七章：名词解释\再生.htm","再生.htm",".htm","2840","0 核心三宝书\MM怪物图鉴\第七章：名词解释"
"0 核心三宝书\MM怪物图鉴\第七章：名词解释\动物类.htm","动物类.htm",".htm","3749","0 核心三宝书\MM怪物图鉴\第七章：名词解释"
"0 核心三宝书\MM怪物图鉴\第七章：名词解释\原生亚种.htm","原生亚种.htm",".htm","2628","0 核心三宝书\MM怪物图鉴\第七章：名词解释"
"0 核心三宝书\MM怪物图鉴\第七章：名词解释\变形亚种.htm","变形亚种.htm",".htm","2963","0 核心三宝书\MM怪物图鉴\第七章：名词解释"
"0 核心三宝书\MM怪物图鉴\第七章：名词解释\名词解释续.htm","名词解释续.htm",".htm","9748","0 核心三宝书\MM怪物图鉴\第七章：名词解释"
"0 核心三宝书\MM怪物图鉴\第七章：名词解释\吸能.htm","吸能.htm",".htm","2636","0 核心三宝书\MM怪物图鉴\第七章：名词解释"
"0 核心三宝书\MM怪物图鉴\第七章：名词解释\善良亚种.htm","善良亚种.htm",".htm","2724","0 核心三宝书\MM怪物图鉴\第七章：名词解释"
"0 核心三宝书\MM怪物图鉴\第七章：名词解释\土系亚种.htm","土系亚种.htm",".htm","2522","0 核心三宝书\MM怪物图鉴\第七章：名词解释"
"0 核心三宝书\MM怪物图鉴\第七章：名词解释\地精亚种.htm","地精亚种.htm",".htm","2488","0 核心三宝书\MM怪物图鉴\第七章：名词解释"
"0 核心三宝书\MM怪物图鉴\第七章：名词解释\外界亚种.htm","外界亚种.htm",".htm","2802","0 核心三宝书\MM怪物图鉴\第七章：名词解释"
"0 核心三宝书\MM怪物图鉴\第七章：名词解释\天使亚种.htm","天使亚种.htm",".htm","3246","0 核心三宝书\MM怪物图鉴\第七章：名词解释"
"0 核心三宝书\MM怪物图鉴\第七章：名词解释\天然武器.htm","天然武器.htm",".htm","2742","0 核心三宝书\MM怪物图鉴\第七章：名词解释"
"0 核心三宝书\MM怪物图鉴\第七章：名词解释\威势.htm","威势.htm",".htm","2692","0 核心三宝书\MM怪物图鉴\第七章：名词解释"
"0 核心三宝书\MM怪物图鉴\第七章：名词解释\守序亚种.htm","守序亚种.htm",".htm","2682","0 核心三宝书\MM怪物图鉴\第七章：名词解释"
"0 核心三宝书\MM怪物图鉴\第七章：名词解释\寒系亚种.htm","寒系亚种.htm",".htm","2513","0 核心三宝书\MM怪物图鉴\第七章：名词解释"
"0 核心三宝书\MM怪物图鉴\第七章：名词解释\射线.htm","射线.htm",".htm","2580","0 核心三宝书\MM怪物图鉴\第七章：名词解释"
"0 核心三宝书\MM怪物图鉴\第七章：名词解释\属性值减少.htm","属性值减少.htm",".htm","2648","0 核心三宝书\MM怪物图鉴\第七章：名词解释"
"0 核心三宝书\MM怪物图鉴\第七章：名词解释\属性吸取.htm","属性吸取.htm",".htm","2752","0 核心三宝书\MM怪物图鉴\第七章：名词解释"
"0 核心三宝书\MM怪物图鉴\第七章：名词解释\巨人.htm","巨人.htm",".htm","2965","0 核心三宝书\MM怪物图鉴\第七章：名词解释"
"0 核心三宝书\MM怪物图鉴\第七章：名词解释\异怪类.htm","异怪类.htm",".htm","5009","0 核心三宝书\MM怪物图鉴\第七章：名词解释"
"0 核心三宝书\MM怪物图鉴\第七章：名词解释\异界生物.htm","异界生物.htm",".htm","3123","0 核心三宝书\MM怪物图鉴\第七章：名词解释"
"0 核心三宝书\MM怪物图鉴\第七章：名词解释\强力亚种.htm","强力亚种.htm",".htm","3233","0 核心三宝书\MM怪物图鉴\第七章：名词解释"
"0 核心三宝书\MM怪物图鉴\第七章：名词解释\强力冲刺.htm","强力冲刺.htm",".htm","2528","0 核心三宝书\MM怪物图鉴\第七章：名词解释"
"0 核心三宝书\MM怪物图鉴\第七章：名词解释\快速医疗.htm","快速医疗.htm",".htm","2790","0 核心三宝书\MM怪物图鉴\第七章：名词解释"
"0 核心三宝书\MM怪物图鉴\第七章：名词解释\恐惧.htm","恐惧.htm",".htm","2585","0 核心三宝书\MM怪物图鉴\第七章：名词解释"
"0 核心三宝书\MM怪物图鉴\第七章：名词解释\掘穴.htm","掘穴.htm",".htm","2640","0 核心三宝书\MM怪物图鉴\第七章：名词解释"
"0 核心三宝书\MM怪物图鉴\第七章：名词解释\攀爬.htm","攀爬.htm",".htm","2569","0 核心三宝书\MM怪物图鉴\第七章：名词解释"
"0 核心三宝书\MM怪物图鉴\第七章：名词解释\无属性.htm","无属性.htm",".htm","2737","0 核心三宝书\MM怪物图鉴\第七章：名词解释"
"0 核心三宝书\MM怪物图鉴\第七章：名词解释\昏暗视觉.htm","昏暗视觉.htm",".htm","2524","0 核心三宝书\MM怪物图鉴\第七章：名词解释"
"0 核心三宝书\MM怪物图鉴\第七章：名词解释\有效人物等级.htm","有效人物等级.htm",".htm","2692","0 核心三宝书\MM怪物图鉴\第七章：名词解释"
"0 核心三宝书\MM怪物图鉴\第七章：名词解释\构装生物.htm","构装生物.htm",".htm","4031","0 核心三宝书\MM怪物图鉴\第七章：名词解释"
"0 核心三宝书\MM怪物图鉴\第七章：名词解释\植物类.htm","植物类.htm",".htm","3850","0 核心三宝书\MM怪物图鉴\第七章：名词解释"
"0 核心三宝书\MM怪物图鉴\第七章：名词解释\毒素.htm","毒素.htm",".htm","2704","0 核心三宝书\MM怪物图鉴\第七章：名词解释"
"0 核心三宝书\MM怪物图鉴\第七章：名词解释\水栖亚种.htm","水栖亚种.htm",".htm","2546","0 核心三宝书\MM怪物图鉴\第七章：名词解释"
"0 核心三宝书\MM怪物图鉴\第七章：名词解释\泥形生物.htm","泥形生物.htm",".htm","3213","0 核心三宝书\MM怪物图鉴\第七章：名词解释"
"0 核心三宝书\MM怪物图鉴\第七章：名词解释\混乱亚种.htm","混乱亚种.htm",".htm","2756","0 核心三宝书\MM怪物图鉴\第七章：名词解释"
"0 核心三宝书\MM怪物图鉴\第七章：名词解释\火系亚种.htm","火系亚种.htm",".htm","2513","0 核心三宝书\MM怪物图鉴\第七章：名词解释"
"0 核心三宝书\MM怪物图鉴\第七章：名词解释\灵敏嗅觉.htm","灵敏嗅觉.htm",".htm","2690","0 核心三宝书\MM怪物图鉴\第七章：名词解释"
"0 核心三宝书\MM怪物图鉴\第七章：名词解释\灵能.htm","灵能.htm",".htm","2438","0 核心三宝书\MM怪物图鉴\第七章：名词解释"
"0 核心三宝书\MM怪物图鉴\第七章：名词解释\爬行亚种.htm","爬行亚种.htm",".htm","2538","0 核心三宝书\MM怪物图鉴\第七章：名词解释"
"0 核心三宝书\MM怪物图鉴\第七章：名词解释\爱拉亚种.htm","爱拉亚种.htm",".htm","3177","0 核心三宝书\MM怪物图鉴\第七章：名词解释"
"0 核心三宝书\MM怪物图鉴\第七章：名词解释\猛扑.htm","猛扑.htm",".htm","2456","0 核心三宝书\MM怪物图鉴\第七章：名词解释"
"0 核心三宝书\MM怪物图鉴\第七章：名词解释\环境.htm","环境.htm",".htm","2630","0 核心三宝书\MM怪物图鉴\第七章：名词解释"
"0 核心三宝书\MM怪物图鉴\第七章：名词解释\盖丁亚种.htm","盖丁亚种.htm",".htm","3175","0 核心三宝书\MM怪物图鉴\第七章：名词解释"
"0 核心三宝书\MM怪物图鉴\第七章：名词解释\种族生命骰.htm","种族生命骰.htm",".htm","2629","0 核心三宝书\MM怪物图鉴\第七章：名词解释"
"0 核心三宝书\MM怪物图鉴\第七章：名词解释\等级修正值.htm","等级修正值.htm",".htm","2745","0 核心三宝书\MM怪物图鉴\第七章：名词解释"
"0 核心三宝书\MM怪物图鉴\第七章：名词解释\精类生物.htm","精类生物.htm",".htm","3661","0 核心三宝书\MM怪物图鉴\第七章：名词解释"
"0 核心三宝书\MM怪物图鉴\第七章：名词解释\精通攫抓.htm","精通攫抓.htm",".htm","2853","0 核心三宝书\MM怪物图鉴\第七章：名词解释"
"0 核心三宝书\MM怪物图鉴\第七章：名词解释\紧勒.htm","紧勒.htm",".htm","2567","0 核心三宝书\MM怪物图鉴\第七章：名词解释"
"0 核心三宝书\MM怪物图鉴\第七章：名词解释\耙抓.htm","耙抓.htm",".htm","2660","0 核心三宝书\MM怪物图鉴\第七章：名词解释"
"0 核心三宝书\MM怪物图鉴\第七章：名词解释\能量抗力.htm","能量抗力.htm",".htm","2624","0 核心三宝书\MM怪物图鉴\第七章：名词解释"
"0 核心三宝书\MM怪物图鉴\第七章：名词解释\虚体亚种.htm","虚体亚种.htm",".htm","2743","0 核心三宝书\MM怪物图鉴\第七章：名词解释"
"0 核心三宝书\MM怪物图鉴\第七章：名词解释\邪恶亚种.htm","邪恶亚种.htm",".htm","2774","0 核心三宝书\MM怪物图鉴\第七章：名词解释"
"0 核心三宝书\MM怪物图鉴\第七章：名词解释\飞行.htm","飞行.htm",".htm","2592","0 核心三宝书\MM怪物图鉴\第七章：名词解释"
"0 核心三宝书\MM怪物图鉴\第七章：名词解释\魔法兽类.htm","魔法兽类.htm",".htm","3557","0 核心三宝书\MM怪物图鉴\第七章：名词解释"
"0 核心三宝书\MM怪物图鉴\第七章：名词解释\麻痹.htm","麻痹.htm",".htm","2716","0 核心三宝书\MM怪物图鉴\第七章：名词解释"
"0 核心三宝书\MM怪物图鉴\第七章：名词解释\龙类生物.htm","龙类生物.htm",".htm","3443","0 核心三宝书\MM怪物图鉴\第七章：名词解释"
"0 核心三宝书\MM怪物图鉴\第三章：虫类生物\变种蜈蚣.htm","变种蜈蚣.htm",".htm","6244","0 核心三宝书\MM怪物图鉴\第三章：虫类生物"
"0 核心三宝书\MM怪物图鉴\第三章：虫类生物\变种蜘蛛.htm","变种蜘蛛.htm",".htm","7946","0 核心三宝书\MM怪物图鉴\第三章：虫类生物"
"0 核心三宝书\MM怪物图鉴\第三章：虫类生物\变种蝎.htm","变种蝎.htm",".htm","5865","0 核心三宝书\MM怪物图鉴\第三章：虫类生物"
"0 核心三宝书\MM怪物图鉴\第三章：虫类生物\巨投弹甲虫.htm","巨投弹甲虫.htm",".htm","5121","0 核心三宝书\MM怪物图鉴\第三章：虫类生物"
"0 核心三宝书\MM怪物图鉴\第三章：虫类生物\巨火甲虫.htm","巨火甲虫.htm",".htm","5004","0 核心三宝书\MM怪物图鉴\第三章：虫类生物"
"0 核心三宝书\MM怪物图鉴\第三章：虫类生物\巨胡蜂.htm","巨胡蜂.htm",".htm","5318","0 核心三宝书\MM怪物图鉴\第三章：虫类生物"
"0 核心三宝书\MM怪物图鉴\第三章：虫类生物\巨蚁.htm","巨蚁.htm",".htm","6757","0 核心三宝书\MM怪物图鉴\第三章：虫类生物"
"0 核心三宝书\MM怪物图鉴\第三章：虫类生物\巨蜂.htm","巨蜂.htm",".htm","5121","0 核心三宝书\MM怪物图鉴\第三章：虫类生物"
"0 核心三宝书\MM怪物图鉴\第三章：虫类生物\巨螳螂.htm","巨螳螂.htm",".htm","5253","0 核心三宝书\MM怪物图鉴\第三章：虫类生物"
"0 核心三宝书\MM怪物图鉴\第三章：虫类生物\巨锹甲虫.htm","巨锹甲虫.htm",".htm","5123","0 核心三宝书\MM怪物图鉴\第三章：虫类生物"
"0 核心三宝书\MM怪物图鉴\第三章：虫类生物\虫类生物.htm","虫类生物.htm",".htm","3547","0 核心三宝书\MM怪物图鉴\第三章：虫类生物"
"0 核心三宝书\MM怪物图鉴\第二章：动物\动物图鉴剩余部分.htm","动物图鉴剩余部分.htm",".htm","60486","0 核心三宝书\MM怪物图鉴\第二章：动物"
"0 核心三宝书\MM怪物图鉴\第二章：动物\巨鳄.htm","巨鳄.htm",".htm","4597","0 核心三宝书\MM怪物图鉴\第二章：动物"
"0 核心三宝书\MM怪物图鉴\第二章：动物\极地熊.htm","极地熊.htm",".htm","4728","0 核心三宝书\MM怪物图鉴\第二章：动物"
"0 核心三宝书\MM怪物图鉴\第二章：动物\棕熊.htm","棕熊.htm",".htm","4582","0 核心三宝书\MM怪物图鉴\第二章：动物"
"0 核心三宝书\MM怪物图鉴\第二章：动物\毒蛇.htm","毒蛇.htm",".htm","12025","0 核心三宝书\MM怪物图鉴\第二章：动物"
"0 核心三宝书\MM怪物图鉴\第二章：动物\犬.htm","犬.htm",".htm","4493","0 核心三宝书\MM怪物图鉴\第二章：动物"
"0 核心三宝书\MM怪物图鉴\第二章：动物\狒狒.htm","狒狒.htm",".htm","4500","0 核心三宝书\MM怪物图鉴\第二章：动物"
"0 核心三宝书\MM怪物图鉴\第二章：动物\猎豹.htm","猎豹.htm",".htm","4667","0 核心三宝书\MM怪物图鉴\第二章：动物"
"0 核心三宝书\MM怪物图鉴\第二章：动物\猫.htm","猫.htm",".htm","4592","0 核心三宝书\MM怪物图鉴\第二章：动物"
"0 核心三宝书\MM怪物图鉴\第二章：动物\猿.htm","猿.htm",".htm","4540","0 核心三宝书\MM怪物图鉴\第二章：动物"
"0 核心三宝书\MM怪物图鉴\第二章：动物\獾.htm","獾.htm",".htm","4618","0 核心三宝书\MM怪物图鉴\第二章：动物"
"0 核心三宝书\MM怪物图鉴\第二章：动物\第二章动物.htm","第二章动物.htm",".htm","4317","0 核心三宝书\MM怪物图鉴\第二章：动物"
"0 核心三宝书\MM怪物图鉴\第二章：动物\蝙蝠.htm","蝙蝠.htm",".htm","4327","0 核心三宝书\MM怪物图鉴\第二章：动物"
"0 核心三宝书\MM怪物图鉴\第二章：动物\野牛.htm","野牛.htm",".htm","4384","0 核心三宝书\MM怪物图鉴\第二章：动物"
"0 核心三宝书\MM怪物图鉴\第二章：动物\野猪.htm","野猪.htm",".htm","4480","0 核心三宝书\MM怪物图鉴\第二章：动物"
"0 核心三宝书\MM怪物图鉴\第二章：动物\驴.htm","驴.htm",".htm","3303","0 核心三宝书\MM怪物图鉴\第二章：动物"
"0 核心三宝书\MM怪物图鉴\第二章：动物\骆驼.htm","骆驼.htm",".htm","4566","0 核心三宝书\MM怪物图鉴\第二章：动物"
"0 核心三宝书\MM怪物图鉴\第二章：动物\骑乘用犬.htm","骑乘用犬.htm",".htm","4623","0 核心三宝书\MM怪物图鉴\第二章：动物"
"0 核心三宝书\MM怪物图鉴\第二章：动物\鲨.htm","鲨.htm",".htm","9714","0 核心三宝书\MM怪物图鉴\第二章：动物"
"0 核心三宝书\MM怪物图鉴\第二章：动物\鳄.htm","鳄.htm",".htm","4553","0 核心三宝书\MM怪物图鉴\第二章：动物"
"0 核心三宝书\MM怪物图鉴\第二章：动物\黑熊.htm","黑熊.htm",".htm","4498","0 核心三宝书\MM怪物图鉴\第二章：动物"
"0 核心三宝书\MM怪物图鉴\第五章：制作怪物\亚种与生命骰-3.htm","亚种与生命骰-3.htm",".htm","8526","0 核心三宝书\MM怪物图鉴\第五章：制作怪物"
"0 核心三宝书\MM怪物图鉴\第五章：制作怪物\全力攻击、特殊攻击与豁免-5.htm","全力攻击、特殊攻击与豁免-5.htm",".htm","5657","0 核心三宝书\MM怪物图鉴\第五章：制作怪物"
"0 核心三宝书\MM怪物图鉴\第五章：制作怪物\属性、先攻权、速度及防御-4.htm","属性、先攻权、速度及防御-4.htm",".htm","6069","0 核心三宝书\MM怪物图鉴\第五章：制作怪物"
"0 核心三宝书\MM怪物图鉴\第五章：制作怪物\怪物功能定位与挑战级数-8.htm","怪物功能定位与挑战级数-8.htm",".htm","4573","0 核心三宝书\MM怪物图鉴\第五章：制作怪物"
"0 核心三宝书\MM怪物图鉴\第五章：制作怪物\挑战级数-7.htm","挑战级数-7.htm",".htm","5364","0 核心三宝书\MM怪物图鉴\第五章：制作怪物"
"0 核心三宝书\MM怪物图鉴\第五章：制作怪物\第五章制作怪物-1.htm","第五章制作怪物-1.htm",".htm","7189","0 核心三宝书\MM怪物图鉴\第五章：制作怪物"
"0 核心三宝书\MM怪物图鉴\第五章：制作怪物\豁免检定、技能、专长与各项属性-6.htm","豁免检定、技能、专长与各项属性-6.htm",".htm","7405","0 核心三宝书\MM怪物图鉴\第五章：制作怪物"
"0 核心三宝书\MM怪物图鉴\第五章：制作怪物\预估挑战级数-2.htm","预估挑战级数-2.htm",".htm","8033","0 核心三宝书\MM怪物图鉴\第五章：制作怪物"
"0 核心三宝书\MM怪物图鉴\第六章：怪物技能与专长\第六章怪物技能与专长.htm","第六章怪物技能与专长.htm",".htm","14849","0 核心三宝书\MM怪物图鉴\第六章：怪物技能与专长"
"0 核心三宝书\MM怪物图鉴\第四章：改造动物\增加生命骰、体型增大与范本-2.htm","增加生命骰、体型增大与范本-2.htm",".htm","7698","0 核心三宝书\MM怪物图鉴\第四章：改造动物"
"0 核心三宝书\MM怪物图鉴\第四章：改造动物\套用范本与挑战级数-4.htm","套用范本与挑战级数-4.htm",".htm","4294","0 核心三宝书\MM怪物图鉴\第四章：改造动物"
"0 核心三宝书\MM怪物图鉴\第四章：改造动物\怪物进化范例-3.htm","怪物进化范例-3.htm",".htm","7191","0 核心三宝书\MM怪物图鉴\第四章：改造动物"
"0 核心三宝书\MM怪物图鉴\第四章：改造动物\提升职业等级与调整挑战级数-5.htm","提升职业等级与调整挑战级数-5.htm",".htm","6997","0 核心三宝书\MM怪物图鉴\第四章：改造动物"
"0 核心三宝书\MM怪物图鉴\第四章：改造动物\第四章改造怪物-1.htm","第四章改造怪物-1.htm",".htm","5553","0 核心三宝书\MM怪物图鉴\第四章：改造动物"
"0 核心三宝书\MM怪物图鉴\简介\为何改版.htm","为何改版.htm",".htm","4703","0 核心三宝书\MM怪物图鉴\简介"
"0 核心三宝书\MM怪物图鉴\简介\怪物种类.htm","怪物种类.htm",".htm","6741","0 核心三宝书\MM怪物图鉴\简介"
"0 核心三宝书\MM怪物图鉴\简介\简介.htm","简介.htm",".htm","13609","0 核心三宝书\MM怪物图鉴\简介"
"0 核心三宝书\PHB玩家手册\前言.htm","前言.htm",".htm","5737","0 核心三宝书\PHB玩家手册"
"0 核心三宝书\PHB玩家手册\后记.htm","后记.htm",".htm","2759","0 核心三宝书\PHB玩家手册"
"0 核心三宝书\PHB玩家手册\封面.htm","封面.htm",".htm","1273","0 核心三宝书\PHB玩家手册"
"0 核心三宝书\PHB玩家手册\封面.jpg","封面.jpg",".jpg","152455","0 核心三宝书\PHB玩家手册"
"0 核心三宝书\PHB玩家手册\译序.htm","译序.htm",".htm","3246","0 核心三宝书\PHB玩家手册"
"0 核心三宝书\PHB玩家手册\附录.htm","附录.htm",".htm","47333","0 核心三宝书\PHB玩家手册"
"0 核心三宝书\PHB玩家手册\10魔法\奥术.htm","奥术.htm",".htm","9550","0 核心三宝书\PHB玩家手册\10魔法"
"0 核心三宝书\PHB玩家手册\10魔法\施法.htm","施法.htm",".htm","13486","0 核心三宝书\PHB玩家手册\10魔法"
"0 核心三宝书\PHB玩家手册\10魔法\法术说明.htm","法术说明.htm",".htm","24505","0 核心三宝书\PHB玩家手册\10魔法"
"0 核心三宝书\PHB玩家手册\10魔法\特殊能力.htm","特殊能力.htm",".htm","3069","0 核心三宝书\PHB玩家手册\10魔法"
"0 核心三宝书\PHB玩家手册\10魔法\神术.htm","神术.htm",".htm","4848","0 核心三宝书\PHB玩家手册\10魔法"
"0 核心三宝书\PHB玩家手册\10魔法\第十章 魔法.htm","第十章 魔法.htm",".htm","2121","0 核心三宝书\PHB玩家手册\10魔法"
"0 核心三宝书\PHB玩家手册\11法术\吟游诗人的法术.htm","吟游诗人的法术.htm",".htm","15742","0 核心三宝书\PHB玩家手册\11法术"
"0 核心三宝书\PHB玩家手册\11法术\圣武士的法术.htm","圣武士的法术.htm",".htm","5012","0 核心三宝书\PHB玩家手册\11法术"
"0 核心三宝书\PHB玩家手册\11法术\德鲁伊的法术.htm","德鲁伊的法术.htm",".htm","14683","0 核心三宝书\PHB玩家手册\11法术"
"0 核心三宝书\PHB玩家手册\11法术\术士与法师的法术.htm","术士与法师的法术.htm",".htm","33734","0 核心三宝书\PHB玩家手册\11法术"
"0 核心三宝书\PHB玩家手册\11法术\游侠的法术.htm","游侠的法术.htm",".htm","5538","0 核心三宝书\PHB玩家手册\11法术"
"0 核心三宝书\PHB玩家手册\11法术\牧师的法术.htm","牧师的法术.htm",".htm","19814","0 核心三宝书\PHB玩家手册\11法术"
"0 核心三宝书\PHB玩家手册\11法术\第十一章 法术.htm","第十一章 法术.htm",".htm","2619","0 核心三宝书\PHB玩家手册\11法术"
"0 核心三宝书\PHB玩家手册\11法术\领域法术.htm","领域法术.htm",".htm","23961","0 核心三宝书\PHB玩家手册\11法术"
"0 核心三宝书\PHB玩家手册\11法术\法术描述\A.htm","A.htm",".htm","32475","0 核心三宝书\PHB玩家手册\11法术\法术描述"
"0 核心三宝书\PHB玩家手册\11法术\法术描述\B.htm","B.htm",".htm","228475","0 核心三宝书\PHB玩家手册\11法术\法术描述"
"0 核心三宝书\PHB玩家手册\11法术\法术描述\C.htm","C.htm",".htm","531454","0 核心三宝书\PHB玩家手册\11法术\法术描述"
"0 核心三宝书\PHB玩家手册\11法术\法术描述\D.htm","D.htm",".htm","525277","0 核心三宝书\PHB玩家手册\11法术\法术描述"
"0 核心三宝书\PHB玩家手册\11法术\法术描述\E.htm","E.htm",".htm","172201","0 核心三宝书\PHB玩家手册\11法术\法术描述"
"0 核心三宝书\PHB玩家手册\11法术\法术描述\F.htm","F.htm",".htm","255443","0 核心三宝书\PHB玩家手册\11法术\法术描述"
"0 核心三宝书\PHB玩家手册\11法术\法术描述\G.htm","G.htm",".htm","200850","0 核心三宝书\PHB玩家手册\11法术\法术描述"
"0 核心三宝书\PHB玩家手册\11法术\法术描述\H.htm","H.htm",".htm","256547","0 核心三宝书\PHB玩家手册\11法术\法术描述"
"0 核心三宝书\PHB玩家手册\11法术\法术描述\I.htm","I.htm",".htm","175149","0 核心三宝书\PHB玩家手册\11法术\法术描述"
"0 核心三宝书\PHB玩家手册\11法术\法术描述\J.htm","J.htm",".htm","13474","0 核心三宝书\PHB玩家手册\11法术\法术描述"
"0 核心三宝书\PHB玩家手册\11法术\法术描述\K.htm","K.htm",".htm","28453","0 核心三宝书\PHB玩家手册\11法术\法术描述"
"0 核心三宝书\PHB玩家手册\11法术\法术描述\L.htm","L.htm",".htm","130840","0 核心三宝书\PHB玩家手册\11法术\法术描述"
"0 核心三宝书\PHB玩家手册\11法术\法术描述\M.htm","M.htm",".htm","362594","0 核心三宝书\PHB玩家手册\11法术\法术描述"
"0 核心三宝书\PHB玩家手册\11法术\法术描述\N.htm","N.htm",".htm","57123","0 核心三宝书\PHB玩家手册\11法术\法术描述"
"0 核心三宝书\PHB玩家手册\11法术\法术描述\O.htm","O.htm",".htm","95986","0 核心三宝书\PHB玩家手册\11法术\法术描述"
"0 核心三宝书\PHB玩家手册\11法术\法术描述\P.htm","P.htm",".htm","504874","0 核心三宝书\PHB玩家手册\11法术\法术描述"
"0 核心三宝书\PHB玩家手册\11法术\法术描述\Q.htm","Q.htm",".htm","2100","0 核心三宝书\PHB玩家手册\11法术\法术描述"
"0 核心三宝书\PHB玩家手册\11法术\法术描述\R.htm","R.htm",".htm","369922","0 核心三宝书\PHB玩家手册\11法术\法术描述"
"0 核心三宝书\PHB玩家手册\11法术\法术描述\S.htm","S.htm",".htm","1303136","0 核心三宝书\PHB玩家手册\11法术\法术描述"
"0 核心三宝书\PHB玩家手册\11法术\法术描述\T.htm","T.htm",".htm","275558","0 核心三宝书\PHB玩家手册\11法术\法术描述"
"0 核心三宝书\PHB玩家手册\11法术\法术描述\U.htm","U.htm",".htm","6461","0 核心三宝书\PHB玩家手册\11法术\法术描述"
"0 核心三宝书\PHB玩家手册\11法术\法术描述\V.htm","V.htm",".htm","4623","0 核心三宝书\PHB玩家手册\11法术\法术描述"
"0 核心三宝书\PHB玩家手册\11法术\法术描述\W.htm","W.htm",".htm","275257","0 核心三宝书\PHB玩家手册\11法术\法术描述"
"0 核心三宝书\PHB玩家手册\11法术\法术描述\Z.htm","Z.htm",".htm","2404","0 核心三宝书\PHB玩家手册\11法术\法术描述"
"0 核心三宝书\PHB玩家手册\11法术\法术描述\法术描述.htm","法术描述.htm",".htm","1392","0 核心三宝书\PHB玩家手册\11法术\法术描述"
"0 核心三宝书\PHB玩家手册\1概述\人物创造.htm","人物创造.htm",".htm","6078","0 核心三宝书\PHB玩家手册\1概述"
"0 核心三宝书\PHB玩家手册\1概述\属性.htm","属性.htm",".htm","19805","0 核心三宝书\PHB玩家手册\1概述"
"0 核心三宝书\PHB玩家手册\1概述\简介.htm","简介.htm",".htm","5490","0 核心三宝书\PHB玩家手册\1概述"
"0 核心三宝书\PHB玩家手册\1概述\规则.htm","规则.htm",".htm","5973","0 核心三宝书\PHB玩家手册\1概述"
"0 核心三宝书\PHB玩家手册\2种族\人类.htm","人类.htm",".htm","4427","0 核心三宝书\PHB玩家手册\2种族"
"0 核心三宝书\PHB玩家手册\2种族\侏儒.htm","侏儒.htm",".htm","6506","0 核心三宝书\PHB玩家手册\2种族"
"0 核心三宝书\PHB玩家手册\2种族\半兽人.htm","半兽人.htm",".htm","4966","0 核心三宝书\PHB玩家手册\2种族"
"0 核心三宝书\PHB玩家手册\2种族\半精灵.htm","半精灵.htm",".htm","4921","0 核心三宝书\PHB玩家手册\2种族"
"0 核心三宝书\PHB玩家手册\2种族\半身人.htm","半身人.htm",".htm","5296","0 核心三宝书\PHB玩家手册\2种族"
"0 核心三宝书\PHB玩家手册\2种族\矮人.htm","矮人.htm",".htm","6466","0 核心三宝书\PHB玩家手册\2种族"
"0 核心三宝书\PHB玩家手册\2种族\种族.htm","种族.htm",".htm","4895","0 核心三宝书\PHB玩家手册\2种族"
"0 核心三宝书\PHB玩家手册\2种族\精灵.htm","精灵.htm",".htm","6187","0 核心三宝书\PHB玩家手册\2种族"
"0 核心三宝书\PHB玩家手册\3职业\兼职人物.htm","兼职人物.htm",".htm","8846","0 核心三宝书\PHB玩家手册\3职业"
"0 核心三宝书\PHB玩家手册\3职业\动物伙伴.htm","动物伙伴.htm",".htm","5743","0 核心三宝书\PHB玩家手册\3职业"
"0 核心三宝书\PHB玩家手册\3职业\圣武士坐骑.htm","圣武士坐骑.htm",".htm","5542","0 核心三宝书\PHB玩家手册\3职业"
"0 核心三宝书\PHB玩家手册\3职业\经验值与等级.htm","经验值与等级.htm",".htm","4920","0 核心三宝书\PHB玩家手册\3职业"
"0 核心三宝书\PHB玩家手册\3职业\职业.htm","职业.htm",".htm","15685","0 核心三宝书\PHB玩家手册\3职业"
"0 核心三宝书\PHB玩家手册\3职业\进阶职业.htm","进阶职业.htm",".htm","485459","0 核心三宝书\PHB玩家手册\3职业"
"0 核心三宝书\PHB玩家手册\3职业\魔宠.htm","魔宠.htm",".htm","7029","0 核心三宝书\PHB玩家手册\3职业"
"0 核心三宝书\PHB玩家手册\3职业\基础职业\吟游诗人.htm","吟游诗人.htm",".htm","21426","0 核心三宝书\PHB玩家手册\3职业\基础职业"
"0 核心三宝书\PHB玩家手册\3职业\基础职业\圣武士.htm","圣武士.htm",".htm","13691","0 核心三宝书\PHB玩家手册\3职业\基础职业"
"0 核心三宝书\PHB玩家手册\3职业\基础职业\巡林客.htm","巡林客.htm",".htm","16428","0 核心三宝书\PHB玩家手册\3职业\基础职业"
"0 核心三宝书\PHB玩家手册\3职业\基础职业\德鲁伊.htm","德鲁伊.htm",".htm","18045","0 核心三宝书\PHB玩家手册\3职业\基础职业"
"0 核心三宝书\PHB玩家手册\3职业\基础职业\战士.htm","战士.htm",".htm","9528","0 核心三宝书\PHB玩家手册\3职业\基础职业"
"0 核心三宝书\PHB玩家手册\3职业\基础职业\术士.htm","术士.htm",".htm","15882","0 核心三宝书\PHB玩家手册\3职业\基础职业"
"0 核心三宝书\PHB玩家手册\3职业\基础职业\武僧.htm","武僧.htm",".htm","16835","0 核心三宝书\PHB玩家手册\3职业\基础职业"
"0 核心三宝书\PHB玩家手册\3职业\基础职业\法师.htm","法师.htm",".htm","15215","0 核心三宝书\PHB玩家手册\3职业\基础职业"
"0 核心三宝书\PHB玩家手册\3职业\基础职业\游荡者.htm","游荡者.htm",".htm","12758","0 核心三宝书\PHB玩家手册\3职业\基础职业"
"0 核心三宝书\PHB玩家手册\3职业\基础职业\牧师.htm","牧师.htm",".htm","19819","0 核心三宝书\PHB玩家手册\3职业\基础职业"
"0 核心三宝书\PHB玩家手册\3职业\基础职业\野蛮人.htm","野蛮人.htm",".htm","11435","0 核心三宝书\PHB玩家手册\3职业\基础职业"
"0 核心三宝书\PHB玩家手册\4技能\使用技能.htm","使用技能.htm",".htm","15429","0 核心三宝书\PHB玩家手册\4技能"
"0 核心三宝书\PHB玩家手册\4技能\技能表.htm","技能表.htm",".htm","9652","0 核心三宝书\PHB玩家手册\4技能"
"0 核心三宝书\PHB玩家手册\4技能\技能说明.htm","技能说明.htm",".htm","91411","0 核心三宝书\PHB玩家手册\4技能"
"0 核心三宝书\PHB玩家手册\4技能\第四章 技能.htm","第四章 技能.htm",".htm","7794","0 核心三宝书\PHB玩家手册\4技能"
"0 核心三宝书\PHB玩家手册\5专长\一般专长.htm","一般专长.htm",".htm","39253","0 核心三宝书\PHB玩家手册\5专长"
"0 核心三宝书\PHB玩家手册\5专长\专长表.htm","专长表.htm",".htm","10666","0 核心三宝书\PHB玩家手册\5专长"
"0 核心三宝书\PHB玩家手册\5专长\专长说明.htm","专长说明.htm",".htm","1945","0 核心三宝书\PHB玩家手册\5专长"
"0 核心三宝书\PHB玩家手册\5专长\制造物品专长.htm","制造物品专长.htm",".htm","6413","0 核心三宝书\PHB玩家手册\5专长"
"0 核心三宝书\PHB玩家手册\5专长\第五章 专长.htm","第五章 专长.htm",".htm","7284","0 核心三宝书\PHB玩家手册\5专长"
"0 核心三宝书\PHB玩家手册\5专长\超魔专长.htm","超魔专长.htm",".htm","4406","0 核心三宝书\PHB玩家手册\5专长"
"0 核心三宝书\PHB玩家手册\6背景\外表特征.htm","外表特征.htm",".htm","7039","0 核心三宝书\PHB玩家手册\6背景"
"0 核心三宝书\PHB玩家手册\6背景\外貌.htm","外貌.htm",".htm","4402","0 核心三宝书\PHB玩家手册\6背景"
"0 核心三宝书\PHB玩家手册\6背景\宗教信仰.htm","宗教信仰.htm",".htm","10192","0 核心三宝书\PHB玩家手册\6背景"
"0 核心三宝书\PHB玩家手册\6背景\第六章 背景描述.htm","第六章 背景描述.htm",".htm","1790","0 核心三宝书\PHB玩家手册\6背景"
"0 核心三宝书\PHB玩家手册\6背景\阵营.htm","阵营.htm",".htm","11713","0 核心三宝书\PHB玩家手册\6背景"
"0 核心三宝书\PHB玩家手册\7装备\商品与服务.htm","商品与服务.htm",".htm","37137","0 核心三宝书\PHB玩家手册\7装备"
"0 核心三宝书\PHB玩家手册\7装备\武器.htm","武器.htm",".htm","11025","0 核心三宝书\PHB玩家手册\7装备"
"0 核心三宝书\PHB玩家手册\7装备\武器详述.htm","武器详述.htm",".htm","30674","0 核心三宝书\PHB玩家手册\7装备"
"0 核心三宝书\PHB玩家手册\7装备\第七章 装备.htm","第七章 装备.htm",".htm","3795","0 核心三宝书\PHB玩家手册\7装备"
"0 核心三宝书\PHB玩家手册\7装备\金钱与财富.htm","金钱与财富.htm",".htm","4479","0 核心三宝书\PHB玩家手册\7装备"
"0 核心三宝书\PHB玩家手册\7装备\防具.htm","防具.htm",".htm","7394","0 核心三宝书\PHB玩家手册\7装备"
"0 核心三宝书\PHB玩家手册\7装备\防具详述.htm","防具详述.htm",".htm","10384","0 核心三宝书\PHB玩家手册\7装备"
"0 核心三宝书\PHB玩家手册\8战斗\借机攻击.htm","借机攻击.htm",".htm","3805","0 核心三宝书\PHB玩家手册\8战斗"
"0 核心三宝书\PHB玩家手册\8战斗\先攻.htm","先攻.htm",".htm","2524","0 核心三宝书\PHB玩家手册\8战斗"
"0 核心三宝书\PHB玩家手册\8战斗\即时动作.htm","即时动作.htm",".htm","3467","0 核心三宝书\PHB玩家手册\8战斗"
"0 核心三宝书\PHB玩家手册\8战斗\受伤与死亡.htm","受伤与死亡.htm",".htm","8753","0 核心三宝书\PHB玩家手册\8战斗"
"0 核心三宝书\PHB玩家手册\8战斗\战斗中的动作.htm","战斗中的动作.htm",".htm","9343","0 核心三宝书\PHB玩家手册\8战斗"
"0 核心三宝书\PHB玩家手册\8战斗\战斗基本名词.htm","战斗基本名词.htm",".htm","5292","0 核心三宝书\PHB玩家手册\8战斗"
"0 核心三宝书\PHB玩家手册\8战斗\战斗数值.htm","战斗数值.htm",".htm","9537","0 核心三宝书\PHB玩家手册\8战斗"
"0 核心三宝书\PHB玩家手册\8战斗\战斗调整值.htm","战斗调整值.htm",".htm","9950","0 核心三宝书\PHB玩家手册\8战斗"
"0 核心三宝书\PHB玩家手册\8战斗\整轮动作.htm","整轮动作.htm",".htm","5488","0 核心三宝书\PHB玩家手册\8战斗"
"0 核心三宝书\PHB玩家手册\8战斗\标准动作.htm","标准动作.htm",".htm","12660","0 核心三宝书\PHB玩家手册\8战斗"
"0 核心三宝书\PHB玩家手册\8战斗\特殊先攻动作.htm","特殊先攻动作.htm",".htm","4075","0 核心三宝书\PHB玩家手册\8战斗"
"0 核心三宝书\PHB玩家手册\8战斗\特殊攻击.htm","特殊攻击.htm",".htm","29032","0 核心三宝书\PHB玩家手册\8战斗"
"0 核心三宝书\PHB玩家手册\8战斗\移动.htm","移动.htm",".htm","10247","0 核心三宝书\PHB玩家手册\8战斗"
"0 核心三宝书\PHB玩家手册\8战斗\移动动作.htm","移动动作.htm",".htm","3307","0 核心三宝书\PHB玩家手册\8战斗"
"0 核心三宝书\PHB玩家手册\8战斗\突袭.htm","突袭.htm",".htm","3075","0 核心三宝书\PHB玩家手册\8战斗"
"0 核心三宝书\PHB玩家手册\8战斗\第八章 战斗.htm","第八章 战斗.htm",".htm","2863","0 核心三宝书\PHB玩家手册\8战斗"
"0 核心三宝书\PHB玩家手册\9冒险\宝藏.htm","宝藏.htm",".htm","3852","0 核心三宝书\PHB玩家手册\9冒险"
"0 核心三宝书\PHB玩家手册\9冒险\探索.htm","探索.htm",".htm","14037","0 核心三宝书\PHB玩家手册\9冒险"
"0 核心三宝书\PHB玩家手册\9冒险\移动.htm","移动.htm",".htm","10167","0 核心三宝书\PHB玩家手册\9冒险"
"0 核心三宝书\PHB玩家手册\9冒险\第九章 冒险.htm","第九章 冒险.htm",".htm","1327","0 核心三宝书\PHB玩家手册\9冒险"
"0 核心三宝书\PHB玩家手册\9冒险\负重.htm","负重.htm",".htm","7737","0 核心三宝书\PHB玩家手册\9冒险"
"1 核心补充书籍\DMG2城主指南2\NPC特性.html","NPC特性.html",".html","11316","1 核心补充书籍\DMG2城主指南2"
"1 核心补充书籍\DMG2城主指南2\冰桥.htm","冰桥.htm",".htm","3687","1 核心补充书籍\DMG2城主指南2"
"1 核心补充书籍\DMG2城主指南2\团队之魂.htm","团队之魂.htm",".htm","22216","1 核心补充书籍\DMG2城主指南2"
"1 核心补充书籍\DMG2城主指南2\导师与学徒.htm","导师与学徒.htm",".htm","17489","1 核心补充书籍\DMG2城主指南2"
"1 核心补充书籍\DMG2城主指南2\封面.htm","封面.htm",".htm","1323","1 核心补充书籍\DMG2城主指南2"
"1 核心补充书籍\DMG2城主指南2\数据资料格式.htm","数据资料格式.htm",".htm","8028","1 核心补充书籍\DMG2城主指南2"
"1 核心补充书籍\DMG2城主指南2\树屋.htm","树屋.htm",".htm","6645","1 核心补充书籍\DMG2城主指南2"
"1 核心补充书籍\DMG2城主指南2\法律与刑法.htm","法律与刑法.htm",".htm","14165","1 核心补充书籍\DMG2城主指南2"
"1 核心补充书籍\DMG2城主指南2\洪水地城.htm","洪水地城.htm",".htm","4986","1 核心补充书籍\DMG2城主指南2"
"1 核心补充书籍\DMG2城主指南2\熔岩.htm","熔岩.htm",".htm","4918","1 核心补充书籍\DMG2城主指南2"
"1 核心补充书籍\DMG2城主指南2\燃烧的建筑物.htm","燃烧的建筑物.htm",".htm","6967","1 核心补充书籍\DMG2城主指南2"
"1 核心补充书籍\DMG2城主指南2\环境.htm","环境.htm",".htm","1328","1 核心补充书籍\DMG2城主指南2"
"1 核心补充书籍\DMG2城主指南2\空中作战.htm","空中作战.htm",".htm","4175","1 核心补充书籍\DMG2城主指南2"
"1 核心补充书籍\DMG2城主指南2\群体模板.htm","群体模板.htm",".htm","12191","1 核心补充书籍\DMG2城主指南2"
"1 核心补充书籍\DMG2城主指南2\运作商业.htm","运作商业.htm",".htm","10910","1 核心补充书籍\DMG2城主指南2"
"1 核心补充书籍\DMG2城主指南2\邪恶地穴.htm","邪恶地穴.htm",".htm","4512","1 核心补充书籍\DMG2城主指南2"
"1 核心补充书籍\DMG2城主指南2\限制性隧道.htm","限制性隧道.htm",".htm","5897","1 核心补充书籍\DMG2城主指南2"
"1 核心补充书籍\DMG2城主指南2\魔法事件.html","魔法事件.html",".html","32297","1 核心补充书籍\DMG2城主指南2"
"1 核心补充书籍\DMG2城主指南2\插图\DMGFM.jpg","DMGFM.jpg",".jpg","85256","1 核心补充书籍\DMG2城主指南2\插图"
"1 核心补充书籍\DMG2城主指南2\新物品\咒文炮塔.htm","咒文炮塔.htm",".htm","3597","1 核心补充书籍\DMG2城主指南2\新物品"
"1 核心补充书籍\DMG2城主指南2\新物品\契约魔法物品.htm","契约魔法物品.htm",".htm","15746","1 核心补充书籍\DMG2城主指南2\新物品"
"1 核心补充书籍\DMG2城主指南2\新物品\新增魔法物品.htm","新增魔法物品.htm",".htm","21061","1 核心补充书籍\DMG2城主指南2\新物品"
"1 核心补充书籍\DMG2城主指南2\新物品\武器及盔甲模版.htm","武器及盔甲模版.htm",".htm","6495","1 核心补充书籍\DMG2城主指南2\新物品"
"1 核心补充书籍\DMG2城主指南2\新物品\简易陷阱.htm","简易陷阱.htm",".htm","2996","1 核心补充书籍\DMG2城主指南2\新物品"
"1 核心补充书籍\DMG2城主指南2\新物品\陷阱补丁.html","陷阱补丁.html",".html","19371","1 核心补充书籍\DMG2城主指南2\新物品"
"1 核心补充书籍\HBG英雄构筑指南\人类.html","人类.html",".html","16304","1 核心补充书籍\HBG英雄构筑指南"
"1 核心补充书籍\HBG英雄构筑指南\侏儒.html","侏儒.html",".html","8596","1 核心补充书籍\HBG英雄构筑指南"
"1 核心补充书籍\HBG英雄构筑指南\修道士.html","修道士.html",".html","21523","1 核心补充书籍\HBG英雄构筑指南"
"1 核心补充书籍\HBG英雄构筑指南\关系.html","关系.html",".html","49748","1 核心补充书籍\HBG英雄构筑指南"
"1 核心补充书籍\HBG英雄构筑指南\创造你的个人历史.html","创造你的个人历史.html",".html","13128","1 核心补充书籍\HBG英雄构筑指南"
"1 核心补充书籍\HBG英雄构筑指南\半兽人.html","半兽人.html",".html","4988","1 核心补充书籍\HBG英雄构筑指南"
"1 核心补充书籍\HBG英雄构筑指南\半精灵.html","半精灵.html",".html","5988","1 核心补充书籍\HBG英雄构筑指南"
"1 核心补充书籍\HBG英雄构筑指南\半身人.html","半身人.html",".html","5805","1 核心补充书籍\HBG英雄构筑指南"
"1 核心补充书籍\HBG英雄构筑指南\名字列表.html","名字列表.html",".html","30335","1 核心补充书籍\HBG英雄构筑指南"
"1 核心补充书籍\HBG英雄构筑指南\奖金斗士.html","奖金斗士.html",".html","3426","1 核心补充书籍\HBG英雄构筑指南"
"1 核心补充书籍\HBG英雄构筑指南\家乡社区.html","家乡社区.html",".html","56780","1 核心补充书籍\HBG英雄构筑指南"
"1 核心补充书籍\HBG英雄构筑指南\家庭.html","家庭.html",".html","70566","1 核心补充书籍\HBG英雄构筑指南"
"1 核心补充书籍\HBG英雄构筑指南\封面.html","封面.html",".html","1447","1 核心补充书籍\HBG英雄构筑指南"
"1 核心补充书籍\HBG英雄构筑指南\封面.jpeg","封面.jpeg",".jpeg","71496","1 核心补充书籍\HBG英雄构筑指南"
"1 核心补充书籍\HBG英雄构筑指南\引言.html","引言.html",".html","5473","1 核心补充书籍\HBG英雄构筑指南"
"1 核心补充书籍\HBG英雄构筑指南\投掷你的属性值.html","投掷你的属性值.html",".html","7318","1 核心补充书籍\HBG英雄构筑指南"
"1 核心补充书籍\HBG英雄构筑指南\操纵者.html","操纵者.html",".html","1659","1 核心补充书籍\HBG英雄构筑指南"
"1 核心补充书籍\HBG英雄构筑指南\放在最后的话.html","放在最后的话.html",".html","3678","1 核心补充书籍\HBG英雄构筑指南"
"1 核心补充书籍\HBG英雄构筑指南\教育.html","教育.html",".html","21634","1 核心补充书籍\HBG英雄构筑指南"
"1 核心补充书籍\HBG英雄构筑指南\死灵法师.html","死灵法师.html",".html","1681","1 核心补充书籍\HBG英雄构筑指南"
"1 核心补充书籍\HBG英雄构筑指南\游荡剑客.html","游荡剑客.html",".html","1682","1 核心补充书籍\HBG英雄构筑指南"
"1 核心补充书籍\HBG英雄构筑指南\潜行者.html","潜行者.html",".html","3492","1 核心补充书籍\HBG英雄构筑指南"
"1 核心补充书籍\HBG英雄构筑指南\矮人.html","矮人.html",".html","2223","1 核心补充书籍\HBG英雄构筑指南"
"1 核心补充书籍\HBG英雄构筑指南\研究法师.html","研究法师.html",".html","3469","1 核心补充书籍\HBG英雄构筑指南"
"1 核心补充书籍\HBG英雄构筑指南\破咒师.html","破咒师.html",".html","22639","1 核心补充书籍\HBG英雄构筑指南"
"1 核心补充书籍\HBG英雄构筑指南\究极射手.html","究极射手.html",".html","24799","1 核心补充书籍\HBG英雄构筑指南"
"1 核心补充书籍\HBG英雄构筑指南\精灵.html","精灵.html",".html","7492","1 核心补充书籍\HBG英雄构筑指南"
"1 核心补充书籍\HBG英雄构筑指南\至今为止的生活事件.html","至今为止的生活事件.html",".html","23569","1 核心补充书籍\HBG英雄构筑指南"
"1 核心补充书籍\HBG英雄构筑指南\范例.html","范例.html",".html","11128","1 核心补充书籍\HBG英雄构筑指南"
"1 核心补充书籍\HBG英雄构筑指南\装置大师.html","装置大师.html",".html","1682","1 核心补充书籍\HBG英雄构筑指南"
"1 核心补充书籍\HBG英雄构筑指南\规划你的未来职业生涯.html","规划你的未来职业生涯.html",".html","8847","1 核心补充书籍\HBG英雄构筑指南"
"1 核心补充书籍\HBG英雄构筑指南\选择一个阵营.html","选择一个阵营.html",".html","271382","1 核心补充书籍\HBG英雄构筑指南"
"1 核心补充书籍\HBG英雄构筑指南\选择你的种族与职业.html","选择你的种族与职业.html",".html","4581","1 核心补充书籍\HBG英雄构筑指南"
"1 核心补充书籍\HBG英雄构筑指南\附录：起名规则.html","附录：起名规则.html",".html","46640","1 核心补充书籍\HBG英雄构筑指南"
"1 核心补充书籍\MM3怪物图鉴3\怪物ECL速查表.htm","怪物ECL速查表.htm",".htm","8820","1 核心补充书籍\MM3怪物图鉴3"
"1 核心补充书籍\MM3怪物图鉴3\怪物专长.htm","怪物专长.htm",".htm","16088","1 核心补充书籍\MM3怪物图鉴3"
"1 核心补充书籍\MM3怪物图鉴3\挑战等级表.htm","挑战等级表.htm",".htm","20564","1 核心补充书籍\MM3怪物图鉴3"
"1 核心补充书籍\MM3怪物图鉴3\0插图\乳齿巨象.jpg","乳齿巨象.jpg",".jpg","230336","1 核心补充书籍\MM3怪物图鉴3\0插图"
"1 核心补充书籍\MM3怪物图鉴3\0插图\封面.jpg","封面.jpg",".jpg","272346","1 核心补充书籍\MM3怪物图鉴3\0插图"
"1 核心补充书籍\MM3怪物图鉴3\0插图\怪物图鉴3(MM3).htm","怪物图鉴3(MM3).htm",".htm","1399","1 核心补充书籍\MM3怪物图鉴3\0插图"
"1 核心补充书籍\MM3怪物图鉴3\0插图\恐龙.jpg","恐龙.jpg",".jpg","144182","1 核心补充书籍\MM3怪物图鉴3\0插图"
"1 核心补充书籍\MM3怪物图鉴3\0插图\战骑龙.jpg","战骑龙.jpg",".jpg","158933","1 核心补充书籍\MM3怪物图鉴3\0插图"
"1 核心补充书籍\MM3怪物图鉴3\0插图\树化德鲁伊.jpg","树化德鲁伊.jpg",".jpg","423382","1 核心补充书籍\MM3怪物图鉴3\0插图"
"1 核心补充书籍\MM3怪物图鉴3\0插图\树化蜥蜴首领.jpg","树化蜥蜴首领.jpg",".jpg","230963","1 核心补充书籍\MM3怪物图鉴3\0插图"
"1 核心补充书籍\MM3怪物图鉴3\0插图\水晶巨魔.jpg","水晶巨魔.jpg",".jpg","175323","1 核心补充书籍\MM3怪物图鉴3\0插图"
"1 核心补充书籍\MM3怪物图鉴3\0插图\法曲双头巨人.jpg","法曲双头巨人.jpg",".jpg","237110","1 核心补充书籍\MM3怪物图鉴3\0插图"
"1 核心补充书籍\MM3怪物图鉴3\0插图\海虎.jpg","海虎.jpg",".jpg","49136","1 核心补充书籍\MM3怪物图鉴3\0插图"
"1 核心补充书籍\MM3怪物图鉴3\0插图\狂暴龙兽.jpg","狂暴龙兽.jpg",".jpg","265986","1 核心补充书籍\MM3怪物图鉴3\0插图"
"1 核心补充书籍\MM3怪物图鉴3\0插图\符文猎犬.jpg","符文猎犬.jpg",".jpg","81427","1 核心补充书籍\MM3怪物图鉴3\0插图"
"1 核心补充书籍\MM3怪物图鉴3\0插图\野嚎.jpg","野嚎.jpg",".jpg","195179","1 核心补充书籍\MM3怪物图鉴3\0插图"
"1 核心补充书籍\MM3怪物图鉴3\0插图\阴森恶鬼.jpg","阴森恶鬼.jpg",".jpg","10168","1 核心补充书籍\MM3怪物图鉴3\0插图"
"1 核心补充书籍\MM3怪物图鉴3\动物伙伴与乘骑\Dinosaur 恐龙.htm","Dinosaur 恐龙.htm",".htm","106682","1 核心补充书籍\MM3怪物图鉴3\动物伙伴与乘骑"
"1 核心补充书籍\MM3怪物图鉴3\动物伙伴与乘骑\Mastodon 乳齿巨象.htm","Mastodon 乳齿巨象.htm",".htm","28617","1 核心补充书籍\MM3怪物图鉴3\动物伙伴与乘骑"
"1 核心补充书籍\MM3怪物图鉴3\动物伙伴与乘骑\Rage Drake 狂暴龍獸.htm","Rage Drake 狂暴龍獸.htm",".htm","56160","1 核心补充书籍\MM3怪物图鉴3\动物伙伴与乘骑"
"1 核心补充书籍\MM3怪物图鉴3\动物伙伴与乘骑\Sea Tiger 海虎.htm","Sea Tiger 海虎.htm",".htm","28952","1 核心补充书籍\MM3怪物图鉴3\动物伙伴与乘骑"
"1 核心补充书籍\MM3怪物图鉴3\怪物\Alchemical Golem 炼金术魔像.htm","Alchemical Golem 炼金术魔像.htm",".htm","45880","1 核心补充书籍\MM3怪物图鉴3\怪物"
"1 核心补充书籍\MM3怪物图鉴3\怪物\Ambush Drake 伏龙兽.htm","Ambush Drake 伏龙兽.htm",".htm","52571","1 核心补充书籍\MM3怪物图鉴3\怪物"
"1 核心补充书籍\MM3怪物图鉴3\怪物\Arcane Ooze 奥法泥形怪.htm","Arcane Ooze 奥法泥形怪.htm",".htm","59916","1 核心补充书籍\MM3怪物图鉴3\怪物"
"1 核心补充书籍\MM3怪物图鉴3\怪物\Astral Stalker 星界伏击者.htm","Astral Stalker 星界伏击者.htm",".htm","57513","1 核心补充书籍\MM3怪物图鉴3\怪物"
"1 核心补充书籍\MM3怪物图鉴3\怪物\Avalancher 崩塌兽.htm","Avalancher 崩塌兽.htm",".htm","50042","1 核心补充书籍\MM3怪物图鉴3\怪物"
"1 核心补充书籍\MM3怪物图鉴3\怪物\Battlebriar 战地石南.htm","Battlebriar 战地石南.htm",".htm","123137","1 核心补充书籍\MM3怪物图鉴3\怪物"
"1 核心补充书籍\MM3怪物图鉴3\怪物\Bearhound 熊猎犬.htm","Bearhound 熊猎犬.htm",".htm","48728","1 核心补充书籍\MM3怪物图鉴3\怪物"
"1 核心补充书籍\MM3怪物图鉴3\怪物\Boneclaw 骨爪.htm","Boneclaw 骨爪.htm",".htm","49578","1 核心补充书籍\MM3怪物图鉴3\怪物"
"1 核心补充书籍\MM3怪物图鉴3\怪物\BoneDrinker 吸骨者.htm","BoneDrinker 吸骨者.htm",".htm","80966","1 核心补充书籍\MM3怪物图鉴3\怪物"
"1 核心补充书籍\MM3怪物图鉴3\怪物\Brood Keeper 航母虫.htm","Brood Keeper 航母虫.htm",".htm","82726","1 核心补充书籍\MM3怪物图鉴3\怪物"
"1 核心补充书籍\MM3怪物图鉴3\怪物\Cadaver Collector 掮尸者.htm","Cadaver Collector 掮尸者.htm",".htm","80228","1 核心补充书籍\MM3怪物图鉴3\怪物"
"1 核心补充书籍\MM3怪物图鉴3\怪物\Charnel Hound 尸骸猎犬.htm","Charnel Hound 尸骸猎犬.htm",".htm","35658","1 核心补充书籍\MM3怪物图鉴3\怪物"
"1 核心补充书籍\MM3怪物图鉴3\怪物\Chelicera 拟音血蛛.htm","Chelicera 拟音血蛛.htm",".htm","35189","1 核心补充书籍\MM3怪物图鉴3\怪物"
"1 核心补充书籍\MM3怪物图鉴3\怪物\Chraal 寒冷复仇者.htm","Chraal 寒冷复仇者.htm",".htm","30961","1 核心补充书籍\MM3怪物图鉴3\怪物"
"1 核心补充书籍\MM3怪物图鉴3\怪物\Cinder swarm 火渣集群.htm","Cinder swarm 火渣集群.htm",".htm","30266","1 核心补充书籍\MM3怪物图鉴3\怪物"
"1 核心补充书籍\MM3怪物图鉴3\怪物\Conflagration Ooze,Infernal 火灾泥怪.htm","Conflagration Ooze,Infernal 火灾泥怪.htm",".htm","54753","1 核心补充书籍\MM3怪物图鉴3\怪物"
"1 核心补充书籍\MM3怪物图鉴3\怪物\DeathShriker 死亡尖叫者.htm","DeathShriker 死亡尖叫者.htm",".htm","55109","1 核心补充书籍\MM3怪物图鉴3\怪物"
"1 核心补充书籍\MM3怪物图鉴3\怪物\Demon sorrowsworn 哀咒魔.htm","Demon sorrowsworn 哀咒魔.htm",".htm","39349","1 核心补充书籍\MM3怪物图鉴3\怪物"
"1 核心补充书籍\MM3怪物图鉴3\怪物\Demon,Arrow 箭魔.htm","Demon,Arrow 箭魔.htm",".htm","39885","1 核心补充书籍\MM3怪物图鉴3\怪物"
"1 核心补充书籍\MM3怪物图鉴3\怪物\DRAGON EEL 龙镘.htm","DRAGON EEL 龙镘.htm",".htm","36125","1 核心补充书籍\MM3怪物图鉴3\怪物"
"1 核心补充书籍\MM3怪物图鉴3\怪物\Dread Blossom Swarm 魔宫玫瑰.htm","Dread Blossom Swarm 魔宫玫瑰.htm",".htm","35609","1 核心补充书籍\MM3怪物图鉴3\怪物"
"1 核心补充书籍\MM3怪物图鉴3\怪物\Drowned 溺死鬼.htm","Drowned 溺死鬼.htm",".htm","38440","1 核心补充书籍\MM3怪物图鉴3\怪物"
"1 核心补充书籍\MM3怪物图鉴3\怪物\Dust Wight 沙尘恶灵.htm","Dust Wight 沙尘恶灵.htm",".htm","39611","1 核心补充书籍\MM3怪物图鉴3\怪物"
"1 核心补充书籍\MM3怪物图鉴3\怪物\Ephemeral Swarm 浮游灵群.htm","Ephemeral Swarm 浮游灵群.htm",".htm","37236","1 核心补充书籍\MM3怪物图鉴3\怪物"
"1 核心补充书籍\MM3怪物图鉴3\怪物\Feral Yowler 野嚎.htm","Feral Yowler 野嚎.htm",".htm","40165","1 核心补充书籍\MM3怪物图鉴3\怪物"
"1 核心补充书籍\MM3怪物图鉴3\怪物\Geribiar 多臂巨人.htm","Geribiar 多臂巨人.htm",".htm","41360","1 核心补充书籍\MM3怪物图鉴3\怪物"
"1 核心补充书籍\MM3怪物图鉴3\怪物\Giant,Death 死亡巨人.htm","Giant,Death 死亡巨人.htm",".htm","42874","1 核心补充书籍\MM3怪物图鉴3\怪物"
"1 核心补充书籍\MM3怪物图鉴3\怪物\Giant,Eldritch 邪术巨人.htm","Giant,Eldritch 邪术巨人.htm",".htm","74094","1 核心补充书籍\MM3怪物图鉴3\怪物"
"1 核心补充书籍\MM3怪物图鉴3\怪物\Glaistig 湖精.htm","Glaistig 湖精.htm",".htm","74818","1 核心补充书籍\MM3怪物图鉴3\怪物"
"1 核心补充书籍\MM3怪物图鉴3\怪物\Gloom Golem 深黯魔像.htm","Gloom Golem 深黯魔像.htm",".htm","39915","1 核心补充书籍\MM3怪物图鉴3\怪物"
"1 核心补充书籍\MM3怪物图鉴3\怪物\Grimweird 阴森恶鬼.htm","Grimweird 阴森恶鬼.htm",".htm","43110","1 核心补充书籍\MM3怪物图鉴3\怪物"
"1 核心补充书籍\MM3怪物图鉴3\怪物\Grisgol 卷匣魔像.htm","Grisgol 卷匣魔像.htm",".htm","43262","1 核心补充书籍\MM3怪物图鉴3\怪物"
"1 核心补充书籍\MM3怪物图鉴3\怪物\Gulgar 土晶人.htm","Gulgar 土晶人.htm",".htm","39381","1 核心补充书籍\MM3怪物图鉴3\怪物"
"1 核心补充书籍\MM3怪物图鉴3\怪物\Hangman Golem 绞杀魔像.htm","Hangman Golem 绞杀魔像.htm",".htm","38346","1 核心补充书籍\MM3怪物图鉴3\怪物"
"1 核心补充书籍\MM3怪物图鉴3\怪物\HarpoonSpider_DreadHarpoonSpider 死刺蜘蛛_恐惧死刺蜘蛛.htm","HarpoonSpider_DreadHarpoonSpider 死刺蜘蛛_恐惧死刺蜘蛛.htm",".htm","69912","1 核心补充书籍\MM3怪物图鉴3\怪物"
"1 核心补充书籍\MM3怪物图鉴3\怪物\Ironclad Mauler 装甲暴熊.htm","Ironclad Mauler 装甲暴熊.htm",".htm","38516","1 核心补充书籍\MM3怪物图鉴3\怪物"
"1 核心补充书籍\MM3怪物图鉴3\怪物\Justicator 审判者.htm","Justicator 审判者.htm",".htm","35671","1 核心补充书籍\MM3怪物图鉴3\怪物"
"1 核心补充书籍\MM3怪物图鉴3\怪物\Knell Beetle 丧钟甲虫.htm","Knell Beetle 丧钟甲虫.htm",".htm","75255","1 核心补充书籍\MM3怪物图鉴3\怪物"
"1 核心补充书籍\MM3怪物图鉴3\怪物\LHOSK 蛛化人猿.htm","LHOSK 蛛化人猿.htm",".htm","35755","1 核心补充书籍\MM3怪物图鉴3\怪物"
"1 核心补充书籍\MM3怪物图鉴3\怪物\Lizardfolk,blackscale 黑鳞蜥人族.htm","Lizardfolk,blackscale 黑鳞蜥人族.htm",".htm","36532","1 核心补充书籍\MM3怪物图鉴3\怪物"
"1 核心补充书籍\MM3怪物图鉴3\怪物\Lurking Strangler 扼喉潜伏怪.htm","Lurking Strangler 扼喉潜伏怪.htm",".htm","37593","1 核心补充书籍\MM3怪物图鉴3\怪物"
"1 核心补充书籍\MM3怪物图鉴3\怪物\Mindshredder 裂心魔.htm","Mindshredder 裂心魔.htm",".htm","100570","1 核心补充书籍\MM3怪物图鉴3\怪物"
"1 核心补充书籍\MM3怪物图鉴3\怪物\Mivilorn 象獒.htm","Mivilorn 象獒.htm",".htm","61108","1 核心补充书籍\MM3怪物图鉴3\怪物"
"1 核心补充书籍\MM3怪物图鉴3\怪物\mm3列表.htm","mm3列表.htm",".htm","20812","1 核心补充书籍\MM3怪物图鉴3\怪物"
"1 核心补充书籍\MM3怪物图鉴3\怪物\Mountain Troll 山脉巨魔.htm","Mountain Troll 山脉巨魔.htm",".htm","30863","1 核心补充书籍\MM3怪物图鉴3\怪物"
"1 核心补充书籍\MM3怪物图鉴3\怪物\Mud Golem 泥土魔像.htm","Mud Golem 泥土魔像.htm",".htm","38345","1 核心补充书籍\MM3怪物图鉴3\怪物"
"1 核心补充书籍\MM3怪物图鉴3\怪物\Necronaut 死亡巡猎者.htm","Necronaut 死亡巡猎者.htm",".htm","31297","1 核心补充书籍\MM3怪物图鉴3\怪物"
"1 核心补充书籍\MM3怪物图鉴3\怪物\Necrothane 腐败亡君.htm","Necrothane 腐败亡君.htm",".htm","34960","1 核心补充书籍\MM3怪物图鉴3\怪物"
"1 核心补充书籍\MM3怪物图鉴3\怪物\Needletooth Swarm 针齿龙群.htm","Needletooth Swarm 针齿龙群.htm",".htm","31354","1 核心补充书籍\MM3怪物图鉴3\怪物"
"1 核心补充书籍\MM3怪物图鉴3\怪物\Night Twist 远古鸮木.htm","Night Twist 远古鸮木.htm",".htm","72401","1 核心补充书籍\MM3怪物图鉴3\怪物"
"1 核心补充书籍\MM3怪物图鉴3\怪物\Odopi 百目鬼.htm","Odopi 百目鬼.htm",".htm","75466","1 核心补充书籍\MM3怪物图鉴3\怪物"
"1 核心补充书籍\MM3怪物图鉴3\怪物\Omnimental 巨型元素.htm","Omnimental 巨型元素.htm",".htm","32496","1 核心补充书籍\MM3怪物图鉴3\怪物"
"1 核心补充书籍\MM3怪物图鉴3\怪物\Otyugh, Lifeleech 汲能食腐怪.htm","Otyugh, Lifeleech 汲能食腐怪.htm",".htm","32441","1 核心补充书籍\MM3怪物图鉴3\怪物"
"1 核心补充书籍\MM3怪物图鉴3\怪物\Petal 花精.htm","Petal 花精.htm",".htm","31852","1 核心补充书籍\MM3怪物图鉴3\怪物"
"1 核心补充书籍\MM3怪物图鉴3\怪物\Phoelarch_Phoelarch 凤凰蛹再版~包括凤羽人和凤翼鸟.htm","Phoelarch_Phoelarch 凤凰蛹再版~包括凤羽人和凤翼鸟.htm",".htm","65300","1 核心补充书籍\MM3怪物图鉴3\怪物"
"1 核心补充书籍\MM3怪物图鉴3\怪物\Plague Brush 瘟疫藤球.htm","Plague Brush 瘟疫藤球.htm",".htm","30571","1 核心补充书籍\MM3怪物图鉴3\怪物"
"1 核心补充书籍\MM3怪物图鉴3\怪物\Plague Spewer 瘟疫呕吐怪.htm","Plague Spewer 瘟疫呕吐怪.htm",".htm","30635","1 核心补充书籍\MM3怪物图鉴3\怪物"
"1 核心补充书籍\MM3怪物图鉴3\怪物\Prismatic Golem 虹光魔像.htm","Prismatic Golem 虹光魔像.htm",".htm","31302","1 核心补充书籍\MM3怪物图鉴3\怪物"
"1 核心补充书籍\MM3怪物图鉴3\怪物\Protean Scourge 诡变灾魔.htm","Protean Scourge 诡变灾魔.htm",".htm","65908","1 核心补充书籍\MM3怪物图鉴3\怪物"
"1 核心补充书籍\MM3怪物图鉴3\怪物\Ragewalker 战舞精.htm","Ragewalker 战舞精.htm",".htm","37474","1 核心补充书籍\MM3怪物图鉴3\怪物"
"1 核心补充书籍\MM3怪物图鉴3\怪物\Rakshasa Akchazar 阿克查扎邪兽鬼.htm","Rakshasa Akchazar 阿克查扎邪兽鬼.htm",".htm","34936","1 核心补充书籍\MM3怪物图鉴3\怪物"
"1 核心补充书籍\MM3怪物图鉴3\怪物\Redcap 红帽子.htm","Redcap 红帽子.htm",".htm","64625","1 核心补充书籍\MM3怪物图鉴3\怪物"
"1 核心补充书籍\MM3怪物图鉴3\怪物\Rejkar 寒鹿.htm","Rejkar 寒鹿.htm",".htm","32531","1 核心补充书籍\MM3怪物图鉴3\怪物"
"1 核心补充书籍\MM3怪物图鉴3\怪物\Roper Prismatic 虹光树绳妖.htm","Roper Prismatic 虹光树绳妖.htm",".htm","31864","1 核心补充书籍\MM3怪物图鉴3\怪物"
"1 核心补充书籍\MM3怪物图鉴3\怪物\Rot Reaver 腐败掠夺者.htm","Rot Reaver 腐败掠夺者.htm",".htm","32894","1 核心补充书籍\MM3怪物图鉴3\怪物"
"1 核心补充书籍\MM3怪物图鉴3\怪物\Runehound 符文猎犬.htm","Runehound 符文猎犬.htm",".htm","33396","1 核心补充书籍\MM3怪物图鉴3\怪物"
"1 核心补充书籍\MM3怪物图鉴3\怪物\Salt Mummy 盐渍木乃伊.htm","Salt Mummy 盐渍木乃伊.htm",".htm","30040","1 核心补充书籍\MM3怪物图鉴3\怪物"
"1 核心补充书籍\MM3怪物图鉴3\怪物\Seryilin 海蛞蝓.htm","Seryilin 海蛞蝓.htm",".htm","60728","1 核心补充书籍\MM3怪物图鉴3\怪物"
"1 核心补充书籍\MM3怪物图鉴3\怪物\Shadestell Golem 影钢魔像.htm","Shadestell Golem 影钢魔像.htm",".htm","64693","1 核心补充书籍\MM3怪物图鉴3\怪物"
"1 核心补充书籍\MM3怪物图鉴3\怪物\Shimmerling Swarm 光灵聚落.htm","Shimmerling Swarm 光灵聚落.htm",".htm","31117","1 核心补充书籍\MM3怪物图鉴3\怪物"
"1 核心补充书籍\MM3怪物图鉴3\怪物\Shrieking Terror 嘶鸣骇鬼.htm","Shrieking Terror 嘶鸣骇鬼.htm",".htm","62268","1 核心补充书籍\MM3怪物图鉴3\怪物"
"1 核心补充书籍\MM3怪物图鉴3\怪物\Siege Crab and Greater Siege Crab 攻城蟹.htm","Siege Crab and Greater Siege Crab 攻城蟹.htm",".htm","64383","1 核心补充书籍\MM3怪物图鉴3\怪物"
"1 核心补充书籍\MM3怪物图鉴3\怪物\Skindancer 皮舞者.htm","Skindancer 皮舞者.htm",".htm","30768","1 核心补充书籍\MM3怪物图鉴3\怪物"
"1 核心补充书籍\MM3怪物图鉴3\怪物\Snowflake Ooze 泥形雪怪.htm","Snowflake Ooze 泥形雪怪.htm",".htm","32169","1 核心补充书籍\MM3怪物图鉴3\怪物"
"1 核心补充书籍\MM3怪物图鉴3\怪物\Splinterwaif 刺怪.htm","Splinterwaif 刺怪.htm",".htm","64151","1 核心补充书籍\MM3怪物图鉴3\怪物"
"1 核心补充书籍\MM3怪物图鉴3\怪物\Ssvaklor 翼蛇龙.htm","Ssvaklor 翼蛇龙.htm",".htm","61580","1 核心补充书籍\MM3怪物图鉴3\怪物"
"1 核心补充书籍\MM3怪物图鉴3\怪物\StoneSinger 石歌者.htm","StoneSinger 石歌者.htm",".htm","31779","1 核心补充书籍\MM3怪物图鉴3\怪物"
"1 核心补充书籍\MM3怪物图鉴3\怪物\Storm Elemental 风暴元素.htm","Storm Elemental 风暴元素.htm",".htm","178573","1 核心补充书籍\MM3怪物图鉴3\怪物"
"1 核心补充书籍\MM3怪物图鉴3\怪物\Summoning Ooze 泥形召唤怪.htm","Summoning Ooze 泥形召唤怪.htm",".htm","32393","1 核心补充书籍\MM3怪物图鉴3\怪物"
"1 核心补充书籍\MM3怪物图鉴3\怪物\Susurrus 碎音咏者.htm","Susurrus 碎音咏者.htm",".htm","30658","1 核心补充书籍\MM3怪物图鉴3\怪物"
"1 核心补充书籍\MM3怪物图鉴3\怪物\Swamp Strider Swarm 水沼蛛集群.htm","Swamp Strider Swarm 水沼蛛集群.htm",".htm","35205","1 核心补充书籍\MM3怪物图鉴3\怪物"
"1 核心补充书籍\MM3怪物图鉴3\怪物\Thorn 刺精.htm","Thorn 刺精.htm",".htm","32508","1 核心补充书籍\MM3怪物图鉴3\怪物"
"1 核心补充书籍\MM3怪物图鉴3\怪物\Topiary Guardian 植园守卫.htm","Topiary Guardian 植园守卫.htm",".htm","101955","1 核心补充书籍\MM3怪物图鉴3\怪物"
"1 核心补充书籍\MM3怪物图鉴3\怪物\Trilloch 三叶游灵.htm","Trilloch 三叶游灵.htm",".htm","31940","1 核心补充书籍\MM3怪物图鉴3\怪物"
"1 核心补充书籍\MM3怪物图鉴3\怪物\Troll,Forest 森林巨魔.htm","Troll,Forest 森林巨魔.htm",".htm","31168","1 核心补充书籍\MM3怪物图鉴3\怪物"
"1 核心补充书籍\MM3怪物图鉴3\怪物\Troll，Cave 洞穴巨魔.htm","Troll，Cave 洞穴巨魔.htm",".htm","31905","1 核心补充书籍\MM3怪物图鉴3\怪物"
"1 核心补充书籍\MM3怪物图鉴3\怪物\Troll，War 战争巨魔.htm","Troll，War 战争巨魔.htm",".htm","33461","1 核心补充书籍\MM3怪物图鉴3\怪物"
"1 核心补充书籍\MM3怪物图鉴3\怪物\Vasuthunt 黑洞怪.htm","Vasuthunt 黑洞怪.htm",".htm","66771","1 核心补充书籍\MM3怪物图鉴3\怪物"
"1 核心补充书籍\MM3怪物图鉴3\怪物\Vermin Lord 昆虫领主.htm","Vermin Lord 昆虫领主.htm",".htm","34884","1 核心补充书籍\MM3怪物图鉴3\怪物"
"1 核心补充书籍\MM3怪物图鉴3\怪物\Visilight 维斯光体.htm","Visilight 维斯光体.htm",".htm","33000","1 核心补充书籍\MM3怪物图鉴3\怪物"
"1 核心补充书籍\MM3怪物图鉴3\怪物\Web Golem 蛛网魔像.htm","Web Golem 蛛网魔像.htm",".htm","30594","1 核心补充书籍\MM3怪物图鉴3\怪物"
"1 核心补充书籍\MM3怪物图鉴3\怪物\Wood Woad 菘蓝树人.htm","Wood Woad 菘蓝树人.htm",".htm","30321","1 核心补充书籍\MM3怪物图鉴3\怪物"
"1 核心补充书籍\MM3怪物图鉴3\怪物\Yugoloth 尤格罗斯魔.htm","Yugoloth 尤格罗斯魔.htm",".htm","18434","1 核心补充书籍\MM3怪物图鉴3\怪物"
"1 核心补充书籍\MM3怪物图鉴3\怪物\纯美苹果园 -_ Akchazar Rakshasa阿克查扎邪兽鬼_files\1.jpg","1.jpg",".jpg","153939","1 核心补充书籍\MM3怪物图鉴3\怪物\纯美苹果园 -_ Akchazar Rakshasa阿克查扎邪兽鬼_files"
"1 核心补充书籍\MM3怪物图鉴3\怪物\纯美苹果园 -_ Ambush Drake_files\82960001.jpg","82960001.jpg",".jpg","142574","1 核心补充书籍\MM3怪物图鉴3\怪物\纯美苹果园 -_ Ambush Drake_files"
"1 核心补充书籍\MM3怪物图鉴3\怪物\纯美苹果园 -_ Astral Stalker_files\post-127.jpg","post-127.jpg",".jpg","50277","1 核心补充书籍\MM3怪物图鉴3\怪物\纯美苹果园 -_ Astral Stalker_files"
"1 核心补充书籍\MM3怪物图鉴3\怪物\纯美苹果园 -_ Battlebriar（战地石南）_files\82967000.jpg","82967000.jpg",".jpg","144693","1 核心补充书籍\MM3怪物图鉴3\怪物\纯美苹果园 -_ Battlebriar（战地石南）_files"
"1 核心补充书籍\MM3怪物图鉴3\怪物\纯美苹果园 -_ Bearhound 熊猎犬_files\dk2.jpg","dk2.jpg",".jpg","244668","1 核心补充书籍\MM3怪物图鉴3\怪物\纯美苹果园 -_ Bearhound 熊猎犬_files"
"1 核心补充书籍\MM3怪物图鉴3\怪物\纯美苹果园 -_ Boneclaw_files\82969000.jpg","82969000.jpg",".jpg","258511","1 核心补充书籍\MM3怪物图鉴3\怪物\纯美苹果园 -_ Boneclaw_files"
"1 核心补充书籍\MM3怪物图鉴3\怪物\纯美苹果园 -_ BoneDrinker_files\82970000.jpg","82970000.jpg",".jpg","245588","1 核心补充书籍\MM3怪物图鉴3\怪物\纯美苹果园 -_ BoneDrinker_files"
"1 核心补充书籍\MM3怪物图鉴3\怪物\纯美苹果园 -_ Cadaver Collector_files\82972000.jpg","82972000.jpg",".jpg","318041","1 核心补充书籍\MM3怪物图鉴3\怪物\纯美苹果园 -_ Cadaver Collector_files"
"1 核心补充书籍\MM3怪物图鉴3\怪物\纯美苹果园 -_ Demon,Arrow_files\post-127.jpg","post-127.jpg",".jpg","53081","1 核心补充书籍\MM3怪物图鉴3\怪物\纯美苹果园 -_ Demon,Arrow_files"
"1 核心补充书籍\MM3怪物图鉴3\怪物\纯美苹果园 -_ DRAGON EEL 龙镘_files\post-127.jpg","post-127.jpg",".jpg","39513","1 核心补充书籍\MM3怪物图鉴3\怪物\纯美苹果园 -_ DRAGON EEL 龙镘_files"
"1 核心补充书籍\MM3怪物图鉴3\怪物\纯美苹果园 -_ Dread Blossom Swarm_files\82978000.jpg","82978000.jpg",".jpg","280756","1 核心补充书籍\MM3怪物图鉴3\怪物\纯美苹果园 -_ Dread Blossom Swarm_files"
"1 核心补充书籍\MM3怪物图鉴3\怪物\纯美苹果园 -_ Ephemeral Swarm_files\82988000.jpg","82988000.jpg",".jpg","272944","1 核心补充书籍\MM3怪物图鉴3\怪物\纯美苹果园 -_ Ephemeral Swarm_files"
"1 核心补充书籍\MM3怪物图鉴3\怪物\纯美苹果园 -_ Geribiar 多臂巨人 p53_files\post-127.jpg","post-127.jpg",".jpg","53054","1 核心补充书籍\MM3怪物图鉴3\怪物\纯美苹果园 -_ Geribiar 多臂巨人 p53_files"
"1 核心补充书籍\MM3怪物图鉴3\怪物\纯美苹果园 -_ Giant,Death_files\82992000.jpg","82992000.jpg",".jpg","224304","1 核心补充书籍\MM3怪物图鉴3\怪物\纯美苹果园 -_ Giant,Death_files"
"1 核心补充书籍\MM3怪物图鉴3\怪物\纯美苹果园 -_ Glaistig_files\82995000.jpg","82995000.jpg",".jpg","206787","1 核心补充书籍\MM3怪物图鉴3\怪物\纯美苹果园 -_ Glaistig_files"
"1 核心补充书籍\MM3怪物图鉴3\怪物\纯美苹果园 -_ Gulgar 土晶人 p79_files\post-127.jpg","post-127.jpg",".jpg","57168","1 核心补充书籍\MM3怪物图鉴3\怪物\纯美苹果园 -_ Gulgar 土晶人 p79_files"
"1 核心补充书籍\MM3怪物图鉴3\怪物\纯美苹果园 -_ IRONCLAD MAULER_files\83076000.jpg","83076000.jpg",".jpg","310417","1 核心补充书籍\MM3怪物图鉴3\怪物\纯美苹果园 -_ IRONCLAD MAULER_files"
"1 核心补充书籍\MM3怪物图鉴3\怪物\纯美苹果园 -_ JUSTICATOR 审判者（或者叫堕落天使？）_files\83013000.jpg","83013000.jpg",".jpg","216771","1 核心补充书籍\MM3怪物图鉴3\怪物\纯美苹果园 -_ JUSTICATOR 审判者（或者叫堕落天使？）_files"
"1 核心补充书籍\MM3怪物图鉴3\怪物\纯美苹果园 -_ LHOSK蛛化人猿（XD，终于又完成一个了_files\83004000.jpg","83004000.jpg",".jpg","223745","1 核心补充书籍\MM3怪物图鉴3\怪物\纯美苹果园 -_ LHOSK蛛化人猿（XD，终于又完成一个了_files"
"1 核心补充书籍\MM3怪物图鉴3\怪物\纯美苹果园 -_ Lizardfolk,blackscale黑鳞蜥人族_files\83018000.jpg","83018000.jpg",".jpg","184541","1 核心补充书籍\MM3怪物图鉴3\怪物\纯美苹果园 -_ Lizardfolk,blackscale黑鳞蜥人族_files"
"1 核心补充书籍\MM3怪物图鉴3\怪物\纯美苹果园 -_ Lurking Strangler_files\83056000.jpg","83056000.jpg",".jpg","316508","1 核心补充书籍\MM3怪物图鉴3\怪物\纯美苹果园 -_ Lurking Strangler_files"
"1 核心补充书籍\MM3怪物图鉴3\怪物\纯美苹果园 -_ Mindshredder——裂心魔_files\83022000.jpg","83022000.jpg",".jpg","129875","1 核心补充书籍\MM3怪物图鉴3\怪物\纯美苹果园 -_ Mindshredder——裂心魔_files"
"1 核心补充书籍\MM3怪物图鉴3\怪物\纯美苹果园 -_ Mivilorn(象獒)_files\83023000.jpg","83023000.jpg",".jpg","150970","1 核心补充书籍\MM3怪物图鉴3\怪物\纯美苹果园 -_ Mivilorn(象獒)_files"
"1 核心补充书籍\MM3怪物图鉴3\怪物\纯美苹果园 -_ Necrothane腐败亡君_files\83045000.jpg","83045000.jpg",".jpg","145244","1 核心补充书籍\MM3怪物图鉴3\怪物\纯美苹果园 -_ Necrothane腐败亡君_files"
"1 核心补充书籍\MM3怪物图鉴3\怪物\纯美苹果园 -_ Omnimental_files\83030000.jpg","83030000.jpg",".jpg","156009","1 核心补充书籍\MM3怪物图鉴3\怪物\纯美苹果园 -_ Omnimental_files"
"1 核心补充书籍\MM3怪物图鉴3\怪物\纯美苹果园 -_ Prismatic Golem_files\83001000.jpg","83001000.jpg",".jpg","151180","1 核心补充书籍\MM3怪物图鉴3\怪物\纯美苹果园 -_ Prismatic Golem_files"
"1 核心补充书籍\MM3怪物图鉴3\怪物\纯美苹果园 -_ Protean Scourge_files\83005000.jpg","83005000.jpg",".jpg","149890","1 核心补充书籍\MM3怪物图鉴3\怪物\纯美苹果园 -_ Protean Scourge_files"
"1 核心补充书籍\MM3怪物图鉴3\怪物\纯美苹果园 -_ Redcap红帽子_files\83041000.jpg","83041000.jpg",".jpg","107425","1 核心补充书籍\MM3怪物图鉴3\怪物\纯美苹果园 -_ Redcap红帽子_files"
"1 核心补充书籍\MM3怪物图鉴3\怪物\纯美苹果园 -_ REJKAR 寒鹿 （P140）_files\83042000.jpg","83042000.jpg",".jpg","137964","1 核心补充书籍\MM3怪物图鉴3\怪物\纯美苹果园 -_ REJKAR 寒鹿 （P140）_files"
"1 核心补充书籍\MM3怪物图鉴3\怪物\纯美苹果园 -_ Roper Prismatic(虹光树绳妖)_files\83043000.jpg","83043000.jpg",".jpg","178179","1 核心补充书籍\MM3怪物图鉴3\怪物\纯美苹果园 -_ Roper Prismatic(虹光树绳妖)_files"
"1 核心补充书籍\MM3怪物图鉴3\怪物\纯美苹果园 -_ Rot Reaver腐败掠夺者_files\83044000.jpg","83044000.jpg",".jpg","188929","1 核心补充书籍\MM3怪物图鉴3\怪物\纯美苹果园 -_ Rot Reaver腐败掠夺者_files"
"1 核心补充书籍\MM3怪物图鉴3\怪物\纯美苹果园 -_ Shimmerling Swarm光灵聚落_files\83050000.jpg","83050000.jpg",".jpg","188980","1 核心补充书籍\MM3怪物图鉴3\怪物\纯美苹果园 -_ Shimmerling Swarm光灵聚落_files"
"1 核心补充书籍\MM3怪物图鉴3\怪物\纯美苹果园 -_ Shrieking Terror_files\83052000.jpg","83052000.jpg",".jpg","221185","1 核心补充书籍\MM3怪物图鉴3\怪物\纯美苹果园 -_ Shrieking Terror_files"
"1 核心补充书籍\MM3怪物图鉴3\怪物\纯美苹果园 -_ Siege Crab and Greater Siege Crab 攻城蟹_files\83053000.jpg","83053000.jpg",".jpg","232547","1 核心补充书籍\MM3怪物图鉴3\怪物\纯美苹果园 -_ Siege Crab and Greater Siege Crab 攻城蟹_files"
"1 核心补充书籍\MM3怪物图鉴3\怪物\纯美苹果园 -_ Snowflake Ooze_files\83054000.jpg","83054000.jpg",".jpg","177132","1 核心补充书籍\MM3怪物图鉴3\怪物\纯美苹果园 -_ Snowflake Ooze_files"
"1 核心补充书籍\MM3怪物图鉴3\怪物\纯美苹果园 -_ Storm Elemental(风暴元素)_files\82987000.jpg","82987000.jpg",".jpg","207102","1 核心补充书籍\MM3怪物图鉴3\怪物\纯美苹果园 -_ Storm Elemental(风暴元素)_files"
"1 核心补充书籍\MM3怪物图鉴3\怪物\纯美苹果园 -_ Summoning Ooze_files\83059000.jpg","83059000.jpg",".jpg","252392","1 核心补充书籍\MM3怪物图鉴3\怪物\纯美苹果园 -_ Summoning Ooze_files"
"1 核心补充书籍\MM3怪物图鉴3\怪物\纯美苹果园 -_ VASUTHUNT 黑洞怪 (182页)_files\83072000.jpg","83072000.jpg",".jpg","123839","1 核心补充书籍\MM3怪物图鉴3\怪物\纯美苹果园 -_ VASUTHUNT 黑洞怪 (182页)_files"
"1 核心补充书籍\MM3怪物图鉴3\怪物\纯美苹果园 -_ Yugoloth_files\83084000.jpg","83084000.jpg",".jpg","192299","1 核心补充书籍\MM3怪物图鉴3\怪物\纯美苹果园 -_ Yugoloth_files"
"1 核心补充书籍\MM3怪物图鉴3\怪物\纯美苹果园 -_ Yugoloth_files\83085000.jpg","83085000.jpg",".jpg","234657","1 核心补充书籍\MM3怪物图鉴3\怪物\纯美苹果园 -_ Yugoloth_files"
"1 核心补充书籍\MM3怪物图鉴3\怪物\纯美苹果园 -_ Yugoloth_files\83086000.jpg","83086000.jpg",".jpg","187649","1 核心补充书籍\MM3怪物图鉴3\怪物\纯美苹果园 -_ Yugoloth_files"
"1 核心补充书籍\MM3怪物图鉴3\怪物\纯美苹果园 -_ Yugoloth_files\83087000.jpg","83087000.jpg",".jpg","163430","1 核心补充书籍\MM3怪物图鉴3\怪物\纯美苹果园 -_ Yugoloth_files"
"1 核心补充书籍\MM3怪物图鉴3\怪物\纯美苹果园 -_ 三叶游灵（Trilloch）_files\83066000.jpg","83066000.jpg",".jpg","140666","1 核心补充书籍\MM3怪物图鉴3\怪物\纯美苹果园 -_ 三叶游灵（Trilloch）_files"
"1 核心补充书籍\MM3怪物图鉴3\怪物\纯美苹果园 -_ 丧钟甲虫（Knell Beetle）_files\83015000.jpg","83015000.jpg",".jpg","175373","1 核心补充书籍\MM3怪物图鉴3\怪物\纯美苹果园 -_ 丧钟甲虫（Knell Beetle）_files"
"1 核心补充书籍\MM3怪物图鉴3\怪物\纯美苹果园 -_ 凤凰蛹再版~包括凤羽人和凤翼鸟_files\83033000.jpg","83033000.jpg",".jpg","218333","1 核心补充书籍\MM3怪物图鉴3\怪物\纯美苹果园 -_ 凤凰蛹再版~包括凤羽人和凤翼鸟_files"
"1 核心补充书籍\MM3怪物图鉴3\怪物\纯美苹果园 -_ 刺怪（Splinterwaif）（166页）_files\83057000.jpg","83057000.jpg",".jpg","362765","1 核心补充书籍\MM3怪物图鉴3\怪物\纯美苹果园 -_ 刺怪（Splinterwaif）（166页）_files"
"1 核心补充书籍\MM3怪物图鉴3\怪物\纯美苹果园 -_ 刺精（Thorn）_files\83063000.jpg","83063000.jpg",".jpg","205852","1 核心补充书籍\MM3怪物图鉴3\怪物\纯美苹果园 -_ 刺精（Thorn）_files"
"1 核心补充书籍\MM3怪物图鉴3\怪物\纯美苹果园 -_ 卷匣魔像(Grisgol)_files\83006000.jpg","83006000.jpg",".jpg","269032","1 核心补充书籍\MM3怪物图鉴3\怪物\纯美苹果园 -_ 卷匣魔像(Grisgol)_files"
"1 核心补充书籍\MM3怪物图鉴3\怪物\纯美苹果园 -_ 哀咒魔（Demon sorrowsworn）(暂定译名)_files\82981000.jpg","82981000.jpg",".jpg","203918","1 核心补充书籍\MM3怪物图鉴3\怪物\纯美苹果园 -_ 哀咒魔（Demon sorrowsworn）(暂定译名)_files"
"1 核心补充书籍\MM3怪物图鉴3\怪物\纯美苹果园 -_ 寒冷复仇者(Chraal)(暂定译名)_files\82975000.jpg","82975000.jpg",".jpg","173707","1 核心补充书籍\MM3怪物图鉴3\怪物\纯美苹果园 -_ 寒冷复仇者(Chraal)(暂定译名)_files"
"1 核心补充书籍\MM3怪物图鉴3\怪物\纯美苹果园 -_ 尸骸猎犬 Charnel Hound_files\82974000.jpg","82974000.jpg",".jpg","142570","1 核心补充书籍\MM3怪物图鉴3\怪物\纯美苹果园 -_ 尸骸猎犬 Charnel Hound_files"
"1 核心补充书籍\MM3怪物图鉴3\怪物\纯美苹果园 -_ 山脉巨魔_files\83070000.jpg","83070000.jpg",".jpg","227046","1 核心补充书籍\MM3怪物图鉴3\怪物\纯美苹果园 -_ 山脉巨魔_files"
"1 核心补充书籍\MM3怪物图鉴3\怪物\纯美苹果园 -_ 崩塌兽Avalancher_files\82966000.jpg","82966000.jpg",".jpg","227517","1 核心补充书籍\MM3怪物图鉴3\怪物\纯美苹果园 -_ 崩塌兽Avalancher_files"
"1 核心补充书籍\MM3怪物图鉴3\怪物\纯美苹果园 -_ 影钢魔像(Shadestell Golem)_files\83002000.jpg","83002000.jpg",".jpg","200664","1 核心补充书籍\MM3怪物图鉴3\怪物\纯美苹果园 -_ 影钢魔像(Shadestell Golem)_files"
"1 核心补充书籍\MM3怪物图鉴3\怪物\纯美苹果园 -_ 很久以前翻译的_奥法泥形怪_files\82961000.jpg","82961000.jpg",".jpg","115866","1 核心补充书籍\MM3怪物图鉴3\怪物\纯美苹果园 -_ 很久以前翻译的_奥法泥形怪_files"
"1 核心补充书籍\MM3怪物图鉴3\怪物\纯美苹果园 -_ 战争巨魔（Troll，War）_files\83071000.jpg","83071000.jpg",".jpg","237430","1 核心补充书籍\MM3怪物图鉴3\怪物\纯美苹果园 -_ 战争巨魔（Troll，War）_files"
"1 核心补充书籍\MM3怪物图鉴3\怪物\纯美苹果园 -_ 战舞精（Ragewalker）_files\83038000.jpg","83038000.jpg",".jpg","231507","1 核心补充书籍\MM3怪物图鉴3\怪物\纯美苹果园 -_ 战舞精（Ragewalker）_files"
"1 核心补充书籍\MM3怪物图鉴3\怪物\纯美苹果园 -_ 拟音血蛛（Chelicera）_files\83080000.jpg","83080000.jpg",".jpg","220808","1 核心补充书籍\MM3怪物图鉴3\怪物\纯美苹果园 -_ 拟音血蛛（Chelicera）_files"
"1 核心补充书籍\MM3怪物图鉴3\怪物\纯美苹果园 -_ 昆虫领主（Vermin Lord）（184页）_files\83073000.jpg","83073000.jpg",".jpg","153513","1 核心补充书籍\MM3怪物图鉴3\怪物\纯美苹果园 -_ 昆虫领主（Vermin Lord）（184页）_files"
"1 核心补充书籍\MM3怪物图鉴3\怪物\纯美苹果园 -_ 森林巨魔（Troll,Forest）（180页）_files\83069000.jpg","83069000.jpg",".jpg","140332","1 核心补充书籍\MM3怪物图鉴3\怪物\纯美苹果园 -_ 森林巨魔（Troll,Forest）（180页）_files"
"1 核心补充书籍\MM3怪物图鉴3\怪物\纯美苹果园 -_ 植园守卫（Topiary Guardian）_files\83064000.jpg","83064000.jpg",".jpg","209852","1 核心补充书籍\MM3怪物图鉴3\怪物\纯美苹果园 -_ 植园守卫（Topiary Guardian）_files"
"1 核心补充书籍\MM3怪物图鉴3\怪物\纯美苹果园 -_ 死亡尖叫者（DeathShriker）(暂定译名)_files\82979000.jpg","82979000.jpg",".jpg","201153","1 核心补充书籍\MM3怪物图鉴3\怪物\纯美苹果园 -_ 死亡尖叫者（DeathShriker）(暂定译名)_files"
"1 核心补充书籍\MM3怪物图鉴3\怪物\纯美苹果园 -_ 死亡巡猎者_files\83024000.jpg","83024000.jpg",".jpg","208444","1 核心补充书籍\MM3怪物图鉴3\怪物\纯美苹果园 -_ 死亡巡猎者_files"
"1 核心补充书籍\MM3怪物图鉴3\怪物\纯美苹果园 -_ 死刺蜘蛛_恐惧死刺蜘蛛（HarpoonSpider_DreadHarpoonSpider）_files\83008000.jpg","83008000.jpg",".jpg","228564","1 核心补充书籍\MM3怪物图鉴3\怪物\纯美苹果园 -_ 死刺蜘蛛_恐惧死刺蜘蛛（HarpoonSpider_DreadHarpoonSpider）_files"
"1 核心补充书籍\MM3怪物图鉴3\怪物\纯美苹果园 -_ 水沼蛛集群（Swamp Strider Swarm）_files\83061000.jpg","83061000.jpg",".jpg","222981","1 核心补充书籍\MM3怪物图鉴3\怪物\纯美苹果园 -_ 水沼蛛集群（Swamp Strider Swarm）_files"
"1 核心补充书籍\MM3怪物图鉴3\怪物\纯美苹果园 -_ 汲能食腐怪Otyugh, Lifeleech_files\83031000.jpg","83031000.jpg",".jpg","259483","1 核心补充书籍\MM3怪物图鉴3\怪物\纯美苹果园 -_ 汲能食腐怪Otyugh, Lifeleech_files"
"1 核心补充书籍\MM3怪物图鉴3\怪物\纯美苹果园 -_ 沙尘恶灵（Dust Wight）_files\82986000.jpg","82986000.jpg",".jpg","286005","1 核心补充书籍\MM3怪物图鉴3\怪物\纯美苹果园 -_ 沙尘恶灵（Dust Wight）_files"
"1 核心补充书籍\MM3怪物图鉴3\怪物\纯美苹果园 -_ 泥土魔像(Mud Golem)_files\83000000.jpg","83000000.jpg",".jpg","235555","1 核心补充书籍\MM3怪物图鉴3\怪物\纯美苹果园 -_ 泥土魔像(Mud Golem)_files"
"1 核心补充书籍\MM3怪物图鉴3\怪物\纯美苹果园 -_ 洞穴巨魔〔Troll，Cave〕_files\83067000.jpg","83067000.jpg",".jpg","164748","1 核心补充书籍\MM3怪物图鉴3\怪物\纯美苹果园 -_ 洞穴巨魔〔Troll，Cave〕_files"
"1 核心补充书籍\MM3怪物图鉴3\怪物\纯美苹果园 -_ 海蛞蝓（Seryilin）（150页）_files\83048000.jpg","83048000.jpg",".jpg","160454","1 核心补充书籍\MM3怪物图鉴3\怪物\纯美苹果园 -_ 海蛞蝓（Seryilin）（150页）_files"
"1 核心补充书籍\MM3怪物图鉴3\怪物\纯美苹果园 -_ 深黯魔像（Gloom Golem）_files\82998000.jpg","82998000.jpg",".jpg","338572","1 核心补充书籍\MM3怪物图鉴3\怪物\纯美苹果园 -_ 深黯魔像（Gloom Golem）_files"
"1 核心补充书籍\MM3怪物图鉴3\怪物\纯美苹果园 -_ 溺死鬼_files\82985000.jpg","82985000.jpg",".jpg","372799","1 核心补充书籍\MM3怪物图鉴3\怪物\纯美苹果园 -_ 溺死鬼_files"
"1 核心补充书籍\MM3怪物图鉴3\怪物\纯美苹果园 -_ 火渣集群(cinder swarm)_files\82976000.jpg","82976000.jpg",".jpg","183581","1 核心补充书籍\MM3怪物图鉴3\怪物\纯美苹果园 -_ 火渣集群(cinder swarm)_files"
"1 核心补充书籍\MM3怪物图鉴3\怪物\纯美苹果园 -_ 火灾泥怪_files\82977000.jpg","82977000.jpg",".jpg","219603","1 核心补充书籍\MM3怪物图鉴3\怪物\纯美苹果园 -_ 火灾泥怪_files"
"1 核心补充书籍\MM3怪物图鉴3\怪物\纯美苹果园 -_ 炼金术魔像（Alchemical Golem）_files\82997000.jpg","82997000.jpg",".jpg","323718","1 核心补充书籍\MM3怪物图鉴3\怪物\纯美苹果园 -_ 炼金术魔像（Alchemical Golem）_files"
"1 核心补充书籍\MM3怪物图鉴3\怪物\纯美苹果园 -_ 瘟疫呕吐怪 Plague Spewer_files\83035000.jpg","83035000.jpg",".jpg","202437","1 核心补充书籍\MM3怪物图鉴3\怪物\纯美苹果园 -_ 瘟疫呕吐怪 Plague Spewer_files"
"1 核心补充书籍\MM3怪物图鉴3\怪物\纯美苹果园 -_ 瘟疫藤球 (Plague Brush)_files\83034000.jpg","83034000.jpg",".jpg","240786","1 核心补充书籍\MM3怪物图鉴3\怪物\纯美苹果园 -_ 瘟疫藤球 (Plague Brush)_files"
"1 核心补充书籍\MM3怪物图鉴3\怪物\纯美苹果园 -_ 百目鬼（Odopi）_files\83028000.jpg","83028000.jpg",".jpg","319907","1 核心补充书籍\MM3怪物图鉴3\怪物\纯美苹果园 -_ 百目鬼（Odopi）_files"
"1 核心补充书籍\MM3怪物图鉴3\怪物\纯美苹果园 -_ 皮舞者_files\83012000.jpg","83012000.jpg",".jpg","245399","1 核心补充书籍\MM3怪物图鉴3\怪物\纯美苹果园 -_ 皮舞者_files"
"1 核心补充书籍\MM3怪物图鉴3\怪物\纯美苹果园 -_ 盐渍木乃伊_files\83046000.jpg","83046000.jpg",".jpg","247687","1 核心补充书籍\MM3怪物图鉴3\怪物\纯美苹果园 -_ 盐渍木乃伊_files"
"1 核心补充书籍\MM3怪物图鉴3\怪物\纯美苹果园 -_ 石歌者（StoneSinger）_files\83065000.jpg","83065000.jpg",".jpg","122199","1 核心补充书籍\MM3怪物图鉴3\怪物\纯美苹果园 -_ 石歌者（StoneSinger）_files"
"1 核心补充书籍\MM3怪物图鉴3\怪物\纯美苹果园 -_ 碎音咏者（Susurrus）（170页）_files\83060000.jpg","83060000.jpg",".jpg","190605","1 核心补充书籍\MM3怪物图鉴3\怪物\纯美苹果园 -_ 碎音咏者（Susurrus）（170页）_files"
"1 核心补充书籍\MM3怪物图鉴3\怪物\纯美苹果园 -_ 绞杀魔像 Hangman Golem_files\post-127.jpg","post-127.jpg",".jpg","16228","1 核心补充书籍\MM3怪物图鉴3\怪物\纯美苹果园 -_ 绞杀魔像 Hangman Golem_files"
"1 核心补充书籍\MM3怪物图鉴3\怪物\纯美苹果园 -_ 维斯光体_files\83074000.jpg","83074000.jpg",".jpg","178502","1 核心补充书籍\MM3怪物图鉴3\怪物\纯美苹果园 -_ 维斯光体_files"
"1 核心补充书籍\MM3怪物图鉴3\怪物\纯美苹果园 -_ 翼蛇龙（SSVAKLOR）及变大版本_files\83058000.jpg","83058000.jpg",".jpg","216947","1 核心补充书籍\MM3怪物图鉴3\怪物\纯美苹果园 -_ 翼蛇龙（SSVAKLOR）及变大版本_files"
"1 核心补充书籍\MM3怪物图鉴3\怪物\纯美苹果园 -_ 航母虫_files\82971000.jpg","82971000.jpg",".jpg","120078","1 核心补充书籍\MM3怪物图鉴3\怪物\纯美苹果园 -_ 航母虫_files"
"1 核心补充书籍\MM3怪物图鉴3\怪物\纯美苹果园 -_ 花精（Petal）_files\83032000.jpg","83032000.jpg",".jpg","174635","1 核心补充书籍\MM3怪物图鉴3\怪物\纯美苹果园 -_ 花精（Petal）_files"
"1 核心补充书籍\MM3怪物图鉴3\怪物\纯美苹果园 -_ 菘蓝树人（Wood Woad）（196页）_files\83083000.jpg","83083000.jpg",".jpg","137379","1 核心补充书籍\MM3怪物图鉴3\怪物\纯美苹果园 -_ 菘蓝树人（Wood Woad）（196页）_files"
"1 核心补充书籍\MM3怪物图鉴3\怪物\纯美苹果园 -_ 蛛网魔像_files\83003000.jpg","83003000.jpg",".jpg","265309","1 核心补充书籍\MM3怪物图鉴3\怪物\纯美苹果园 -_ 蛛网魔像_files"
"1 核心补充书籍\MM3怪物图鉴3\怪物\纯美苹果园 -_ 邪术巨人（Giant,Eldritch）_files\82993000.jpg","82993000.jpg",".jpg","276256","1 核心补充书籍\MM3怪物图鉴3\怪物\纯美苹果园 -_ 邪术巨人（Giant,Eldritch）_files"
"1 核心补充书籍\MM3怪物图鉴3\怪物\纯美苹果园 -_ 针齿龙群（Needletooth Swarm）_files\83025000.jpg","83025000.jpg",".jpg","262517","1 核心补充书籍\MM3怪物图鉴3\怪物\纯美苹果园 -_ 针齿龙群（Needletooth Swarm）_files"
"1 核心补充书籍\MM3怪物图鉴3\怪物\纯美苹果园 -_ 鸮木（Night Twist）_files\83026000.jpg","83026000.jpg",".jpg","177931","1 核心补充书籍\MM3怪物图鉴3\怪物\纯美苹果园 -_ 鸮木（Night Twist）_files"
"1 核心补充书籍\MM3怪物图鉴3\模板\Living Spell 活化咒语.htm","Living Spell 活化咒语.htm",".htm","141264","1 核心补充书籍\MM3怪物图鉴3\模板"
"1 核心补充书籍\MM3怪物图鉴3\模板\Spellwarped Creature 法曲生物.htm","Spellwarped Creature 法曲生物.htm",".htm","38737","1 核心补充书籍\MM3怪物图鉴3\模板"
"1 核心补充书籍\MM3怪物图鉴3\模板\Voidmind Creature 漠心生物.htm","Voidmind Creature 漠心生物.htm",".htm","65270","1 核心补充书籍\MM3怪物图鉴3\模板"
"1 核心补充书籍\MM3怪物图鉴3\模板\Woodling 树化生物.htm","Woodling 树化生物.htm",".htm","90352","1 核心补充书籍\MM3怪物图鉴3\模板"
"1 核心补充书籍\MM3怪物图鉴3\玩家可选\Armand 阿曼德人.htm","Armand 阿曼德人.htm",".htm","65875","1 核心补充书籍\MM3怪物图鉴3\玩家可选"
"1 核心补充书籍\MM3怪物图鉴3\玩家可选\Changeling 半变形怪.htm","Changeling 半变形怪.htm",".htm","67134","1 核心补充书籍\MM3怪物图鉴3\玩家可选"
"1 核心补充书籍\MM3怪物图鉴3\玩家可选\Dracotaur 龙兽人.htm","Dracotaur 龙兽人.htm",".htm","66837","1 核心补充书籍\MM3怪物图鉴3\玩家可选"
"1 核心补充书籍\MM3怪物图鉴3\玩家可选\Forestkith Goblin 林仆地精.htm","Forestkith Goblin 林仆地精.htm",".htm","66059","1 核心补充书籍\MM3怪物图鉴3\玩家可选"
"1 核心补充书籍\MM3怪物图鉴3\玩家可选\Giant,sand 沙巨人.htm","Giant,sand 沙巨人.htm",".htm","62106","1 核心补充书籍\MM3怪物图鉴3\玩家可选"
"1 核心补充书籍\MM3怪物图鉴3\玩家可选\Gnoll,Flind 弗林得，豺狼人.htm","Gnoll,Flind 弗林得，豺狼人.htm",".htm","33160","1 核心补充书籍\MM3怪物图鉴3\玩家可选"
"1 核心补充书籍\MM3怪物图鉴3\玩家可选\Gotafolk(IBIXIAN) 山羊人（伊比西安）.htm","Gotafolk(IBIXIAN) 山羊人（伊比西安）.htm",".htm","34626","1 核心补充书籍\MM3怪物图鉴3\玩家可选"
"1 核心补充书籍\MM3怪物图鉴3\玩家可选\Harssafs 尖刺猎人.htm","Harssafs 尖刺猎人.htm",".htm","36079","1 核心补充书籍\MM3怪物图鉴3\玩家可选"
"1 核心补充书籍\MM3怪物图鉴3\玩家可选\Kenku 天狗.htm","Kenku 天狗.htm",".htm","71935","1 核心补充书籍\MM3怪物图鉴3\玩家可选"
"1 核心补充书籍\MM3怪物图鉴3\玩家可选\Lizardfolk,Poison Dusk 毒暮蜥人族.htm","Lizardfolk,Poison Dusk 毒暮蜥人族.htm",".htm","63824","1 核心补充书籍\MM3怪物图鉴3\玩家可选"
"1 核心补充书籍\MM3怪物图鉴3\玩家可选\Lumi 光民.htm","Lumi 光民.htm",".htm","67246","1 核心补充书籍\MM3怪物图鉴3\玩家可选"
"1 核心补充书籍\MM3怪物图鉴3\玩家可选\Nycter 尼克特蝠人.htm","Nycter 尼克特蝠人.htm",".htm","61778","1 核心补充书籍\MM3怪物图鉴3\玩家可选"
"1 核心补充书籍\MM3怪物图鉴3\玩家可选\Ogre,Skullcrusher 碎颅食人魔.htm","Ogre,Skullcrusher 碎颅食人魔.htm",".htm","66343","1 核心补充书籍\MM3怪物图鉴3\玩家可选"
"1 核心补充书籍\MM3怪物图鉴3\玩家可选\Quaraphon 夸拉芬.htm","Quaraphon 夸拉芬.htm",".htm","61326","1 核心补充书籍\MM3怪物图鉴3\玩家可选"
"1 核心补充书籍\MM3怪物图鉴3\玩家可选\Rakshasa,Naztharune 纳达鲁恩邪兽鬼.htm","Rakshasa,Naztharune 纳达鲁恩邪兽鬼.htm",".htm","35195","1 核心补充书籍\MM3怪物图鉴3\玩家可选"
"1 核心补充书籍\MM3怪物图鉴3\玩家可选\Shifter 半兽化人.htm","Shifter 半兽化人.htm",".htm","36767","1 核心补充书籍\MM3怪物图鉴3\玩家可选"
"1 核心补充书籍\MM3怪物图鉴3\玩家可选\Troll,Crystalline 水晶巨魔.htm","Troll,Crystalline 水晶巨魔.htm",".htm","33528","1 核心补充书籍\MM3怪物图鉴3\玩家可选"
"1 核心补充书籍\MM3怪物图鉴3\玩家可选\Warforged 机关人.htm","Warforged 机关人.htm",".htm","97236","1 核心补充书籍\MM3怪物图鉴3\玩家可选"
"1 核心补充书籍\MM3怪物图鉴3\玩家可选\Witchknife 巫刃.htm","Witchknife 巫刃.htm",".htm","53386","1 核心补充书籍\MM3怪物图鉴3\玩家可选"
"1 核心补充书籍\MM3怪物图鉴3\玩家可选\纯美苹果园 -_ ARMAND 阿曼德人_files\82962000.jpg","82962000.jpg",".jpg","206924","1 核心补充书籍\MM3怪物图鉴3\玩家可选\纯美苹果园 -_ ARMAND 阿曼德人_files"
"1 核心补充书籍\MM3怪物图鉴3\玩家可选\纯美苹果园 -_ Changeling_files\82973000.jpg","82973000.jpg",".jpg","179309","1 核心补充书籍\MM3怪物图鉴3\玩家可选\纯美苹果园 -_ Changeling_files"
"1 核心补充书籍\MM3怪物图鉴3\玩家可选\纯美苹果园 -_ Forestkith Goblin_files\82990000.jpg","82990000.jpg",".jpg","284670","1 核心补充书籍\MM3怪物图鉴3\玩家可选\纯美苹果园 -_ Forestkith Goblin_files"
"1 核心补充书籍\MM3怪物图鉴3\玩家可选\纯美苹果园 -_ Gnoll,Flind_files\82996000.jpg","82996000.jpg",".jpg","229902","1 核心补充书籍\MM3怪物图鉴3\玩家可选\纯美苹果园 -_ Gnoll,Flind_files"
"1 核心补充书籍\MM3怪物图鉴3\玩家可选\纯美苹果园 -_ gotafolk(IBIXIAN) 山羊人（伊比西安）_files\83011000.jpg","83011000.jpg",".jpg","184356","1 核心补充书籍\MM3怪物图鉴3\玩家可选\纯美苹果园 -_ gotafolk(IBIXIAN) 山羊人（伊比西安）_files"
"1 核心补充书籍\MM3怪物图鉴3\玩家可选\纯美苹果园 -_ Harssafs 尖刺猎人_files\83009000.jpg","83009000.jpg",".jpg","214374","1 核心补充书籍\MM3怪物图鉴3\玩家可选\纯美苹果园 -_ Harssafs 尖刺猎人_files"
"1 核心补充书籍\MM3怪物图鉴3\玩家可选\纯美苹果园 -_ Kenku_files\83014000.jpg","83014000.jpg",".jpg","128253","1 核心补充书籍\MM3怪物图鉴3\玩家可选\纯美苹果园 -_ Kenku_files"
"1 核心补充书籍\MM3怪物图鉴3\玩家可选\纯美苹果园 -_ Lizardfolk,Poison Dusk_files\83019000.jpg","83019000.jpg",".jpg","281089","1 核心补充书籍\MM3怪物图鉴3\玩家可选\纯美苹果园 -_ Lizardfolk,Poison Dusk_files"
"1 核心补充书籍\MM3怪物图鉴3\玩家可选\纯美苹果园 -_ Lumi光民（未审阅，已勘误）_files\83020000.jpg","83020000.jpg",".jpg","193109","1 核心补充书籍\MM3怪物图鉴3\玩家可选\纯美苹果园 -_ Lumi光民（未审阅，已勘误）_files"
"1 核心补充书籍\MM3怪物图鉴3\玩家可选\纯美苹果园 -_ Nycter尼克特蝠人_files\83027000.jpg","83027000.jpg",".jpg","209949","1 核心补充书籍\MM3怪物图鉴3\玩家可选\纯美苹果园 -_ Nycter尼克特蝠人_files"
"1 核心补充书籍\MM3怪物图鉴3\玩家可选\纯美苹果园 -_ Quaraphon夸拉芬_files\83036000.jpg","83036000.jpg",".jpg","179559","1 核心补充书籍\MM3怪物图鉴3\玩家可选\纯美苹果园 -_ Quaraphon夸拉芬_files"
"1 核心补充书籍\MM3怪物图鉴3\玩家可选\纯美苹果园 -_ Rakshasa,Naztharune纳达鲁恩邪兽鬼_files\83040000.jpg","83040000.jpg",".jpg","170402","1 核心补充书籍\MM3怪物图鉴3\玩家可选\纯美苹果园 -_ Rakshasa,Naztharune纳达鲁恩邪兽鬼_files"
"1 核心补充书籍\MM3怪物图鉴3\玩家可选\纯美苹果园 -_ Shifter_files\83049000.jpg","83049000.jpg",".jpg","223539","1 核心补充书籍\MM3怪物图鉴3\玩家可选\纯美苹果园 -_ Shifter_files"
"1 核心补充书籍\MM3怪物图鉴3\玩家可选\纯美苹果园 -_ 巫刃（Witchknife）（194页）_files\82965000.jpg","82965000.jpg",".jpg","203711","1 核心补充书籍\MM3怪物图鉴3\玩家可选\纯美苹果园 -_ 巫刃（Witchknife）（194页）_files"
"1 核心补充书籍\MM3怪物图鉴3\玩家可选\纯美苹果园 -_ 机关人（Warforged）_files\82166000.jpg","82166000.jpg",".jpg","62531","1 核心补充书籍\MM3怪物图鉴3\玩家可选\纯美苹果园 -_ 机关人（Warforged）_files"
"1 核心补充书籍\MM3怪物图鉴3\玩家可选\纯美苹果园 -_ 机关人（Warforged）_files\83077000.jpg","83077000.jpg",".jpg","144609","1 核心补充书籍\MM3怪物图鉴3\玩家可选\纯美苹果园 -_ 机关人（Warforged）_files"
"1 核心补充书籍\MM3怪物图鉴3\玩家可选\纯美苹果园 -_ 机关人（Warforged）_files\83078000.jpg","83078000.jpg",".jpg","183625","1 核心补充书籍\MM3怪物图鉴3\玩家可选\纯美苹果园 -_ 机关人（Warforged）_files"
"1 核心补充书籍\MM3怪物图鉴3\玩家可选\纯美苹果园 -_ 沙巨人Giant,sand_files\82994000.jpg","82994000.jpg",".jpg","141630","1 核心补充书籍\MM3怪物图鉴3\玩家可选\纯美苹果园 -_ 沙巨人Giant,sand_files"
"1 核心补充书籍\MM3怪物图鉴3\玩家可选\纯美苹果园 -_ 碎颅食人魔(Ogre,Skullcrusher)_files\83029000.jpg","83029000.jpg",".jpg","305659","1 核心补充书籍\MM3怪物图鉴3\玩家可选\纯美苹果园 -_ 碎颅食人魔(Ogre,Skullcrusher)_files"
"1 核心补充书籍\MM3怪物图鉴3\玩家可选\纯美苹果园 -_ 龙兽人(Dracotaur)_files\82984000.jpg","82984000.jpg",".jpg","220496","1 核心补充书籍\MM3怪物图鉴3\玩家可选\纯美苹果园 -_ 龙兽人(Dracotaur)_files"
"1 核心补充书籍\MM4怪物图鉴4\封面.htm","封面.htm",".htm","41857","1 核心补充书籍\MM4怪物图鉴4"
"1 核心补充书籍\MM4怪物图鉴4\怪物专长.htm","怪物专长.htm",".htm","8706","1 核心补充书籍\MM4怪物图鉴4"
"1 核心补充书籍\MM4怪物图鉴4\怪物\[MM4] 林翠之子.htm","[MM4] 林翠之子.htm",".htm","13272","1 核心补充书籍\MM4怪物图鉴4\怪物"
"1 核心补充书籍\MM4怪物图鉴4\怪物\[MM4]为死而生-泽恩刃奴.htm","[MM4]为死而生-泽恩刃奴.htm",".htm","10630","1 核心补充书籍\MM4怪物图鉴4\怪物"
"1 核心补充书籍\MM4怪物图鉴4\怪物\[MM4]施法者之咒-泽恩噬魔体.htm","[MM4]施法者之咒-泽恩噬魔体.htm",".htm","10718","1 核心补充书籍\MM4怪物图鉴4\怪物"
"1 核心补充书籍\MM4怪物图鉴4\怪物\云帆蛇.htm","云帆蛇.htm",".htm","119814","1 核心补充书籍\MM4怪物图鉴4\怪物"
"1 核心补充书籍\MM4怪物图鉴4\怪物\利牙魔像.htm","利牙魔像.htm",".htm","105548","1 核心补充书籍\MM4怪物图鉴4\怪物"
"1 核心补充书籍\MM4怪物图鉴4\怪物\发条修理匠.htm","发条修理匠.htm",".htm","12837","1 核心补充书籍\MM4怪物图鉴4\怪物"
"1 核心补充书籍\MM4怪物图鉴4\怪物\发条战马.htm","发条战马.htm",".htm","9602","1 核心补充书籍\MM4怪物图鉴4\怪物"
"1 核心补充书籍\MM4怪物图鉴4\怪物\地狱蛛.htm","地狱蛛.htm",".htm","8788","1 核心补充书籍\MM4怪物图鉴4\怪物"
"1 核心补充书籍\MM4怪物图鉴4\怪物\均衡杀手.htm","均衡杀手.htm",".htm","10230","1 核心补充书籍\MM4怪物图鉴4\怪物"
"1 核心补充书籍\MM4怪物图鉴4\怪物\墓穴蛛.htm","墓穴蛛.htm",".htm","18511","1 核心补充书籍\MM4怪物图鉴4\怪物"
"1 核心补充书籍\MM4怪物图鉴4\怪物\夸葛兰巨人.htm","夸葛兰巨人.htm",".htm","47953","1 核心补充书籍\MM4怪物图鉴4\怪物"
"1 核心补充书籍\MM4怪物图鉴4\怪物\尖啸魔蜂.htm","尖啸魔蜂.htm",".htm","131439","1 核心补充书籍\MM4怪物图鉴4\怪物"
"1 核心补充书籍\MM4怪物图鉴4\怪物\屠法者集群.htm","屠法者集群.htm",".htm","15759","1 核心补充书籍\MM4怪物图鉴4\怪物"
"1 核心补充书籍\MM4怪物图鉴4\怪物\巨角牛头人.htm","巨角牛头人.htm",".htm","83897","1 核心补充书籍\MM4怪物图鉴4\怪物"
"1 核心补充书籍\MM4怪物图鉴4\怪物\怪物.htm","怪物.htm",".htm","1149","1 核心补充书籍\MM4怪物图鉴4\怪物"
"1 核心补充书籍\MM4怪物图鉴4\怪物\愤怒荆棘.htm","愤怒荆棘.htm",".htm","9579","1 核心补充书籍\MM4怪物图鉴4\怪物"
"1 核心补充书籍\MM4怪物图鉴4\怪物\时械蟑螂.htm","时械蟑螂.htm",".htm","9988","1 核心补充书籍\MM4怪物图鉴4\怪物"
"1 核心补充书籍\MM4怪物图鉴4\怪物\正义神使.htm","正义神使.htm",".htm","119471","1 核心补充书籍\MM4怪物图鉴4\怪物"
"1 核心补充书籍\MM4怪物图鉴4\怪物\泽恩.htm","泽恩.htm",".htm","9288","1 核心补充书籍\MM4怪物图鉴4\怪物"
"1 核心补充书籍\MM4怪物图鉴4\怪物\潜猎兽.htm","潜猎兽.htm",".htm","16794","1 核心补充书籍\MM4怪物图鉴4\怪物"
"1 核心补充书籍\MM4怪物图鉴4\怪物\炎血泥怪.htm","炎血泥怪.htm",".htm","12775","1 核心补充书籍\MM4怪物图鉴4\怪物"
"1 核心补充书籍\MM4怪物图鉴4\怪物\狼地精.htm","狼地精.htm",".htm","81018","1 核心补充书籍\MM4怪物图鉴4\怪物"
"1 核心补充书籍\MM4怪物图鉴4\怪物\矮人始祖.htm","矮人始祖.htm",".htm","83173","1 核心补充书籍\MM4怪物图鉴4\怪物"
"1 核心补充书籍\MM4怪物图鉴4\怪物\破败衍体.htm","破败衍体.htm",".htm","10127","1 核心补充书籍\MM4怪物图鉴4\怪物"
"1 核心补充书籍\MM4怪物图鉴4\怪物\窃颜者.htm","窃颜者.htm",".htm","65919","1 核心补充书籍\MM4怪物图鉴4\怪物"
"1 核心补充书籍\MM4怪物图鉴4\怪物\腐烂泥怪.htm","腐烂泥怪.htm",".htm","61039","1 核心补充书籍\MM4怪物图鉴4\怪物"
"1 核心补充书籍\MM4怪物图鉴4\怪物\血丝蜘蛛.htm","血丝蜘蛛.htm",".htm","11047","1 核心补充书籍\MM4怪物图鉴4\怪物"
"1 核心补充书籍\MM4怪物图鉴4\怪物\血躯壮汉.htm","血躯壮汉.htm",".htm","15037","1 核心补充书籍\MM4怪物图鉴4\怪物"
"1 核心补充书籍\MM4怪物图鉴4\怪物\其它新增怪物\其它新增怪物.htm","其它新增怪物.htm",".htm","2712","1 核心补充书籍\MM4怪物图鉴4\怪物\其它新增怪物"
"1 核心补充书籍\MM4怪物图鉴4\怪物\其它新增怪物\噬心毒蜂.htm","噬心毒蜂.htm",".htm","11989","1 核心补充书籍\MM4怪物图鉴4\怪物\其它新增怪物"
"1 核心补充书籍\MM4怪物图鉴4\怪物\其它新增怪物\娜迦萨.htm","娜迦萨.htm",".htm","11890","1 核心补充书籍\MM4怪物图鉴4\怪物\其它新增怪物"
"1 核心补充书籍\MM4怪物图鉴4\怪物\其它新增怪物\影栗鼠.htm","影栗鼠.htm",".htm","12446","1 核心补充书籍\MM4怪物图鉴4\怪物\其它新增怪物"
"1 核心补充书籍\MM4怪物图鉴4\怪物\其它新增怪物\愉悦妖.htm","愉悦妖.htm",".htm","13063","1 核心补充书籍\MM4怪物图鉴4\怪物\其它新增怪物"
"1 核心补充书籍\MM4怪物图鉴4\怪物\其它新增怪物\月光掠杀者.htm","月光掠杀者.htm",".htm","15613","1 核心补充书籍\MM4怪物图鉴4\怪物\其它新增怪物"
"1 核心补充书籍\MM4怪物图鉴4\怪物\其它新增怪物\橡木守卫.htm","橡木守卫.htm",".htm","14431","1 核心补充书籍\MM4怪物图鉴4\怪物\其它新增怪物"
"1 核心补充书籍\MM4怪物图鉴4\怪物\其它新增怪物\狼地精猎群首领.htm","狼地精猎群首领.htm",".htm","13474","1 核心补充书籍\MM4怪物图鉴4\怪物\其它新增怪物"
"1 核心补充书籍\MM4怪物图鉴4\怪物\其它新增怪物\疫病行尸.htm","疫病行尸.htm",".htm","11830","1 核心补充书籍\MM4怪物图鉴4\怪物\其它新增怪物"
"1 核心补充书籍\MM4怪物图鉴4\怪物\其它新增怪物\磁石掠夺者.htm","磁石掠夺者.htm",".htm","11768","1 核心补充书籍\MM4怪物图鉴4\怪物\其它新增怪物"
"1 核心补充书籍\MM4怪物图鉴4\怪物\其它新增怪物\窃眼者.htm","窃眼者.htm",".htm","13319","1 核心补充书籍\MM4怪物图鉴4\怪物\其它新增怪物"
"1 核心补充书籍\MM4怪物图鉴4\怪物\其它新增怪物\老树精.htm","老树精.htm",".htm","12834","1 核心补充书籍\MM4怪物图鉴4\怪物\其它新增怪物"
"1 核心补充书籍\MM4怪物图鉴4\怪物\其它新增怪物\腐尸缝合怪.htm","腐尸缝合怪.htm",".htm","11509","1 核心补充书籍\MM4怪物图鉴4\怪物\其它新增怪物"
"1 核心补充书籍\MM4怪物图鉴4\怪物\其它新增怪物\蓝龙末裔掘地者.htm","蓝龙末裔掘地者.htm",".htm","11883","1 核心补充书籍\MM4怪物图鉴4\怪物\其它新增怪物"
"1 核心补充书籍\MM4怪物图鉴4\怪物\吉斯洋基人\吉什.htm","吉什.htm",".htm","55087","1 核心补充书籍\MM4怪物图鉴4\怪物\吉斯洋基人"
"1 核心补充书籍\MM4怪物图鉴4\怪物\吉斯洋基人\吉斯洋基人.htm","吉斯洋基人.htm",".htm","11222","1 核心补充书籍\MM4怪物图鉴4\怪物\吉斯洋基人"
"1 核心补充书籍\MM4怪物图鉴4\怪物\吉斯洋基人\吉斯洋基士兵.htm","吉斯洋基士兵.htm",".htm","47029","1 核心补充书籍\MM4怪物图鉴4\怪物\吉斯洋基人"
"1 核心补充书籍\MM4怪物图鉴4\怪物\吉斯洋基人\吉斯洋基队长.htm","吉斯洋基队长.htm",".htm","51172","1 核心补充书籍\MM4怪物图鉴4\怪物\吉斯洋基人"
"1 核心补充书籍\MM4怪物图鉴4\怪物\恶魔\卡斯特库尔魔.htm","卡斯特库尔魔.htm",".htm","83182","1 核心补充书籍\MM4怪物图鉴4\怪物\恶魔"
"1 核心补充书籍\MM4怪物图鉴4\怪物\恶魔\密语恶魔.htm","密语恶魔.htm",".htm","65751","1 核心补充书籍\MM4怪物图鉴4\怪物\恶魔"
"1 核心补充书籍\MM4怪物图鉴4\怪物\恶魔\恶魔.htm","恶魔.htm",".htm","4303","1 核心补充书籍\MM4怪物图鉴4\怪物\恶魔"
"1 核心补充书籍\MM4怪物图鉴4\怪物\恶魔\扭躯魔.htm","扭躯魔.htm",".htm","61121","1 核心补充书籍\MM4怪物图鉴4\怪物\恶魔"
"1 核心补充书籍\MM4怪物图鉴4\怪物\恶魔\死亡饮者.htm","死亡饮者.htm",".htm","86735","1 核心补充书籍\MM4怪物图鉴4\怪物\恶魔"
"1 核心补充书籍\MM4怪物图鉴4\怪物\恶魔蜂巢\恶魔虫群.htm","恶魔虫群.htm",".htm","7168","1 核心补充书籍\MM4怪物图鉴4\怪物\恶魔蜂巢"
"1 核心补充书籍\MM4怪物图鉴4\怪物\恶魔蜂巢\恶魔蜂巢.htm","恶魔蜂巢.htm",".htm","2475","1 核心补充书籍\MM4怪物图鉴4\怪物\恶魔蜂巢"
"1 核心补充书籍\MM4怪物图鉴4\怪物\恶魔蜂巢\恶魔蜂巢侍从.htm","恶魔蜂巢侍从.htm",".htm","7512","1 核心补充书籍\MM4怪物图鉴4\怪物\恶魔蜂巢"
"1 核心补充书籍\MM4怪物图鉴4\怪物\恶魔蜂巢\恶魔蜂巢女王.htm","恶魔蜂巢女王.htm",".htm","12568","1 核心补充书籍\MM4怪物图鉴4\怪物\恶魔蜂巢"
"1 核心补充书籍\MM4怪物图鉴4\怪物\提亚玛特的邪龙末裔\提亚玛特的邪龙末裔.htm","提亚玛特的邪龙末裔.htm",".htm","47741","1 核心补充书籍\MM4怪物图鉴4\怪物\提亚玛特的邪龙末裔"
"1 核心补充书籍\MM4怪物图鉴4\怪物\提亚玛特的邪龙末裔\白龙末裔寒冰游弋者.htm","白龙末裔寒冰游弋者.htm",".htm","87018","1 核心补充书籍\MM4怪物图鉴4\怪物\提亚玛特的邪龙末裔"
"1 核心补充书籍\MM4怪物图鉴4\怪物\提亚玛特的邪龙末裔\白龙末裔流浪者.htm","白龙末裔流浪者.htm",".htm","93272","1 核心补充书籍\MM4怪物图鉴4\怪物\提亚玛特的邪龙末裔"
"1 核心补充书籍\MM4怪物图鉴4\怪物\提亚玛特的邪龙末裔\白龙末裔狩猎者.htm","白龙末裔狩猎者.htm",".htm","163849","1 核心补充书籍\MM4怪物图鉴4\怪物\提亚玛特的邪龙末裔"
"1 核心补充书籍\MM4怪物图鉴4\怪物\提亚玛特的邪龙末裔\红龙末裔秘法者.htm","红龙末裔秘法者.htm",".htm","95490","1 核心补充书籍\MM4怪物图鉴4\怪物\提亚玛特的邪龙末裔"
"1 核心补充书籍\MM4怪物图鉴4\怪物\提亚玛特的邪龙末裔\红龙末裔织火者.htm","红龙末裔织火者.htm",".htm","87700","1 核心补充书籍\MM4怪物图鉴4\怪物\提亚玛特的邪龙末裔"
"1 核心补充书籍\MM4怪物图鉴4\怪物\提亚玛特的邪龙末裔\绿龙末裔剃刀恶魔.htm","绿龙末裔剃刀恶魔.htm",".htm","94102","1 核心补充书籍\MM4怪物图鉴4\怪物\提亚玛特的邪龙末裔"
"1 核心补充书籍\MM4怪物图鉴4\怪物\提亚玛特的邪龙末裔\绿龙末裔潜行者.htm","绿龙末裔潜行者.htm",".htm","174742","1 核心补充书籍\MM4怪物图鉴4\怪物\提亚玛特的邪龙末裔"
"1 核心补充书籍\MM4怪物图鉴4\怪物\提亚玛特的邪龙末裔\绿龙末裔跳跃者.htm","绿龙末裔跳跃者.htm",".htm","94931","1 核心补充书籍\MM4怪物图鉴4\怪物\提亚玛特的邪龙末裔"
"1 核心补充书籍\MM4怪物图鉴4\怪物\提亚玛特的邪龙末裔\蓝龙末裔伏击者.htm","蓝龙末裔伏击者.htm",".htm","89600","1 核心补充书籍\MM4怪物图鉴4\怪物\提亚玛特的邪龙末裔"
"1 核心补充书籍\MM4怪物图鉴4\怪物\提亚玛特的邪龙末裔\蓝龙末裔弑神者.htm","蓝龙末裔弑神者.htm",".htm","92728","1 核心补充书籍\MM4怪物图鉴4\怪物\提亚玛特的邪龙末裔"
"1 核心补充书籍\MM4怪物图鉴4\怪物\提亚玛特的邪龙末裔\蓝龙末裔风暴蜥蜴.htm","蓝龙末裔风暴蜥蜴.htm",".htm","88896","1 核心补充书籍\MM4怪物图鉴4\怪物\提亚玛特的邪龙末裔"
"1 核心补充书籍\MM4怪物图鉴4\怪物\提亚玛特的邪龙末裔\黑龙末裔袭击者.htm","黑龙末裔袭击者.htm",".htm","158589","1 核心补充书籍\MM4怪物图鉴4\怪物\提亚玛特的邪龙末裔"
"1 核心补充书籍\MM4怪物图鉴4\怪物\提亚玛特的邪龙末裔\黑龙末裔追猎者.htm","黑龙末裔追猎者.htm",".htm","94375","1 核心补充书籍\MM4怪物图鉴4\怪物\提亚玛特的邪龙末裔"
"1 核心补充书籍\MM4怪物图鉴4\怪物\暗爪蜥蜴人\亚沙格.htm","亚沙格.htm",".htm","10702","1 核心补充书籍\MM4怪物图鉴4\怪物\暗爪蜥蜴人"
"1 核心补充书籍\MM4怪物图鉴4\怪物\暗爪蜥蜴人\暗爪士兵与冠军.htm","暗爪士兵与冠军.htm",".htm","10118","1 核心补充书籍\MM4怪物图鉴4\怪物\暗爪蜥蜴人"
"1 核心补充书籍\MM4怪物图鉴4\怪物\暗爪蜥蜴人\暗爪胡蜂骑士.htm","暗爪胡蜂骑士.htm",".htm","8363","1 核心补充书籍\MM4怪物图鉴4\怪物\暗爪蜥蜴人"
"1 核心补充书籍\MM4怪物图鉴4\怪物\暗爪蜥蜴人\暗爪萨满.htm","暗爪萨满.htm",".htm","7866","1 核心补充书籍\MM4怪物图鉴4\怪物\暗爪蜥蜴人"
"1 核心补充书籍\MM4怪物图鉴4\怪物\暗爪蜥蜴人\蜥蜴人.htm","蜥蜴人.htm",".htm","10719","1 核心补充书籍\MM4怪物图鉴4\怪物\暗爪蜥蜴人"
"1 核心补充书籍\MM4怪物图鉴4\怪物\泽恩相关\泽恩相关.htm","泽恩相关.htm",".htm","2295","1 核心补充书籍\MM4怪物图鉴4\怪物\泽恩相关"
"1 核心补充书籍\MM4怪物图鉴4\怪物\精灵,卓尔\奥术守卫.htm","奥术守卫.htm",".htm","56717","1 核心补充书籍\MM4怪物图鉴4\怪物\精灵,卓尔"
"1 核心补充书籍\MM4怪物图鉴4\怪物\精灵,卓尔\新建项目.htm","新建项目.htm",".htm","90738","1 核心补充书籍\MM4怪物图鉴4\怪物\精灵,卓尔"
"1 核心补充书籍\MM4怪物图鉴4\怪物\精灵,卓尔\精灵,卓尔.htm","精灵,卓尔.htm",".htm","1526","1 核心补充书籍\MM4怪物图鉴4\怪物\精灵,卓尔"
"1 核心补充书籍\MM4怪物图鉴4\怪物\精灵,卓尔\罗丝宠儿.htm","罗丝宠儿.htm",".htm","15841","1 核心补充书籍\MM4怪物图鉴4\怪物\精灵,卓尔"
"1 核心补充书籍\MM4怪物图鉴4\怪物\精灵,卓尔\罗斯的毒刺.htm","罗斯的毒刺.htm",".htm","56894","1 核心补充书籍\MM4怪物图鉴4\怪物\精灵,卓尔"
"1 核心补充书籍\MM4怪物图鉴4\怪物\精灵,卓尔\黑暗狙击手.htm","黑暗狙击手.htm",".htm","51326","1 核心补充书籍\MM4怪物图鉴4\怪物\精灵,卓尔"
"1 核心补充书籍\MM4怪物图鉴4\怪物\蛇人\妖蛇邪首.htm","妖蛇邪首.htm",".htm","12015","1 核心补充书籍\MM4怪物图鉴4\怪物\蛇人"
"1 核心补充书籍\MM4怪物图鉴4\怪物\蛇人\混血欺诈者.htm","混血欺诈者.htm",".htm","9484","1 核心补充书籍\MM4怪物图鉴4\怪物\蛇人"
"1 核心补充书籍\MM4怪物图鉴4\怪物\蛇人\火鳞蛇人.htm","火鳞蛇人.htm",".htm","12399","1 核心补充书籍\MM4怪物图鉴4\怪物\蛇人"
"1 核心补充书籍\MM4怪物图鉴4\怪物\蛇人\纯血袭杀者.htm","纯血袭杀者.htm",".htm","9781","1 核心补充书籍\MM4怪物图鉴4\怪物\蛇人"
"1 核心补充书籍\MM4怪物图鉴4\怪物\蛇人\蛇人.htm","蛇人.htm",".htm","5342","1 核心补充书籍\MM4怪物图鉴4\怪物\蛇人"
"1 核心补充书籍\MM4怪物图鉴4\怪物\豺狼人\半炼狱豺狼人邪术师.htm","半炼狱豺狼人邪术师.htm",".htm","56950","1 核心补充书籍\MM4怪物图鉴4\怪物\豺狼人"
"1 核心补充书籍\MM4怪物图鉴4\怪物\豺狼人\捕奴者.htm","捕奴者.htm",".htm","48482","1 核心补充书籍\MM4怪物图鉴4\怪物\豺狼人"
"1 核心补充书籍\MM4怪物图鉴4\怪物\豺狼人\耶诺古的炼狱牧师.htm","耶诺古的炼狱牧师.htm",".htm","56069","1 核心补充书籍\MM4怪物图鉴4\怪物\豺狼人"
"1 核心补充书籍\MM4怪物图鉴4\怪物\豺狼人\豺狼人.htm","豺狼人.htm",".htm","3636","1 核心补充书籍\MM4怪物图鉴4\怪物\豺狼人"
"1 核心补充书籍\MM4怪物图鉴4\怪物\邪恶元素化身\水纱刺客（水之化身）.htm","水纱刺客（水之化身）.htm",".htm","82494","1 核心补充书籍\MM4怪物图鉴4\怪物\邪恶元素化身"
"1 核心补充书籍\MM4怪物图鉴4\怪物\邪恶元素化身\燔祭狂信者（火之化身）.htm","燔祭狂信者（火之化身）.htm",".htm","75788","1 核心补充书籍\MM4怪物图鉴4\怪物\邪恶元素化身"
"1 核心补充书籍\MM4怪物图鉴4\怪物\邪恶元素化身\邪恶元素化身.htm","邪恶元素化身.htm",".htm","8040","1 核心补充书籍\MM4怪物图鉴4\怪物\邪恶元素化身"
"1 核心补充书籍\MM4怪物图鉴4\怪物\邪恶元素化身\飓风破坏者（气之化身）.htm","飓风破坏者（气之化身）.htm",".htm","74014","1 核心补充书籍\MM4怪物图鉴4\怪物\邪恶元素化身"
"1 核心补充书籍\MM4怪物图鉴4\怪物\邪恶元素化身\黑岩棱柱（地之化身）.htm","黑岩棱柱（地之化身）.htm",".htm","74683","1 核心补充书籍\MM4怪物图鉴4\怪物\邪恶元素化身"
"1 核心补充书籍\MM4怪物图鉴4\怪物\风刃\风刃兽.htm","风刃兽.htm",".htm","7481","1 核心补充书籍\MM4怪物图鉴4\怪物\风刃"
"1 核心补充书籍\MM4怪物图鉴4\怪物\风刃\风刃族.htm","风刃族.htm",".htm","7205","1 核心补充书籍\MM4怪物图鉴4\怪物\风刃"
"1 核心补充书籍\MM4怪物图鉴4\怪物\风刃\风镰.htm","风镰.htm",".htm","11084","1 核心补充书籍\MM4怪物图鉴4\怪物\风刃"
"1 核心补充书籍\MM4怪物图鉴4\怪物\魔鬼（尤格罗斯魔）\命运腐化者.htm","命运腐化者.htm",".htm","17802","1 核心补充书籍\MM4怪物图鉴4\怪物\魔鬼（尤格罗斯魔）"
"1 核心补充书籍\MM4怪物图鉴4\怪物\魔鬼（尤格罗斯魔）\尤格罗斯魔.htm","尤格罗斯魔.htm",".htm","2591","1 核心补充书籍\MM4怪物图鉴4\怪物\魔鬼（尤格罗斯魔）"
"1 核心补充书籍\MM4怪物图鉴4\怪物\魔鬼（尤格罗斯魔）\沃尔.htm","沃尔.htm",".htm","13034","1 核心补充书籍\MM4怪物图鉴4\怪物\魔鬼（尤格罗斯魔）"
"1 核心补充书籍\MM4怪物图鉴4\插图\langdijing.jpg","langdijing.jpg",".jpg","98062","1 核心补充书籍\MM4怪物图鉴4\插图"
"1 核心补充书籍\MM4怪物图鉴4\插图\MM4补录_命运腐化者.jpg","MM4补录_命运腐化者.jpg",".jpg","75446","1 核心补充书籍\MM4怪物图鉴4\插图"
"1 核心补充书籍\MM4怪物图鉴4\插图\MM4补录_噬心毒蜂.jpg","MM4补录_噬心毒蜂.jpg",".jpg","252055","1 核心补充书籍\MM4怪物图鉴4\插图"
"1 核心补充书籍\MM4怪物图鉴4\插图\MM4补录_娜迦萨.jpg","MM4补录_娜迦萨.jpg",".jpg","360295","1 核心补充书籍\MM4怪物图鉴4\插图"
"1 核心补充书籍\MM4怪物图鉴4\插图\MM4补录_影栗鼠.jpg","MM4补录_影栗鼠.jpg",".jpg","646998","1 核心补充书籍\MM4怪物图鉴4\插图"
"1 核心补充书籍\MM4怪物图鉴4\插图\MM4补录_恶魔蜂巢.jpg","MM4补录_恶魔蜂巢.jpg",".jpg","502059","1 核心补充书籍\MM4怪物图鉴4\插图"
"1 核心补充书籍\MM4怪物图鉴4\插图\MM4补录_愉悦妖.jpg","MM4补录_愉悦妖.jpg",".jpg","279543","1 核心补充书籍\MM4怪物图鉴4\插图"
"1 核心补充书籍\MM4怪物图鉴4\插图\MM4补录_月光掠杀者.jpg","MM4补录_月光掠杀者.jpg",".jpg","227568","1 核心补充书籍\MM4怪物图鉴4\插图"
"1 核心补充书籍\MM4怪物图鉴4\插图\MM4补录_橡木守卫.jpg","MM4补录_橡木守卫.jpg",".jpg","277509","1 核心补充书籍\MM4怪物图鉴4\插图"
"1 核心补充书籍\MM4怪物图鉴4\插图\MM4补录_沃尔.jpg","MM4补录_沃尔.jpg",".jpg","88698","1 核心补充书籍\MM4怪物图鉴4\插图"
"1 核心补充书籍\MM4怪物图鉴4\插图\MM4补录_泽恩刃奴.jpg","MM4补录_泽恩刃奴.jpg",".jpg","240995","1 核心补充书籍\MM4怪物图鉴4\插图"
"1 核心补充书籍\MM4怪物图鉴4\插图\MM4补录_泽恩噬法者.jpg","MM4补录_泽恩噬法者.jpg",".jpg","287288","1 核心补充书籍\MM4怪物图鉴4\插图"
"1 核心补充书籍\MM4怪物图鉴4\插图\MM4补录_火鳞蛇人.jpg","MM4补录_火鳞蛇人.jpg",".jpg","314894","1 核心补充书籍\MM4怪物图鉴4\插图"
"1 核心补充书籍\MM4怪物图鉴4\插图\MM4补录_疫病行尸.jpg","MM4补录_疫病行尸.jpg",".jpg","25791","1 核心补充书籍\MM4怪物图鉴4\插图"
"1 核心补充书籍\MM4怪物图鉴4\插图\MM4补录_磁石掠夺者.jpg","MM4补录_磁石掠夺者.jpg",".jpg","359370","1 核心补充书籍\MM4怪物图鉴4\插图"
"1 核心补充书籍\MM4怪物图鉴4\插图\MM4补录_窃眼者.jpg","MM4补录_窃眼者.jpg",".jpg","328131","1 核心补充书籍\MM4怪物图鉴4\插图"
"1 核心补充书籍\MM4怪物图鉴4\插图\MM4补录_翠绿王子.jpg","MM4补录_翠绿王子.jpg",".jpg","313501","1 核心补充书籍\MM4怪物图鉴4\插图"
"1 核心补充书籍\MM4怪物图鉴4\插图\MM4补录_老树精.jpg","MM4补录_老树精.jpg",".jpg","399635","1 核心补充书籍\MM4怪物图鉴4\插图"
"1 核心补充书籍\MM4怪物图鉴4\插图\MM4补录_腐尸缝合怪.jpg","MM4补录_腐尸缝合怪.jpg",".jpg","293565","1 核心补充书籍\MM4怪物图鉴4\插图"
"1 核心补充书籍\MM4怪物图鉴4\插图\MM4补录_蓝龙末裔掘地者.jpg","MM4补录_蓝龙末裔掘地者.jpg",".jpg","374623","1 核心补充书籍\MM4怪物图鉴4\插图"
"1 核心补充书籍\MM4怪物图鉴4\插图\MM4补录_蛇人.jpg","MM4补录_蛇人.jpg",".jpg","478350","1 核心补充书籍\MM4怪物图鉴4\插图"
"1 核心补充书籍\MM4怪物图鉴4\插图\MM4补录_风刃兽.jpg","MM4补录_风刃兽.jpg",".jpg","245210","1 核心补充书籍\MM4怪物图鉴4\插图"
"1 核心补充书籍\MM4怪物图鉴4\插图\MM4补录_风镰.jpg","MM4补录_风镰.jpg",".jpg","295521","1 核心补充书籍\MM4怪物图鉴4\插图"
"1 核心补充书籍\MM4怪物图鉴4\插图\yunfanshe.jpg","yunfanshe.jpg",".jpg","67815","1 核心补充书籍\MM4怪物图鉴4\插图"
"1 核心补充书籍\MM4怪物图鉴4\插图\zern.jpg","zern.jpg",".jpg","92443","1 核心补充书籍\MM4怪物图鉴4\插图"
"1 核心补充书籍\MM4怪物图鉴4\插图\利牙魔像.jpg","利牙魔像.jpg",".jpg","67438","1 核心补充书籍\MM4怪物图鉴4\插图"
"1 核心补充书籍\MM4怪物图鉴4\插图\卓尔.jpg","卓尔.jpg",".jpg","84348","1 核心补充书籍\MM4怪物图鉴4\插图"
"1 核心补充书籍\MM4怪物图鉴4\插图\卓尔女祭.jpg","卓尔女祭.jpg",".jpg","92156","1 核心补充书籍\MM4怪物图鉴4\插图"
"1 核心补充书籍\MM4怪物图鉴4\插图\卡斯特库尔魔.jpg","卡斯特库尔魔.jpg",".jpg","100705","1 核心补充书籍\MM4怪物图鉴4\插图"
"1 核心补充书籍\MM4怪物图鉴4\插图\发条修理匠.jpg","发条修理匠.jpg",".jpg","62869","1 核心补充书籍\MM4怪物图鉴4\插图"
"1 核心补充书籍\MM4怪物图鉴4\插图\发条战马.jpg","发条战马.jpg",".jpg","105692","1 核心补充书籍\MM4怪物图鉴4\插图"
"1 核心补充书籍\MM4怪物图鉴4\插图\吉斯洋基人.jpg","吉斯洋基人.jpg",".jpg","107444","1 核心补充书籍\MM4怪物图鉴4\插图"
"1 核心补充书籍\MM4怪物图鉴4\插图\地之化身.jpg","地之化身.jpg",".jpg","85827","1 核心补充书籍\MM4怪物图鉴4\插图"
"1 核心补充书籍\MM4怪物图鉴4\插图\地狱蛛.jpg","地狱蛛.jpg",".jpg","105760","1 核心补充书籍\MM4怪物图鉴4\插图"
"1 核心补充书籍\MM4怪物图鉴4\插图\均衡杀手.jpg","均衡杀手.jpg",".jpg","121676","1 核心补充书籍\MM4怪物图鉴4\插图"
"1 核心补充书籍\MM4怪物图鉴4\插图\墓穴蜘蛛.jpg","墓穴蜘蛛.jpg",".jpg","89481","1 核心补充书籍\MM4怪物图鉴4\插图"
"1 核心补充书籍\MM4怪物图鉴4\插图\夸葛兰巨人.jpg","夸葛兰巨人.jpg",".jpg","79148","1 核心补充书籍\MM4怪物图鉴4\插图"
"1 核心补充书籍\MM4怪物图鉴4\插图\密语恶魔.jpg","密语恶魔.jpg",".jpg","57279","1 核心补充书籍\MM4怪物图鉴4\插图"
"1 核心补充书籍\MM4怪物图鉴4\插图\封面.jpg","封面.jpg",".jpg","247650","1 核心补充书籍\MM4怪物图鉴4\插图"
"1 核心补充书籍\MM4怪物图鉴4\插图\尖啸魔蜂.jpg","尖啸魔蜂.jpg",".jpg","95930","1 核心补充书籍\MM4怪物图鉴4\插图"
"1 核心补充书籍\MM4怪物图鉴4\插图\屠法者集群.jpg","屠法者集群.jpg",".jpg","93646","1 核心补充书籍\MM4怪物图鉴4\插图"
"1 核心补充书籍\MM4怪物图鉴4\插图\巨角牛头人.jpg","巨角牛头人.jpg",".jpg","72098","1 核心补充书籍\MM4怪物图鉴4\插图"
"1 核心补充书籍\MM4怪物图鉴4\插图\愤怒荆棘.jpg","愤怒荆棘.jpg",".jpg","96824","1 核心补充书籍\MM4怪物图鉴4\插图"
"1 核心补充书籍\MM4怪物图鉴4\插图\扭躯魔.jpg","扭躯魔.jpg",".jpg","91546","1 核心补充书籍\MM4怪物图鉴4\插图"
"1 核心补充书籍\MM4怪物图鉴4\插图\提亚玛特.jpg","提亚玛特.jpg",".jpg","244196","1 核心补充书籍\MM4怪物图鉴4\插图"
"1 核心补充书籍\MM4怪物图鉴4\插图\提亚玛特神徽.jpg","提亚玛特神徽.jpg",".jpg","57764","1 核心补充书籍\MM4怪物图鉴4\插图"
"1 核心补充书籍\MM4怪物图鉴4\插图\时械蟑螂.jpg","时械蟑螂.jpg",".jpg","132175","1 核心补充书籍\MM4怪物图鉴4\插图"
"1 核心补充书籍\MM4怪物图鉴4\插图\正义神使.jpg","正义神使.jpg",".jpg","88602","1 核心补充书籍\MM4怪物图鉴4\插图"
"1 核心补充书籍\MM4怪物图鉴4\插图\死亡饮者.jpg","死亡饮者.jpg",".jpg","107107","1 核心补充书籍\MM4怪物图鉴4\插图"
"1 核心补充书籍\MM4怪物图鉴4\插图\气之化身.jpg","气之化身.jpg",".jpg","61129","1 核心补充书籍\MM4怪物图鉴4\插图"
"1 核心补充书籍\MM4怪物图鉴4\插图\水之化身.jpg","水之化身.jpg",".jpg","91529","1 核心补充书籍\MM4怪物图鉴4\插图"
"1 核心补充书籍\MM4怪物图鉴4\插图\潜猎兽.jpg","潜猎兽.jpg",".jpg","167479","1 核心补充书籍\MM4怪物图鉴4\插图"
"1 核心补充书籍\MM4怪物图鉴4\插图\火之化身.jpg","火之化身.jpg",".jpg","86741","1 核心补充书籍\MM4怪物图鉴4\插图"
"1 核心补充书籍\MM4怪物图鉴4\插图\炎血泥怪.jpg","炎血泥怪.jpg",".jpg","82114","1 核心补充书籍\MM4怪物图鉴4\插图"
"1 核心补充书籍\MM4怪物图鉴4\插图\白龙末裔巢穴.jpg","白龙末裔巢穴.jpg",".jpg","147911","1 核心补充书籍\MM4怪物图鉴4\插图"
"1 核心补充书籍\MM4怪物图鉴4\插图\白龙末裔流浪者.jpg","白龙末裔流浪者.jpg",".jpg","66914","1 核心补充书籍\MM4怪物图鉴4\插图"
"1 核心补充书籍\MM4怪物图鉴4\插图\白龙末裔游弋者.jpg","白龙末裔游弋者.jpg",".jpg","100609","1 核心补充书籍\MM4怪物图鉴4\插图"
"1 核心补充书籍\MM4怪物图鉴4\插图\白龙末裔狩猎者.jpg","白龙末裔狩猎者.jpg",".jpg","101041","1 核心补充书籍\MM4怪物图鉴4\插图"
"1 核心补充书籍\MM4怪物图鉴4\插图\矮人先祖.jpg","矮人先祖.jpg",".jpg","81106","1 核心补充书籍\MM4怪物图鉴4\插图"
"1 核心补充书籍\MM4怪物图鉴4\插图\破败衍体.jpg","破败衍体.jpg",".jpg","75478","1 核心补充书籍\MM4怪物图鉴4\插图"
"1 核心补充书籍\MM4怪物图鉴4\插图\窃颜者.jpg","窃颜者.jpg",".jpg","65608","1 核心补充书籍\MM4怪物图鉴4\插图"
"1 核心补充书籍\MM4怪物图鉴4\插图\红龙末裔秘法者.jpg","红龙末裔秘法者.jpg",".jpg","93801","1 核心补充书籍\MM4怪物图鉴4\插图"
"1 核心补充书籍\MM4怪物图鉴4\插图\红龙末裔织火者.jpg","红龙末裔织火者.jpg",".jpg","70967","1 核心补充书籍\MM4怪物图鉴4\插图"
"1 核心补充书籍\MM4怪物图鉴4\插图\绿龙末裔剃刀恶魔.jpg","绿龙末裔剃刀恶魔.jpg",".jpg","92878","1 核心补充书籍\MM4怪物图鉴4\插图"
"1 核心补充书籍\MM4怪物图鉴4\插图\绿龙末裔潜行者.jpg","绿龙末裔潜行者.jpg",".jpg","99553","1 核心补充书籍\MM4怪物图鉴4\插图"
"1 核心补充书籍\MM4怪物图鉴4\插图\绿龙末裔跳跃者.jpg","绿龙末裔跳跃者.jpg",".jpg","75631","1 核心补充书籍\MM4怪物图鉴4\插图"
"1 核心补充书籍\MM4怪物图鉴4\插图\罗丝宠儿.jpg","罗丝宠儿.jpg",".jpg","124043","1 核心补充书籍\MM4怪物图鉴4\插图"
"1 核心补充书籍\MM4怪物图鉴4\插图\腐烂泥怪.jpg","腐烂泥怪.jpg",".jpg","123191","1 核心补充书籍\MM4怪物图鉴4\插图"
"1 核心补充书籍\MM4怪物图鉴4\插图\蓝龙末裔伏击者.jpg","蓝龙末裔伏击者.jpg",".jpg","123919","1 核心补充书籍\MM4怪物图鉴4\插图"
"1 核心补充书籍\MM4怪物图鉴4\插图\蓝龙末裔弑神者.jpg","蓝龙末裔弑神者.jpg",".jpg","108029","1 核心补充书籍\MM4怪物图鉴4\插图"
"1 核心补充书籍\MM4怪物图鉴4\插图\蓝龙末裔风暴蜥蜴.jpg","蓝龙末裔风暴蜥蜴.jpg",".jpg","99094","1 核心补充书籍\MM4怪物图鉴4\插图"
"1 核心补充书籍\MM4怪物图鉴4\插图\血丝蜘蛛.jpg","血丝蜘蛛.jpg",".jpg","50532","1 核心补充书籍\MM4怪物图鉴4\插图"
"1 核心补充书籍\MM4怪物图鉴4\插图\血躯壮汉.jpg","血躯壮汉.jpg",".jpg","146520","1 核心补充书籍\MM4怪物图鉴4\插图"
"1 核心补充书籍\MM4怪物图鉴4\插图\豺狼人.jpg","豺狼人.jpg",".jpg","101196","1 核心补充书籍\MM4怪物图鉴4\插图"
"1 核心补充书籍\MM4怪物图鉴4\插图\邪龙末裔.jpg","邪龙末裔.jpg",".jpg","93009","1 核心补充书籍\MM4怪物图鉴4\插图"
"1 核心补充书籍\MM4怪物图鉴4\插图\黑龙末裔袭击者.jpg","黑龙末裔袭击者.jpg",".jpg","90786","1 核心补充书籍\MM4怪物图鉴4\插图"
"1 核心补充书籍\MM4怪物图鉴4\插图\黑龙末裔袭击者营地.jpg","黑龙末裔袭击者营地.jpg",".jpg","185493","1 核心补充书籍\MM4怪物图鉴4\插图"
"1 核心补充书籍\MM4怪物图鉴4\插图\黑龙末裔追猎者.jpg","黑龙末裔追猎者.jpg",".jpg","114276","1 核心补充书籍\MM4怪物图鉴4\插图"
"1 核心补充书籍\MM5怪物图鉴5\封面.htm","封面.htm",".htm","6029","1 核心补充书籍\MM5怪物图鉴5"
"1 核心补充书籍\MM5怪物图鉴5\怪物\以太污染者.htm","以太污染者.htm",".htm","83967","1 核心补充书籍\MM5怪物图鉴5\怪物"
"1 核心补充书籍\MM5怪物图鉴5\怪物\伊萝琳.htm","伊萝琳.htm",".htm","85237","1 核心补充书籍\MM5怪物图鉴5\怪物"
"1 核心补充书籍\MM5怪物图鉴5\怪物\余烬守卫.htm","余烬守卫.htm",".htm","72985","1 核心补充书籍\MM5怪物图鉴5\怪物"
"1 核心补充书籍\MM5怪物图鉴5\怪物\刀刃狂暴巨魔.htm","刀刃狂暴巨魔.htm",".htm","61781","1 核心补充书籍\MM5怪物图鉴5\怪物"
"1 核心补充书籍\MM5怪物图鉴5\怪物\加布林.htm","加布林.htm",".htm","126458","1 核心补充书籍\MM5怪物图鉴5\怪物"
"1 核心补充书籍\MM5怪物图鉴5\怪物\加恩格拉斯巨兽.htm","加恩格拉斯巨兽.htm",".htm","132167","1 核心补充书籍\MM5怪物图鉴5\怪物"
"1 核心补充书籍\MM5怪物图鉴5\怪物\古佛格座狼.htm","古佛格座狼.htm",".htm","70185","1 核心补充书籍\MM5怪物图鉴5\怪物"
"1 核心补充书籍\MM5怪物图鉴5\怪物\墓地泥怪.htm","墓地泥怪.htm",".htm","83459","1 核心补充书籍\MM5怪物图鉴5\怪物"
"1 核心补充书籍\MM5怪物图鉴5\怪物\墨丘林水银巨像.htm","墨丘林水银巨像.htm",".htm","63996","1 核心补充书籍\MM5怪物图鉴5\怪物"
"1 核心补充书籍\MM5怪物图鉴5\怪物\大地精.htm","大地精.htm",".htm","285208","1 核心补充书籍\MM5怪物图鉴5\怪物"
"1 核心补充书籍\MM5怪物图鉴5\怪物\宝石甲虫.htm","宝石甲虫.htm",".htm","86142","1 核心补充书籍\MM5怪物图鉴5\怪物"
"1 核心补充书籍\MM5怪物图鉴5\怪物\寇涛鱼人.htm","寇涛鱼人.htm",".htm","225169","1 核心补充书籍\MM5怪物图鉴5\怪物"
"1 核心补充书籍\MM5怪物图鉴5\怪物\废墟元素.htm","废墟元素.htm",".htm","65864","1 核心补充书籍\MM5怪物图鉴5\怪物"
"1 核心补充书籍\MM5怪物图鉴5\怪物\废墟歌者.htm","废墟歌者.htm",".htm","71478","1 核心补充书籍\MM5怪物图鉴5\怪物"
"1 核心补充书籍\MM5怪物图鉴5\怪物\恐牙猪.htm","恐牙猪.htm",".htm","65282","1 核心补充书籍\MM5怪物图鉴5\怪物"
"1 核心补充书籍\MM5怪物图鉴5\怪物\恶魔荆棘曼德拉.htm","恶魔荆棘曼德拉.htm",".htm","86327","1 核心补充书籍\MM5怪物图鉴5\怪物"
"1 核心补充书籍\MM5怪物图鉴5\怪物\戴莫斯.htm","戴莫斯.htm",".htm","148584","1 核心补充书籍\MM5怪物图鉴5\怪物"
"1 核心补充书籍\MM5怪物图鉴5\怪物\报丧女妖.htm","报丧女妖.htm",".htm","104687","1 核心补充书籍\MM5怪物图鉴5\怪物"
"1 核心补充书籍\MM5怪物图鉴5\怪物\掘穴根蔓.htm","掘穴根蔓.htm",".htm","110906","1 核心补充书籍\MM5怪物图鉴5\怪物"
"1 核心补充书籍\MM5怪物图鉴5\怪物\攻城甲虫.htm","攻城甲虫.htm",".htm","85847","1 核心补充书籍\MM5怪物图鉴5\怪物"
"1 核心补充书籍\MM5怪物图鉴5\怪物\斯帕莱克斯怪.htm","斯帕莱克斯怪.htm",".htm","64900","1 核心补充书籍\MM5怪物图鉴5\怪物"
"1 核心补充书籍\MM5怪物图鉴5\怪物\死骸鹫.htm","死骸鹫.htm",".htm","154256","1 核心补充书籍\MM5怪物图鉴5\怪物"
"1 核心补充书籍\MM5怪物图鉴5\怪物\沙德灵.htm","沙德灵.htm",".htm","69790","1 核心补充书籍\MM5怪物图鉴5\怪物"
"1 核心补充书籍\MM5怪物图鉴5\怪物\狂猎.htm","狂猎.htm",".htm","132361","1 核心补充书籍\MM5怪物图鉴5\怪物"
"1 核心补充书籍\MM5怪物图鉴5\怪物\碎魂杀手.htm","碎魂杀手.htm",".htm","104124","1 核心补充书籍\MM5怪物图鉴5\怪物"
"1 核心补充书籍\MM5怪物图鉴5\怪物\索列姆之犬.htm","索列姆之犬.htm",".htm","62399","1 核心补充书籍\MM5怪物图鉴5\怪物"
"1 核心补充书籍\MM5怪物图鉴5\怪物\绿龙末裔狂热者.htm","绿龙末裔狂热者.htm",".htm","82687","1 核心补充书籍\MM5怪物图鉴5\怪物"
"1 核心补充书籍\MM5怪物图鉴5\怪物\绿龙末裔狂热者.jpg","绿龙末裔狂热者.jpg",".jpg","97788","1 核心补充书籍\MM5怪物图鉴5\怪物"
"1 核心补充书籍\MM5怪物图鉴5\怪物\腐臭真菌.htm","腐臭真菌.htm",".htm","96809","1 核心补充书籍\MM5怪物图鉴5\怪物"
"1 核心补充书籍\MM5怪物图鉴5\怪物\苍翠掠夺者.htm","苍翠掠夺者.htm",".htm","58765","1 核心补充书籍\MM5怪物图鉴5\怪物"
"1 核心补充书籍\MM5怪物图鉴5\怪物\苍翠掠夺者.jpg","苍翠掠夺者.jpg",".jpg","68824","1 核心补充书籍\MM5怪物图鉴5\怪物"
"1 核心补充书籍\MM5怪物图鉴5\怪物\苏恩长老脑.html","苏恩长老脑.html",".html","139501","1 核心补充书籍\MM5怪物图鉴5\怪物"
"1 核心补充书籍\MM5怪物图鉴5\怪物\藤蔓衍体.htm","藤蔓衍体.htm",".htm","73011","1 核心补充书籍\MM5怪物图鉴5\怪物"
"1 核心补充书籍\MM5怪物图鉴5\怪物\血污饮者.htm","血污饮者.htm",".htm","66783","1 核心补充书籍\MM5怪物图鉴5\怪物"
"1 核心补充书籍\MM5怪物图鉴5\怪物\解剖者.htm","解剖者.htm",".htm","78061","1 核心补充书籍\MM5怪物图鉴5\怪物"
"1 核心补充书籍\MM5怪物图鉴5\怪物\铁翼.htm","铁翼.htm",".htm","68470","1 核心补充书籍\MM5怪物图鉴5\怪物"
"1 核心补充书籍\MM5怪物图鉴5\怪物\阿卡狄亚复仇者.htm","阿卡狄亚复仇者.htm",".htm","116477","1 核心补充书籍\MM5怪物图鉴5\怪物"
"1 核心补充书籍\MM5怪物图鉴5\怪物\霜风魔女.htm","霜风魔女.htm",".htm","87010","1 核心补充书籍\MM5怪物图鉴5\怪物"
"1 核心补充书籍\MM5怪物图鉴5\怪物\马拉斯托兽.htm","马拉斯托兽.htm",".htm","72755","1 核心补充书籍\MM5怪物图鉴5\怪物"
"1 核心补充书籍\MM5怪物图鉴5\怪物\黑翼.htm","黑翼.htm",".htm","124267","1 核心补充书籍\MM5怪物图鉴5\怪物"
"1 核心补充书籍\MM5怪物图鉴5\怪物\吸血鬼\吸血鬼.htm","吸血鬼.htm",".htm","25354","1 核心补充书籍\MM5怪物图鉴5\怪物\吸血鬼"
"1 核心补充书籍\MM5怪物图鉴5\怪物\吸血鬼\红寡妇.htm","红寡妇.htm",".htm","80975","1 核心补充书籍\MM5怪物图鉴5\怪物\吸血鬼"
"1 核心补充书籍\MM5怪物图鉴5\怪物\吸血鬼\黑公爵.htm","黑公爵.htm",".htm","103323","1 核心补充书籍\MM5怪物图鉴5\怪物\吸血鬼"
"1 核心补充书籍\MM5怪物图鉴5\怪物\嘲弄虫\嘲弄母皇.htm","嘲弄母皇.htm",".htm","54887","1 核心补充书籍\MM5怪物图鉴5\怪物\嘲弄虫"
"1 核心补充书籍\MM5怪物图鉴5\怪物\嘲弄虫\嘲弄虫.htm","嘲弄虫.htm",".htm","14095","1 核心补充书籍\MM5怪物图鉴5\怪物\嘲弄虫"
"1 核心补充书籍\MM5怪物图鉴5\怪物\嘲弄虫\嘲弄雄蜂.htm","嘲弄雄蜂.htm",".htm","54438","1 核心补充书籍\MM5怪物图鉴5\怪物\嘲弄虫"
"1 核心补充书籍\MM5怪物图鉴5\怪物\尤斯魔\哈蒂魔.htm","哈蒂魔.htm",".htm","75450","1 核心补充书籍\MM5怪物图鉴5\怪物\尤斯魔"
"1 核心补充书籍\MM5怪物图鉴5\怪物\尤斯魔\图勒魔.htm","图勒魔.htm",".htm","65025","1 核心补充书籍\MM5怪物图鉴5\怪物\尤斯魔"
"1 核心补充书籍\MM5怪物图鉴5\怪物\尤斯魔\尤斯魔.htm","尤斯魔.htm",".htm","3203","1 核心补充书籍\MM5怪物图鉴5\怪物\尤斯魔"
"1 核心补充书籍\MM5怪物图鉴5\怪物\尤斯魔\李斯魔.htm","李斯魔.htm",".htm","66893","1 核心补充书籍\MM5怪物图鉴5\怪物\尤斯魔"
"1 核心补充书籍\MM5怪物图鉴5\怪物\尤斯魔\阿卡魔.htm","阿卡魔.htm",".htm","68848","1 核心补充书籍\MM5怪物图鉴5\怪物\尤斯魔"
"1 核心补充书籍\MM5怪物图鉴5\怪物\崇鬼\嘲弄崇鬼.htm","嘲弄崇鬼.htm",".htm","132516","1 核心补充书籍\MM5怪物图鉴5\怪物\崇鬼"
"1 核心补充书籍\MM5怪物图鉴5\怪物\崇鬼\崇鬼.htm","崇鬼.htm",".htm","51846","1 核心补充书籍\MM5怪物图鉴5\怪物\崇鬼"
"1 核心补充书籍\MM5怪物图鉴5\怪物\崇鬼\桥梁崇鬼.htm","桥梁崇鬼.htm",".htm","134395","1 核心补充书籍\MM5怪物图鉴5\怪物\崇鬼"
"1 核心补充书籍\MM5怪物图鉴5\怪物\崇鬼\森林崇鬼.htm","森林崇鬼.htm",".htm","116929","1 核心补充书籍\MM5怪物图鉴5\怪物\崇鬼"
"1 核心补充书籍\MM5怪物图鉴5\怪物\崇鬼\嘲弄崇鬼.files\嘲弄崇鬼246.png","嘲弄崇鬼246.png",".png","1879607","1 核心补充书籍\MM5怪物图鉴5\怪物\崇鬼\嘲弄崇鬼.files"
"1 核心补充书籍\MM5怪物图鉴5\怪物\崇鬼\桥梁崇鬼.files\桥梁崇鬼249.png","桥梁崇鬼249.png",".png","2236804","1 核心补充书籍\MM5怪物图鉴5\怪物\崇鬼\桥梁崇鬼.files"
"1 核心补充书籍\MM5怪物图鉴5\怪物\崇鬼\森林崇鬼.files\森林崇鬼247.png","森林崇鬼247.png",".png","2060463","1 核心补充书籍\MM5怪物图鉴5\怪物\崇鬼\森林崇鬼.files"
"1 核心补充书籍\MM5怪物图鉴5\怪物\恶魔\千足魔.htm","千足魔.htm",".htm","144894","1 核心补充书籍\MM5怪物图鉴5\怪物\恶魔"
"1 核心补充书籍\MM5怪物图鉴5\怪物\恶魔\屠杀魔.htm","屠杀魔.htm",".htm","94279","1 核心补充书籍\MM5怪物图鉴5\怪物\恶魔"
"1 核心补充书籍\MM5怪物图鉴5\怪物\恶魔\恶魔.htm","恶魔.htm",".htm","4926","1 核心补充书籍\MM5怪物图鉴5\怪物\恶魔"
"1 核心补充书籍\MM5怪物图鉴5\怪物\恶魔\暴食魔.htm","暴食魔.htm",".htm","88710","1 核心补充书籍\MM5怪物图鉴5\怪物\恶魔"
"1 核心补充书籍\MM5怪物图鉴5\怪物\恶魔\游荡魔.htm","游荡魔.htm",".htm","92096","1 核心补充书籍\MM5怪物图鉴5\怪物\恶魔"
"1 核心补充书籍\MM5怪物图鉴5\怪物\恶魔\肉钩魔.htm","肉钩魔.htm",".htm","92804","1 核心补充书籍\MM5怪物图鉴5\怪物\恶魔"
"1 核心补充书籍\MM5怪物图鉴5\怪物\木贼草构装体\木贼投掷者.htm","木贼投掷者.htm",".htm","79326","1 核心补充书籍\MM5怪物图鉴5\怪物\木贼草构装体"
"1 核心补充书籍\MM5怪物图鉴5\怪物\木贼草构装体\木贼支柱.htm","木贼支柱.htm",".htm","51821","1 核心补充书籍\MM5怪物图鉴5\怪物\木贼草构装体"
"1 核心补充书籍\MM5怪物图鉴5\怪物\木贼草构装体\木贼草构装体.htm","木贼草构装体.htm",".htm","23254","1 核心补充书籍\MM5怪物图鉴5\怪物\木贼草构装体"
"1 核心补充书籍\MM5怪物图鉴5\怪物\朱庇莱克斯衍体\朱庇莱克斯衍体.htm","朱庇莱克斯衍体.htm",".htm","19647","1 核心补充书籍\MM5怪物图鉴5\怪物\朱庇莱克斯衍体"
"1 核心补充书籍\MM5怪物图鉴5\怪物\朱庇莱克斯衍体\朱庇莱克斯衍体长老.htm","朱庇莱克斯衍体长老.htm",".htm","45377","1 核心补充书籍\MM5怪物图鉴5\怪物\朱庇莱克斯衍体"
"1 核心补充书籍\MM5怪物图鉴5\怪物\朱庇莱克斯衍体\次级朱庇莱克斯衍体.htm","次级朱庇莱克斯衍体.htm",".htm","50733","1 核心补充书籍\MM5怪物图鉴5\怪物\朱庇莱克斯衍体"
"1 核心补充书籍\MM5怪物图鉴5\怪物\朱庇莱克斯衍体\高等朱庇莱克斯衍体.htm","高等朱庇莱克斯衍体.htm",".htm","47365","1 核心补充书籍\MM5怪物图鉴5\怪物\朱庇莱克斯衍体"
"1 核心补充书籍\MM5怪物图鉴5\怪物\模板\神血生物.htm","神血生物.htm",".htm","52770","1 核心补充书籍\MM5怪物图鉴5\怪物\模板"
"1 核心补充书籍\MM5怪物图鉴5\怪物\模板\苏恩的奴隶.htm","苏恩的奴隶.htm",".htm","22817","1 核心补充书籍\MM5怪物图鉴5\怪物\模板"
"1 核心补充书籍\MM5怪物图鉴5\怪物\模板\魅影.htm","魅影.htm",".htm","96605","1 核心补充书籍\MM5怪物图鉴5\怪物\模板"
"1 核心补充书籍\MM5怪物图鉴5\怪物\瑞卡地鼠\瑞卡地鼠.htm","瑞卡地鼠.htm",".htm","23842","1 核心补充书籍\MM5怪物图鉴5\怪物\瑞卡地鼠"
"1 核心补充书籍\MM5怪物图鉴5\怪物\瑞卡地鼠\瑞卡折磨者.htm","瑞卡折磨者.htm",".htm","49701","1 核心补充书籍\MM5怪物图鉴5\怪物\瑞卡地鼠"
"1 核心补充书籍\MM5怪物图鉴5\怪物\瑞卡地鼠\瑞卡狂爪.htm","瑞卡狂爪.htm",".htm","49764","1 核心补充书籍\MM5怪物图鉴5\怪物\瑞卡地鼠"
"1 核心补充书籍\MM5怪物图鉴5\怪物\瑞卡地鼠\瑞卡鼠后.htm","瑞卡鼠后.htm",".htm","53198","1 核心补充书籍\MM5怪物图鉴5\怪物\瑞卡地鼠"
"1 核心补充书籍\MM5怪物图鉴5\怪物\瑞卡地鼠\瑞卡鼠群.htm","瑞卡鼠群.htm",".htm","47077","1 核心补充书籍\MM5怪物图鉴5\怪物\瑞卡地鼠"
"1 核心补充书籍\MM5怪物图鉴5\怪物\碎魂杀手.files\碎魂杀手227.png","碎魂杀手227.png",".png","3907601","1 核心补充书籍\MM5怪物图鉴5\怪物\碎魂杀手.files"
"1 核心补充书籍\MM5怪物图鉴5\怪物\苏恩的夺心魔\幽影夺心魔.htm","幽影夺心魔.htm",".htm","57752","1 核心补充书籍\MM5怪物图鉴5\怪物\苏恩的夺心魔"
"1 核心补充书籍\MM5怪物图鉴5\怪物\苏恩的夺心魔\苏恩信徒.htm","苏恩信徒.htm",".htm","90233","1 核心补充书籍\MM5怪物图鉴5\怪物\苏恩的夺心魔"
"1 核心补充书籍\MM5怪物图鉴5\怪物\苏恩的夺心魔\苏恩渗透者.htm","苏恩渗透者.htm",".htm","66543","1 核心补充书籍\MM5怪物图鉴5\怪物\苏恩的夺心魔"
"1 核心补充书籍\MM5怪物图鉴5\怪物\苏恩的夺心魔\苏恩狂热者.htm","苏恩狂热者.htm",".htm","56014","1 核心补充书籍\MM5怪物图鉴5\怪物\苏恩的夺心魔"
"1 核心补充书籍\MM5怪物图鉴5\怪物\苏恩的夺心魔\苏恩的士兵.htm","苏恩的士兵.htm",".htm","61632","1 核心补充书籍\MM5怪物图鉴5\怪物\苏恩的夺心魔"
"1 核心补充书籍\MM5怪物图鉴5\怪物\苏恩的夺心魔\苏恩的夺心魔.htm","苏恩的夺心魔.htm",".htm","19487","1 核心补充书籍\MM5怪物图鉴5\怪物\苏恩的夺心魔"
"1 核心补充书籍\MM5怪物图鉴5\怪物\苏恩的夺心魔\苏恩的奴隶.htm","苏恩的奴隶.htm",".htm","60031","1 核心补充书籍\MM5怪物图鉴5\怪物\苏恩的夺心魔"
"1 核心补充书籍\MM5怪物图鉴5\怪物\苏恩的夺心魔\苏恩的战争镰刀.htm","苏恩的战争镰刀.htm",".htm","57565","1 核心补充书籍\MM5怪物图鉴5\怪物\苏恩的夺心魔"
"1 核心补充书籍\MM5怪物图鉴5\怪物\苏恩的夺心魔\苏恩的血肉傀儡.htm","苏恩的血肉傀儡.htm",".htm","63977","1 核心补充书籍\MM5怪物图鉴5\怪物\苏恩的夺心魔"
"1 核心补充书籍\MM5怪物图鉴5\怪物\苏恩的夺心魔\苏恩的风暴云.htm","苏恩的风暴云.htm",".htm","61454","1 核心补充书籍\MM5怪物图鉴5\怪物\苏恩的夺心魔"
"1 核心补充书籍\MM5怪物图鉴5\怪物\蒂尔巴纳\蒂尔巴纳.html","蒂尔巴纳.html",".html","78178","1 核心补充书籍\MM5怪物图鉴5\怪物\蒂尔巴纳"
"1 核心补充书籍\MM5怪物图鉴5\怪物\蒂尔巴纳\蒂尔巴纳产卵虫.html","蒂尔巴纳产卵虫.html",".html","85785","1 核心补充书籍\MM5怪物图鉴5\怪物\蒂尔巴纳"
"1 核心补充书籍\MM5怪物图鉴5\怪物\蒂尔巴纳\蒂尔巴纳昏睡虫.html","蒂尔巴纳昏睡虫.html",".html","92689","1 核心补充书籍\MM5怪物图鉴5\怪物\蒂尔巴纳"
"1 核心补充书籍\MM5怪物图鉴5\怪物\蒂尔巴纳\蒂尔巴纳杀戮虫.html","蒂尔巴纳杀戮虫.html",".html","98634","1 核心补充书籍\MM5怪物图鉴5\怪物\蒂尔巴纳"
"1 核心补充书籍\MM5怪物图鉴5\怪物\蒂尔巴纳\蒂尔巴纳眼蜓.html","蒂尔巴纳眼蜓.html",".html","98463","1 核心补充书籍\MM5怪物图鉴5\怪物\蒂尔巴纳"
"1 核心补充书籍\MM5怪物图鉴5\怪物\蒂尔巴纳\蒂尔巴纳.files\蒂尔巴纳504.png","蒂尔巴纳504.png",".png","1665426","1 核心补充书籍\MM5怪物图鉴5\怪物\蒂尔巴纳\蒂尔巴纳.files"
"1 核心补充书籍\MM5怪物图鉴5\怪物\蒂尔巴纳\蒂尔巴纳眼蜓.files\蒂尔巴纳眼蜓214.png","蒂尔巴纳眼蜓214.png",".png","874746","1 核心补充书籍\MM5怪物图鉴5\怪物\蒂尔巴纳\蒂尔巴纳眼蜓.files"
"1 核心补充书籍\MM5怪物图鉴5\怪物\食人魔元素法师\食人魔元素法师.htm","食人魔元素法师.htm",".htm","42477","1 核心补充书籍\MM5怪物图鉴5\怪物\食人魔元素法师"
"1 核心补充书籍\MM5怪物图鉴5\怪物\食人魔元素法师\食人魔土元素法师(Ken-Kuni).htm","食人魔土元素法师(Ken-Kuni).htm",".htm","55596","1 核心补充书籍\MM5怪物图鉴5\怪物\食人魔元素法师"
"1 核心补充书籍\MM5怪物图鉴5\怪物\食人魔元素法师\食人魔火元素法师(Ken-Li).htm","食人魔火元素法师(Ken-Li).htm",".htm","62629","1 核心补充书籍\MM5怪物图鉴5\怪物\食人魔元素法师"
"1 核心补充书籍\MM5怪物图鉴5\怪物\食人魔元素法师\食人魔风元素法师(Ken-Sun).htm","食人魔风元素法师(Ken-Sun).htm",".htm","65087","1 核心补充书籍\MM5怪物图鉴5\怪物\食人魔元素法师"
"1 核心补充书籍\MM5怪物图鉴5\怪物\骷髅领主\幽灵骑士.htm","幽灵骑士.htm",".htm","48621","1 核心补充书籍\MM5怪物图鉴5\怪物\骷髅领主"
"1 核心补充书籍\MM5怪物图鉴5\怪物\骷髅领主\猎骨者.htm","猎骨者.htm",".htm","65783","1 核心补充书籍\MM5怪物图鉴5\怪物\骷髅领主"
"1 核心补充书籍\MM5怪物图鉴5\怪物\骷髅领主\骨蛇.htm","骨蛇.htm",".htm","68235","1 核心补充书籍\MM5怪物图鉴5\怪物\骷髅领主"
"1 核心补充书籍\MM5怪物图鉴5\怪物\骷髅领主\骷髅领主.htm","骷髅领主.htm",".htm","3788","1 核心补充书籍\MM5怪物图鉴5\怪物\骷髅领主"
"1 核心补充书籍\MM5怪物图鉴5\怪物\骷髅领主\骷髅领主1.htm","骷髅领主1.htm",".htm","80036","1 核心补充书籍\MM5怪物图鉴5\怪物\骷髅领主"
"1 核心补充书籍\MM5怪物图鉴5\怪物\魔像\力能魔像.htm","力能魔像.htm",".htm","79172","1 核心补充书籍\MM5怪物图鉴5\怪物\魔像"
"1 核心补充书籍\MM5怪物图鉴5\怪物\魔像\熔核魔像.htm","熔核魔像.htm",".htm","73832","1 核心补充书籍\MM5怪物图鉴5\怪物\魔像"
"1 核心补充书籍\MM5怪物图鉴5\怪物\魔鬼\加瑟魔.htm","加瑟魔.htm",".htm","92315","1 核心补充书籍\MM5怪物图鉴5\怪物\魔鬼"
"1 核心补充书籍\MM5怪物图鉴5\怪物\魔鬼\瑞曼魔.htm","瑞曼魔.htm",".htm","81238","1 核心补充书籍\MM5怪物图鉴5\怪物\魔鬼"
"1 核心补充书籍\MM5怪物图鉴5\怪物\魔鬼\缝合魔.htm","缝合魔.htm",".htm","70182","1 核心补充书籍\MM5怪物图鉴5\怪物\魔鬼"
"1 核心补充书籍\MM5怪物图鉴5\怪物\魔鬼\魔鬼.htm","魔鬼.htm",".htm","10830","1 核心补充书籍\MM5怪物图鉴5\怪物\魔鬼"
"1 核心补充书籍\MM5怪物图鉴5\怪物\龙的伟大游戏\沙文特主事.htm","沙文特主事.htm",".htm","75481","1 核心补充书籍\MM5怪物图鉴5\怪物\龙的伟大游戏"
"1 核心补充书籍\MM5怪物图鉴5\怪物\龙的伟大游戏\沙文特龙.htm","沙文特龙.htm",".htm","219281","1 核心补充书籍\MM5怪物图鉴5\怪物\龙的伟大游戏"
"1 核心补充书籍\MM5怪物图鉴5\怪物\龙的伟大游戏\龙的伟大游戏.htm","龙的伟大游戏.htm",".htm","33856","1 核心补充书籍\MM5怪物图鉴5\怪物\龙的伟大游戏"
"1 核心补充书籍\MM5怪物图鉴5\插图\222.jpg","222.jpg",".jpg","40640","1 核心补充书籍\MM5怪物图鉴5\插图"
"1 核心补充书籍\MM5怪物图鉴5\插图\cnmh.jpg","cnmh.jpg",".jpg","75459","1 核心补充书籍\MM5怪物图鉴5\插图"
"1 核心补充书籍\MM5怪物图鉴5\插图\cnxf.jpg","cnxf.jpg",".jpg","59013","1 核心补充书籍\MM5怪物图鉴5\插图"
"1 核心补充书籍\MM5怪物图鉴5\插图\mqlsyjx.jpg","mqlsyjx.jpg",".jpg","71849","1 核心补充书籍\MM5怪物图鉴5\插图"
"1 核心补充书籍\MM5怪物图鉴5\插图\以太污染者.jpg","以太污染者.jpg",".jpg","75826","1 核心补充书籍\MM5怪物图鉴5\插图"
"1 核心补充书籍\MM5怪物图鉴5\插图\伊萝琳.jpg","伊萝琳.jpg",".jpg","88102","1 核心补充书籍\MM5怪物图鉴5\插图"
"1 核心补充书籍\MM5怪物图鉴5\插图\余烬守卫.jpg","余烬守卫.jpg",".jpg","114359","1 核心补充书籍\MM5怪物图鉴5\插图"
"1 核心补充书籍\MM5怪物图鉴5\插图\刀刃狂暴巨魔.jpg","刀刃狂暴巨魔.jpg",".jpg","144171","1 核心补充书籍\MM5怪物图鉴5\插图"
"1 核心补充书籍\MM5怪物图鉴5\插图\力能魔像.jpg","力能魔像.jpg",".jpg","112003","1 核心补充书籍\MM5怪物图鉴5\插图"
"1 核心补充书籍\MM5怪物图鉴5\插图\加布林.jpg","加布林.jpg",".jpg","57801","1 核心补充书籍\MM5怪物图鉴5\插图"
"1 核心补充书籍\MM5怪物图鉴5\插图\加恩格拉斯巨兽.jpg","加恩格拉斯巨兽.jpg",".jpg","105579","1 核心补充书籍\MM5怪物图鉴5\插图"
"1 核心补充书籍\MM5怪物图鉴5\插图\加瑟魔.jpg","加瑟魔.jpg",".jpg","86533","1 核心补充书籍\MM5怪物图鉴5\插图"
"1 核心补充书籍\MM5怪物图鉴5\插图\千足魔.jpg","千足魔.jpg",".jpg","123912","1 核心补充书籍\MM5怪物图鉴5\插图"
"1 核心补充书籍\MM5怪物图鉴5\插图\古佛格座狼.jpg","古佛格座狼.jpg",".jpg","95224","1 核心补充书籍\MM5怪物图鉴5\插图"
"1 核心补充书籍\MM5怪物图鉴5\插图\哈蒂魔和图勒魔.jpg","哈蒂魔和图勒魔.jpg",".jpg","108821","1 核心补充书籍\MM5怪物图鉴5\插图"
"1 核心补充书籍\MM5怪物图鉴5\插图\墓地泥怪.jpg","墓地泥怪.jpg",".jpg","79052","1 核心补充书籍\MM5怪物图鉴5\插图"
"1 核心补充书籍\MM5怪物图鉴5\插图\大地精幕刃和符文大地精.jpg","大地精幕刃和符文大地精.jpg",".jpg","116410","1 核心补充书籍\MM5怪物图鉴5\插图"
"1 核心补充书籍\MM5怪物图鉴5\插图\大地精战法与大地精战魂.jpg","大地精战法与大地精战魂.jpg",".jpg","120534","1 核心补充书籍\MM5怪物图鉴5\插图"
"1 核心补充书籍\MM5怪物图鉴5\插图\宝石甲虫.jpg","宝石甲虫.jpg",".jpg","169591","1 核心补充书籍\MM5怪物图鉴5\插图"
"1 核心补充书籍\MM5怪物图鉴5\插图\封面.jpg","封面.jpg",".jpg","329640","1 核心补充书籍\MM5怪物图鉴5\插图"
"1 核心补充书籍\MM5怪物图鉴5\插图\屠杀魔.jpg","屠杀魔.jpg",".jpg","82989","1 核心补充书籍\MM5怪物图鉴5\插图"
"1 核心补充书籍\MM5怪物图鉴5\插图\幽灵骑士.jpg","幽灵骑士.jpg",".jpg","98201","1 核心补充书籍\MM5怪物图鉴5\插图"
"1 核心补充书籍\MM5怪物图鉴5\插图\废墟元素.jpg","废墟元素.jpg",".jpg","88867","1 核心补充书籍\MM5怪物图鉴5\插图"
"1 核心补充书籍\MM5怪物图鉴5\插图\废墟歌者.jpg","废墟歌者.jpg",".jpg","86987","1 核心补充书籍\MM5怪物图鉴5\插图"
"1 核心补充书籍\MM5怪物图鉴5\插图\恐牙猪.jpg","恐牙猪.jpg",".jpg","61246","1 核心补充书籍\MM5怪物图鉴5\插图"
"1 核心补充书籍\MM5怪物图鉴5\插图\恶魔荆棘曼德拉.jpg","恶魔荆棘曼德拉.jpg",".jpg","115273","1 核心补充书籍\MM5怪物图鉴5\插图"
"1 核心补充书籍\MM5怪物图鉴5\插图\报丧女妖.jpg","报丧女妖.jpg",".jpg","80990","1 核心补充书籍\MM5怪物图鉴5\插图"
"1 核心补充书籍\MM5怪物图鉴5\插图\掘穴根蔓.jpg","掘穴根蔓.jpg",".jpg","108512","1 核心补充书籍\MM5怪物图鉴5\插图"
"1 核心补充书籍\MM5怪物图鉴5\插图\攻城甲虫.jpg","攻城甲虫.jpg",".jpg","84722","1 核心补充书籍\MM5怪物图鉴5\插图"
"1 核心补充书籍\MM5怪物图鉴5\插图\斯帕莱克斯怪.jpg","斯帕莱克斯怪.jpg",".jpg","94906","1 核心补充书籍\MM5怪物图鉴5\插图"
"1 核心补充书籍\MM5怪物图鉴5\插图\暴食魔.jpg","暴食魔.jpg",".jpg","54914","1 核心补充书籍\MM5怪物图鉴5\插图"
"1 核心补充书籍\MM5怪物图鉴5\插图\木贼投掷者.jpg","木贼投掷者.jpg",".jpg","94933","1 核心补充书籍\MM5怪物图鉴5\插图"
"1 核心补充书籍\MM5怪物图鉴5\插图\木贼支柱.jpg","木贼支柱.jpg",".jpg","71827","1 核心补充书籍\MM5怪物图鉴5\插图"
"1 核心补充书籍\MM5怪物图鉴5\插图\朱庇莱克斯衍体.jpg","朱庇莱克斯衍体.jpg",".jpg","47203","1 核心补充书籍\MM5怪物图鉴5\插图"
"1 核心补充书籍\MM5怪物图鉴5\插图\朱庇莱克斯衍体2.jpg","朱庇莱克斯衍体2.jpg",".jpg","58155","1 核心补充书籍\MM5怪物图鉴5\插图"
"1 核心补充书籍\MM5怪物图鉴5\插图\李斯魔和阿卡魔.jpg","李斯魔和阿卡魔.jpg",".jpg","77602","1 核心补充书籍\MM5怪物图鉴5\插图"
"1 核心补充书籍\MM5怪物图鉴5\插图\死骸鹫.jpg","死骸鹫.jpg",".jpg","77776","1 核心补充书籍\MM5怪物图鉴5\插图"
"1 核心补充书籍\MM5怪物图鉴5\插图\沙德灵.jpg","沙德灵.jpg",".jpg","85777","1 核心补充书籍\MM5怪物图鉴5\插图"
"1 核心补充书籍\MM5怪物图鉴5\插图\游荡魔.jpg","游荡魔.jpg",".jpg","80921","1 核心补充书籍\MM5怪物图鉴5\插图"
"1 核心补充书籍\MM5怪物图鉴5\插图\熔核魔像.jpg","熔核魔像.jpg",".jpg","87405","1 核心补充书籍\MM5怪物图鉴5\插图"
"1 核心补充书籍\MM5怪物图鉴5\插图\狂猎.jpg","狂猎.jpg",".jpg","80065","1 核心补充书籍\MM5怪物图鉴5\插图"
"1 核心补充书籍\MM5怪物图鉴5\插图\猎骨者.jpg","猎骨者.jpg",".jpg","85377","1 核心补充书籍\MM5怪物图鉴5\插图"
"1 核心补充书籍\MM5怪物图鉴5\插图\瑞卡地鼠.jpg","瑞卡地鼠.jpg",".jpg","75469","1 核心补充书籍\MM5怪物图鉴5\插图"
"1 核心补充书籍\MM5怪物图鉴5\插图\瑞曼魔.jpg","瑞曼魔.jpg",".jpg","44525","1 核心补充书籍\MM5怪物图鉴5\插图"
"1 核心补充书籍\MM5怪物图鉴5\插图\索列姆之犬.jpg","索列姆之犬.jpg",".jpg","53583","1 核心补充书籍\MM5怪物图鉴5\插图"
"1 核心补充书籍\MM5怪物图鉴5\插图\红寡妇.jpg","红寡妇.jpg",".jpg","71828","1 核心补充书籍\MM5怪物图鉴5\插图"
"1 核心补充书籍\MM5怪物图鉴5\插图\缝合魔.jpg","缝合魔.jpg",".jpg","92941","1 核心补充书籍\MM5怪物图鉴5\插图"
"1 核心补充书籍\MM5怪物图鉴5\插图\肉钩魔.jpg","肉钩魔.jpg",".jpg","67914","1 核心补充书籍\MM5怪物图鉴5\插图"
"1 核心补充书籍\MM5怪物图鉴5\插图\腐臭真菌.jpg","腐臭真菌.jpg",".jpg","91988","1 核心补充书籍\MM5怪物图鉴5\插图"
"1 核心补充书籍\MM5怪物图鉴5\插图\苏恩的信徒.JPG","苏恩的信徒.JPG",".JPG","100285","1 核心补充书籍\MM5怪物图鉴5\插图"
"1 核心补充书籍\MM5怪物图鉴5\插图\苏恩长老脑.jpg","苏恩长老脑.jpg",".jpg","139214","1 核心补充书籍\MM5怪物图鉴5\插图"
"1 核心补充书籍\MM5怪物图鉴5\插图\范例魅影.jpg","范例魅影.jpg",".jpg","59185","1 核心补充书籍\MM5怪物图鉴5\插图"
"1 核心补充书籍\MM5怪物图鉴5\插图\藤蔓衍体.jpg","藤蔓衍体.jpg",".jpg","47801","1 核心补充书籍\MM5怪物图鉴5\插图"
"1 核心补充书籍\MM5怪物图鉴5\插图\血污饮者.jpg","血污饮者.jpg",".jpg","75601","1 核心补充书籍\MM5怪物图鉴5\插图"
"1 核心补充书籍\MM5怪物图鉴5\插图\解剖者.jpg","解剖者.jpg",".jpg","69548","1 核心补充书籍\MM5怪物图鉴5\插图"
"1 核心补充书籍\MM5怪物图鉴5\插图\铁翼.jpg","铁翼.jpg",".jpg","50020","1 核心补充书籍\MM5怪物图鉴5\插图"
"1 核心补充书籍\MM5怪物图鉴5\插图\阿卡狄亚复仇者.jpg","阿卡狄亚复仇者.jpg",".jpg","78212","1 核心补充书籍\MM5怪物图鉴5\插图"
"1 核心补充书籍\MM5怪物图鉴5\插图\霜风魔女.jpg","霜风魔女.jpg",".jpg","60524","1 核心补充书籍\MM5怪物图鉴5\插图"
"1 核心补充书籍\MM5怪物图鉴5\插图\食人魔元素法师.jpg","食人魔元素法师.jpg",".jpg","209160","1 核心补充书籍\MM5怪物图鉴5\插图"
"1 核心补充书籍\MM5怪物图鉴5\插图\马拉斯托兽.jpg","马拉斯托兽.jpg",".jpg","107243","1 核心补充书籍\MM5怪物图鉴5\插图"
"1 核心补充书籍\MM5怪物图鉴5\插图\骨蛇.jpg","骨蛇.jpg",".jpg","74885","1 核心补充书籍\MM5怪物图鉴5\插图"
"1 核心补充书籍\MM5怪物图鉴5\插图\骷髅领主.jpg","骷髅领主.jpg",".jpg","93423","1 核心补充书籍\MM5怪物图鉴5\插图"
"1 核心补充书籍\MM5怪物图鉴5\插图\黑公爵.jpg","黑公爵.jpg",".jpg","53443","1 核心补充书籍\MM5怪物图鉴5\插图"
"1 核心补充书籍\MM5怪物图鉴5\插图\黑翼.jpg","黑翼.jpg",".jpg","92032","1 核心补充书籍\MM5怪物图鉴5\插图"
"1 核心补充书籍\PHB2玩家手册2\玩家手册2.htm","玩家手册2.htm",".htm","1387","1 核心补充书籍\PHB2玩家手册2"
"1 核心补充书籍\PHB2玩家手册2\专长\一般专长.htm","一般专长.htm",".htm","38590","1 核心补充书籍\PHB2玩家手册2\专长"
"1 核心补充书籍\PHB2玩家手册2\专长\仪式专长.htm","仪式专长.htm",".htm","5223","1 核心补充书籍\PHB2玩家手册2\专长"
"1 核心补充书籍\PHB2玩家手册2\专长\战士专注专长.htm","战士专注专长.htm",".htm","4034","1 核心补充书籍\PHB2玩家手册2\专长"
"1 核心补充书籍\PHB2玩家手册2\专长\战术专长.htm","战术专长.htm",".htm","8450","1 核心补充书籍\PHB2玩家手册2\专长"
"1 核心补充书籍\PHB2玩家手册2\专长\术士血统专长.htm","术士血统专长.htm",".htm","4334","1 核心补充书籍\PHB2玩家手册2\专长"
"1 核心补充书籍\PHB2玩家手册2\专长\神圣专长.htm","神圣专长.htm",".htm","5073","1 核心补充书籍\PHB2玩家手册2\专长"
"1 核心补充书籍\PHB2玩家手册2\专长\超魔专长.htm","超魔专长.htm",".htm","3466","1 核心补充书籍\PHB2玩家手册2\专长"
"1 核心补充书籍\PHB2玩家手册2\其他\人物重训.htm","人物重训.htm",".htm","6336","1 核心补充书籍\PHB2玩家手册2\其他"
"1 核心补充书籍\PHB2玩家手册2\其他\创建你的组织.htm","创建你的组织.htm",".htm","23525","1 核心补充书籍\PHB2玩家手册2\其他"
"1 核心补充书籍\PHB2玩家手册2\其他\团队协作收益.htm","团队协作收益.htm",".htm","26700","1 核心补充书籍\PHB2玩家手册2\其他"
"1 核心补充书籍\PHB2玩家手册2\其他\快速创建人物.htm","快速创建人物.htm",".htm","49954","1 核心补充书籍\PHB2玩家手册2\其他"
"1 核心补充书籍\PHB2玩家手册2\其他\组织.htm","组织.htm",".htm","9291","1 核心补充书籍\PHB2玩家手册2\其他"
"1 核心补充书籍\PHB2玩家手册2\其他\范例组织.htm","范例组织.htm",".htm","30305","1 核心补充书籍\PHB2玩家手册2\其他"
"1 核心补充书籍\PHB2玩家手册2\其他\运作组织.htm","运作组织.htm",".htm","5491","1 核心补充书籍\PHB2玩家手册2\其他"
"1 核心补充书籍\PHB2玩家手册2\其他\重建.htm","重建.htm",".htm","7687","1 核心补充书籍\PHB2玩家手册2\其他"
"1 核心补充书籍\PHB2玩家手册2\法术\法术.htm","法术.htm",".htm","4454","1 核心补充书籍\PHB2玩家手册2\法术"
"1 核心补充书籍\PHB2玩家手册2\法术\法术列表.htm","法术列表.htm",".htm","27225","1 核心补充书籍\PHB2玩家手册2\法术"
"1 核心补充书籍\PHB2玩家手册2\法术\法术详述.htm","法术详述.htm",".htm","97345","1 核心补充书籍\PHB2玩家手册2\法术"
"1 核心补充书籍\PHB2玩家手册2\玩家手册2.files\image001.jpg","image001.jpg",".jpg","327257","1 核心补充书籍\PHB2玩家手册2\玩家手册2.files"
"1 核心补充书籍\PHB2玩家手册2\职业\天佑者.htm","天佑者.htm",".htm","7199","1 核心补充书籍\PHB2玩家手册2\职业"
"1 核心补充书籍\PHB2玩家手册2\职业\暮刃.htm","暮刃.htm",".htm","16219","1 核心补充书籍\PHB2玩家手册2\职业"
"1 核心补充书籍\PHB2玩家手册2\职业\欺愚者.htm","欺愚者.htm",".htm","24573","1 核心补充书籍\PHB2玩家手册2\职业"
"1 核心补充书籍\PHB2玩家手册2\职业\骑士.htm","骑士.htm",".htm","16251","1 核心补充书籍\PHB2玩家手册2\职业"
"1 核心补充书籍\PHB2玩家手册2\职业\魔剑客.htm","魔剑客.htm",".htm","7575","1 核心补充书籍\PHB2玩家手册2\职业"
"1 核心补充书籍\PHB2玩家手册2\职业\龙之萨满.htm","龙之萨满.htm",".htm","13910","1 核心补充书籍\PHB2玩家手册2\职业"
"1 核心补充书籍\PHB2玩家手册2\职业\天佑者.files\image001.jpg","image001.jpg",".jpg","104416","1 核心补充书籍\PHB2玩家手册2\职业\天佑者.files"
"1 核心补充书籍\PHB2玩家手册2\职业\暮刃.files\image001.jpg","image001.jpg",".jpg","143756","1 核心补充书籍\PHB2玩家手册2\职业\暮刃.files"
"1 核心补充书籍\PHB2玩家手册2\职业\欺愚者.files\image001.jpg","image001.jpg",".jpg","135221","1 核心补充书籍\PHB2玩家手册2\职业\欺愚者.files"
"1 核心补充书籍\PHB2玩家手册2\职业\骑士.files\image001.jpg","image001.jpg",".jpg","129550","1 核心补充书籍\PHB2玩家手册2\职业\骑士.files"
"1 核心补充书籍\PHB2玩家手册2\职业\魔剑客.files\image001.jpg","image001.jpg",".jpg","61962","1 核心补充书籍\PHB2玩家手册2\职业\魔剑客.files"
"1 核心补充书籍\PHB2玩家手册2\职业\龙之萨满.files\image002.jpg","image002.jpg",".jpg","25275","1 核心补充书籍\PHB2玩家手册2\职业\龙之萨满.files"
"1 核心补充书籍\PHB2玩家手册2\职业替代能力\元戎.htm","元戎.htm",".htm","2872","1 核心补充书籍\PHB2玩家手册2\职业替代能力"
"1 核心补充书籍\PHB2玩家手册2\职业替代能力\吟游诗人.htm","吟游诗人.htm",".htm","3962","1 核心补充书籍\PHB2玩家手册2\职业替代能力"
"1 核心补充书籍\PHB2玩家手册2\职业替代能力\圣武士.htm","圣武士.htm",".htm","2423","1 核心补充书籍\PHB2玩家手册2\职业替代能力"
"1 核心补充书籍\PHB2玩家手册2\职业替代能力\巡林客.htm","巡林客.htm",".htm","2453","1 核心补充书籍\PHB2玩家手册2\职业替代能力"
"1 核心补充书籍\PHB2玩家手册2\职业替代能力\德鲁伊.htm","德鲁伊.htm",".htm","5846","1 核心补充书籍\PHB2玩家手册2\职业替代能力"
"1 核心补充书籍\PHB2玩家手册2\职业替代能力\战士.htm","战士.htm",".htm","3291","1 核心补充书籍\PHB2玩家手册2\职业替代能力"
"1 核心补充书籍\PHB2玩家手册2\职业替代能力\战法师.htm","战法师.htm",".htm","2773","1 核心补充书籍\PHB2玩家手册2\职业替代能力"
"1 核心补充书籍\PHB2玩家手册2\职业替代能力\扩展职业.htm","扩展职业.htm",".htm","2702","1 核心补充书籍\PHB2玩家手册2\职业替代能力"
"1 核心补充书籍\PHB2玩家手册2\职业替代能力\斥候.htm","斥候.htm",".htm","2973","1 核心补充书籍\PHB2玩家手册2\职业替代能力"
"1 核心补充书籍\PHB2玩家手册2\职业替代能力\术士.htm","术士.htm",".htm","2357","1 核心补充书籍\PHB2玩家手册2\职业替代能力"
"1 核心补充书籍\PHB2玩家手册2\职业替代能力\核心职业.htm","核心职业.htm",".htm","2931","1 核心补充书籍\PHB2玩家手册2\职业替代能力"
"1 核心补充书籍\PHB2玩家手册2\职业替代能力\武僧.htm","武僧.htm",".htm","2580","1 核心补充书籍\PHB2玩家手册2\职业替代能力"
"1 核心补充书籍\PHB2玩家手册2\职业替代能力\法师.htm","法师.htm",".htm","3742","1 核心补充书籍\PHB2玩家手册2\职业替代能力"
"1 核心补充书籍\PHB2玩家手册2\职业替代能力\游荡剑客.htm","游荡剑客.htm",".htm","2968","1 核心补充书籍\PHB2玩家手册2\职业替代能力"
"1 核心补充书籍\PHB2玩家手册2\职业替代能力\游荡者.htm","游荡者.htm",".htm","2435","1 核心补充书籍\PHB2玩家手册2\职业替代能力"
"1 核心补充书籍\PHB2玩家手册2\职业替代能力\牧师.htm","牧师.htm",".htm","2579","1 核心补充书籍\PHB2玩家手册2\职业替代能力"
"1 核心补充书籍\PHB2玩家手册2\职业替代能力\邪术师.htm","邪术师.htm",".htm","2753","1 核心补充书籍\PHB2玩家手册2\职业替代能力"
"1 核心补充书籍\PHB2玩家手册2\职业替代能力\野蛮人.htm","野蛮人.htm",".htm","5663","1 核心补充书籍\PHB2玩家手册2\职业替代能力"
"1 核心补充书籍\PHB2玩家手册2\职业替代能力\野蛮人.jpg","野蛮人.jpg",".jpg","114034","1 核心补充书籍\PHB2玩家手册2\职业替代能力"
"1 核心补充书籍\XPH扩展灵能手册\0插图\半巨人.jpg","半巨人.jpg",".jpg","53559","1 核心补充书籍\XPH扩展灵能手册\0插图"
"1 核心补充书籍\XPH扩展灵能手册\0插图\厄兰.jpg","厄兰.jpg",".jpg","137917","1 核心补充书籍\XPH扩展灵能手册\0插图"
"1 核心补充书籍\XPH扩展灵能手册\0插图\吉斯泽莱人.jpg","吉斯泽莱人.jpg",".jpg","209069","1 核心补充书籍\XPH扩展灵能手册\0插图"
"1 核心补充书籍\XPH扩展灵能手册\0插图\吉斯洋基人.jpg","吉斯洋基人.jpg",".jpg","43495","1 核心补充书籍\XPH扩展灵能手册\0插图"
"1 核心补充书籍\XPH扩展灵能手册\0插图\封面.jpg","封面.jpg",".jpg","248541","1 核心补充书籍\XPH扩展灵能手册\0插图"
"1 核心补充书籍\XPH扩展灵能手册\0插图\灰矮人.jpg","灰矮人.jpg",".jpg","106750","1 核心补充书籍\XPH扩展灵能手册\0插图"
"1 核心补充书籍\XPH扩展灵能手册\0插图\瑟芬人.jpg","瑟芬人.jpg",".jpg","116171","1 核心补充书籍\XPH扩展灵能手册\0插图"
"1 核心补充书籍\XPH扩展灵能手册\0插图\美纳德人.jpg","美纳德人.jpg",".jpg","118429","1 核心补充书籍\XPH扩展灵能手册\0插图"
"1 核心补充书籍\XPH扩展灵能手册\0插图\螳螂人.jpg","螳螂人.jpg",".jpg","68001","1 核心补充书籍\XPH扩展灵能手册\0插图"
"1 核心补充书籍\XPH扩展灵能手册\0插图\蠹灵.jpg","蠹灵.jpg",".jpg","112680","1 核心补充书籍\XPH扩展灵能手册\0插图"
"1 核心补充书籍\XPH扩展灵能手册\1种族\前言1.htm","前言1.htm",".htm","4701","1 核心补充书籍\XPH扩展灵能手册\1种族"
"1 核心补充书籍\XPH扩展灵能手册\1种族\半巨人.htm","半巨人.htm",".htm","5073","1 核心补充书籍\XPH扩展灵能手册\1种族"
"1 核心补充书籍\XPH扩展灵能手册\1种族\厄兰.htm","厄兰.htm",".htm","5615","1 核心补充书籍\XPH扩展灵能手册\1种族"
"1 核心补充书籍\XPH扩展灵能手册\1种族\吉斯泽莱人.htm","吉斯泽莱人.htm",".htm","5134","1 核心补充书籍\XPH扩展灵能手册\1种族"
"1 核心补充书籍\XPH扩展灵能手册\1种族\吉斯洋基人.htm","吉斯洋基人.htm",".htm","5889","1 核心补充书籍\XPH扩展灵能手册\1种族"
"1 核心补充书籍\XPH扩展灵能手册\1种族\年龄，身高，及体重.htm","年龄，身高，及体重.htm",".htm","5963","1 核心补充书籍\XPH扩展灵能手册\1种族"
"1 核心补充书籍\XPH扩展灵能手册\1种族\扩展灵能（XPH）.htm","扩展灵能（XPH）.htm",".htm","1441","1 核心补充书籍\XPH扩展灵能手册\1种族"
"1 核心补充书籍\XPH扩展灵能手册\1种族\灰矮人.htm","灰矮人.htm",".htm","6224","1 核心补充书籍\XPH扩展灵能手册\1种族"
"1 核心补充书籍\XPH扩展灵能手册\1种族\瑟芬人.htm","瑟芬人.htm",".htm","4819","1 核心补充书籍\XPH扩展灵能手册\1种族"
"1 核心补充书籍\XPH扩展灵能手册\1种族\种族.htm","种族.htm",".htm","5744","1 核心补充书籍\XPH扩展灵能手册\1种族"
"1 核心补充书籍\XPH扩展灵能手册\1种族\美纳德人.htm","美纳德人.htm",".htm","4967","1 核心补充书籍\XPH扩展灵能手册\1种族"
"1 核心补充书籍\XPH扩展灵能手册\1种族\螳螂人.htm","螳螂人.htm",".htm","6773","1 核心补充书籍\XPH扩展灵能手册\1种族"
"1 核心补充书籍\XPH扩展灵能手册\1种族\蠹灵.htm","蠹灵.htm",".htm","7026","1 核心补充书籍\XPH扩展灵能手册\1种族"
"1 核心补充书籍\XPH扩展灵能手册\2基础\传奇等级的灵能角色.htm","传奇等级的灵能角色.htm",".htm","6218","1 核心补充书籍\XPH扩展灵能手册\2基础"
"1 核心补充书籍\XPH扩展灵能手册\2基础\心灵术士.htm","心灵术士.htm",".htm","13096","1 核心补充书籍\XPH扩展灵能手册\2基础"
"1 核心补充书籍\XPH扩展灵能手册\2基础\心灵武士.htm","心灵武士.htm",".htm","10472","1 核心补充书籍\XPH扩展灵能手册\2基础"
"1 核心补充书籍\XPH扩展灵能手册\2基础\狂念者.htm","狂念者.htm",".htm","12528","1 核心补充书籍\XPH扩展灵能手册\2基础"
"1 核心补充书籍\XPH扩展灵能手册\2基础\职业.htm","职业.htm",".htm","10175","1 核心补充书籍\XPH扩展灵能手册\2基础"
"1 核心补充书籍\XPH扩展灵能手册\2基础\魂刃者.htm","魂刃者.htm",".htm","13940","1 核心补充书籍\XPH扩展灵能手册\2基础"
"1 核心补充书籍\XPH扩展灵能手册\3进阶\奥灵师.htm","奥灵师.htm",".htm","4450","1 核心补充书籍\XPH扩展灵能手册\3进阶"
"1 核心补充书籍\XPH扩展灵能手册\3进阶\奴役者.htm","奴役者.htm",".htm","9757","1 核心补充书籍\XPH扩展灵能手册\3进阶"
"1 核心补充书籍\XPH扩展灵能手册\3进阶\战魂.htm","战魂.htm",".htm","7439","1 核心补充书籍\XPH扩展灵能手册\3进阶"
"1 核心补充书籍\XPH扩展灵能手册\3进阶\操焰者.htm","操焰者.htm",".htm","6987","1 核心补充书籍\XPH扩展灵能手册\3进阶"
"1 核心补充书籍\XPH扩展灵能手册\3进阶\汝欧肯之拳.htm","汝欧肯之拳.htm",".htm","6115","1 核心补充书籍\XPH扩展灵能手册\3进阶"
"1 核心补充书籍\XPH扩展灵能手册\3进阶\灵吸怪杀手.htm","灵吸怪杀手.htm",".htm","7770","1 核心补充书籍\XPH扩展灵能手册\3进阶"
"1 核心补充书籍\XPH扩展灵能手册\3进阶\虚灵师.htm","虚灵师.htm",".htm","10020","1 核心补充书籍\XPH扩展灵能手册\3进阶"
"1 核心补充书籍\XPH扩展灵能手册\3进阶\超念者.htm","超念者.htm",".htm","5316","1 核心补充书籍\XPH扩展灵能手册\3进阶"
"1 核心补充书籍\XPH扩展灵能手册\3进阶\转位者.htm","转位者.htm",".htm","7969","1 核心补充书籍\XPH扩展灵能手册\3进阶"
"1 核心补充书籍\XPH扩展灵能手册\3进阶\进阶.htm","进阶.htm",".htm","1734","1 核心补充书籍\XPH扩展灵能手册\3进阶"
"1 核心补充书籍\XPH扩展灵能手册\4技能专长\专长和灵能.htm","专长和灵能.htm",".htm","7122","1 核心补充书籍\XPH扩展灵能手册\4技能专长"
"1 核心补充书籍\XPH扩展灵能手册\4技能专长\专长描述.htm","专长描述.htm",".htm","42828","1 核心补充书籍\XPH扩展灵能手册\4技能专长"
"1 核心补充书籍\XPH扩展灵能手册\4技能专长\传奇专长.htm","传奇专长.htm",".htm","4479","1 核心补充书籍\XPH扩展灵能手册\4技能专长"
"1 核心补充书籍\XPH扩展灵能手册\4技能专长\技能和专长.htm","技能和专长.htm",".htm","1623","1 核心补充书籍\XPH扩展灵能手册\4技能专长"
"1 核心补充书籍\XPH扩展灵能手册\4技能专长\技能和灵能.htm","技能和灵能.htm",".htm","10896","1 核心补充书籍\XPH扩展灵能手册\4技能专长"
"1 核心补充书籍\XPH扩展灵能手册\4技能专长\技能说明.htm","技能说明.htm",".htm","13673","1 核心补充书籍\XPH扩展灵能手册\4技能专长"
"1 核心补充书籍\XPH扩展灵能手册\5灵能\变体规则：灵能异于魔法.htm","变体规则：灵能异于魔法.htm",".htm","5292","1 核心补充书籍\XPH扩展灵能手册\5灵能"
"1 核心补充书籍\XPH扩展灵能手册\5灵能\展现异能.htm","展现异能.htm",".htm","12794","1 核心补充书籍\XPH扩展灵能手册\5灵能"
"1 核心补充书籍\XPH扩展灵能手册\5灵能\异能和灵能点.htm","异能和灵能点.htm",".htm","8486","1 核心补充书籍\XPH扩展灵能手册\5灵能"
"1 核心补充书籍\XPH扩展灵能手册\5灵能\异能描述.htm","异能描述.htm",".htm","28798","1 核心补充书籍\XPH扩展灵能手册\5灵能"
"1 核心补充书籍\XPH扩展灵能手册\5灵能\灵能.htm","灵能.htm",".htm","2831","1 核心补充书籍\XPH扩展灵能手册\5灵能"
"1 核心补充书籍\XPH扩展灵能手册\5灵能\灵能战役.htm","灵能战役.htm",".htm","8326","1 核心补充书籍\XPH扩展灵能手册\5灵能"
"1 核心补充书籍\XPH扩展灵能手册\6显能\A.htm","A.htm",".htm","132085","1 核心补充书籍\XPH扩展灵能手册\6显能"
"1 核心补充书籍\XPH扩展灵能手册\6显能\B.htm","B.htm",".htm","86742","1 核心补充书籍\XPH扩展灵能手册\6显能"
"1 核心补充书籍\XPH扩展灵能手册\6显能\C.htm","C.htm",".htm","295410","1 核心补充书籍\XPH扩展灵能手册\6显能"
"1 核心补充书籍\XPH扩展灵能手册\6显能\D.htm","D.htm",".htm","252423","1 核心补充书籍\XPH扩展灵能手册\6显能"
"1 核心补充书籍\XPH扩展灵能手册\6显能\E.htm","E.htm",".htm","290784","1 核心补充书籍\XPH扩展灵能手册\6显能"
"1 核心补充书籍\XPH扩展灵能手册\6显能\F.htm","F.htm",".htm","120336","1 核心补充书籍\XPH扩展灵能手册\6显能"
"1 核心补充书籍\XPH扩展灵能手册\6显能\G.htm","G.htm",".htm","36980","1 核心补充书籍\XPH扩展灵能手册\6显能"
"1 核心补充书籍\XPH扩展灵能手册\6显能\H.htm","H.htm",".htm","27189","1 核心补充书籍\XPH扩展灵能手册\6显能"
"1 核心补充书籍\XPH扩展灵能手册\6显能\I.htm","I.htm",".htm","96051","1 核心补充书籍\XPH扩展灵能手册\6显能"
"1 核心补充书籍\XPH扩展灵能手册\6显能\K.htm","K.htm",".htm","19061","1 核心补充书籍\XPH扩展灵能手册\6显能"
"1 核心补充书籍\XPH扩展灵能手册\6显能\L.htm","L.htm",".htm","16984","1 核心补充书籍\XPH扩展灵能手册\6显能"
"1 核心补充书籍\XPH扩展灵能手册\6显能\M.htm","M.htm",".htm","251116","1 核心补充书籍\XPH扩展灵能手册\6显能"
"1 核心补充书籍\XPH扩展灵能手册\6显能\N.htm","N.htm",".htm","13728","1 核心补充书籍\XPH扩展灵能手册\6显能"
"1 核心补充书籍\XPH扩展灵能手册\6显能\O.htm","O.htm",".htm","26035","1 核心补充书籍\XPH扩展灵能手册\6显能"
"1 核心补充书籍\XPH扩展灵能手册\6显能\P.htm","P.htm",".htm","162110","1 核心补充书籍\XPH扩展灵能手册\6显能"
"1 核心补充书籍\XPH扩展灵能手册\6显能\Q.htm","Q.htm",".htm","12061","1 核心补充书籍\XPH扩展灵能手册\6显能"
"1 核心补充书籍\XPH扩展灵能手册\6显能\R.htm","R.htm",".htm","94145","1 核心补充书籍\XPH扩展灵能手册\6显能"
"1 核心补充书籍\XPH扩展灵能手册\6显能\S.htm","S.htm",".htm","135427","1 核心补充书籍\XPH扩展灵能手册\6显能"
"1 核心补充书籍\XPH扩展灵能手册\6显能\T.htm","T.htm",".htm","168184","1 核心补充书籍\XPH扩展灵能手册\6显能"
"1 核心补充书籍\XPH扩展灵能手册\6显能\U.htm","U.htm",".htm","14252","1 核心补充书籍\XPH扩展灵能手册\6显能"
"1 核心补充书籍\XPH扩展灵能手册\6显能\V.htm","V.htm",".htm","10925","1 核心补充书籍\XPH扩展灵能手册\6显能"
"1 核心补充书籍\XPH扩展灵能手册\6显能\W.htm","W.htm",".htm","22686","1 核心补充书籍\XPH扩展灵能手册\6显能"
"1 核心补充书籍\XPH扩展灵能手册\6显能\异能.htm","异能.htm",".htm","2792","1 核心补充书籍\XPH扩展灵能手册\6显能"
"1 核心补充书籍\XPH扩展灵能手册\6显能\异能描述__.htm","异能描述__.htm",".htm","1450","1 核心补充书籍\XPH扩展灵能手册\6显能"
"1 核心补充书籍\XPH扩展灵能手册\6显能\心灵术士_狂念者异能.htm","心灵术士_狂念者异能.htm",".htm","15326","1 核心补充书籍\XPH扩展灵能手册\6显能"
"1 核心补充书籍\XPH扩展灵能手册\6显能\心灵术士能系异能.htm","心灵术士能系异能.htm",".htm","10785","1 核心补充书籍\XPH扩展灵能手册\6显能"
"1 核心补充书籍\XPH扩展灵能手册\6显能\心灵武士的异能.htm","心灵武士的异能.htm",".htm","9478","1 核心补充书籍\XPH扩展灵能手册\6显能"
"1 核心补充书籍\XPH扩展灵能手册\7装备\使用物品.htm","使用物品.htm",".htm","9754","1 核心补充书籍\XPH扩展灵能手册\7装备"
"1 核心补充书籍\XPH扩展灵能手册\7装备\创造灵能物品.htm","创造灵能物品.htm",".htm","31546","1 核心补充书籍\XPH扩展灵能手册\7装备"
"1 核心补充书籍\XPH扩展灵能手册\7装备\武器.htm","武器.htm",".htm","172227","1 核心补充书籍\XPH扩展灵能手册\7装备"
"1 核心补充书籍\XPH扩展灵能手册\7装备\灵冠.htm","灵冠.htm",".htm","68019","1 核心补充书籍\XPH扩展灵能手册\7装备"
"1 核心补充书籍\XPH扩展灵能手册\7装备\灵容.htm","灵容.htm",".htm","40738","1 核心补充书籍\XPH扩展灵能手册\7装备"
"1 核心补充书籍\XPH扩展灵能手册\7装备\灵晶仆.htm","灵晶仆.htm",".htm","11686","1 核心补充书籍\XPH扩展灵能手册\7装备"
"1 核心补充书籍\XPH扩展灵能手册\7装备\灵杖.htm","灵杖.htm",".htm","42496","1 核心补充书籍\XPH扩展灵能手册\7装备"
"1 核心补充书籍\XPH扩展灵能手册\7装备\灵物.htm","灵物.htm",".htm","354599","1 核心补充书籍\XPH扩展灵能手册\7装备"
"1 核心补充书籍\XPH扩展灵能手册\7装备\灵纹.htm","灵纹.htm",".htm","24492","1 核心补充书籍\XPH扩展灵能手册\7装备"
"1 核心补充书籍\XPH扩展灵能手册\7装备\灵能物品.htm","灵能物品.htm",".htm","2867","1 核心补充书籍\XPH扩展灵能手册\7装备"
"1 核心补充书籍\XPH扩展灵能手册\7装备\灵能物品说明.htm","灵能物品说明.htm",".htm","6450","1 核心补充书籍\XPH扩展灵能手册\7装备"
"1 核心补充书籍\XPH扩展灵能手册\7装备\灵能石.htm","灵能石.htm",".htm","60311","1 核心补充书籍\XPH扩展灵能手册\7装备"
"1 核心补充书籍\XPH扩展灵能手册\7装备\灵能神器.htm","灵能神器.htm",".htm","49498","1 核心补充书籍\XPH扩展灵能手册\7装备"
"1 核心补充书籍\XPH扩展灵能手册\7装备\特殊材料.htm","特殊材料.htm",".htm","10916","1 核心补充书籍\XPH扩展灵能手册\7装备"
"1 核心补充书籍\XPH扩展灵能手册\7装备\诅咒物品.htm","诅咒物品.htm",".htm","20194","1 核心补充书籍\XPH扩展灵能手册\7装备"
"1 核心补充书籍\XPH扩展灵能手册\7装备\防具.htm","防具.htm",".htm","12825","1 核心补充书籍\XPH扩展灵能手册\7装备"
"1 核心补充书籍\XPH扩展灵能手册\8怪物\傀儡虫.htm","傀儡虫.htm",".htm","23457","1 核心补充书籍\XPH扩展灵能手册\8怪物"
"1 核心补充书籍\XPH扩展灵能手册\8怪物\傀儡虫，血肉撕裂者.htm","傀儡虫，血肉撕裂者.htm",".htm","19736","1 核心补充书籍\XPH扩展灵能手册\8怪物"
"1 核心补充书籍\XPH扩展灵能手册\8怪物\半巨人1.htm","半巨人1.htm",".htm","31555","1 核心补充书籍\XPH扩展灵能手册\8怪物"
"1 核心补充书籍\XPH扩展灵能手册\8怪物\厄兰1.htm","厄兰1.htm",".htm","28879","1 核心补充书籍\XPH扩展灵能手册\8怪物"
"1 核心补充书籍\XPH扩展灵能手册\8怪物\噬脑怪.htm","噬脑怪.htm",".htm","28310","1 核心补充书籍\XPH扩展灵能手册\8怪物"
"1 核心补充书籍\XPH扩展灵能手册\8怪物\土当归根.htm","土当归根.htm",".htm","26200","1 核心补充书籍\XPH扩展灵能手册\8怪物"
"1 核心补充书籍\XPH扩展灵能手册\8怪物\夺心巨虫.htm","夺心巨虫.htm",".htm","28030","1 核心补充书籍\XPH扩展灵能手册\8怪物"
"1 核心补充书籍\XPH扩展灵能手册\8怪物\弑念怪.htm","弑念怪.htm",".htm","24155","1 核心补充书籍\XPH扩展灵能手册\8怪物"
"1 核心补充书籍\XPH扩展灵能手册\8怪物\心灵术士杀手.htm","心灵术士杀手.htm",".htm","4084","1 核心补充书籍\XPH扩展灵能手册\8怪物"
"1 核心补充书籍\XPH扩展灵能手册\8怪物\念力生物.htm","念力生物.htm",".htm","5625","1 核心补充书籍\XPH扩展灵能手册\8怪物"
"1 核心补充书籍\XPH扩展灵能手册\8怪物\怪物.htm","怪物.htm",".htm","3289","1 核心补充书籍\XPH扩展灵能手册\8怪物"
"1 核心补充书籍\XPH扩展灵能手册\8怪物\无体者.htm","无体者.htm",".htm","39802","1 核心补充书籍\XPH扩展灵能手册\8怪物"
"1 核心补充书籍\XPH扩展灵能手册\8怪物\时窃怪.htm","时窃怪.htm",".htm","23570","1 核心补充书籍\XPH扩展灵能手册\8怪物"
"1 核心补充书籍\XPH扩展灵能手册\8怪物\星质构装体.htm","星质构装体.htm",".htm","16330","1 核心补充书籍\XPH扩展灵能手册\8怪物"
"1 核心补充书籍\XPH扩展灵能手册\8怪物\水晶元素.htm","水晶元素.htm",".htm","19437","1 核心补充书籍\XPH扩展灵能手册\8怪物"
"1 核心补充书籍\XPH扩展灵能手册\8怪物\溶晶怪.htm","溶晶怪.htm",".htm","17258","1 核心补充书籍\XPH扩展灵能手册\8怪物"
"1 核心补充书籍\XPH扩展灵能手册\8怪物\灰黑贪食者.htm","灰黑贪食者.htm",".htm","21306","1 核心补充书籍\XPH扩展灵能手册\8怪物"
"1 核心补充书籍\XPH扩展灵能手册\8怪物\灵晶仆1.htm","灵晶仆1.htm",".htm","20750","1 核心补充书籍\XPH扩展灵能手册\8怪物"
"1 核心补充书籍\XPH扩展灵能手册\8怪物\灵能吉斯泽莱人.htm","灵能吉斯泽莱人.htm",".htm","18190","1 核心补充书籍\XPH扩展灵能手册\8怪物"
"1 核心补充书籍\XPH扩展灵能手册\8怪物\灵能吉斯洋基人.htm","灵能吉斯洋基人.htm",".htm","22398","1 核心补充书籍\XPH扩展灵能手册\8怪物"
"1 核心补充书籍\XPH扩展灵能手册\8怪物\灵能子类别.htm","灵能子类别.htm",".htm","38664","1 核心补充书籍\XPH扩展灵能手册\8怪物"
"1 核心补充书籍\XPH扩展灵能手册\8怪物\灵能底栖魔鱼.htm","灵能底栖魔鱼.htm",".htm","12076","1 核心补充书籍\XPH扩展灵能手册\8怪物"
"1 核心补充书籍\XPH扩展灵能手册\8怪物\灵能灰矮人.htm","灵能灰矮人.htm",".htm","20853","1 核心补充书籍\XPH扩展灵能手册\8怪物"
"1 核心补充书籍\XPH扩展灵能手册\8怪物\灵能灵吸怪.htm","灵能灵吸怪.htm",".htm","17006","1 核心补充书籍\XPH扩展灵能手册\8怪物"
"1 核心补充书籍\XPH扩展灵能手册\8怪物\灵能羽蛇.htm","灵能羽蛇.htm",".htm","10204","1 核心补充书籍\XPH扩展灵能手册\8怪物"
"1 核心补充书籍\XPH扩展灵能手册\8怪物\灵能蛇人.htm","灵能蛇人.htm",".htm","23789","1 核心补充书籍\XPH扩展灵能手册\8怪物"
"1 核心补充书籍\XPH扩展灵能手册\8怪物\瑟芬人1.htm","瑟芬人1.htm",".htm","26573","1 核心补充书籍\XPH扩展灵能手册\8怪物"
"1 核心补充书籍\XPH扩展灵能手册\8怪物\畸念.htm","畸念.htm",".htm","22499","1 核心补充书籍\XPH扩展灵能手册\8怪物"
"1 核心补充书籍\XPH扩展灵能手册\8怪物\美纳德人1.htm","美纳德人1.htm",".htm","27560","1 核心补充书籍\XPH扩展灵能手册\8怪物"
"1 核心补充书籍\XPH扩展灵能手册\8怪物\脑魔.htm","脑魔.htm",".htm","28999","1 核心补充书籍\XPH扩展灵能手册\8怪物"
"1 核心补充书籍\XPH扩展灵能手册\8怪物\脑鼹.htm","脑鼹.htm",".htm","21211","1 核心补充书籍\XPH扩展灵能手册\8怪物"
"1 核心补充书籍\XPH扩展灵能手册\8怪物\蓝地精.htm","蓝地精.htm",".htm","34869","1 核心补充书籍\XPH扩展灵能手册\8怪物"
"1 核心补充书籍\XPH扩展灵能手册\8怪物\螳螂人1.htm","螳螂人1.htm",".htm","35588","1 核心补充书籍\XPH扩展灵能手册\8怪物"
"1 核心补充书籍\XPH扩展灵能手册\8怪物\蠹灵1.htm","蠹灵1.htm",".htm","30511","1 核心补充书籍\XPH扩展灵能手册\8怪物"
"1 核心补充书籍\XPH扩展灵能手册\8怪物\食念怪.htm","食念怪.htm",".htm","21415","1 核心补充书籍\XPH扩展灵能手册\8怪物"
"1 核心补充书籍\XPH扩展灵能手册\8怪物\黑暗呼唤者.htm","黑暗呼唤者.htm",".htm","30204","1 核心补充书籍\XPH扩展灵能手册\8怪物"
"1 核心补充书籍\XPH扩展灵能手册\9附录\法术.htm","法术.htm",".htm","95519","1 核心补充书籍\XPH扩展灵能手册\9附录"
"1 核心补充书籍\XPH扩展灵能手册\9附录\神明.htm","神明.htm",".htm","24247","1 核心补充书籍\XPH扩展灵能手册\9附录"
"1 核心补充书籍\XPH扩展灵能手册\9附录\附录：法术和神祇.htm","附录：法术和神祇.htm",".htm","1492","1 核心补充书籍\XPH扩展灵能手册\9附录"
"10 附录\出版书籍顺序.htm","出版书籍顺序.htm",".htm","14806","10 附录"
"10 附录\填充页面.htm","填充页面.htm",".htm","1290","10 附录"
"10 附录\如何为扩展大全做出贡献.htm","如何为扩展大全做出贡献.htm",".htm","1323","10 附录"
"10 附录\如何使用大不全.htm","如何使用大不全.htm",".htm","9138","10 附录"
"10 附录\版本历史.htm","版本历史.htm",".htm","27507","10 附录"
"10 附录\老前言.htm","老前言.htm",".htm","10177","10 附录"
"10 附录\资源分类.htm","资源分类.htm",".htm","3325","10 附录"
"10 附录\html教学\开始之前.htm","开始之前.htm",".htm","3426","10 附录\html教学"
"10 附录\html教学\标签与格式.htm","标签与格式.htm",".htm","22751","10 附录\html教学"
"10 附录\html教学\标签与格式\为什么不用word1.png","为什么不用word1.png",".png","120389","10 附录\html教学\标签与格式"
"10 附录\html教学\标签与格式\标签1.png","标签1.png",".png","90048","10 附录\html教学\标签与格式"
"10 附录\html教学\标签与格式\记事本1.png","记事本1.png",".png","66589","10 附录\html教学\标签与格式"
"10 附录\html教学\标签与格式\记事本2.png","记事本2.png",".png","63512","10 附录\html教学\标签与格式"
"10 附录\html教学\标签与格式\记事本3.png","记事本3.png",".png","69115","10 附录\html教学\标签与格式"
"10 附录\html教学\标签与格式\记事本4.png","记事本4.png",".png","75348","10 附录\html教学\标签与格式"
"10 附录\武器附魔测评\03510EA6F50E4956BC7CFBBCA5CC966A.htm","03510EA6F50E4956BC7CFBBCA5CC966A.htm",".htm","14381","10 附录\武器附魔测评"
"10 附录\武器附魔测评\0CF541F85C904DB59C3F41B3BCEA9283.htm","0CF541F85C904DB59C3F41B3BCEA9283.htm",".htm","56739","10 附录\武器附魔测评"
"10 附录\武器附魔测评\2A0BCA3059B04758804DE32EFA906367.htm","2A0BCA3059B04758804DE32EFA906367.htm",".htm","45354","10 附录\武器附魔测评"
"10 附录\武器附魔测评\579F94B8B2CA4868A7142A5A04D670DC.htm","579F94B8B2CA4868A7142A5A04D670DC.htm",".htm","59944","10 附录\武器附魔测评"
"10 附录\武器附魔测评\7B7FF8BACAB94F6AB567700DAE7C1F27.htm","7B7FF8BACAB94F6AB567700DAE7C1F27.htm",".htm","29408","10 附录\武器附魔测评"
"10 附录\武器附魔测评\94D7C96240F84AA29AD974B8362AFAC1.htm","94D7C96240F84AA29AD974B8362AFAC1.htm",".htm","112113","10 附录\武器附魔测评"
"10 附录\武器附魔测评\97778BBA4EEC4592BE920E89EA538752.htm","97778BBA4EEC4592BE920E89EA538752.htm",".htm","24482","10 附录\武器附魔测评"
"10 附录\武器附魔测评\9BD471BA46AC4754B208538EE59E8A97.htm","9BD471BA46AC4754B208538EE59E8A97.htm",".htm","19949","10 附录\武器附魔测评"
"10 附录\武器附魔测评\9C22BEFEF22D405EBC224616C157048F.htm","9C22BEFEF22D405EBC224616C157048F.htm",".htm","55937","10 附录\武器附魔测评"
"10 附录\武器附魔测评\BF0BCB36155C4D468151C7DDEA8395A3.htm","BF0BCB36155C4D468151C7DDEA8395A3.htm",".htm","44013","10 附录\武器附魔测评"
"10 附录\武器附魔测评\FF20FA8DE2AA4E218FF6EC85E92FC3B0.htm","FF20FA8DE2AA4E218FF6EC85E92FC3B0.htm",".htm","97132","10 附录\武器附魔测评"
"10 附录\武器附魔测评\武器附魔测评.htm","武器附魔测评.htm",".htm","1898","10 附录\武器附魔测评"
"10 附录\职业心得\九剑手册.htm","九剑手册.htm",".htm","99101","10 附录\职业心得"
"10 附录\职业心得\冲锋者手册.htm","冲锋者手册.htm",".htm","32971","10 附录\职业心得"
"10 附录\职业心得\卷宗手册.htm","卷宗手册.htm",".htm","151892","10 附录\职业心得"
"10 附录\职业心得\德鲁伊手册.htm","德鲁伊手册.htm",".htm","156441","10 附录\职业心得"
"10 附录\职业心得\心灵术士手册.htm","心灵术士手册.htm",".htm","421943","10 附录\职业心得"
"10 附录\职业心得\暮刃手册.htm","暮刃手册.htm",".htm","65080","10 附录\职业心得"
"10 附录\职业心得\游荡者手册.htm","游荡者手册.htm",".htm","101376","10 附录\职业心得"
"10 附录\职业心得\牧师手册.htm","牧师手册.htm",".htm","206815","10 附录\职业心得"
"10 附录\职业心得\精华法术指南.htm","精华法术指南.htm",".htm","50101","10 附录\职业心得"
"10 附录\职业心得\诗人手册.htm","诗人手册.htm",".htm","106781","10 附录\职业心得"
"10 附录\职业心得\购物指南.htm","购物指南.htm",".htm","799608","10 附录\职业心得"
"10 附录\职业心得\魔宠手册.htm","魔宠手册.htm",".htm","153252","10 附录\职业心得"
"11 其他资源\文章与专栏\龙晶\不为人知的瑞依卓尔.htm","不为人知的瑞依卓尔.htm",".htm","35457","11 其他资源\文章与专栏\龙晶"
"11 其他资源\文章与专栏\龙晶\人口统计学.htm","人口统计学.htm",".htm","16240","11 其他资源\文章与专栏\龙晶"
"11 其他资源\文章与专栏\龙晶\从此开始.htm","从此开始.htm",".htm","11698","11 其他资源\文章与专栏\龙晶"
"11 其他资源\文章与专栏\龙晶\你知道什么？.htm","你知道什么？.htm",".htm","23126","11 其他资源\文章与专栏\龙晶"
"11 其他资源\文章与专栏\龙晶\修道院组织.htm","修道院组织.htm",".htm","21922","11 其他资源\文章与专栏\龙晶"
"11 其他资源\文章与专栏\龙晶\八风竞赛.htm","八风竞赛.htm",".htm","18548","11 其他资源\文章与专栏\龙晶"
"11 其他资源\文章与专栏\龙晶\兽化人和大清洗.htm","兽化人和大清洗.htm",".htm","10569","11 其他资源\文章与专栏\龙晶"
"11 其他资源\文章与专栏\龙晶\凯博尔之子.htm","凯博尔之子.htm",".htm","32072","11 其他资源\文章与专栏\龙晶"
"11 其他资源\文章与专栏\龙晶\卓姆的美杜莎.htm","卓姆的美杜莎.htm",".htm","16319","11 其他资源\文章与专栏\龙晶"
"11 其他资源\文章与专栏\龙晶\吉拉哥的侏儒.htm","吉拉哥的侏儒.htm",".htm","24824","11 其他资源\文章与专栏\龙晶"
"11 其他资源\文章与专栏\龙晶\塞里岛.htm","塞里岛.htm",".htm","22777","11 其他资源\文章与专栏\龙晶"
"11 其他资源\文章与专栏\龙晶\战俑.htm","战俑.htm",".htm","18707","11 其他资源\文章与专栏\龙晶"
"11 其他资源\文章与专栏\龙晶\拉扎尔邦联.htm","拉扎尔邦联.htm",".htm","33730","11 其他资源\文章与专栏\龙晶"
"11 其他资源\文章与专栏\龙晶\摩洛领的矮人.htm","摩洛领的矮人.htm",".htm","21315","11 其他资源\文章与专栏\龙晶"
"11 其他资源\文章与专栏\龙晶\梦族之刃.htm","梦族之刃.htm",".htm","15945","11 其他资源\文章与专栏\龙晶"
"11 其他资源\文章与专栏\龙晶\欢迎来到萨恩.htm","欢迎来到萨恩.htm",".htm","16559","11 其他资源\文章与专栏\龙晶"
"11 其他资源\文章与专栏\龙晶\灵能在艾伯伦世界.htm","灵能在艾伯伦世界.htm",".htm","11629","11 其他资源\文章与专栏\龙晶"
"11 其他资源\文章与专栏\龙晶\神气活现101：战斗.htm","神气活现101：战斗.htm",".htm","17560","11 其他资源\文章与专栏\龙晶"
"11 其他资源\文章与专栏\龙晶\科拉瓦：科瓦雷的半精灵.htm","科拉瓦：科瓦雷的半精灵.htm",".htm","12676","11 其他资源\文章与专栏\龙晶"
"11 其他资源\文章与专栏\龙晶\科瓦雷的德鲁伊.htm","科瓦雷的德鲁伊.htm",".htm","35530","11 其他资源\文章与专栏\龙晶"
"11 其他资源\文章与专栏\龙晶\科瓦雷的狗头人.htm","科瓦雷的狗头人.htm",".htm","13333","11 其他资源\文章与专栏\龙晶"
"11 其他资源\文章与专栏\龙晶\索拉·科伦的女儿们.htm","索拉·科伦的女儿们.htm",".htm","27840","11 其他资源\文章与专栏\龙晶"
"11 其他资源\文章与专栏\龙晶\终末战争.htm","终末战争.htm",".htm","10739","11 其他资源\文章与专栏\龙晶"
"11 其他资源\文章与专栏\龙晶\维纶娜的精灵.htm","维纶娜的精灵.htm",".htm","16867","11 其他资源\文章与专栏\龙晶"
"11 其他资源\文章与专栏\龙晶\羽蛇人：身披羽毛的使者.htm","羽蛇人：身披羽毛的使者.htm",".htm","17239","11 其他资源\文章与专栏\龙晶"
"11 其他资源\文章与专栏\龙晶\艾伦诺精灵.htm","艾伦诺精灵.htm",".htm","17830","11 其他资源\文章与专栏\龙晶"
"11 其他资源\文章与专栏\龙晶\艾伯伦之月.htm","艾伯伦之月.htm",".htm","23373","11 其他资源\文章与专栏\龙晶"
"11 其他资源\文章与专栏\龙晶\艾伯伦的宗教.htm","艾伯伦的宗教.htm",".htm","11509","11 其他资源\文章与专栏\龙晶"
"11 其他资源\文章与专栏\龙晶\艾伯伦的魔法：魔匠师.htm","艾伯伦的魔法：魔匠师.htm",".htm","21970","11 其他资源\文章与专栏\龙晶"
"11 其他资源\文章与专栏\龙晶\英雄之旅.htm","英雄之旅.htm",".htm","12393","11 其他资源\文章与专栏\龙晶"
"11 其他资源\文章与专栏\龙晶\费奥兰家族.htm","费奥兰家族.htm",".htm","46341","11 其他资源\文章与专栏\龙晶"
"11 其他资源\文章与专栏\龙晶\达坎的后裔.htm","达坎的后裔.htm",".htm","14463","11 其他资源\文章与专栏\龙晶"
"11 其他资源\文章与专栏\龙晶\铁军：坎达.htm","铁军：坎达.htm",".htm","62299","11 其他资源\文章与专栏\龙晶"
"11 其他资源\文章与专栏\龙晶\银焰教会.htm","银焰教会.htm",".htm","24368","11 其他资源\文章与专栏\龙晶"
"11 其他资源\文章与专栏\龙晶\阴谋与背叛.htm","阴谋与背叛.htm",".htm","13429","11 其他资源\文章与专栏\龙晶"
"11 其他资源\文章与专栏\龙晶\魔法大师.htm","魔法大师.htm",".htm","18823","11 其他资源\文章与专栏\龙晶"
"11 其他资源\文章与专栏\龙晶\龙之预言.htm","龙之预言.htm",".htm","17514","11 其他资源\文章与专栏\龙晶"
"11 其他资源\文章与专栏\龙晶\龙的定位.htm","龙的定位.htm",".htm","17639","11 其他资源\文章与专栏\龙晶"
"2 万物万法万律\MIC万物大全\万物大全(MIC).htm","万物大全(MIC).htm",".htm","1394","2 万物万法万律\MIC万物大全"
"2 万物万法万律\MIC万物大全\工具\按照价格排序.htm","按照价格排序.htm",".htm","1358931","2 万物万法万律\MIC万物大全\工具"
"2 万物万法万律\MIC万物大全\工具\权杖.htm","权杖.htm",".htm","236826","2 万物万法万律\MIC万物大全\工具"
"2 万物万法万律\MIC万物大全\工具\符文法杖.htm","符文法杖.htm",".htm","516569","2 万物万法万律\MIC万物大全\工具"
"2 万物万法万律\MIC万物大全\工具\精神外皮.htm","精神外皮.htm",".htm","204850","2 万物万法万律\MIC万物大全\工具"
"2 万物万法万律\MIC万物大全\插图\封面.jpg","封面.jpg",".jpg","1031504","2 万物万法万律\MIC万物大全\插图"
"2 万物万法万律\MIC万物大全\武器\武器的增强晶体.htm","武器的增强晶体.htm",".htm","147973","2 万物万法万律\MIC万物大全\武器"
"2 万物万法万律\MIC万物大全\武器\特殊武器.htm","特殊武器.htm",".htm","61379","2 万物万法万律\MIC万物大全\武器"
"2 万物万法万律\MIC万物大全\武器\附魔\+1.htm","+1.htm",".htm","32522","2 万物万法万律\MIC万物大全\武器\附魔"
"2 万物万法万律\MIC万物大全\武器\附魔\+2.htm","+2.htm",".htm","277158","2 万物万法万律\MIC万物大全\武器\附魔"
"2 万物万法万律\MIC万物大全\武器\附魔\+3.htm","+3.htm",".htm","83868","2 万物万法万律\MIC万物大全\武器\附魔"
"2 万物万法万律\MIC万物大全\武器\附魔\固定价格.htm","固定价格.htm",".htm","88139","2 万物万法万律\MIC万物大全\武器\附魔"
"2 万物万法万律\MIC万物大全\武器\附魔\改良.htm","改良.htm",".htm","309796","2 万物万法万律\MIC万物大全\武器\附魔"
"2 万物万法万律\MIC万物大全\特殊魔法物品规则\体型与外形.htm","体型与外形.htm",".htm","24773","2 万物万法万律\MIC万物大全\特殊魔法物品规则"
"2 万物万法万律\MIC万物大全\特殊魔法物品规则\启动魔法物品.htm","启动魔法物品.htm",".htm","27963","2 万物万法万律\MIC万物大全\特殊魔法物品规则"
"2 万物万法万律\MIC万物大全\特殊魔法物品规则\增强属性.htm","增强属性.htm",".htm","47841","2 万物万法万律\MIC万物大全\特殊魔法物品规则"
"2 万物万法万律\MIC万物大全\特殊魔法物品规则\增强晶体.htm","增强晶体.htm",".htm","7739","2 万物万法万律\MIC万物大全\特殊魔法物品规则"
"2 万物万法万律\MIC万物大全\特殊魔法物品规则\强化魔法装备.htm","强化魔法装备.htm",".htm","62998","2 万物万法万律\MIC万物大全\特殊魔法物品规则"
"2 万物万法万律\MIC万物大全\特殊魔法物品规则\物品等级.htm","物品等级.htm",".htm","59448","2 万物万法万律\MIC万物大全\特殊魔法物品规则"
"2 万物万法万律\MIC万物大全\特殊魔法物品规则\身体装备位.htm","身体装备位.htm",".htm","21598","2 万物万法万律\MIC万物大全\特殊魔法物品规则"
"2 万物万法万律\MIC万物大全\特殊魔法物品规则\遗宝.htm","遗宝.htm",".htm","28865","2 万物万法万律\MIC万物大全\特殊魔法物品规则"
"2 万物万法万律\MIC万物大全\特殊魔法物品规则\鉴定魔法物品.htm","鉴定魔法物品.htm",".htm","35379","2 万物万法万律\MIC万物大全\特殊魔法物品规则"
"2 万物万法万律\MIC万物大全\盔甲\特殊盔甲和盾牌.htm","特殊盔甲和盾牌.htm",".htm","202144","2 万物万法万律\MIC万物大全\盔甲"
"2 万物万法万律\MIC万物大全\盔甲\盔甲增强晶体.htm","盔甲增强晶体.htm",".htm","149431","2 万物万法万律\MIC万物大全\盔甲"
"2 万物万法万律\MIC万物大全\盔甲\盔甲属性.htm","盔甲属性.htm",".htm","481178","2 万物万法万律\MIC万物大全\盔甲"
"2 万物万法万律\MIC万物大全\穿戴物\双手.htm","双手.htm",".htm","510034","2 万物万法万律\MIC万物大全\穿戴物"
"2 万物万法万律\MIC万物大全\穿戴物\头部.htm","头部.htm",".htm","17455","2 万物万法万律\MIC万物大全\穿戴物"
"2 万物万法万律\MIC万物大全\穿戴物\戒指.htm","戒指.htm",".htm","231811","2 万物万法万律\MIC万物大全\穿戴物"
"2 万物万法万律\MIC万物大全\穿戴物\穿戴物.htm","穿戴物.htm",".htm","1286394","2 万物万法万律\MIC万物大全\穿戴物"
"2 万物万法万律\MIC万物大全\穿戴物\肩部.htm","肩部.htm",".htm","289543","2 万物万法万律\MIC万物大全\穿戴物"
"2 万物万法万律\MIC万物大全\穿戴物\腰部.htm","腰部.htm",".htm","183343","2 万物万法万律\MIC万物大全\穿戴物"
"2 万物万法万律\MIC万物大全\穿戴物\臂部.htm","臂部.htm",".htm","182158","2 万物万法万律\MIC万物大全\穿戴物"
"2 万物万法万律\MIC万物大全\穿戴物\足部.htm","足部.htm",".htm","314698","2 万物万法万律\MIC万物大全\穿戴物"
"2 万物万法万律\MIC万物大全\穿戴物\身体.htm","身体.htm",".htm","6047","2 万物万法万律\MIC万物大全\穿戴物"
"2 万物万法万律\MIC万物大全\穿戴物\躯干.htm","躯干.htm",".htm","21373","2 万物万法万律\MIC万物大全\穿戴物"
"2 万物万法万律\MIC万物大全\穿戴物\面部.htm","面部.htm",".htm","595115","2 万物万法万律\MIC万物大全\穿戴物"
"2 万物万法万律\MIC万物大全\穿戴物\项链_护符.htm","项链_护符.htm",".htm","39035","2 万物万法万律\MIC万物大全\穿戴物"
"2 万物万法万律\MIC万物大全\魔法物品套装\凤凰徽记.htm","凤凰徽记.htm",".htm","34040","2 万物万法万律\MIC万物大全\魔法物品套装"
"2 万物万法万律\MIC万物大全\魔法物品套装\刺尾狮着装.htm","刺尾狮着装.htm",".htm","41421","2 万物万法万律\MIC万物大全\魔法物品套装"
"2 万物万法万律\MIC万物大全\魔法物品套装\噶尔林的武僧套件.htm","噶尔林的武僧套件.htm",".htm","25854","2 万物万法万律\MIC万物大全\魔法物品套装"
"2 万物万法万律\MIC万物大全\魔法物品套装\四之礼装.htm","四之礼装.htm",".htm","36363","2 万物万法万律\MIC万物大全\魔法物品套装"
"2 万物万法万律\MIC万物大全\魔法物品套装\幽魂之哀.htm","幽魂之哀.htm",".htm","59971","2 万物万法万律\MIC万物大全\魔法物品套装"
"2 万物万法万律\MIC万物大全\魔法物品套装\战士之灵动着装.htm","战士之灵动着装.htm",".htm","27029","2 万物万法万律\MIC万物大全\魔法物品套装"
"2 万物万法万律\MIC万物大全\魔法物品套装\武德.htm","武德.htm",".htm","42095","2 万物万法万律\MIC万物大全\魔法物品套装"
"2 万物万法万律\MIC万物大全\魔法物品套装\洞察者的守护.htm","洞察者的守护.htm",".htm","37421","2 万物万法万律\MIC万物大全\魔法物品套装"
"2 万物万法万律\MIC万物大全\魔法物品套装\猎食者之拥.htm","猎食者之拥.htm",".htm","26136","2 万物万法万律\MIC万物大全\魔法物品套装"
"2 万物万法万律\MIC万物大全\魔法物品套装\神圣法衣.htm","神圣法衣.htm",".htm","85461","2 万物万法万律\MIC万物大全\魔法物品套装"
"2 万物万法万律\MIC万物大全\魔法物品套装\英雄的勋章.htm","英雄的勋章.htm",".htm","28741","2 万物万法万律\MIC万物大全\魔法物品套装"
"2 万物万法万律\MIC万物大全\魔法物品套装\虹彩七纱.htm","虹彩七纱.htm",".htm","61446","2 万物万法万律\MIC万物大全\魔法物品套装"
"2 万物万法万律\MIC万物大全\魔法物品套装\血之馈赠.htm","血之馈赠.htm",".htm","30614","2 万物万法万律\MIC万物大全\魔法物品套装"
"2 万物万法万律\MIC万物大全\魔法物品套装\风暴行者礼装.htm","风暴行者礼装.htm",".htm","37028","2 万物万法万律\MIC万物大全\魔法物品套装"
"2 万物万法万律\MIC万物大全\魔法物品套装\魔法物品套装.htm","魔法物品套装.htm",".htm","2937","2 万物万法万律\MIC万物大全\魔法物品套装"
"2 万物万法万律\RC万律大全\封面.htm","封面.htm",".htm","1370","2 万物万法万律\RC万律大全"
"2 万物万法万律\RC万律大全\封面.jpg","封面.jpg",".jpg","403978","2 万物万法万律\RC万律大全"
"2 万物万法万律\SpC万法大全\封面.htm","封面.htm",".htm","1374","2 万物万法万律\SpC万法大全"
"2 万物万法万律\SpC万法大全\封面.jpg","封面.jpg",".jpg","281345","2 万物万法万律\SpC万法大全"
"3 完美系列\CAd完美冒险\封面.htm","封面.htm",".htm","1481","3 完美系列\CAd完美冒险"
"3 完美系列\CAd完美冒险\传奇等级\传奇专长.htm","传奇专长.htm",".htm","5949","3 完美系列\CAd完美冒险\传奇等级"
"3 完美系列\CAd完美冒险\传奇等级\范例传奇进阶.htm","范例传奇进阶.htm",".htm","2849","3 完美系列\CAd完美冒险\传奇等级"
"3 完美系列\CAd完美冒险\基础\忍者.htm","忍者.htm",".htm","14795","3 完美系列\CAd完美冒险\基础"
"3 完美系列\CAd完美冒险\基础\斥候.htm","斥候.htm",".htm","82221","3 完美系列\CAd完美冒险\基础"
"3 完美系列\CAd完美冒险\基础\盗法者.htm","盗法者.htm",".htm","287087","3 完美系列\CAd完美冒险\基础"
"3 完美系列\CAd完美冒险\基础\忍者.files\image001.jpg","image001.jpg",".jpg","26283","3 完美系列\CAd完美冒险\基础\忍者.files"
"3 完美系列\CAd完美冒险\基础\斥候.files\image002.jpg","image002.jpg",".jpg","14813","3 完美系列\CAd完美冒险\基础\斥候.files"
"3 完美系列\CAd完美冒险\基础\盗法者.files\image002.jpg","image002.jpg",".jpg","11821","3 完美系列\CAd完美冒险\基础\盗法者.files"
"3 完美系列\CAd完美冒险\技能专长\共同尝试技能.htm","共同尝试技能.htm",".htm","14351","3 完美系列\CAd完美冒险\技能专长"
"3 完美系列\CAd完美冒险\技能专长\吟唱专长.htm","吟唱专长.htm",".htm","3291","3 完美系列\CAd完美冒险\技能专长"
"3 完美系列\CAd完美冒险\技能专长\扩展技能描述.htm","扩展技能描述.htm",".htm","22361","3 完美系列\CAd完美冒险\技能专长"
"3 完美系列\CAd完美冒险\技能专长\普通专长.htm","普通专长.htm",".htm","67014","3 完美系列\CAd完美冒险\技能专长"
"3 完美系列\CAd完美冒险\技能专长\野性专长.htm","野性专长.htm",".htm","9023","3 完美系列\CAd完美冒险\技能专长"
"3 完美系列\CAd完美冒险\插图\QQ截图20180516210204.jpg","QQ截图20180516210204.jpg",".jpg","85159","3 完美系列\CAd完美冒险\插图"
"3 完美系列\CAd完美冒险\法术动作\法术列表.htm","法术列表.htm",".htm","76178","3 完美系列\CAd完美冒险\法术动作"
"3 完美系列\CAd完美冒险\法术动作\法术详述.htm","法术详述.htm",".htm","564420","3 完美系列\CAd完美冒险\法术动作"
"3 完美系列\CAd完美冒险\法术动作\迅捷与直觉.htm","迅捷与直觉.htm",".htm","6582","3 完美系列\CAd完美冒险\法术动作"
"3 完美系列\CAd完美冒险\组织\组织.htm","组织.htm",".htm","21727","3 完美系列\CAd完美冒险\组织"
"3 完美系列\CAd完美冒险\装备物品\奇物.htm","奇物.htm",".htm","117279","3 完美系列\CAd完美冒险\装备物品"
"3 完美系列\CAd完美冒险\装备物品\工具和技能工具.htm","工具和技能工具.htm",".htm","27683","3 完美系列\CAd完美冒险\装备物品"
"3 完美系列\CAd完美冒险\装备物品\新增武器.htm","新增武器.htm",".htm","51878","3 完美系列\CAd完美冒险\装备物品"
"3 完美系列\CAd完美冒险\装备物品\炼金术物品.htm","炼金术物品.htm",".htm","43593","3 完美系列\CAd完美冒险\装备物品"
"3 完美系列\CAd完美冒险\装备物品\炼金胶囊.htm","炼金胶囊.htm",".htm","48678","3 完美系列\CAd完美冒险\装备物品"
"3 完美系列\CAd完美冒险\装备物品\精制乐器.htm","精制乐器.htm",".htm","29528","3 完美系列\CAd完美冒险\装备物品"
"3 完美系列\CAd完美冒险\装备物品\魔法物品.htm","魔法物品.htm",".htm","17255","3 完美系列\CAd完美冒险\装备物品"
"3 完美系列\CAd完美冒险\进阶职业\万兽王.htm","万兽王.htm",".htm","49596","3 完美系列\CAd完美冒险\进阶职业"
"3 完美系列\CAd完美冒险\进阶职业\义务警员.htm","义务警员.htm",".htm","127474","3 完美系列\CAd完美冒险\进阶职业"
"3 完美系列\CAd完美冒险\进阶职业\佛克路坎七弦琴手.htm","佛克路坎七弦琴手.htm",".htm","50139","3 完美系列\CAd完美冒险\进阶职业"
"3 完美系列\CAd完美冒险\进阶职业\侦探.htm","侦探.htm",".htm","61437","3 完美系列\CAd完美冒险\进阶职业"
"3 完美系列\CAd完美冒险\进阶职业\动物之王.htm","动物之王.htm",".htm","67442","3 完美系列\CAd完美冒险\进阶职业"
"3 完美系列\CAd完美冒险\进阶职业\匕咒变形者.htm","匕咒变形者.htm",".htm","61301","3 完美系列\CAd完美冒险\进阶职业"
"3 完美系列\CAd完美冒险\进阶职业\匕咒法师.htm","匕咒法师.htm",".htm","61639","3 完美系列\CAd完美冒险\进阶职业"
"3 完美系列\CAd完美冒险\进阶职业\变形大师.htm","变形大师.htm",".htm","8166","3 完美系列\CAd完美冒险\进阶职业"
"3 完美系列\CAd完美冒险\进阶职业\地城探险者.htm","地城探险者.htm",".htm","52328","3 完美系列\CAd完美冒险\进阶职业"
"3 完美系列\CAd完美冒险\进阶职业\夜歌执法者.htm","夜歌执法者.htm",".htm","48364","3 完美系列\CAd完美冒险\进阶职业"
"3 完美系列\CAd完美冒险\进阶职业\夜歌渗透者.htm","夜歌渗透者.htm",".htm","57273","3 完美系列\CAd完美冒险\进阶职业"
"3 完美系列\CAd完美冒险\进阶职业\奥兰.htm","奥兰.htm",".htm","36559","3 完美系列\CAd完美冒险\进阶职业"
"3 完美系列\CAd完美冒险\进阶职业\影念者.htm","影念者.htm",".htm","47568","3 完美系列\CAd完美冒险\进阶职业"
"3 完美系列\CAd完美冒险\进阶职业\影敌审判官.htm","影敌审判官.htm",".htm","50890","3 完美系列\CAd完美冒险\进阶职业"
"3 完美系列\CAd完美冒险\进阶职业\影敌行者_.htm","影敌行者_.htm",".htm","50089","3 完美系列\CAd完美冒险\进阶职业"
"3 完美系列\CAd完美冒险\进阶职业\恐怖海盗.htm","恐怖海盗.htm",".htm","61463","3 完美系列\CAd完美冒险\进阶职业"
"3 完美系列\CAd完美冒险\进阶职业\暴风战士.htm","暴风战士.htm",".htm","34673","3 完美系列\CAd完美冒险\进阶职业"
"3 完美系列\CAd完美冒险\进阶职业\灵链特工.htm","灵链特工.htm",".htm","12438","3 完美系列\CAd完美冒险\进阶职业"
"3 完美系列\CAd完美冒险\进阶职业\荒原骠骑_.htm","荒原骠骑_.htm",".htm","23580","3 完美系列\CAd完美冒险\进阶职业"
"3 完美系列\CAd完美冒险\进阶职业\获选者.htm","获选者.htm",".htm","48592","3 完美系列\CAd完美冒险\进阶职业"
"3 完美系列\CAd完美冒险\进阶职业\街头霸王.htm","街头霸王.htm",".htm","31525","3 完美系列\CAd完美冒险\进阶职业"
"3 完美系列\CAd完美冒险\进阶职业\表演家.htm","表演家.htm",".htm","64582","3 完美系列\CAd完美冒险\进阶职业"
"3 完美系列\CAd完美冒险\进阶职业\间谍大师.htm","间谍大师.htm",".htm","48232","3 完美系列\CAd完美冒险\进阶职业"
"3 完美系列\CAd完美冒险\进阶职业\飞贼.htm","飞贼.htm",".htm","28491","3 完美系列\CAd完美冒险\进阶职业"
"3 完美系列\CAd完美冒险\进阶职业\高地潜行者.htm","高地潜行者.htm",".htm","55331","3 完美系列\CAd完美冒险\进阶职业"
"3 完美系列\CAd完美冒险\进阶职业\鬼面杀手.htm","鬼面杀手.htm",".htm","58710","3 完美系列\CAd完美冒险\进阶职业"
"3 完美系列\CAd完美冒险\进阶职业\魔塑师.htm","魔塑师.htm",".htm","35219","3 完美系列\CAd完美冒险\进阶职业"
"3 完美系列\CAr完美奥术\前言.htm","前言.htm",".htm","6211","3 完美系列\CAr完美奥术"
"3 完美系列\CAr完美奥术\1.基础\巫觋.htm","巫觋.htm",".htm","270418","3 完美系列\CAr完美奥术\1.基础"
"3 完美系列\CAr完美奥术\1.基础\战法师.htm","战法师.htm",".htm","10663","3 完美系列\CAr完美奥术\1.基础"
"3 完美系列\CAr完美奥术\1.基础\邪术师.htm","邪术师.htm",".htm","169672","3 完美系列\CAr完美奥术\1.基础"
"3 完美系列\CAr完美奥术\2.进阶\乐之追寻者.htm","乐之追寻者.htm",".htm","76652","3 完美系列\CAr完美奥术\2.进阶"
"3 完美系列\CAr完美奥术\2.进阶\元素学者.htm","元素学者.htm",".htm","74606","3 完美系列\CAr完美奥术\2.进阶"
"3 完美系列\CAr完美奥术\2.进阶\几何学者.htm","几何学者.htm",".htm","99127","3 完美系列\CAr完美奥术\2.进阶"
"3 完美系列\CAr完美奥术\2.进阶\变形大师.htm","变形大师.htm",".htm","88163","3 完美系列\CAr完美奥术\2.进阶"
"3 完美系列\CAr完美奥术\2.进阶\启迪之拳.htm","启迪之拳.htm",".htm","75342","3 完美系列\CAr完美奥术\2.进阶"
"3 完美系列\CAr完美奥术\2.进阶\天运法师.htm","天运法师.htm",".htm","6467","3 完美系列\CAr完美奥术\2.进阶"
"3 完美系列\CAr完美奥术\2.进阶\奥法尖兵.htm","奥法尖兵.htm",".htm","170587","3 完美系列\CAr完美奥术\2.进阶"
"3 完美系列\CAr完美奥术\2.进阶\奥法联合会法师.htm","奥法联合会法师.htm",".htm","71784","3 完美系列\CAr完美奥术\2.进阶"
"3 完美系列\CAr完美奥术\2.进阶\导途者.html","导途者.html",".html","20683","3 完美系列\CAr完美奥术\2.进阶"
"3 完美系列\CAr完美奥术\2.进阶\异形学家.htm","异形学家.htm",".htm","70988","3 完美系列\CAr完美奥术\2.进阶"
"3 完美系列\CAr完美奥术\2.进阶\曲心者.htm","曲心者.htm",".htm","8592","3 完美系列\CAr完美奥术\2.进阶"
"3 完美系列\CAr完美奥术\2.进阶\植皮者.htm","植皮者.htm",".htm","68550","3 完美系列\CAr完美奥术\2.进阶"
"3 完美系列\CAr完美奥术\2.进阶\翡翠星大师.htm","翡翠星大师.htm",".htm","73671","3 完美系列\CAr完美奥术\2.进阶"
"3 完美系列\CAr完美奥术\2.进阶\虹彩学徒.htm","虹彩学徒.htm",".htm","62398","3 完美系列\CAr完美奥术\2.进阶"
"3 完美系列\CAr完美奥术\2.进阶\血灵师.htm","血灵师.htm",".htm","86378","3 完美系列\CAr完美奥术\2.进阶"
"3 完美系列\CAr完美奥术\2.进阶\超凡之弦.htm","超凡之弦.htm",".htm","11032","3 完美系列\CAr完美奥术\2.进阶"
"3 完美系列\CAr完美奥术\2.进阶\银白学者.htm","银白学者.htm",".htm","41039","3 完美系列\CAr完美奥术\2.进阶"
"3 完美系列\CAr完美奥术\2.进阶\错乱法师.htm","错乱法师.htm",".htm","69772","3 完美系列\CAr完美奥术\2.进阶"
"3 完美系列\CAr完美奥术\2.进阶\雕象大师.htm","雕象大师.htm",".htm","39837","3 完美系列\CAr完美奥术\2.进阶"
"3 完美系列\CAr完美奥术\3.法术\法术列表.htm","法术列表.htm",".htm","83826","3 完美系列\CAr完美奥术\3.法术"
"3 完美系列\CAr完美奥术\3.法术\法术详述.htm","法术详述.htm",".htm","1151066","3 完美系列\CAr完美奥术\3.法术"
"3 完美系列\CAr完美奥术\3.法术\法术说明.htm","法术说明.htm",".htm","9250","3 完美系列\CAr完美奥术\3.法术"
"3 完美系列\CAr完美奥术\3.法术\邪术列表.htm","邪术列表.htm",".htm","9140","3 完美系列\CAr完美奥术\3.法术"
"3 完美系列\CAr完美奥术\3.法术\邪术详述.htm","邪术详述.htm",".htm","23954","3 完美系列\CAr完美奥术\3.法术"
"3 完美系列\CAr完美奥术\4.专长\一般专长.htm","一般专长.htm",".htm","27918","3 完美系列\CAr完美奥术\4.专长"
"3 完美系列\CAr完美奥术\4.专长\专长.htm","专长.htm",".htm","17521","3 完美系列\CAr完美奥术\4.专长"
"3 完美系列\CAr完美奥术\4.专长\超魔专长.htm","超魔专长.htm",".htm","30048","3 完美系列\CAr完美奥术\4.专长"
"3 完美系列\CAr完美奥术\4.专长\龙脉专长.htm","龙脉专长.htm",".htm","11221","3 完美系列\CAr完美奥术\4.专长"
"3 完美系列\CAr完美奥术\5.物品\奇物.htm","奇物.htm",".htm","84779","3 完美系列\CAr完美奥术\5.物品"
"3 完美系列\CAr完美奥术\5.物品\戒指.htm","戒指.htm",".htm","18939","3 完美系列\CAr完美奥术\5.物品"
"3 完美系列\CAr完美奥术\5.物品\权杖.htm","权杖.htm",".htm","75699","3 完美系列\CAr完美奥术\5.物品"
"3 完美系列\CAr完美奥术\5.物品\材料.htm","材料.htm",".htm","8873","3 完美系列\CAr完美奥术\5.物品"
"3 完美系列\CAr完美奥术\5.物品\法术书.htm","法术书.htm",".htm","12674","3 完美系列\CAr完美奥术\5.物品"
"3 完美系列\CAr完美奥术\5.物品\法杖.htm","法杖.htm",".htm","55514","3 完美系列\CAr完美奥术\5.物品"
"3 完美系列\CAr完美奥术\5.物品\装备.htm","装备.htm",".htm","32721","3 完美系列\CAr完美奥术\5.物品"
"3 完美系列\CAr完美奥术\5.物品\附魔.htm","附魔.htm",".htm","65720","3 完美系列\CAr完美奥术\5.物品"
"3 完美系列\CAr完美奥术\6.生物\伪自然生物.htm","伪自然生物.htm",".htm","46868","3 完美系列\CAr完美奥术\6.生物"
"3 完美系列\CAr完美奥术\6.生物\元素巨怪.htm","元素巨怪.htm",".htm","104256","3 完美系列\CAr完美奥术\6.生物"
"3 完美系列\CAr完美奥术\6.生物\元素惊骇怪.htm","元素惊骇怪.htm",".htm","10017","3 完美系列\CAr完美奥术\6.生物"
"3 完美系列\CAr完美奥术\6.生物\刺法生物.htm","刺法生物.htm",".htm","64796","3 完美系列\CAr完美奥术\6.生物"
"3 完美系列\CAr完美奥术\6.生物\雕像生物.htm","雕像生物.htm",".htm","65910","3 完美系列\CAr完美奥术\6.生物"
"3 完美系列\CAr完美奥术\7.战役\专精法师.htm","专精法师.htm",".htm","14033","3 完美系列\CAr完美奥术\7.战役"
"3 完美系列\CAr完美奥术\7.战役\奥术剧情.htm","奥术剧情.htm",".htm","21844","3 完美系列\CAr完美奥术\7.战役"
"3 完美系列\CAr完美奥术\7.战役\奥术学识.htm","奥术学识.htm",".htm","16188","3 完美系列\CAr完美奥术\7.战役"
"3 完美系列\CAr完美奥术\7.战役\奥术战役.htm","奥术战役.htm",".htm","28746","3 完美系列\CAr完美奥术\7.战役"
"3 完美系列\CAr完美奥术\7.战役\奥术组织.htm","奥术组织.htm",".htm","28558","3 完美系列\CAr完美奥术\7.战役"
"3 完美系列\CAr完美奥术\7.战役\施法职业.htm","施法职业.htm",".htm","19422","3 完美系列\CAr完美奥术\7.战役"
"3 完美系列\CAr完美奥术\7.战役\传奇奥术职业\传奇专长合集.htm","传奇专长合集.htm",".htm","6848","3 完美系列\CAr完美奥术\7.战役\传奇奥术职业"
"3 完美系列\CAr完美奥术\7.战役\传奇奥术职业\传奇奥术角色.htm","传奇奥术角色.htm",".htm","16022","3 完美系列\CAr完美奥术\7.战役\传奇奥术职业"
"3 完美系列\CAr完美奥术\7.战役\传奇奥术职业\传奇奥法联合会法师.htm","传奇奥法联合会法师.htm",".htm","3274","3 完美系列\CAr完美奥术\7.战役\传奇奥术职业"
"3 完美系列\CAr完美奥术\7.战役\传奇奥术职业\传奇巫觋.htm","传奇巫觋.htm",".htm","3679","3 完美系列\CAr完美奥术\7.战役\传奇奥术职业"
"3 完美系列\CAr完美奥术\7.战役\传奇奥术职业\传奇战法师.htm","传奇战法师.htm",".htm","3542","3 完美系列\CAr完美奥术\7.战役\传奇奥术职业"
"3 完美系列\CAr完美奥术\7.战役\传奇奥术职业\传奇进阶职业角色.htm","传奇进阶职业角色.htm",".htm","4969","3 完美系列\CAr完美奥术\7.战役\传奇奥术职业"
"3 完美系列\CAr完美奥术\7.战役\传奇奥术职业\传奇邪术师.htm","传奇邪术师.htm",".htm","2897","3 完美系列\CAr完美奥术\7.战役\传奇奥术职业"
"3 完美系列\CAr完美奥术\7.战役\传奇奥术职业\幻术师.htm","幻术师.htm",".htm","3342","3 完美系列\CAr完美奥术\7.战役\传奇奥术职业"
"3 完美系列\CAr完美奥术\7.战役\传奇奥术职业\成为一名传奇奥术角色.htm","成为一名传奇奥术角色.htm",".htm","3494","3 完美系列\CAr完美奥术\7.战役\传奇奥术职业"
"3 完美系列\CAr完美奥术\封面\完美奥术.htm","完美奥术.htm",".htm","1497","3 完美系列\CAr完美奥术\封面"
"3 完美系列\CAr完美奥术\封面\封面.jpg","封面.jpg",".jpg","217511","3 完美系列\CAr完美奥术\封面"
"3 完美系列\CAr完美奥术\插图\QQ截图20180327162602.jpg","QQ截图20180327162602.jpg",".jpg","38828","3 完美系列\CAr完美奥术\插图"
"3 完美系列\CAr完美奥术\插图\QQ截图20180327162819.jpg","QQ截图20180327162819.jpg",".jpg","51044","3 完美系列\CAr完美奥术\插图"
"3 完美系列\CAr完美奥术\插图\QQ截图20180327163141.jpg","QQ截图20180327163141.jpg",".jpg","53062","3 完美系列\CAr完美奥术\插图"
"3 完美系列\CAr完美奥术\插图\QQ截图20180327163148.jpg","QQ截图20180327163148.jpg",".jpg","47209","3 完美系列\CAr完美奥术\插图"
"3 完美系列\CAr完美奥术\插图\QQ截图20180327163207.jpg","QQ截图20180327163207.jpg",".jpg","18962","3 完美系列\CAr完美奥术\插图"
"3 完美系列\CAr完美奥术\插图\QQ截图20180327163626.jpg","QQ截图20180327163626.jpg",".jpg","63481","3 完美系列\CAr完美奥术\插图"
"3 完美系列\CAr完美奥术\插图\QQ截图20180327163802.jpg","QQ截图20180327163802.jpg",".jpg","52452","3 完美系列\CAr完美奥术\插图"
"3 完美系列\CAr完美奥术\插图\QQ截图20180327163816.jpg","QQ截图20180327163816.jpg",".jpg","36351","3 完美系列\CAr完美奥术\插图"
"3 完美系列\CAr完美奥术\插图\巫觋.jpg","巫觋.jpg",".jpg","69722","3 完美系列\CAr完美奥术\插图"
"3 完美系列\CAr完美奥术\插图\战法师.jpg","战法师.jpg",".jpg","27389","3 完美系列\CAr完美奥术\插图"
"3 完美系列\CAr完美奥术\插图\邪术师.jpg","邪术师.jpg",".jpg","40296","3 完美系列\CAr完美奥术\插图"
"3 完美系列\CC完美斗士\1专长\一般专长.htm","一般专长.htm",".htm","5419","3 完美系列\CC完美斗士\1专长"
"3 完美系列\CC完美斗士\1专长\专长.htm","专长.htm",".htm","2780","3 完美系列\CC完美斗士\1专长"
"3 完美系列\CC完美斗士\1专长\战术专长.htm","战术专长.htm",".htm","19104","3 完美系列\CC完美斗士\1专长"
"3 完美系列\CC完美斗士\1专长\法储专长.htm","法储专长.htm",".htm","31731","3 完美系列\CC完美斗士\1专长"
"3 完美系列\CC完美斗士\1专长\神力专长.htm","神力专长.htm",".htm","9163","3 完美系列\CC完美斗士\1专长"
"3 完美系列\CC完美斗士\1专长\荒野专长.htm","荒野专长.htm",".htm","16327","3 完美系列\CC完美斗士\1专长"
"3 完美系列\CC完美斗士\1专长\领域专长.htm","领域专长.htm",".htm","219630","3 完美系列\CC完美斗士\1专长"
"3 完美系列\CC完美斗士\2进阶\传说侍从.htm","传说侍从.htm",".htm","46692","3 完美系列\CC完美斗士\2进阶"
"3 完美系列\CC完美斗士\2进阶\天命斗士.htm","天命斗士.htm",".htm","153517","3 完美系列\CC完美斗士\2进阶"
"3 完美系列\CC完美斗士\2进阶\影袭者.htm","影袭者.htm",".htm","64848","3 完美系列\CC完美斗士\2进阶"
"3 完美系列\CC完美斗士\2进阶\暗影间谍.htm","暗影间谍.htm",".htm","104948","3 完美系列\CC完美斗士\2进阶"
"3 完美系列\CC完美斗士\2进阶\林地守望者.htm","林地守望者.htm",".htm","64810","3 完美系列\CC完美斗士\2进阶"
"3 完美系列\CC完美斗士\2进阶\森林之拳.htm","森林之拳.htm",".htm","28754","3 完美系列\CC完美斗士\2进阶"
"3 完美系列\CC完美斗士\2进阶\森林执事.htm","森林执事.htm",".htm","32178","3 完美系列\CC完美斗士\2进阶"
"3 完美系列\CC完美斗士\2进阶\神圣之子.htm","神圣之子.htm",".htm","24701","3 完美系列\CC完美斗士\2进阶"
"3 完美系列\CC完美斗士\2进阶\神话沿循者.htm","神话沿循者.htm",".htm","99690","3 完美系列\CC完美斗士\2进阶"
"3 完美系列\CC完美斗士\2进阶\精英使徒.htm","精英使徒.htm",".htm","47376","3 完美系列\CC完美斗士\2进阶"
"3 完美系列\CC完美斗士\2进阶\精英魔战.htm","精英魔战.htm",".htm","40739","3 完美系列\CC完美斗士\2进阶"
"3 完美系列\CC完美斗士\2进阶\职业变体.htm","职业变体.htm",".htm","12169","3 完美系列\CC完美斗士\2进阶"
"3 完美系列\CC完美斗士\3法术\新法术.htm","新法术.htm",".htm","84857","3 完美系列\CC完美斗士\3法术"
"3 完美系列\CC完美斗士\3法术\法术详述.htm","法术详述.htm",".htm","582824","3 完美系列\CC完美斗士\3法术"
"3 完美系列\CC完美斗士\4装备\强力施法材料.htm","强力施法材料.htm",".htm","29754","3 完美系列\CC完美斗士\4装备"
"3 完美系列\CC完美斗士\4装备\特制圣徽.htm","特制圣徽.htm",".htm","48037","3 完美系列\CC完美斗士\4装备"
"3 完美系列\CC完美斗士\4装备\领域法杖.htm","领域法杖.htm",".htm","7230","3 完美系列\CC完美斗士\4装备"
"3 完美系列\CC完美斗士\4装备\魔法装备.htm","魔法装备.htm",".htm","204979","3 完美系列\CC完美斗士\4装备"
"3 完美系列\CC完美斗士\5组织\公正天秤.htm","公正天秤.htm",".htm","77064","3 完美系列\CC完美斗士\5组织"
"3 完美系列\CC完美斗士\5组织\创世铁砧.htm","创世铁砧.htm",".htm","7743","3 完美系列\CC完美斗士\5组织"
"3 完美系列\CC完美斗士\5组织\创建DND教会.html","创建DND教会.html",".html","61778","3 完美系列\CC完美斗士\5组织"
"3 完美系列\CC完美斗士\5组织\均衡教派.htm","均衡教派.htm",".htm","81639","3 完美系列\CC完美斗士\5组织"
"3 完美系列\CC完美斗士\5组织\培罗影卫.htm","培罗影卫.htm",".htm","58375","3 完美系列\CC完美斗士\5组织"
"3 完美系列\CC完美斗士\5组织\培罗耀光1.htm","培罗耀光1.htm",".htm","95360","3 完美系列\CC完美斗士\5组织"
"3 完美系列\CC完美斗士\5组织\奇迹信徒.htm","奇迹信徒.htm",".htm","124388","3 完美系列\CC完美斗士\5组织"
"3 完美系列\CC完美斗士\5组织\宗教.htm","宗教.htm",".htm","4689","3 完美系列\CC完美斗士\5组织"
"3 完美系列\CC完美斗士\5组织\寇德武装.htm","寇德武装.htm",".htm","90697","3 完美系列\CC完美斗士\5组织"
"3 完美系列\CC完美斗士\5组织\平等兄弟会.htm","平等兄弟会.htm",".htm","80132","3 完美系列\CC完美斗士\5组织"
"3 完美系列\CC完美斗士\5组织\悠达拉之馈赠.htm","悠达拉之馈赠.htm",".htm","135866","3 完美系列\CC完美斗士\5组织"
"3 完美系列\CC完美斗士\5组织\教会和花销.htm","教会和花销.htm",".htm","15615","3 完美系列\CC完美斗士\5组织"
"3 完美系列\CC完美斗士\5组织\无畏之拳.htm","无畏之拳.htm",".htm","81207","3 完美系列\CC完美斗士\5组织"
"3 完美系列\CC完美斗士\5组织\欢笑黑指党.htm","欢笑黑指党.htm",".htm","127327","3 完美系列\CC完美斗士\5组织"
"3 完美系列\CC完美斗士\5组织\永恒图书馆.htm","永恒图书馆.htm",".htm","86125","3 完美系列\CC完美斗士\5组织"
"3 完美系列\CC完美斗士\5组织\法兰恩之指引.htm","法兰恩之指引.htm",".htm","88092","3 完美系列\CC完美斗士\5组织"
"3 完美系列\CC完美斗士\5组织\真理神庙.htm","真理神庙.htm",".htm","85136","3 完美系列\CC完美斗士\5组织"
"3 完美系列\CC完美斗士\5组织\精英会.htm","精英会.htm",".htm","127170","3 完美系列\CC完美斗士\5组织"
"3 完美系列\CC完美斗士\5组织\绯红神庙.htm","绯红神庙.htm",".htm","83540","3 完美系列\CC完美斗士\5组织"
"3 完美系列\CC完美斗士\5组织\苍翠守卫.htm","苍翠守卫.htm",".htm","127386","3 完美系列\CC完美斗士\5组织"
"3 完美系列\CC完美斗士\5组织\闪烁之眼神庙.htm","闪烁之眼神庙.htm",".htm","96126","3 完美系列\CC完美斗士\5组织"
"3 完美系列\CC完美斗士\5组织\领域组织.htm","领域组织.htm",".htm","182485","3 完美系列\CC完美斗士\5组织"
"3 完美系列\CC完美斗士\5组织\黑暗教会.htm","黑暗教会.htm",".htm","14089","3 完美系列\CC完美斗士\5组织"
"3 完美系列\CC完美斗士\5组织\圣地\冰焰王庭.htm","冰焰王庭.htm",".htm","5340","3 完美系列\CC完美斗士\5组织\圣地"
"3 完美系列\CC完美斗士\5组织\圣地\初晓神殿.htm","初晓神殿.htm",".htm","5617","3 完美系列\CC完美斗士\5组织\圣地"
"3 完美系列\CC完美斗士\5组织\圣地\博卡布藏书馆.htm","博卡布藏书馆.htm",".htm","5369","3 完美系列\CC完美斗士\5组织\圣地"
"3 完美系列\CC完美斗士\5组织\圣地\圣地简介.htm","圣地简介.htm",".htm","4410","3 完美系列\CC完美斗士\5组织\圣地"
"3 完美系列\CC完美斗士\5组织\圣地\寇德的竞技场.htm","寇德的竞技场.htm",".htm","5277","3 完美系列\CC完美斗士\5组织\圣地"
"3 完美系列\CC完美斗士\5组织\圣地\摩拉丁的冷锻炉.htm","摩拉丁的冷锻炉.htm",".htm","5729","3 完美系列\CC完美斗士\5组织\圣地"
"3 完美系列\CC完美斗士\插图\封面.htm","封面.htm",".htm","2144","3 完美系列\CC完美斗士\插图"
"3 完美系列\CC完美斗士\插图\封面.jpg","封面.jpg",".jpg","130006","3 完美系列\CC完美斗士\插图"
"3 完美系列\CD完美神力\圣物.htm","圣物.htm",".htm","419800","3 完美系列\CD完美神力"
"3 完美系列\CD完美神力\封面.htm","封面.htm",".htm","2142","3 完美系列\CD完美神力"
"3 完美系列\CD完美神力\封面.jpg","封面.jpg",".jpg","82791","3 完美系列\CD完美神力"
"3 完美系列\CD完美神力\法杖.htm","法杖.htm",".htm","70895","3 完美系列\CD完美神力"
"3 完美系列\CD完美神力\领域.htm","领域.htm",".htm","282512","3 完美系列\CD完美神力"
"3 完美系列\CD完美神力\专长\一般专长.htm","一般专长.htm",".htm","112359","3 完美系列\CD完美神力\专长"
"3 完美系列\CD完美神力\专长\信仰专长.htm","信仰专长.htm",".htm","57992","3 完美系列\CD完美神力\专长"
"3 完美系列\CD完美神力\专长\神圣专长.htm","神圣专长.htm",".htm","23460","3 完美系列\CD完美神力\专长"
"3 完美系列\CD完美神力\专长\超魔专长.htm","超魔专长.htm",".htm","3743","3 完美系列\CD完美神力\专长"
"3 完美系列\CD完美神力\专长\野性专长.htm","野性专长.htm",".htm","28755","3 完美系列\CD完美神力\专长"
"3 完美系列\CD完美神力\基础职业\修验者（Shugenja）.htm","修验者（Shugenja）.htm",".htm","441105","3 完美系列\CD完美神力\基础职业"
"3 完美系列\CD完美神力\基础职业\天佑者.htm","天佑者.htm",".htm","14156","3 完美系列\CD完美神力\基础职业"
"3 完美系列\CD完美神力\基础职业\灵魂萨满（Spirit Shaman）.htm","灵魂萨满（Spirit Shaman）.htm",".htm","706758","3 完美系列\CD完美神力\基础职业"
"3 完美系列\CD完美神力\基础职业\灵魂萨满（Spirit Shaman）.files\灵魂萨满（Spirit Shaman）149.jpg","灵魂萨满（Spirit Shaman）149.jpg",".jpg","41079","3 完美系列\CD完美神力\基础职业\灵魂萨满（Spirit Shaman）.files"
"3 完美系列\CD完美神力\插图\修验者.jpg","修验者.jpg",".jpg","21108","3 完美系列\CD完美神力\插图"
"3 完美系列\CD完美神力\插图\天佑者.jpg","天佑者.jpg",".jpg","34135","3 完美系列\CD完美神力\插图"
"3 完美系列\CD完美神力\法术\修验者教团法术.htm","修验者教团法术.htm",".htm","33872","3 完美系列\CD完美神力\法术"
"3 完美系列\CD完美神力\法术\修验者法术.htm","修验者法术.htm",".htm","70007","3 完美系列\CD完美神力\法术"
"3 完美系列\CD完美神力\法术\新增法术.htm","新增法术.htm",".htm","79998","3 完美系列\CD完美神力\法术"
"3 完美系列\CD完美神力\法术\法术详述.htm","法术详述.htm",".htm","385005","3 完美系列\CD完美神力\法术"
"3 完美系列\CD完美神力\灰鹰神祇\灰鹰的诸神.htm","灰鹰的诸神.htm",".htm","15410","3 完美系列\CD完美神力\灰鹰神祇"
"3 完美系列\CD完美神力\灰鹰神祇\神祇详情\丽儿.htm","丽儿.htm",".htm","3562","3 完美系列\CD完美神力\灰鹰神祇\神祇详情"
"3 完美系列\CD完美神力\灰鹰神祇\神祇详情\伊乌兹.htm","伊乌兹.htm",".htm","3617","3 完美系列\CD完美神力\灰鹰神祇\神祇详情"
"3 完美系列\CD完美神力\灰鹰神祇\神祇详情\伊斯塔斯.htm","伊斯塔斯.htm",".htm","3549","3 完美系列\CD完美神力\灰鹰神祇\神祇详情"
"3 完美系列\CD完美神力\灰鹰神祇\神祇详情\佛塔斯.htm","佛塔斯.htm",".htm","3713","3 完美系列\CD完美神力\灰鹰神祇\神祇详情"
"3 完美系列\CD完美神力\灰鹰神祇\神祇详情\佛涅丝.htm","佛涅丝.htm",".htm","3444","3 完美系列\CD完美神力\灰鹰神祇\神祇详情"
"3 完美系列\CD完美神力\灰鹰神祇\神祇详情\兰多.htm","兰多.htm",".htm","3417","3 完美系列\CD完美神力\灰鹰神祇\神祇详情"
"3 完美系列\CD完美神力\灰鹰神祇\神祇详情\兹尔图斯.htm","兹尔图斯.htm",".htm","3676","3 完美系列\CD完美神力\灰鹰神祇\神祇详情"
"3 完美系列\CD完美神力\灰鹰神祇\神祇详情\别雅瑞.htm","别雅瑞.htm",".htm","3386","3 完美系列\CD完美神力\灰鹰神祇\神祇详情"
"3 完美系列\CD完美神力\灰鹰神祇\神祇详情\勒格.htm","勒格.htm",".htm","3493","3 完美系列\CD完美神力\灰鹰神祇\神祇详情"
"3 完美系列\CD完美神力\灰鹰神祇\神祇详情\匹里麻斯.htm","匹里麻斯.htm",".htm","3545","3 完美系列\CD完美神力\灰鹰神祇\神祇详情"
"3 完美系列\CD完美神力\灰鹰神祇\神祇详情\博卡布.htm","博卡布.htm",".htm","3526","3 完美系列\CD完美神力\灰鹰神祇\神祇详情"
"3 完美系列\CD完美神力\灰鹰神祇\神祇详情\厄瑞斯努.htm","厄瑞斯努.htm",".htm","3822","3 完美系列\CD完美神力\灰鹰神祇\神祇详情"
"3 完美系列\CD完美神力\灰鹰神祇\神祇详情\吉斯卡.htm","吉斯卡.htm",".htm","3484","3 完美系列\CD完美神力\灰鹰神祇\神祇详情"
"3 完美系列\CD完美神力\灰鹰神祇\神祇详情\吉步.htm","吉步.htm",".htm","3511","3 完美系列\CD完美神力\灰鹰神祇\神祇详情"
"3 完美系列\CD完美神力\灰鹰神祇\神祇详情\圣·库斯伯特.htm","圣·库斯伯特.htm",".htm","3756","3 完美系列\CD完美神力\灰鹰神祇\神祇详情"
"3 完美系列\CD完美神力\灰鹰神祇\神祇详情\培罗.htm","培罗.htm",".htm","3568","3 完美系列\CD完美神力\灰鹰神祇\神祇详情"
"3 完美系列\CD完美神力\灰鹰神祇\神祇详情\塞哈涅.htm","塞哈涅.htm",".htm","3604","3 完美系列\CD完美神力\灰鹰神祇\神祇详情"
"3 完美系列\CD完美神力\灰鹰神祇\神祇详情\塞莱斯汀.htm","塞莱斯汀.htm",".htm","3514","3 完美系列\CD完美神力\灰鹰神祇\神祇详情"
"3 完美系列\CD完美神力\灰鹰神祇\神祇详情\塞露.htm","塞露.htm",".htm","3528","3 完美系列\CD完美神力\灰鹰神祇\神祇详情"
"3 完美系列\CD完美神力\灰鹰神祇\神祇详情\奈落.htm","奈落.htm",".htm","3662","3 完美系列\CD完美神力\灰鹰神祇\神祇详情"
"3 完美系列\CD完美神力\灰鹰神祇\神祇详情\婕斯泰.htm","婕斯泰.htm",".htm","3441","3 完美系列\CD完美神力\灰鹰神祇\神祇详情"
"3 完美系列\CD完美神力\灰鹰神祇\神祇详情\密丽斯.htm","密丽斯.htm",".htm","3606","3 完美系列\CD完美神力\灰鹰神祇\神祇详情"
"3 完美系列\CD完美神力\灰鹰神祇\神祇详情\寇德.htm","寇德.htm",".htm","3631","3 完美系列\CD完美神力\灰鹰神祇\神祇详情"
"3 完美系列\CD完美神力\灰鹰神祇\神祇详情\居尔莉.htm","居尔莉.htm",".htm","3448","3 完美系列\CD完美神力\灰鹰神祇\神祇详情"
"3 完美系列\CD完美神力\灰鹰神祇\神祇详情\岛特.htm","岛特.htm",".htm","3486","3 完美系列\CD完美神力\灰鹰神祇\神祇详情"
"3 完美系列\CD完美神力\灰鹰神祇\神祇详情\布朗.htm","布朗.htm",".htm","3426","3 完美系列\CD完美神力\灰鹰神祇\神祇详情"
"3 完美系列\CD完美神力\灰鹰神祇\神祇详情\布莱尔德.htm","布莱尔德.htm",".htm","3424","3 完美系列\CD完美神力\灰鹰神祇\神祇详情"
"3 完美系列\CD完美神力\灰鹰神祇\神祇详情\康娄.htm","康娄.htm",".htm","3514","3 完美系列\CD完美神力\灰鹰神祇\神祇详情"
"3 完美系列\CD完美神力\灰鹰神祇\神祇详情\恩塞德.htm","恩塞德.htm",".htm","3606","3 完美系列\CD完美神力\灰鹰神祇\神祇详情"
"3 完美系列\CD完美神力\灰鹰神祇\神祇详情\戴莱堡.htm","戴莱堡.htm",".htm","3583","3 完美系列\CD完美神力\灰鹰神祇\神祇详情"
"3 完美系列\CD完美神力\灰鹰神祇\神祇详情\扎尔达.htm","扎尔达.htm",".htm","3491","3 完美系列\CD完美神力\灰鹰神祇\神祇详情"
"3 完美系列\CD完美神力\灰鹰神祇\神祇详情\拉奥.htm","拉奥.htm",".htm","3432","3 完美系列\CD完美神力\灰鹰神祇\神祇详情"
"3 完美系列\CD完美神力\灰鹰神祇\神祇详情\文泰.htm","文泰.htm",".htm","3482","3 完美系列\CD完美神力\灰鹰神祇\神祇详情"
"3 完美系列\CD完美神力\灰鹰神祇\神祇详情\普朗坎.htm","普朗坎.htm",".htm","3507","3 完美系列\CD完美神力\灰鹰神祇\神祇详情"
"3 完美系列\CD完美神力\灰鹰神祇\神祇详情\林蒂雅.htm","林蒂雅.htm",".htm","3499","3 完美系列\CD完美神力\灰鹰神祇\神祇详情"
"3 完美系列\CD完美神力\灰鹰神祇\神祇详情\梅丽凯.htm","梅丽凯.htm",".htm","3538","3 完美系列\CD完美神力\灰鹰神祇\神祇详情"
"3 完美系列\CD完美神力\灰鹰神祇\神祇详情\森岛.htm","森岛.htm",".htm","3488","3 完美系列\CD完美神力\灰鹰神祇\神祇详情"
"3 完美系列\CD完美神力\灰鹰神祇\神祇详情\欧拉.htm","欧拉.htm",".htm","3434","3 完美系列\CD完美神力\灰鹰神祇\神祇详情"
"3 完美系列\CD完美神力\灰鹰神祇\神祇详情\欧拜.htm","欧拜.htm",".htm","3578","3 完美系列\CD完美神力\灰鹰神祇\神祇详情"
"3 完美系列\CD完美神力\灰鹰神祇\神祇详情\毛利勃.htm","毛利勃.htm",".htm","3426","3 完美系列\CD完美神力\灰鹰神祇\神祇详情"
"3 完美系列\CD完美神力\灰鹰神祇\神祇详情\汝欧肯.htm","汝欧肯.htm",".htm","3575","3 完美系列\CD完美神力\灰鹰神祇\神祇详情"
"3 完美系列\CD完美神力\灰鹰神祇\神祇详情\法兰恩.htm","法兰恩.htm",".htm","3596","3 完美系列\CD完美神力\灰鹰神祇\神祇详情"
"3 完美系列\CD完美神力\灰鹰神祇\神祇详情\泰尔区.htm","泰尔区.htm",".htm","3517","3 完美系列\CD完美神力\灰鹰神祇\神祇详情"
"3 完美系列\CD完美神力\灰鹰神祇\神祇详情\泰德里昂.htm","泰德里昂.htm",".htm","3734","3 完美系列\CD完美神力\灰鹰神祇\神祇详情"
"3 完美系列\CD完美神力\灰鹰神祇\神祇详情\浮托勃.htm","浮托勃.htm",".htm","3487","3 完美系列\CD完美神力\灰鹰神祇\神祇详情"
"3 完美系列\CD完美神力\灰鹰神祇\神祇详情\海克斯托.htm","海克斯托.htm",".htm","3668","3 完美系列\CD完美神力\灰鹰神祇\神祇详情"
"3 完美系列\CD完美神力\灰鹰神祇\神祇详情\海若尼斯.htm","海若尼斯.htm",".htm","3745","3 完美系列\CD完美神力\灰鹰神祇\神祇详情"
"3 完美系列\CD完美神力\灰鹰神祇\神祇详情\渥利达马拉.htm","渥利达马拉.htm",".htm","3630","3 完美系列\CD完美神力\灰鹰神祇\神祇详情"
"3 完美系列\CD完美神力\灰鹰神祇\神祇详情\瓦图.htm","瓦图.htm",".htm","3568","3 完美系列\CD完美神力\灰鹰神祇\神祇详情"
"3 完美系列\CD完美神力\灰鹰神祇\神祇详情\瓦斯却.htm","瓦斯却.htm",".htm","3732","3 完美系列\CD完美神力\灰鹰神祇\神祇详情"
"3 完美系列\CD完美神力\灰鹰神祇\神祇详情\维克那.htm","维克那.htm",".htm","3474","3 完美系列\CD完美神力\灰鹰神祇\神祇详情"
"3 完美系列\CD完美神力\灰鹰神祇\神祇详情\维婕丝.htm","维婕丝.htm",".htm","3646","3 完美系列\CD完美神力\灰鹰神祇\神祇详情"
"3 完美系列\CD完美神力\灰鹰神祇\神祇详情\罗尔刹.htm","罗尔刹.htm",".htm","3532","3 完美系列\CD完美神力\灰鹰神祇\神祇详情"
"3 完美系列\CD完美神力\灰鹰神祇\神祇详情\艾历图尔.htm","艾历图尔.htm",".htm","3542","3 完美系列\CD完美神力\灰鹰神祇\神祇详情"
"3 完美系列\CD完美神力\灰鹰神祇\神祇详情\艾罗娜.htm","艾罗娜.htm",".htm","3623","3 完美系列\CD完美神力\灰鹰神祇\神祇详情"
"3 完美系列\CD完美神力\灰鹰神祇\神祇详情\芒寇.htm","芒寇.htm",".htm","3642","3 完美系列\CD完美神力\灰鹰神祇\神祇详情"
"3 完美系列\CD完美神力\灰鹰神祇\神祇详情\英凯布居罗斯.htm","英凯布居罗斯.htm",".htm","3664","3 完美系列\CD完美神力\灰鹰神祇\神祇详情"
"3 完美系列\CD完美神力\灰鹰神祇\神祇详情\莎提亚.htm","莎提亚.htm",".htm","3564","3 完美系列\CD完美神力\灰鹰神祇\神祇详情"
"3 完美系列\CD完美神力\灰鹰神祇\神祇详情\莱兹爱渥.htm","莱兹爱渥.htm",".htm","3776","3 完美系列\CD完美神力\灰鹰神祇\神祇详情"
"3 完美系列\CD完美神力\灰鹰神祇\神祇详情\萨奇克.htm","萨奇克.htm",".htm","3650","3 完美系列\CD完美神力\灰鹰神祇\神祇详情"
"3 完美系列\CD完美神力\灰鹰神祇\神祇详情\萨瑞兹顿.htm","萨瑞兹顿.htm",".htm","3622","3 完美系列\CD完美神力\灰鹰神祇\神祇详情"
"3 完美系列\CD完美神力\灰鹰神祇\神祇详情\贝塔.htm","贝塔.htm",".htm","3540","3 完美系列\CD完美神力\灰鹰神祇\神祇详情"
"3 完美系列\CD完美神力\灰鹰神祇\神祇详情\贝欧瑞.htm","贝欧瑞.htm",".htm","3528","3 完美系列\CD完美神力\灰鹰神祇\神祇详情"
"3 完美系列\CD完美神力\灰鹰神祇\神祇详情\费尔坦.htm","费尔坦.htm",".htm","3540","3 完美系列\CD完美神力\灰鹰神祇\神祇详情"
"3 完美系列\CD完美神力\灰鹰神祇\神祇详情\费尔康.htm","费尔康.htm",".htm","3496","3 完美系列\CD完美神力\灰鹰神祇\神祇详情"
"3 完美系列\CD完美神力\灰鹰神祇\神祇详情\赞雅.htm","赞雅.htm",".htm","3611","3 完美系列\CD完美神力\灰鹰神祇\神祇详情"
"3 完美系列\CD完美神力\灰鹰神祇\神祇详情\迈阿辛.htm","迈阿辛.htm",".htm","3604","3 完美系列\CD完美神力\灰鹰神祇\神祇详情"
"3 完美系列\CD完美神力\灰鹰神祇\神祇详情\阿尔阿科巴.htm","阿尔阿科巴.htm",".htm","4325","3 完美系列\CD完美神力\灰鹰神祇\神祇详情"
"3 完美系列\CD完美神力\灰鹰神祇\神祇详情\阿居雅.htm","阿居雅.htm",".htm","3544","3 完美系列\CD完美神力\灰鹰神祇\神祇详情"
"3 完美系列\CD完美神力\灰鹰神祇\神祇详情\阿斯派姆.htm","阿斯派姆.htm",".htm","3493","3 完美系列\CD完美神力\灰鹰神祇\神祇详情"
"3 完美系列\CD完美神力\灰鹰神祇\神祇详情\露德.htm","露德.htm",".htm","3472","3 完美系列\CD完美神力\灰鹰神祇\神祇详情"
"3 完美系列\CD完美神力\神力世界\亡者生活.htm","亡者生活.htm",".htm","5193","3 完美系列\CD完美神力\神力世界"
"3 完美系列\CD完美神力\神力世界\前言.htm","前言.htm",".htm","1709","3 完美系列\CD完美神力\神力世界"
"3 完美系列\CD完美神力\神力世界\去向何方.htm","去向何方.htm",".htm","4415","3 完美系列\CD完美神力\神力世界"
"3 完美系列\CD完美神力\神力世界\地区及分散教会.htm","地区及分散教会.htm",".htm","3690","3 完美系列\CD完美神力\神力世界"
"3 完美系列\CD完美神力\神力世界\教派与纷争.htm","教派与纷争.htm",".htm","4580","3 完美系列\CD完美神力\神力世界"
"3 完美系列\CD完美神力\神力世界\无法回归的情况.htm","无法回归的情况.htm",".htm","2828","3 完美系列\CD完美神力\神力世界"
"3 完美系列\CD完美神力\神力世界\死亡一刻.htm","死亡一刻.htm",".htm","3152","3 完美系列\CD完美神力\神力世界"
"3 完美系列\CD完美神力\神力世界\死后之事.htm","死后之事.htm",".htm","2523","3 完美系列\CD完美神力\神力世界"
"3 完美系列\CD完美神力\神力世界\泛神殿集团.htm","泛神殿集团.htm",".htm","4391","3 完美系列\CD完美神力\神力世界"
"3 完美系列\CD完美神力\神力世界\神权国度.htm","神权国度.htm",".htm","4984","3 完美系列\CD完美神力\神力世界"
"3 完美系列\CD完美神力\神力世界\终焉之地.htm","终焉之地.htm",".htm","9698","3 完美系列\CD完美神力\神力世界"
"3 完美系列\CD完美神力\神力世界\邪教.htm","邪教.htm",".htm","5014","3 完美系列\CD完美神力\神力世界"
"3 完美系列\CD完美神力\进阶职业\亡魂之主.htm","亡魂之主.htm",".htm","79039","3 完美系列\CD完美神力\进阶职业"
"3 完美系列\CD完美神力\进阶职业\亵渎祭司.htm","亵渎祭司.htm",".htm","88346","3 完美系列\CD完美神力\进阶职业"
"3 完美系列\CD完美神力\进阶职业\关于官网资源.htm","关于官网资源.htm",".htm","1660","3 完美系列\CD完美神力\进阶职业"
"3 完美系列\CD完美神力\进阶职业\医护骑士.htm","医护骑士.htm",".htm","81478","3 完美系列\CD完美神力\进阶职业"
"3 完美系列\CD完美神力\进阶职业\咒文守护者.htm","咒文守护者.htm",".htm","72109","3 完美系列\CD完美神力\进阶职业"
"3 完美系列\CD完美神力\进阶职业\土灵士.htm","土灵士.htm",".htm","111503","3 完美系列\CD完美神力\进阶职业"
"3 完美系列\CD完美神力\进阶职业\圣堂武士.htm","圣堂武士.htm",".htm","95377","3 完美系列\CD完美神力\进阶职业"
"3 完美系列\CD完美神力\进阶职业\培罗的光辉侍者.htm","培罗的光辉侍者.htm",".htm","79341","3 完美系列\CD完美神力\进阶职业"
"3 完美系列\CD完美神力\进阶职业\夜之袍.htm","夜之袍.htm",".htm","88479","3 完美系列\CD完美神力\进阶职业"
"3 完美系列\CD完美神力\进阶职业\宣教士.htm","宣教士.htm",".htm","47778","3 完美系列\CD完美神力\进阶职业"
"3 完美系列\CD完美神力\进阶职业\崇圣狩猎者.htm","崇圣狩猎者.htm",".htm","93579","3 完美系列\CD完美神力\进阶职业"
"3 完美系列\CD完美神力\进阶职业\彩虹侍者.htm","彩虹侍者.htm",".htm","86810","3 完美系列\CD完美神力\进阶职业"
"3 完美系列\CD完美神力\进阶职业\战争司祭.htm","战争司祭.htm",".htm","76899","3 完美系列\CD完美神力\进阶职业"
"3 完美系列\CD完美神力\进阶职业\教廷审判官.htm","教廷审判官.htm",".htm","8730","3 完美系列\CD完美神力\进阶职业"
"3 完美系列\CD完美神力\进阶职业\月之守护者.htm","月之守护者.htm",".htm","57609","3 完美系列\CD完美神力\进阶职业"
"3 完美系列\CD完美神力\进阶职业\枯萎者.htm","枯萎者.htm",".htm","153462","3 完美系列\CD完美神力\进阶职业"
"3 完美系列\CD完美神力\进阶职业\海若尼斯的闪耀之刃.htm","海若尼斯的闪耀之刃.htm",".htm","79608","3 完美系列\CD完美神力\进阶职业"
"3 完美系列\CD完美神力\进阶职业\渥利达马拉的神庙奇兵.htm","渥利达马拉的神庙奇兵.htm",".htm","108138","3 完美系列\CD完美神力\进阶职业"
"3 完美系列\CD完美神力\进阶职业\熵空使.htm","熵空使.htm",".htm","83954","3 完美系列\CD完美神力\进阶职业"
"3 完美系列\CD完美神力\进阶职业\神圣十字军.htm","神圣十字军.htm",".htm","131681","3 完美系列\CD完美神力\进阶职业"
"3 完美系列\CD完美神力\进阶职业\神圣解放者.htm","神圣解放者.htm",".htm","121406","3 完美系列\CD完美神力\进阶职业"
"3 完美系列\CD完美神力\进阶职业\神圣驱魔师.htm","神圣驱魔师.htm",".htm","75659","3 完美系列\CD完美神力\进阶职业"
"3 完美系列\CD完美神力\进阶职业\神拳使.htm","神拳使.htm",".htm","87436","3 完美系列\CD完美神力\进阶职业"
"3 完美系列\CD完美神力\进阶职业\神谕使.htm","神谕使.htm",".htm","77016","3 完美系列\CD完美神力\进阶职业"
"3 完美系列\CD完美神力\进阶职业\虔心祈者.htm","虔心祈者.htm",".htm","83482","3 完美系列\CD完美神力\进阶职业"
"3 完美系列\CD完美神力\进阶职业\虚无信徒.htm","虚无信徒.htm",".htm","87065","3 完美系列\CD完美神力\进阶职业"
"3 完美系列\CD完美神力\进阶职业\雾岛寻者.htm","雾岛寻者.htm",".htm","82306","3 完美系列\CD完美神力\进阶职业"
"3 完美系列\CD完美神力\进阶职业\风暴领主.htm","风暴领主.htm",".htm","7310","3 完美系列\CD完美神力\进阶职业"
"3 完美系列\CD完美神力\进阶职业\黑焰狂徒.htm","黑焰狂徒.htm",".htm","77936","3 完美系列\CD完美神力\进阶职业"
"3 完美系列\CM完美巫师\奥术施法者定位.htm","奥术施法者定位.htm",".htm","75357","3 完美系列\CM完美巫师"
"3 完美系列\CM完美巫师\封面.htm","封面.htm",".htm","2144","3 完美系列\CM完美巫师"
"3 完美系列\CM完美巫师\幻术师背景.htm","幻术师背景.htm",".htm","7704","3 完美系列\CM完美巫师"
"3 完美系列\CM完美巫师\魔法的本质.htm","魔法的本质.htm",".htm","14967","3 完美系列\CM完美巫师"
"3 完美系列\CM完美巫师\1专长\专长..htm","专长..htm",".htm","39028","3 完美系列\CM完美巫师\1专长"
"3 完美系列\CM完美巫师\2变体\变体职业特性..htm","变体职业特性..htm",".htm","131544","3 完美系列\CM完美巫师\2变体"
"3 完美系列\CM完美巫师\3进阶\否决之刃.htm","否决之刃.htm",".htm","56983","3 完美系列\CM完美巫师\3进阶"
"3 完美系列\CM完美巫师\3进阶\启迪之魂.htm","启迪之魂.htm",".htm","65327","3 完美系列\CM完美巫师\3进阶"
"3 完美系列\CM完美巫师\3进阶\奥咏之弦.htm","奥咏之弦.htm",".htm","81703","3 完美系列\CM完美巫师\3进阶"
"3 完美系列\CM完美巫师\3进阶\奥法追随者.htm","奥法追随者.htm",".htm","75542","3 完美系列\CM完美巫师\3进阶"
"3 完美系列\CM完美巫师\3进阶\学派大师.htm","学派大师.htm",".htm","92065","3 完美系列\CM完美巫师\3进阶"
"3 完美系列\CM完美巫师\3进阶\无踪先知.htm","无踪先知.htm",".htm","66550","3 完美系列\CM完美巫师\3进阶"
"3 完美系列\CM完美巫师\3进阶\梦魇编织者.htm","梦魇编织者.htm",".htm","52452","3 完美系列\CM完美巫师\3进阶"
"3 完美系列\CM完美巫师\3进阶\神圣鞭笞者.htm","神圣鞭笞者.htm",".htm","51143","3 完美系列\CM完美巫师\3进阶"
"3 完美系列\CM完美巫师\3进阶\野性之心.htm","野性之心.htm",".htm","99248","3 完美系列\CM完美巫师\3进阶"
"3 完美系列\CM完美巫师\3进阶\魔焰信徒.htm","魔焰信徒.htm",".htm","79457","3 完美系列\CM完美巫师\3进阶"
"3 完美系列\CM完美巫师\3进阶\魔焰术师.htm","魔焰术师.htm",".htm","77504","3 完美系列\CM完美巫师\3进阶"
"3 完美系列\CM完美巫师\4法术\新邪术.htm","新邪术.htm",".htm","39695","3 完美系列\CM完美巫师\4法术"
"3 完美系列\CM完美巫师\4法术\法术列表.htm","法术列表.htm",".htm","103885","3 完美系列\CM完美巫师\4法术"
"3 完美系列\CM完美巫师\4法术\法术学派..htm","法术学派..htm",".htm","45657","3 完美系列\CM完美巫师\4法术"
"3 完美系列\CM完美巫师\4法术\法术详述..htm","法术详述..htm",".htm","1663778","3 完美系列\CM完美巫师\4法术"
"3 完美系列\CM完美巫师\5物品\炼金术物品.htm","炼金术物品.htm",".htm","15918","3 完美系列\CM完美巫师\5物品"
"3 完美系列\CM完美巫师\5物品\特殊施法材料.htm","特殊施法材料.htm",".htm","7876","3 完美系列\CM完美巫师\5物品"
"3 完美系列\CM完美巫师\5物品\魔法物品.htm","魔法物品.htm",".htm","227014","3 完美系列\CM完美巫师\5物品"
"3 完美系列\CM完美巫师\6其他\云座.htm","云座.htm",".htm","4273","3 完美系列\CM完美巫师\6其他"
"3 完美系列\CM完美巫师\6其他\超魔风暴.htm","超魔风暴.htm",".htm","4099","3 完美系列\CM完美巫师\6其他"
"3 完美系列\CM完美巫师\6其他\魔法地点\世界汇集之地.htm","世界汇集之地.htm",".htm","4684","3 完美系列\CM完美巫师\6其他\魔法地点"
"3 完美系列\CM完美巫师\6其他\魔法地点\博卡布书房.htm","博卡布书房.htm",".htm","4909","3 完美系列\CM完美巫师\6其他\魔法地点"
"3 完美系列\CM完美巫师\6其他\魔法地点\墓地.htm","墓地.htm",".htm","4462","3 完美系列\CM完美巫师\6其他\魔法地点"
"3 完美系列\CM完美巫师\6其他\魔法地点\幽绕谷.htm","幽绕谷.htm",".htm","4596","3 完美系列\CM完美巫师\6其他\魔法地点"
"3 完美系列\CM完美巫师\6其他\魔法地点\彩虹瀑布.htm","彩虹瀑布.htm",".htm","4519","3 完美系列\CM完美巫师\6其他\魔法地点"
"3 完美系列\CM完美巫师\6其他\魔法地点\毕格比之墓.htm","毕格比之墓.htm",".htm","6574","3 完美系列\CM完美巫师\6其他\魔法地点"
"3 完美系列\CM完美巫师\6其他\魔法地点\永恒漩涡.htm","永恒漩涡.htm",".htm","4859","3 完美系列\CM完美巫师\6其他\魔法地点"
"3 完美系列\CM完美巫师\6其他\魔法地点\盾石洞穴.htm","盾石洞穴.htm",".htm","4611","3 完美系列\CM完美巫师\6其他\魔法地点"
"3 完美系列\CM完美巫师\6其他\魔法地点\维婕丝秘窖.htm","维婕丝秘窖.htm",".htm","4363","3 完美系列\CM完美巫师\6其他\魔法地点"
"3 完美系列\CM完美巫师\6其他\魔法地点\魂心池.htm","魂心池.htm",".htm","4287","3 完美系列\CM完美巫师\6其他\魔法地点"
"3 完美系列\CM完美巫师\6其他\魔法地点\魔法地点.htm","魔法地点.htm",".htm","6992","3 完美系列\CM完美巫师\6其他\魔法地点"
"3 完美系列\CM完美巫师\6其他\魔法地点\魔法地点总览.htm","魔法地点总览.htm",".htm","5741","3 完美系列\CM完美巫师\6其他\魔法地点"
"3 完美系列\CM完美巫师\6其他\魔法地点\龙血池.htm","龙血池.htm",".htm","4873","3 完美系列\CM完美巫师\6其他\魔法地点"
"3 完美系列\CM完美巫师\插图\完美巫师.jpg","完美巫师.jpg",".jpg","84540","3 完美系列\CM完美巫师\插图"
"3 完美系列\CPsi完美灵能\封面.htm","封面.htm",".htm","2287","3 完美系列\CPsi完美灵能"
"3 完美系列\CPsi完美灵能\1.基础\圣念者.htm","圣念者.htm",".htm","211743","3 完美系列\CPsi完美灵能\1.基础"
"3 完美系列\CPsi完美灵能\1.基础\心灵学者.htm","心灵学者.htm",".htm","163763","3 完美系列\CPsi完美灵能\1.基础"
"3 完美系列\CPsi完美灵能\1.基础\潜伏者.htm","潜伏者.htm",".htm","212592","3 完美系列\CPsi完美灵能\1.基础"
"3 完美系列\CPsi完美灵能\1.基础\炽念使.htm","炽念使.htm",".htm","141116","3 完美系列\CPsi完美灵能\1.基础"
"3 完美系列\CPsi完美灵能\1.基础\潜伏者.files\潜伏者107.jpg","潜伏者107.jpg",".jpg","17664","3 完美系列\CPsi完美灵能\1.基础\潜伏者.files"
"3 完美系列\CPsi完美灵能\1.基础\炽念使.files\炽念使101.jpg","炽念使101.jpg",".jpg","37624","3 完美系列\CPsi完美灵能\1.基础\炽念使.files"
"3 完美系列\CPsi完美灵能\2.进阶\乌木圣徒.htm","乌木圣徒.htm",".htm","42574","3 完美系列\CPsi完美灵能\2.进阶"
"3 完美系列\CPsi完美灵能\2.进阶\夺心子嗣.htm","夺心子嗣.htm",".htm","47945","3 完美系列\CPsi完美灵能\2.进阶"
"3 完美系列\CPsi完美灵能\2.进阶\星质导师.htm","星质导师.htm",".htm","35291","3 完美系列\CPsi完美灵能\2.进阶"
"3 完美系列\CPsi完美灵能\2.进阶\泽斯修士.htm","泽斯修士.htm",".htm","59253","3 完美系列\CPsi完美灵能\2.进阶"
"3 完美系列\CPsi完美灵能\2.进阶\混沌学者.htm","混沌学者.htm",".htm","51619","3 完美系列\CPsi完美灵能\2.进阶"
"3 完美系列\CPsi完美灵能\2.进阶\闪耀之魂.htm","闪耀之魂.htm",".htm","29316","3 完美系列\CPsi完美灵能\2.进阶"
"3 完美系列\CPsi完美灵能\2.进阶\风暴信徒.htm","风暴信徒.htm",".htm","29519","3 完美系列\CPsi完美灵能\2.进阶"
"3 完美系列\CPsi完美灵能\2.进阶\魂之弓.htm","魂之弓.htm",".htm","65591","3 完美系列\CPsi完美灵能\2.进阶"
"3 完美系列\CPsi完美灵能\3.专长\传奇专长.htm","传奇专长.htm",".htm","51644","3 完美系列\CPsi完美灵能\3.专长"
"3 完美系列\CPsi完美灵能\3.专长\灵吸传承专长.htm","灵吸传承专长.htm",".htm","73511","3 完美系列\CPsi完美灵能\3.专长"
"3 完美系列\CPsi完美灵能\3.专长\灵能专长.htm","灵能专长.htm",".htm","344475","3 完美系列\CPsi完美灵能\3.专长"
"3 完美系列\CPsi完美灵能\3.专长\灵附专长.htm","灵附专长.htm",".htm","69314","3 完美系列\CPsi完美灵能\3.专长"
"3 完美系列\CPsi完美灵能\3.专长\超能专长.htm","超能专长.htm",".htm","61699","3 完美系列\CPsi完美灵能\3.专长"
"3 完美系列\CPsi完美灵能\3.专长\通用专长.htm","通用专长.htm",".htm","56412","3 完美系列\CPsi完美灵能\3.专长"
"3 完美系列\CPsi完美灵能\4.异能\异能.htm","异能.htm",".htm","13315","3 完美系列\CPsi完美灵能\4.异能"
"3 完美系列\CPsi完美灵能\4.异能\异能详述.htm","异能详述.htm",".htm","98586","3 完美系列\CPsi完美灵能\4.异能"
"3 完美系列\CPsi完美灵能\4.异能\心灵术士_狂念者异能.htm","心灵术士_狂念者异能.htm",".htm","420332","3 完美系列\CPsi完美灵能\4.异能"
"3 完美系列\CPsi完美灵能\4.异能\心灵术士能系异能.htm","心灵术士能系异能.htm",".htm","217511","3 完美系列\CPsi完美灵能\4.异能"
"3 完美系列\CPsi完美灵能\4.异能\心灵武士异能　.htm","心灵武士异能　.htm",".htm","281701","3 完美系列\CPsi完美灵能\4.异能"
"3 完美系列\CPsi完美灵能\4.异能\潜伏者异能.htm","潜伏者异能.htm",".htm","181333","3 完美系列\CPsi完美灵能\4.异能"
"3 完美系列\CPsi完美灵能\4.异能\灵域.htm","灵域.htm",".htm","63068","3 完美系列\CPsi完美灵能\4.异能"
"3 完美系列\CPsi完美灵能\6怪物\元素使者.htm","元素使者.htm",".htm","76857","3 完美系列\CPsi完美灵能\6怪物"
"3 完美系列\CPsi完美灵能\6怪物\夺心幼虫.htm","夺心幼虫.htm",".htm","93446","3 完美系列\CPsi完美灵能\6怪物"
"3 完美系列\CPsi完美灵能\6怪物\幽影学者.htm","幽影学者.htm",".htm","58897","3 完美系列\CPsi完美灵能\6怪物"
"3 完美系列\CPsi完美灵能\6怪物\影蜥.htm","影蜥.htm",".htm","97168","3 完美系列\CPsi完美灵能\6怪物"
"3 完美系列\CPsi完美灵能\6怪物\星质构装体.htm","星质构装体.htm",".htm","828051","3 完美系列\CPsi完美灵能\6怪物"
"3 完美系列\CPsi完美灵能\6怪物\星质蛛群.htm","星质蛛群.htm",".htm","88188","3 完美系列\CPsi完美灵能\6怪物"
"3 完美系列\CPsi完美灵能\6怪物\生物.htm","生物.htm",".htm","8484","3 完美系列\CPsi完美灵能\6怪物"
"3 完美系列\CPsi完美灵能\6怪物\预言神卫.htm","预言神卫.htm",".htm","82172","3 完美系列\CPsi完美灵能\6怪物"
"3 完美系列\CPsi完美灵能\6怪物\元素使者.files\元素使者115.jpg","元素使者115.jpg",".jpg","38029","3 完美系列\CPsi完美灵能\6怪物\元素使者.files"
"3 完美系列\CPsi完美灵能\6怪物\元素使者.files\元素使者206.jpg","元素使者206.jpg",".jpg","21634","3 完美系列\CPsi完美灵能\6怪物\元素使者.files"
"3 完美系列\CPsi完美灵能\6怪物\夺心幼虫.files\夺心幼虫185.jpg","夺心幼虫185.jpg",".jpg","42969","3 完美系列\CPsi完美灵能\6怪物\夺心幼虫.files"
"3 完美系列\CPsi完美灵能\6怪物\幽影学者.files\幽影学者152.jpg","幽影学者152.jpg",".jpg","29105","3 完美系列\CPsi完美灵能\6怪物\幽影学者.files"
"3 完美系列\CPsi完美灵能\6怪物\影蜥.files\影蜥195.jpg","影蜥195.jpg",".jpg","29738","3 完美系列\CPsi完美灵能\6怪物\影蜥.files"
"3 完美系列\CPsi完美灵能\6怪物\星质构装体.files\星质构装体1425.jpg","星质构装体1425.jpg",".jpg","27830","3 完美系列\CPsi完美灵能\6怪物\星质构装体.files"
"3 完美系列\CPsi完美灵能\6怪物\星质构装体.files\星质构装体2210.jpg","星质构装体2210.jpg",".jpg","10814","3 完美系列\CPsi完美灵能\6怪物\星质构装体.files"
"3 完美系列\CPsi完美灵能\6怪物\星质构装体.files\星质构装体3127.jpg","星质构装体3127.jpg",".jpg","20138","3 完美系列\CPsi完美灵能\6怪物\星质构装体.files"
"3 完美系列\CPsi完美灵能\6怪物\星质构装体.files\星质构装体3952.jpg","星质构装体3952.jpg",".jpg","16235","3 完美系列\CPsi完美灵能\6怪物\星质构装体.files"
"3 完美系列\CPsi完美灵能\6怪物\星质构装体.files\星质构装体5000.jpg","星质构装体5000.jpg",".jpg","26034","3 完美系列\CPsi完美灵能\6怪物\星质构装体.files"
"3 完美系列\CPsi完美灵能\6怪物\星质构装体.files\星质构装体5865.jpg","星质构装体5865.jpg",".jpg","26174","3 完美系列\CPsi完美灵能\6怪物\星质构装体.files"
"3 完美系列\CPsi完美灵能\6怪物\星质构装体.files\星质构装体6824.jpg","星质构装体6824.jpg",".jpg","27933","3 完美系列\CPsi完美灵能\6怪物\星质构装体.files"
"3 完美系列\CPsi完美灵能\6怪物\星质构装体.files\星质构装体7585.jpg","星质构装体7585.jpg",".jpg","16853","3 完美系列\CPsi完美灵能\6怪物\星质构装体.files"
"3 完美系列\CPsi完美灵能\6怪物\星质蛛群.files\星质蛛群175.jpg","星质蛛群175.jpg",".jpg","34325","3 完美系列\CPsi完美灵能\6怪物\星质蛛群.files"
"3 完美系列\CPsi完美灵能\7其他\传奇心灵术士.htm","传奇心灵术士.htm",".htm","58799","3 完美系列\CPsi完美灵能\7其他"
"3 完美系列\CPsi完美灵能\7其他\灵能地点.htm","灵能地点.htm",".htm","35051","3 完美系列\CPsi完美灵能\7其他"
"3 完美系列\CPsi完美灵能\8物品\其它灵物.htm","其它灵物.htm",".htm","42468","3 完美系列\CPsi完美灵能\8物品"
"3 完美系列\CPsi完美灵能\8物品\武器.htm","武器.htm",".htm","59359","3 完美系列\CPsi完美灵能\8物品"
"3 完美系列\CPsi完美灵能\8物品\水晶面具.htm","水晶面具.htm",".htm","73945","3 完美系列\CPsi完美灵能\8物品"
"3 完美系列\CPsi完美灵能\8物品\灵冠.htm","灵冠.htm",".htm","53876","3 完美系列\CPsi完美灵能\8物品"
"3 完美系列\CPsi完美灵能\8物品\灵皮.htm","灵皮.htm",".htm","28613","3 完美系列\CPsi完美灵能\8物品"
"3 完美系列\CPsi完美灵能\8物品\灵能手带.htm","灵能手带.htm",".htm","21807","3 完美系列\CPsi完美灵能\8物品"
"3 完美系列\CPsi完美灵能\8物品\灵锥串.htm","灵锥串.htm",".htm","47765","3 完美系列\CPsi完美灵能\8物品"
"3 完美系列\CPsi完美灵能\8物品\物品.htm","物品.htm",".htm","134993","3 完美系列\CPsi完美灵能\8物品"
"3 完美系列\CPsi完美灵能\9种族\半巨人.htm","半巨人.htm",".htm","115204","3 完美系列\CPsi完美灵能\9种族"
"3 完美系列\CPsi完美灵能\9种族\吉斯泽莱人.htm","吉斯泽莱人.htm",".htm","52684","3 完美系列\CPsi完美灵能\9种族"
"3 完美系列\CPsi完美灵能\9种族\吉斯洋基人.htm","吉斯洋基人.htm",".htm","54536","3 完美系列\CPsi完美灵能\9种族"
"3 完美系列\CPsi完美灵能\9种族\灰矮人.htm","灰矮人.htm",".htm","120813","3 完美系列\CPsi完美灵能\9种族"
"3 完美系列\CPsi完美灵能\9种族\灵能种族职业.htm","灵能种族职业.htm",".htm","7771","3 完美系列\CPsi完美灵能\9种族"
"3 完美系列\CPsi完美灵能\9种族\种族.htm","种族.htm",".htm","5133","3 完美系列\CPsi完美灵能\9种族"
"3 完美系列\CPsi完美灵能\9种族\螳螂人.htm","螳螂人.htm",".htm","57442","3 完美系列\CPsi完美灵能\9种族"
"3 完美系列\CPsi完美灵能\9种族\种族.files\种族212.jpg","种族212.jpg",".jpg","27791","3 完美系列\CPsi完美灵能\9种族\种族.files"
"3 完美系列\CPsi完美灵能\插图\半巨人.jpg","半巨人.jpg",".jpg","40443","3 完美系列\CPsi完美灵能\插图"
"3 完美系列\CPsi完美灵能\插图\吉斯泽莱.jpg","吉斯泽莱.jpg",".jpg","37281","3 完美系列\CPsi完美灵能\插图"
"3 完美系列\CPsi完美灵能\插图\吉斯洋基.jpg","吉斯洋基.jpg",".jpg","198949","3 完美系列\CPsi完美灵能\插图"
"3 完美系列\CPsi完美灵能\插图\圣念者.jpg","圣念者.jpg",".jpg","43441","3 完美系列\CPsi完美灵能\插图"
"3 完美系列\CPsi完美灵能\插图\完美灵能.jpg","完美灵能.jpg",".jpg","76742","3 完美系列\CPsi完美灵能\插图"
"3 完美系列\CPsi完美灵能\插图\心灵学者.jpg","心灵学者.jpg",".jpg","41728","3 完美系列\CPsi完美灵能\插图"
"3 完美系列\CPsi完美灵能\插图\灰矮人.jpg","灰矮人.jpg",".jpg","36817","3 完美系列\CPsi完美灵能\插图"
"3 完美系列\CPsi完美灵能\插图\螳螂人.jpg","螳螂人.jpg",".jpg","18805","3 完美系列\CPsi完美灵能\插图"
"3 完美系列\CPsi完美灵能\插图\预言神卫.jpg","预言神卫.jpg",".jpg","22662","3 完美系列\CPsi完美灵能\插图"
"3 完美系列\CS完美恶徒\传说地点.htm","传说地点.htm",".htm","50080","3 完美系列\CS完美恶徒"
"3 完美系列\CS完美恶徒\0封面\完美流氓（CS）.htm","完美流氓（CS）.htm",".htm","2247","3 完美系列\CS完美恶徒\0封面"
"3 完美系列\CS完美恶徒\1恶徒\什么是恶徒.htm","什么是恶徒.htm",".htm","14121","3 完美系列\CS完美恶徒\1恶徒"
"3 完美系列\CS完美恶徒\1恶徒\任何职业中的恶徒.htm","任何职业中的恶徒.htm",".htm","16277","3 完美系列\CS完美恶徒\1恶徒"
"3 完美系列\CS完美恶徒\1恶徒\各种阵营的恶徒.htm","各种阵营的恶徒.htm",".htm","12427","3 完美系列\CS完美恶徒\1恶徒"
"3 完美系列\CS完美恶徒\1恶徒\恶徒故事.htm","恶徒故事.htm",".htm","8262","3 完美系列\CS完美恶徒\1恶徒"
"3 完美系列\CS完美恶徒\1恶徒\扮演一名恶徒.htm","扮演一名恶徒.htm",".htm","9015","3 完美系列\CS完美恶徒\1恶徒"
"3 完美系列\CS完美恶徒\2进阶\天灾召集者.htm","天灾召集者.htm",".htm","115205","3 完美系列\CS完美恶徒\2进阶"
"3 完美系列\CS完美恶徒\2进阶\幸运之友.htm","幸运之友.htm",".htm","57288","3 完美系列\CS完美恶徒\2进阶"
"3 完美系列\CS完美恶徒\2进阶\战地陷阱专家.htm","战地陷阱专家.htm",".htm","145727","3 完美系列\CS完美恶徒\2进阶"
"3 完美系列\CS完美恶徒\2进阶\战斗技法师.htm","战斗技法师.htm",".htm","35237","3 完美系列\CS完美恶徒\2进阶"
"3 完美系列\CS完美恶徒\2进阶\摩登大圣.htm","摩登大圣.htm",".htm","139562","3 完美系列\CS完美恶徒\2进阶"
"3 完美系列\CS完美恶徒\2进阶\曲咒射手.htm","曲咒射手.htm",".htm","71260","3 完美系列\CS完美恶徒\2进阶"
"3 完美系列\CS完美恶徒\2进阶\江湖骗子.htm","江湖骗子.htm",".htm","101058","3 完美系列\CS完美恶徒\2进阶"
"3 完美系列\CS完美恶徒\2进阶\灰之守卫.htm","灰之守卫.htm",".htm","117456","3 完美系列\CS完美恶徒\2进阶"
"3 完美系列\CS完美恶徒\2进阶\离奇技法师.htm","离奇技法师.htm",".htm","41706","3 完美系列\CS完美恶徒\2进阶"
"3 完美系列\CS完美恶徒\2进阶\蒙面舞者.htm","蒙面舞者.htm",".htm","63068","3 完美系列\CS完美恶徒\2进阶"
"3 完美系列\CS完美恶徒\2进阶\誓仇刽子手.htm","誓仇刽子手.htm",".htm","56022","3 完美系列\CS完美恶徒\2进阶"
"3 完美系列\CS完美恶徒\2进阶\魔法技法师.htm","魔法技法师.htm",".htm","49820","3 完美系列\CS完美恶徒\2进阶"
"3 完美系列\CS完美恶徒\3法术\新法术.htm","新法术.htm",".htm","71447","3 完美系列\CS完美恶徒\3法术"
"3 完美系列\CS完美恶徒\3法术\法术详述　.htm","法术详述　.htm",".htm","83816","3 完美系列\CS完美恶徒\3法术"
"3 完美系列\CS完美恶徒\4专长\一般专长.htm","一般专长.htm",".htm","121661","3 完美系列\CS完美恶徒\4专长"
"3 完美系列\CS完美恶徒\4专长\伏击专长.htm","伏击专长.htm",".htm","41752","3 完美系列\CS完美恶徒\4专长"
"3 完美系列\CS完美恶徒\4专长\吟唱专长.htm","吟唱专长.htm",".htm","17242","3 完美系列\CS完美恶徒\4专长"
"3 完美系列\CS完美恶徒\4专长\幸运专长.htm","幸运专长.htm",".htm","62164","3 完美系列\CS完美恶徒\4专长"
"3 完美系列\CS完美恶徒\5技法\交流技法.htm","交流技法.htm",".htm","19437","3 完美系列\CS完美恶徒\5技法"
"3 完美系列\CS完美恶徒\5技法\技法.htm","技法.htm",".htm","12450","3 完美系列\CS完美恶徒\5技法"
"3 完美系列\CS完美恶徒\5技法\操作技法.htm","操作技法.htm",".htm","52719","3 完美系列\CS完美恶徒\5技法"
"3 完美系列\CS完美恶徒\5技法\移动技法.htm","移动技法.htm",".htm","56967","3 完美系列\CS完美恶徒\5技法"
"3 完美系列\CS完美恶徒\5技法\精神技法.htm","精神技法.htm",".htm","28882","3 完美系列\CS完美恶徒\5技法"
"3 完美系列\CS完美恶徒\5技法\组织\七鸦会.htm","七鸦会.htm",".htm","3390","3 完美系列\CS完美恶徒\5技法\组织"
"3 完美系列\CS完美恶徒\5技法\组织\盲塔.htm","盲塔.htm",".htm","3764","3 完美系列\CS完美恶徒\5技法\组织"
"3 完美系列\CS完美恶徒\5技法\组织\自由联盟.htm","自由联盟.htm",".htm","4454","3 完美系列\CS完美恶徒\5技法\组织"
"3 完美系列\CS完美恶徒\6装备\暗格.htm","暗格.htm",".htm","38512","3 完美系列\CS完美恶徒\6装备"
"3 完美系列\CS完美恶徒\6装备\武器.htm","武器.htm",".htm","69206","3 完美系列\CS完美恶徒\6装备"
"3 完美系列\CS完美恶徒\6装备\毒药.htm","毒药.htm",".htm","31630","3 完美系列\CS完美恶徒\6装备"
"3 完美系列\CS完美恶徒\6装备\活体道具.htm","活体道具.htm",".htm","42969","3 完美系列\CS完美恶徒\6装备"
"3 完美系列\CS完美恶徒\6装备\炼金物品.htm","炼金物品.htm",".htm","27770","3 完美系列\CS完美恶徒\6装备"
"3 完美系列\CS完美恶徒\6装备\装备.htm","装备.htm",".htm","4784","3 完美系列\CS完美恶徒\6装备"
"3 完美系列\CS完美恶徒\6装备\魔法物品.htm","魔法物品.htm",".htm","114512","3 完美系列\CS完美恶徒\6装备"
"3 完美系列\CS完美恶徒\6装备\武器.files\武器97.png","武器97.png",".png","1230107","3 完美系列\CS完美恶徒\6装备\武器.files"
"3 完美系列\CS完美恶徒\插图\完美流氓.jpg","完美流氓.jpg",".jpg","78386","3 完美系列\CS完美恶徒\插图"
"3 完美系列\CS完美恶徒\插图\指环.jpg","指环.jpg",".jpg","53228","3 完美系列\CS完美恶徒\插图"
"3 完美系列\CS完美恶徒\插图\毒药.jpg","毒药.jpg",".jpg","88997","3 完美系列\CS完美恶徒\插图"
"3 完美系列\CS完美恶徒\插图\皱缩尖啸者.jpg","皱缩尖啸者.jpg",".jpg","43490","3 完美系列\CS完美恶徒\插图"
"3 完美系列\CS完美恶徒\插图\魔镜.jpg","魔镜.jpg",".jpg","41820","3 完美系列\CS完美恶徒\插图"
"3 完美系列\CW完美战力\0封面\完美战力（CW）.htm","完美战力（CW）.htm",".htm","2314","3 完美系列\CW完美战力\0封面"
"3 完美系列\CW完美战力\1基础\武士.htm","武士.htm",".htm","118047","3 完美系列\CW完美战力\1基础"
"3 完美系列\CW完美战力\1基础\游荡剑客.htm","游荡剑客.htm",".htm","111764","3 完美系列\CW完美战力\1基础"
"3 完美系列\CW完美战力\1基础\职业变体.htm","职业变体.htm",".htm","4387","3 完美系列\CW完美战力\1基础"
"3 完美系列\CW完美战力\1基础\魔剑客.htm","魔剑客.htm",".htm","15253","3 完美系列\CW完美战力\1基础"
"3 完美系列\CW完美战力\1基础\武士.files\武士14.jpg","武士14.jpg",".jpg","26431","3 完美系列\CW完美战力\1基础\武士.files"
"3 完美系列\CW完美战力\1基础\游荡剑客.files\游荡剑客19.jpg","游荡剑客19.jpg",".jpg","13751","3 完美系列\CW完美战力\1基础\游荡剑客.files"
"3 完美系列\CW完美战力\1基础\魔剑客.files\魔剑客17.jpg","魔剑客17.jpg",".jpg","21097","3 完美系列\CW完美战力\1基础\魔剑客.files"
"3 完美系列\CW完美战力\2进阶\亡灵猎手.htm","亡灵猎手.htm",".htm","134120","3 完美系列\CW完美战力\2进阶"
"3 完美系列\CW完美战力\2进阶\传奇.htm","传奇.htm",".htm","22531","3 完美系列\CW完美战力\2进阶"
"3 完美系列\CW完美战力\2进阶\侏儒巨人杀戮者.htm","侏儒巨人杀戮者.htm",".htm","90131","3 完美系列\CW完美战力\2进阶"
"3 完美系列\CW完美战力\2进阶\剑圣.htm","剑圣.htm",".htm","195055","3 完美系列\CW完美战力\2进阶"
"3 完美系列\CW完美战力\2进阶\半身人开路骑兵.htm","半身人开路骑兵.htm",".htm","101084","3 完美系列\CW完美战力\2进阶"
"3 完美系列\CW完美战力\2进阶\咏剑士.htm","咏剑士.htm",".htm","85756","3 完美系列\CW完美战力\2进阶"
"3 完美系列\CW完美战力\2进阶\咒剑士.htm","咒剑士.htm",".htm","98924","3 完美系列\CW完美战力\2进阶"
"3 完美系列\CW完美战力\2进阶\圣杯骑士.htm","圣杯骑士.htm",".htm","139042","3 完美系列\CW完美战力\2进阶"
"3 完美系列\CW完美战力\2进阶\塞尔骑士.htm","塞尔骑士.htm",".htm","68078","3 完美系列\CW完美战力\2进阶"
"3 完美系列\CW完美战力\2进阶\夺命铁拳.htm","夺命铁拳.htm",".htm","65236","3 完美系列\CW完美战力\2进阶"
"3 完美系列\CW完美战力\2进阶\异种武器大师.htm","异种武器大师.htm",".htm","56404","3 完美系列\CW完美战力\2进阶"
"3 完美系列\CW完美战力\2进阶\弓协修习者.htm","弓协修习者.htm",".htm","92580","3 完美系列\CW完美战力\2进阶"
"3 完美系列\CW完美战力\2进阶\战之歌者.htm","战之歌者.htm",".htm","75640","3 完美系列\CW完美战力\2进阶"
"3 完美系列\CW完美战力\2进阶\战争变形者.htm","战争变形者.htm",".htm","69091","3 完美系列\CW完美战力\2进阶"
"3 完美系列\CW完美战力\2进阶\执法者.htm","执法者.htm",".htm","92894","3 完美系列\CW完美战力\2进阶"
"3 完美系列\CW完美战力\2进阶\投石巨人.htm","投石巨人.htm",".htm","59377","3 完美系列\CW完美战力\2进阶"
"3 完美系列\CW完美战力\2进阶\无踪短刃.htm","无踪短刃.htm",".htm","66495","3 完美系列\CW完美战力\2进阶"
"3 完美系列\CW完美战力\2进阶\暗器大师.htm","暗器大师.htm",".htm","76491","3 完美系列\CW完美战力\2进阶"
"3 完美系列\CW完美战力\2进阶\暗林行者.htm","暗林行者.htm",".htm","91566","3 完美系列\CW完美战力\2进阶"
"3 完美系列\CW完美战力\2进阶\格乌什之眼.htm","格乌什之眼.htm",".htm","98039","3 完美系列\CW完美战力\2进阶"
"3 完美系列\CW完美战力\2进阶\毁灭者.htm","毁灭者.htm",".htm","132903","3 完美系列\CW完美战力\2进阶"
"3 完美系列\CW完美战力\2进阶\法师杀手.htm","法师杀手.htm",".htm","74629","3 完美系列\CW完美战力\2进阶"
"3 完美系列\CW完美战力\2进阶\浪人.htm","浪人.htm",".htm","67580","3 完美系列\CW完美战力\2进阶"
"3 完美系列\CW完美战力\2进阶\熊战士.htm","熊战士.htm",".htm","74268","3 完美系列\CW完美战力\2进阶"
"3 完美系列\CW完美战力\2进阶\狂战士.htm","狂战士.htm",".htm","71560","3 完美系列\CW完美战力\2进阶"
"3 完美系列\CW完美战力\2进阶\狂暴法师.htm","狂暴法师.htm",".htm","68320","3 完美系列\CW完美战力\2进阶"
"3 完美系列\CW完美战力\2进阶\狂舞僧.htm","狂舞僧.htm",".htm","102482","3 完美系列\CW完美战力\2进阶"
"3 完美系列\CW完美战力\2进阶\猛兽侠.htm","猛兽侠.htm",".htm","88664","3 完美系列\CW完美战力\2进阶"
"3 完美系列\CW完美战力\2进阶\石之领主.htm","石之领主.htm",".htm","92204","3 完美系列\CW完美战力\2进阶"
"3 完美系列\CW完美战力\2进阶\窥心者.htm","窥心者.htm",".htm","71838","3 完美系列\CW完美战力\2进阶"
"3 完美系列\CW完美战力\2进阶\精英骑士.htm","精英骑士.htm",".htm","88651","3 完美系列\CW完美战力\2进阶"
"3 完美系列\CW完美战力\2进阶\紫龙骑士.htm","紫龙骑士.htm",".htm","69299","3 完美系列\CW完美战力\2进阶"
"3 完美系列\CW完美战力\2进阶\纹身武僧.htm","纹身武僧.htm",".htm","95256","3 完美系列\CW完美战力\2进阶"
"3 完美系列\CW完美战力\2进阶\近卫骑士.htm","近卫骑士.htm",".htm","96686","3 完美系列\CW完美战力\2进阶"
"3 完美系列\CW完美战力\2进阶\醉拳大师.htm","醉拳大师.htm",".htm","95422","3 完美系列\CW完美战力\2进阶"
"3 完美系列\CW完美战力\2进阶\魔手之主.htm","魔手之主.htm",".htm","45767","3 完美系列\CW完美战力\2进阶"
"3 完美系列\CW完美战力\2进阶\黑暗猎人.htm","黑暗猎人.htm",".htm","68389","3 完美系列\CW完美战力\2进阶"
"3 完美系列\CW完美战力\3专长技能\一般专长.htm","一般专长.htm",".htm","70051","3 完美系列\CW完美战力\3专长技能"
"3 完美系列\CW完美战力\3专长技能\传奇专长.htm","传奇专长.htm",".htm","56736","3 完美系列\CW完美战力\3专长技能"
"3 完美系列\CW完美战力\3专长技能\战术专长.htm","战术专长.htm",".htm","73632","3 完美系列\CW完美战力\3专长技能"
"3 完美系列\CW完美战力\3专长技能\技能.htm","技能.htm",".htm","56811","3 完美系列\CW完美战力\3专长技能"
"3 完美系列\CW完美战力\3专长技能\武器专长_.htm","武器专长_.htm",".htm","19002","3 完美系列\CW完美战力\3专长技能"
"3 完美系列\CW完美战力\3专长技能\神力专长.htm","神力专长.htm",".htm","48564","3 完美系列\CW完美战力\3专长技能"
"3 完美系列\CW完美战力\4法术领域\守护者魔宠.htm","守护者魔宠.htm",".htm","29579","3 完美系列\CW完美战力\4法术领域"
"3 完美系列\CW完美战力\4法术领域\新领域.htm","新领域.htm",".htm","59246","3 完美系列\CW完美战力\4法术领域"
"3 完美系列\CW完美战力\4法术领域\法术详述.htm","法术详述.htm",".htm","66157","3 完美系列\CW完美战力\4法术领域"
"3 完美系列\CW完美战力\4法术领域\魔剑客法术.htm","魔剑客法术.htm",".htm","10872","3 完美系列\CW完美战力\4法术领域"
"3 完美系列\CW完美战力\5奇幻战争\勇士与武器.htm","勇士与武器.htm",".htm","95086","3 完美系列\CW完美战力\5奇幻战争"
"3 完美系列\CW完美战力\5奇幻战争\奇幻战争.htm","奇幻战争.htm",".htm","22892","3 完美系列\CW完美战力\5奇幻战争"
"3 完美系列\CW完美战力\5奇幻战争\神祗与战士.htm","神祗与战士.htm",".htm","85519","3 完美系列\CW完美战力\5奇幻战争"
"3 完美系列\CW完美战力\5奇幻战争\竞技比赛.htm","竞技比赛.htm",".htm","13725","3 完美系列\CW完美战力\5奇幻战争"
"3 完美系列\CW完美战力\6装备\材料.htm","材料.htm",".htm","24556","3 完美系列\CW完美战力\6装备"
"3 完美系列\CW完美战力\6装备\装备.htm","装备.htm",".htm","20852","3 完美系列\CW完美战力\6装备"
"3 完美系列\CW完美战力\6装备\附魔.htm","附魔.htm",".htm","18123","3 完美系列\CW完美战力\6装备"
"3 完美系列\CW完美战力\7扮演\战士组织.htm","战士组织.htm",".htm","143998","3 完美系列\CW完美战力\7扮演"
"3 完美系列\CW完美战力\7扮演\战役中的战士.htm","战役中的战士.htm",".htm","66781","3 完美系列\CW完美战力\7扮演"
"3 完美系列\CW完美战力\插图\完美战力.jpg","完美战力.jpg",".jpg","87908","3 完美系列\CW完美战力\插图"
"4 阵营和位面\BoED崇善之书\崇善之书（BoED）.htm","崇善之书（BoED）.htm",".htm","1707","4 阵营和位面\BoED崇善之书"
"4 阵营和位面\BoED崇善之书\1善良的本性\善良行为.htm","善良行为.htm",".htm","51277","4 阵营和位面\BoED崇善之书\1善良的本性"
"4 阵营和位面\BoED崇善之书\1善良的本性\守序、混乱与善良.htm","守序、混乱与善良.htm",".htm","15591","4 阵营和位面\BoED崇善之书\1善良的本性"
"4 阵营和位面\BoED崇善之书\1善良的本性\崇善冒险.htm","崇善冒险.htm",".htm","23090","4 阵营和位面\BoED崇善之书\1善良的本性"
"4 阵营和位面\BoED崇善之书\1善良的本性\崇善角色.htm","崇善角色.htm",".htm","72924","4 阵营和位面\BoED崇善之书\1善良的本性"
"4 阵营和位面\BoED崇善之书\1善良的本性\愚直之道.htm","愚直之道.htm",".htm","72812","4 阵营和位面\BoED崇善之书\1善良的本性"
"4 阵营和位面\BoED崇善之书\1善良的本性\扮演英雄.htm","扮演英雄.htm",".htm","57506","4 阵营和位面\BoED崇善之书\1善良的本性"
"4 阵营和位面\BoED崇善之书\1善良的本性\罪行与赎罪.htm","罪行与赎罪.htm",".htm","14260","4 阵营和位面\BoED崇善之书\1善良的本性"
"4 阵营和位面\BoED崇善之书\1善良的本性\善良行为.files\善良行为3763.jpg","善良行为3763.jpg",".jpg","89506","4 阵营和位面\BoED崇善之书\1善良的本性\善良行为.files"
"4 阵营和位面\BoED崇善之书\1善良的本性\扮演英雄.files\image001.jpg","image001.jpg",".jpg","25890","4 阵营和位面\BoED崇善之书\1善良的本性\扮演英雄.files"
"4 阵营和位面\BoED崇善之书\1善良的本性\扮演英雄.files\image002.jpg","image002.jpg",".jpg","31605","4 阵营和位面\BoED崇善之书\1善良的本性\扮演英雄.files"
"4 阵营和位面\BoED崇善之书\1善良的本性\扮演英雄.files\image003.jpg","image003.jpg",".jpg","26847","4 阵营和位面\BoED崇善之书\1善良的本性\扮演英雄.files"
"4 阵营和位面\BoED崇善之书\2变体规则\创生圣言.htm","创生圣言.htm",".htm","54823","4 阵营和位面\BoED崇善之书\2变体规则"
"4 阵营和位面\BoED崇善之书\2变体规则\圣徒.htm","圣徒.htm",".htm","2866","4 阵营和位面\BoED崇善之书\2变体规则"
"4 阵营和位面\BoED崇善之书\2变体规则\崇善部属.htm","崇善部属.htm",".htm","129330","4 阵营和位面\BoED崇善之书\2变体规则"
"4 阵营和位面\BoED崇善之书\2变体规则\崇高牺牲与殉难.htm","崇高牺牲与殉难.htm",".htm","46317","4 阵营和位面\BoED崇善之书\2变体规则"
"4 阵营和位面\BoED崇善之书\2变体规则\神入.htm","神入.htm",".htm","44038","4 阵营和位面\BoED崇善之书\2变体规则"
"4 阵营和位面\BoED崇善之书\3崇善装备\可选法术材料成分.htm","可选法术材料成分.htm",".htm","74471","4 阵营和位面\BoED崇善之书\3崇善装备"
"4 阵营和位面\BoED崇善之书\3崇善装备\圣洁武器.htm","圣洁武器.htm",".htm","14401","4 阵营和位面\BoED崇善之书\3崇善装备"
"4 阵营和位面\BoED崇善之书\3崇善装备\圣物.htm","圣物.htm",".htm","52594","4 阵营和位面\BoED崇善之书\3崇善装备"
"4 阵营和位面\BoED崇善之书\3崇善装备\坏灭与苦痛.htm","坏灭与苦痛.htm",".htm","60904","4 阵营和位面\BoED崇善之书\3崇善装备"
"4 阵营和位面\BoED崇善之书\3崇善装备\特殊材料与物质.htm","特殊材料与物质.htm",".htm","46783","4 阵营和位面\BoED崇善之书\3崇善装备"
"4 阵营和位面\BoED崇善之书\3崇善装备\非致命武器.htm","非致命武器.htm",".htm","64500","4 阵营和位面\BoED崇善之书\3崇善装备"
"4 阵营和位面\BoED崇善之书\4专长\崇善专长（Exalted Feats）.htm","崇善专长（Exalted Feats）.htm",".htm","365710","4 阵营和位面\BoED崇善之书\4专长"
"4 阵营和位面\BoED崇善之书\5进阶职业\俄拉萨沃之预言者.htm","俄拉萨沃之预言者.htm",".htm","71387","4 阵营和位面\BoED崇善之书\5进阶职业"
"4 阵营和位面\BoED崇善之书\5进阶职业\卡拉什之行者_.htm","卡拉什之行者_.htm",".htm","63640","4 阵营和位面\BoED崇善之书\5进阶职业"
"4 阵营和位面\BoED崇善之书\5进阶职业\和平使徒.htm","和平使徒.htm",".htm","152841","4 阵营和位面\BoED崇善之书\5进阶职业"
"4 阵营和位面\BoED崇善之书\5进阶职业\圣油骑士.htm","圣油骑士.htm",".htm","75842","4 阵营和位面\BoED崇善之书\5进阶职业"
"4 阵营和位面\BoED崇善之书\5进阶职业\塔里丝德之狮.htm","塔里丝德之狮.htm",".htm","68914","4 阵营和位面\BoED崇善之书\5进阶职业"
"4 阵营和位面\BoED崇善之书\5进阶职业\复活殉道者.htm","复活殉道者.htm",".htm","70889","4 阵营和位面\BoED崇善之书\5进阶职业"
"4 阵营和位面\BoED崇善之书\5进阶职业\多梅尔之杀手.htm","多梅尔之杀手.htm",".htm","91243","4 阵营和位面\BoED崇善之书\5进阶职业"
"4 阵营和位面\BoED崇善之书\5进阶职业\天界秘奥师.htm","天界秘奥师.htm",".htm","67570","4 阵营和位面\BoED崇善之书\5进阶职业"
"4 阵营和位面\BoED崇善之书\5进阶职业\天空之主.htm","天空之主.htm",".htm","97034","4 阵营和位面\BoED崇善之书\5进阶职业"
"4 阵营和位面\BoED崇善之书\5进阶职业\天鹅之女.htm","天鹅之女.htm",".htm","76898","4 阵营和位面\BoED崇善之书\5进阶职业"
"4 阵营和位面\BoED崇善之书\5进阶职业\奇迹创造者.htm","奇迹创造者.htm",".htm","36156","4 阵营和位面\BoED崇善之书\5进阶职业"
"4 阵营和位面\BoED崇善之书\5进阶职业\崇善奥法者.htm","崇善奥法者.htm",".htm","49583","4 阵营和位面\BoED崇善之书\5进阶职业"
"4 阵营和位面\BoED崇善之书\5进阶职业\巴哈姆特之封臣.htm","巴哈姆特之封臣.htm",".htm","95709","4 阵营和位面\BoED崇善之书\5进阶职业"
"4 阵营和位面\BoED崇善之书\5进阶职业\巴哈瑞之守卫者_.htm","巴哈瑞之守卫者_.htm",".htm","70948","4 阵营和位面\BoED崇善之书\5进阶职业"
"4 阵营和位面\BoED崇善之书\5进阶职业\巴拉切尔之密使.htm","巴拉切尔之密使.htm",".htm","108726","4 阵营和位面\BoED崇善之书\5进阶职业"
"4 阵营和位面\BoED崇善之书\5进阶职业\拉泽尔之拳.htm","拉泽尔之拳.htm",".htm","68556","4 阵营和位面\BoED崇善之书\5进阶职业"
"4 阵营和位面\BoED崇善之书\5进阶职业\星之歌者.htm","星之歌者.htm",".htm","78667","4 阵营和位面\BoED崇善之书\5进阶职业"
"4 阵营和位面\BoED崇善之书\5进阶职业\格永哈维夫的斗士.htm","格永哈维夫的斗士.htm",".htm","94139","4 阵营和位面\BoED崇善之书\5进阶职业"
"4 阵营和位面\BoED崇善之书\5进阶职业\正义之剑.htm","正义之剑.htm",".htm","31294","4 阵营和位面\BoED崇善之书\5进阶职业"
"4 阵营和位面\BoED崇善之书\5进阶职业\瓦拉伦的爱人.htm","瓦拉伦的爱人.htm",".htm","108420","4 阵营和位面\BoED崇善之书\5进阶职业"
"4 阵营和位面\BoED崇善之书\5进阶职业\皮斯提丝_·_索菲亚之初信者.htm","皮斯提丝_·_索菲亚之初信者.htm",".htm","61578","4 阵营和位面\BoED崇善之书\5进阶职业"
"4 阵营和位面\BoED崇善之书\5进阶职业\西特尔之保卫者.htm","西特尔之保卫者.htm",".htm","60865","4 阵营和位面\BoED崇善之书\5进阶职业"
"4 阵营和位面\BoED崇善之书\6魔法\净化邪恶魔法物品.htm","净化邪恶魔法物品.htm",".htm","70911","4 阵营和位面\BoED崇善之书\6魔法"
"4 阵营和位面\BoED崇善之书\6魔法\圣洁魔法.htm","圣洁魔法.htm",".htm","46618","4 阵营和位面\BoED崇善之书\6魔法"
"4 阵营和位面\BoED崇善之书\6魔法\法术列表.htm","法术列表.htm",".htm","29719","4 阵营和位面\BoED崇善之书\6魔法"
"4 阵营和位面\BoED崇善之书\6魔法\法术详述.htm","法术详述.htm",".htm","177589","4 阵营和位面\BoED崇善之书\6魔法"
"4 阵营和位面\BoED崇善之书\6魔法\魔法物品.htm","魔法物品.htm",".htm","104301","4 阵营和位面\BoED崇善之书\6魔法"
"4 阵营和位面\BoED崇善之书\7天界典范\天界七烈会.htm","天界七烈会.htm",".htm","825081","4 阵营和位面\BoED崇善之书\7天界典范"
"4 阵营和位面\BoED崇善之书\7天界典范\星之王庭.htm","星之王庭.htm",".htm","103397","4 阵营和位面\BoED崇善之书\7天界典范"
"4 阵营和位面\BoED崇善之书\7天界典范\盖丁六爵：塔利希德与五侍从.htm","盖丁六爵：塔利希德与五侍从.htm",".htm","107042","4 阵营和位面\BoED崇善之书\7天界典范"
"4 阵营和位面\BoED崇善之书\7天界典范\天界七烈会.files\天界七烈会12366.jpg","天界七烈会12366.jpg",".jpg","47159","4 阵营和位面\BoED崇善之书\7天界典范\天界七烈会.files"
"4 阵营和位面\BoED崇善之书\7天界典范\天界七烈会.files\天界七烈会15051.jpg","天界七烈会15051.jpg",".jpg","60328","4 阵营和位面\BoED崇善之书\7天界典范\天界七烈会.files"
"4 阵营和位面\BoED崇善之书\7天界典范\天界七烈会.files\天界七烈会1553.jpg","天界七烈会1553.jpg",".jpg","51130","4 阵营和位面\BoED崇善之书\7天界典范\天界七烈会.files"
"4 阵营和位面\BoED崇善之书\7天界典范\天界七烈会.files\天界七烈会16233.jpg","天界七烈会16233.jpg",".jpg","114677","4 阵营和位面\BoED崇善之书\7天界典范\天界七烈会.files"
"4 阵营和位面\BoED崇善之书\7天界典范\天界七烈会.files\天界七烈会19049.jpg","天界七烈会19049.jpg",".jpg","52069","4 阵营和位面\BoED崇善之书\7天界典范\天界七烈会.files"
"4 阵营和位面\BoED崇善之书\7天界典范\天界七烈会.files\天界七烈会20892.jpg","天界七烈会20892.jpg",".jpg","47970","4 阵营和位面\BoED崇善之书\7天界典范\天界七烈会.files"
"4 阵营和位面\BoED崇善之书\7天界典范\天界七烈会.files\天界七烈会24989.jpg","天界七烈会24989.jpg",".jpg","50277","4 阵营和位面\BoED崇善之书\7天界典范\天界七烈会.files"
"4 阵营和位面\BoED崇善之书\7天界典范\天界七烈会.files\天界七烈会5600.jpg","天界七烈会5600.jpg",".jpg","50508","4 阵营和位面\BoED崇善之书\7天界典范\天界七烈会.files"
"4 阵营和位面\BoED崇善之书\7天界典范\天界七烈会.files\天界七烈会8783.jpg","天界七烈会8783.jpg",".jpg","69711","4 阵营和位面\BoED崇善之书\7天界典范\天界七烈会.files"
"4 阵营和位面\BoED崇善之书\7天界典范\星之王庭.files\Gwynharwyf.jpg","Gwynharwyf.jpg",".jpg","134645","4 阵营和位面\BoED崇善之书\7天界典范\星之王庭.files"
"4 阵营和位面\BoED崇善之书\7天界典范\星之王庭.files\mo.jpg","mo.jpg",".jpg","109896","4 阵营和位面\BoED崇善之书\7天界典范\星之王庭.files"
"4 阵营和位面\BoED崇善之书\7天界典范\盖丁六爵：塔利希德与五侍从.files\盖丁六爵：塔利希德与五侍从11827_副本.jpg","盖丁六爵：塔利希德与五侍从11827_副本.jpg",".jpg","50898","4 阵营和位面\BoED崇善之书\7天界典范\盖丁六爵：塔利希德与五侍从.files"
"4 阵营和位面\BoED崇善之书\7天界典范\盖丁六爵：塔利希德与五侍从.files\盖丁六爵：塔利希德与五侍从14930_副本.jpg","盖丁六爵：塔利希德与五侍从14930_副本.jpg",".jpg","39838","4 阵营和位面\BoED崇善之书\7天界典范\盖丁六爵：塔利希德与五侍从.files"
"4 阵营和位面\BoED崇善之书\7天界典范\盖丁六爵：塔利希德与五侍从.files\盖丁六爵：塔利希德与五侍从17542_副本.jpg","盖丁六爵：塔利希德与五侍从17542_副本.jpg",".jpg","45180","4 阵营和位面\BoED崇善之书\7天界典范\盖丁六爵：塔利希德与五侍从.files"
"4 阵营和位面\BoED崇善之书\7天界典范\盖丁六爵：塔利希德与五侍从.files\盖丁六爵：塔利希德与五侍从6052_副本.jpg","盖丁六爵：塔利希德与五侍从6052_副本.jpg",".jpg","35208","4 阵营和位面\BoED崇善之书\7天界典范\盖丁六爵：塔利希德与五侍从.files"
"4 阵营和位面\BoED崇善之书\7天界典范\盖丁六爵：塔利希德与五侍从.files\盖丁六爵：塔利希德与五侍从7929_副本.jpg","盖丁六爵：塔利希德与五侍从7929_副本.jpg",".jpg","42208","4 阵营和位面\BoED崇善之书\7天界典范\盖丁六爵：塔利希德与五侍从.files"
"4 阵营和位面\BoED崇善之书\7天界典范\盖丁六爵：塔利希德与五侍从.files\盖丁六爵：塔利希德与五侍从9236_副本.jpg","盖丁六爵：塔利希德与五侍从9236_副本.jpg",".jpg","32951","4 阵营和位面\BoED崇善之书\7天界典范\盖丁六爵：塔利希德与五侍从.files"
"4 阵营和位面\BoED崇善之书\7天界典范\盖丁六爵：塔利希德与五侍从.files\盖丁六爵：塔利希德与五侍从948.jpg","盖丁六爵：塔利希德与五侍从948.jpg",".jpg","39101","4 阵营和位面\BoED崇善之书\7天界典范\盖丁六爵：塔利希德与五侍从.files"
"4 阵营和位面\BoED崇善之书\8怪物\亚空天族.htm","亚空天族.htm",".htm","144950","4 阵营和位面\BoED崇善之书\8怪物"
"4 阵营和位面\BoED崇善之书\8怪物\半人羊.htm","半人羊.htm",".htm","67888","4 阵营和位面\BoED崇善之书\8怪物"
"4 阵营和位面\BoED崇善之书\8怪物\图拉尼天使.htm","图拉尼天使.htm",".htm","6405","4 阵营和位面\BoED崇善之书\8怪物"
"4 阵营和位面\BoED崇善之书\8怪物\墓穴守护者.htm","墓穴守护者.htm",".htm","35103","4 阵营和位面\BoED崇善之书\8怪物"
"4 阵营和位面\BoED崇善之书\8怪物\彩光天使.htm","彩光天使.htm",".htm","4455","4 阵营和位面\BoED崇善之书\8怪物"
"4 阵营和位面\BoED崇善之书\8怪物\无命者.htm","无命者.htm",".htm","92095","4 阵营和位面\BoED崇善之书\8怪物"
"4 阵营和位面\BoED崇善之书\8怪物\月犬.htm","月犬.htm",".htm","36341","4 阵营和位面\BoED崇善之书\8怪物"
"4 阵营和位面\BoED崇善之书\8怪物\爱剌天族.htm","爱剌天族.htm",".htm","2236","4 阵营和位面\BoED崇善之书\8怪物"
"4 阵营和位面\BoED崇善之书\8怪物\盖丁天族.htm","盖丁天族.htm",".htm","83935","4 阵营和位面\BoED崇善之书\8怪物"
"4 阵营和位面\BoED崇善之书\8怪物\神怒集群.htm","神怒集群.htm",".htm","107592","4 阵营和位面\BoED崇善之书\8怪物"
"4 阵营和位面\BoED崇善之书\8怪物\红焰天使.htm","红焰天使.htm",".htm","5567","4 阵营和位面\BoED崇善之书\8怪物"
"4 阵营和位面\BoED崇善之书\8怪物\角犀卫.htm","角犀卫.htm",".htm","60840","4 阵营和位面\BoED崇善之书\8怪物"
"4 阵营和位面\BoED崇善之书\8怪物\超星体.htm","超星体.htm",".htm","47109","4 阵营和位面\BoED崇善之书\8怪物"
"4 阵营和位面\BoED崇善之书\8怪物\辉云天使.htm","辉云天使.htm",".htm","5670","4 阵营和位面\BoED崇善之书\8怪物"
"4 阵营和位面\BoED崇善之书\8怪物\阿修罗.htm","阿修罗.htm",".htm","31454","4 阵营和位面\BoED崇善之书\8怪物"
"4 阵营和位面\BoED崇善之书\8怪物\雷斯凯特.htm","雷斯凯特.htm",".htm","47591","4 阵营和位面\BoED崇善之书\8怪物"
"4 阵营和位面\BoED崇善之书\8怪物\霍莱象人.htm","霍莱象人.htm",".htm","66575","4 阵营和位面\BoED崇善之书\8怪物"
"4 阵营和位面\BoED崇善之书\8怪物\亚空天族.files\image002.jpg","image002.jpg",".jpg","21293","4 阵营和位面\BoED崇善之书\8怪物\亚空天族.files"
"4 阵营和位面\BoED崇善之书\8怪物\亚空天族.files\image004.jpg","image004.jpg",".jpg","43750","4 阵营和位面\BoED崇善之书\8怪物\亚空天族.files"
"4 阵营和位面\BoED崇善之书\8怪物\亚空天族.files\image006.jpg","image006.jpg",".jpg","26788","4 阵营和位面\BoED崇善之书\8怪物\亚空天族.files"
"4 阵营和位面\BoED崇善之书\8怪物\亚空天族.files\image008.jpg","image008.jpg",".jpg","32042","4 阵营和位面\BoED崇善之书\8怪物\亚空天族.files"
"4 阵营和位面\BoED崇善之书\8怪物\半人羊.files\image003.jpg","image003.jpg",".jpg","24114","4 阵营和位面\BoED崇善之书\8怪物\半人羊.files"
"4 阵营和位面\BoED崇善之书\8怪物\墓穴守护者.files\image003.jpg","image003.jpg",".jpg","30825","4 阵营和位面\BoED崇善之书\8怪物\墓穴守护者.files"
"4 阵营和位面\BoED崇善之书\8怪物\月犬.files\image002.jpg","image002.jpg",".jpg","34499","4 阵营和位面\BoED崇善之书\8怪物\月犬.files"
"4 阵营和位面\BoED崇善之书\8怪物\模板\圣化生物.htm","圣化生物.htm",".htm","16595","4 阵营和位面\BoED崇善之书\8怪物\模板"
"4 阵营和位面\BoED崇善之书\8怪物\模板\圣者.htm","圣者.htm",".htm","4243","4 阵营和位面\BoED崇善之书\8怪物\模板"
"4 阵营和位面\BoED崇善之书\8怪物\模板\神圣守望者（Sacred Watcher）.htm","神圣守望者（Sacred Watcher）.htm",".htm","47121","4 阵营和位面\BoED崇善之书\8怪物\模板"
"4 阵营和位面\BoED崇善之书\8怪物\模板\神罚化身.htm","神罚化身.htm",".htm","21885","4 阵营和位面\BoED崇善之书\8怪物\模板"
"4 阵营和位面\BoED崇善之书\8怪物\模板\神圣守望者（Sacred Watcher）.files\image001.jpg","image001.jpg",".jpg","27641","4 阵营和位面\BoED崇善之书\8怪物\模板\神圣守望者（Sacred Watcher）.files"
"4 阵营和位面\BoED崇善之书\8怪物\爱剌天族.files\image002.jpg","image002.jpg",".jpg","21602","4 阵营和位面\BoED崇善之书\8怪物\爱剌天族.files"
"4 阵营和位面\BoED崇善之书\8怪物\爱剌天族.files\image003.jpg","image003.jpg",".jpg","38719","4 阵营和位面\BoED崇善之书\8怪物\爱剌天族.files"
"4 阵营和位面\BoED崇善之书\8怪物\爱剌天族.files\image004.jpg","image004.jpg",".jpg","54512","4 阵营和位面\BoED崇善之书\8怪物\爱剌天族.files"
"4 阵营和位面\BoED崇善之书\8怪物\盖丁天族.files\image001.jpg","image001.jpg",".jpg","40998","4 阵营和位面\BoED崇善之书\8怪物\盖丁天族.files"
"4 阵营和位面\BoED崇善之书\8怪物\盖丁天族.files\image002.jpg","image002.jpg",".jpg","54321","4 阵营和位面\BoED崇善之书\8怪物\盖丁天族.files"
"4 阵营和位面\BoED崇善之书\8怪物\盖丁天族.files\image003.jpg","image003.jpg",".jpg","51770","4 阵营和位面\BoED崇善之书\8怪物\盖丁天族.files"
"4 阵营和位面\BoED崇善之书\8怪物\角犀卫.files\image002.gif","image002.gif",".gif","37996","4 阵营和位面\BoED崇善之书\8怪物\角犀卫.files"
"4 阵营和位面\BoED崇善之书\8怪物\超星体.files\超星体109.jpg","超星体109.jpg",".jpg","17048","4 阵营和位面\BoED崇善之书\8怪物\超星体.files"
"4 阵营和位面\BoED崇善之书\8怪物\阿修罗.files\image001.jpg","image001.jpg",".jpg","54634","4 阵营和位面\BoED崇善之书\8怪物\阿修罗.files"
"4 阵营和位面\BoED崇善之书\8怪物\雷斯凯特.files\image001.jpg","image001.jpg",".jpg","49172","4 阵营和位面\BoED崇善之书\8怪物\雷斯凯特.files"
"4 阵营和位面\BoED崇善之书\8怪物\霍莱象人.files\image003.gif","image003.gif",".gif","56482","4 阵营和位面\BoED崇善之书\8怪物\霍莱象人.files"
"4 阵营和位面\BoED崇善之书\崇善之书（BoED）.files\image001.jpg","image001.jpg",".jpg","257625","4 阵营和位面\BoED崇善之书\崇善之书（BoED）.files"
"4 阵营和位面\FC1深渊堕群\深渊堕群.htm","深渊堕群.htm",".htm","6215","4 阵营和位面\FC1深渊堕群"
"4 阵营和位面\FC1深渊堕群\恶魔学识\恶魔学识.htm","恶魔学识.htm",".htm","51890","4 阵营和位面\FC1深渊堕群\恶魔学识"
"4 阵营和位面\FC1深渊堕群\恶魔学识\恶魔生理学.htm","恶魔生理学.htm",".htm","44478","4 阵营和位面\FC1深渊堕群\恶魔学识"
"4 阵营和位面\FC1深渊堕群\恶魔学识\恶魔的起源.htm","恶魔的起源.htm",".htm","13991","4 阵营和位面\FC1深渊堕群\恶魔学识"
"4 阵营和位面\FC1深渊堕群\恶魔学识\恶魔的领地.htm","恶魔的领地.htm",".htm","147321","4 阵营和位面\FC1深渊堕群\恶魔学识"
"4 阵营和位面\FC1深渊堕群\恶魔学识\深渊的历史.htm","深渊的历史.htm",".htm","10721","4 阵营和位面\FC1深渊堕群\恶魔学识"
"4 阵营和位面\FC1深渊堕群\恶魔学识\深渊的居民.htm","深渊的居民.htm",".htm","25919","4 阵营和位面\FC1深渊堕群\恶魔学识"
"4 阵营和位面\FC1深渊堕群\恶魔学识\物质界恶魔.htm","物质界恶魔.htm",".htm","212426","4 阵营和位面\FC1深渊堕群\恶魔学识"
"4 阵营和位面\FC1深渊堕群\恶魔学识\恶魔生理学.files\恶魔生理学1946.jpg","恶魔生理学1946.jpg",".jpg","96742","4 阵营和位面\FC1深渊堕群\恶魔学识\恶魔生理学.files"
"4 阵营和位面\FC1深渊堕群\恶魔学识\恶魔的起源.files\恶魔的起源666.jpg","恶魔的起源666.jpg",".jpg","35504","4 阵营和位面\FC1深渊堕群\恶魔学识\恶魔的起源.files"
"4 阵营和位面\FC1深渊堕群\恶魔学识\物质界恶魔.files\image001.jpg","image001.jpg",".jpg","43134","4 阵营和位面\FC1深渊堕群\恶魔学识\物质界恶魔.files"
"4 阵营和位面\FC1深渊堕群\恶魔学识\物质界恶魔.files\image002.jpg","image002.jpg",".jpg","75559","4 阵营和位面\FC1深渊堕群\恶魔学识\物质界恶魔.files"
"4 阵营和位面\FC1深渊堕群\恶魔学识\物质界恶魔.files\image003.jpg","image003.jpg",".jpg","149146","4 阵营和位面\FC1深渊堕群\恶魔学识\物质界恶魔.files"
"4 阵营和位面\FC1深渊堕群\恶魔种群\剑魂魔1.htm","剑魂魔1.htm",".htm","83495","4 阵营和位面\FC1深渊堕群\恶魔种群"
"4 阵营和位面\FC1深渊堕群\恶魔种群\原魔.htm","原魔.htm",".htm","84275","4 阵营和位面\FC1深渊堕群\恶魔种群"
"4 阵营和位面\FC1深渊堕群\恶魔种群\巨牛魔.htm","巨牛魔.htm",".htm","108389","4 阵营和位面\FC1深渊堕群\恶魔种群"
"4 阵营和位面\FC1深渊堕群\恶魔种群\巨颅魔.htm","巨颅魔.htm",".htm","149291","4 阵营和位面\FC1深渊堕群\恶魔种群"
"4 阵营和位面\FC1深渊堕群\恶魔种群\布雷祖魔.htm","布雷祖魔.htm",".htm","122451","4 阵营和位面\FC1深渊堕群\恶魔种群"
"4 阵营和位面\FC1深渊堕群\恶魔种群\恶灵魔.htm","恶灵魔.htm",".htm","105649","4 阵营和位面\FC1深渊堕群\恶魔种群"
"4 阵营和位面\FC1深渊堕群\恶魔种群\恶魔目录.htm","恶魔目录.htm",".htm","149575","4 阵营和位面\FC1深渊堕群\恶魔种群"
"4 阵营和位面\FC1深渊堕群\恶魔种群\恶魔种类.htm","恶魔种类.htm",".htm","13818","4 阵营和位面\FC1深渊堕群\恶魔种群"
"4 阵营和位面\FC1深渊堕群\恶魔种群\掠魂魔.htm","掠魂魔.htm",".htm","148639","4 阵营和位面\FC1深渊堕群\恶魔种群"
"4 阵营和位面\FC1深渊堕群\恶魔种群\摄魔.htm","摄魔.htm",".htm","124035","4 阵营和位面\FC1深渊堕群\恶魔种群"
"4 阵营和位面\FC1深渊堕群\恶魔种群\植卵魔.htm","植卵魔.htm",".htm","94861","4 阵营和位面\FC1深渊堕群\恶魔种群"
"4 阵营和位面\FC1深渊堕群\恶魔种群\狼蛇魔.htm","狼蛇魔.htm",".htm","96352","4 阵营和位面\FC1深渊堕群\恶魔种群"
"4 阵营和位面\FC1深渊堕群\恶魔种群\猿魔.htm","猿魔.htm",".htm","110117","4 阵营和位面\FC1深渊堕群\恶魔种群"
"4 阵营和位面\FC1深渊堕群\恶魔种群\畸魔.htm","畸魔.htm",".htm","125572","4 阵营和位面\FC1深渊堕群\恶魔种群"
"4 阵营和位面\FC1深渊堕群\恶魔种群\睡梦魔.htm","睡梦魔.htm",".htm","94978","4 阵营和位面\FC1深渊堕群\恶魔种群"
"4 阵营和位面\FC1深渊堕群\恶魔种群\蜡融妖.htm","蜡融妖.htm",".htm","130748","4 阵营和位面\FC1深渊堕群\恶魔种群"
"4 阵营和位面\FC1深渊堕群\恶魔种群\裂隙魔.htm","裂隙魔.htm",".htm","119640","4 阵营和位面\FC1深渊堕群\恶魔种群"
"4 阵营和位面\FC1深渊堕群\恶魔种群\铁骑魔.htm","铁骑魔.htm",".htm","94913","4 阵营和位面\FC1深渊堕群\恶魔种群"
"4 阵营和位面\FC1深渊堕群\恶魔种群\雏魔集群.htm","雏魔集群.htm",".htm","88752","4 阵营和位面\FC1深渊堕群\恶魔种群"
"4 阵营和位面\FC1深渊堕群\恶魔种群\剑魂魔1.files\image001.jpg","image001.jpg",".jpg","33774","4 阵营和位面\FC1深渊堕群\恶魔种群\剑魂魔1.files"
"4 阵营和位面\FC1深渊堕群\恶魔种群\原魔.files\image002.jpg","image002.jpg",".jpg","25830","4 阵营和位面\FC1深渊堕群\恶魔种群\原魔.files"
"4 阵营和位面\FC1深渊堕群\恶魔种群\巨牛魔.files\image001.jpg","image001.jpg",".jpg","59424","4 阵营和位面\FC1深渊堕群\恶魔种群\巨牛魔.files"
"4 阵营和位面\FC1深渊堕群\恶魔种群\巨颅魔.files\image001.jpg","image001.jpg",".jpg","114437","4 阵营和位面\FC1深渊堕群\恶魔种群\巨颅魔.files"
"4 阵营和位面\FC1深渊堕群\恶魔种群\布雷祖魔.files\image001.jpg","image001.jpg",".jpg","75645","4 阵营和位面\FC1深渊堕群\恶魔种群\布雷祖魔.files"
"4 阵营和位面\FC1深渊堕群\恶魔种群\恶灵魔.files\image001.jpg","image001.jpg",".jpg","90730","4 阵营和位面\FC1深渊堕群\恶魔种群\恶灵魔.files"
"4 阵营和位面\FC1深渊堕群\恶魔种群\掠魂魔.files\image001.jpg","image001.jpg",".jpg","93194","4 阵营和位面\FC1深渊堕群\恶魔种群\掠魂魔.files"
"4 阵营和位面\FC1深渊堕群\恶魔种群\摄魔.files\image001.jpg","image001.jpg",".jpg","109541","4 阵营和位面\FC1深渊堕群\恶魔种群\摄魔.files"
"4 阵营和位面\FC1深渊堕群\恶魔种群\植卵魔.files\image001.jpg","image001.jpg",".jpg","46459","4 阵营和位面\FC1深渊堕群\恶魔种群\植卵魔.files"
"4 阵营和位面\FC1深渊堕群\恶魔种群\狼蛇魔.files\image001.jpg","image001.jpg",".jpg","105881","4 阵营和位面\FC1深渊堕群\恶魔种群\狼蛇魔.files"
"4 阵营和位面\FC1深渊堕群\恶魔种群\猿魔.files\image001.jpg","image001.jpg",".jpg","89104","4 阵营和位面\FC1深渊堕群\恶魔种群\猿魔.files"
"4 阵营和位面\FC1深渊堕群\恶魔种群\畸魔.files\image001.jpg","image001.jpg",".jpg","77272","4 阵营和位面\FC1深渊堕群\恶魔种群\畸魔.files"
"4 阵营和位面\FC1深渊堕群\恶魔种群\睡梦魔.files\image001.jpg","image001.jpg",".jpg","79484","4 阵营和位面\FC1深渊堕群\恶魔种群\睡梦魔.files"
"4 阵营和位面\FC1深渊堕群\恶魔种群\蜡融妖.files\image001.jpg","image001.jpg",".jpg","81105","4 阵营和位面\FC1深渊堕群\恶魔种群\蜡融妖.files"
"4 阵营和位面\FC1深渊堕群\恶魔种群\裂隙魔.files\image001.jpg","image001.jpg",".jpg","80558","4 阵营和位面\FC1深渊堕群\恶魔种群\裂隙魔.files"
"4 阵营和位面\FC1深渊堕群\恶魔种群\铁骑魔.files\image001.jpg","image001.jpg",".jpg","52635","4 阵营和位面\FC1深渊堕群\恶魔种群\铁骑魔.files"
"4 阵营和位面\FC1深渊堕群\恶魔种群\雏魔集群.files\image001.jpg","image001.jpg",".jpg","84436","4 阵营和位面\FC1深渊堕群\恶魔种群\雏魔集群.files"
"4 阵营和位面\FC1深渊堕群\恶魔领主\不死大君奥库斯·113层.htm","不死大君奥库斯·113层.htm",".htm","93379","4 阵营和位面\FC1深渊堕群\恶魔领主"
"4 阵营和位面\FC1深渊堕群\恶魔领主\乌黯主君格拉兹特·45、45、47层.htm","乌黯主君格拉兹特·45、45、47层.htm",".htm","87272","4 阵营和位面\FC1深渊堕群\恶魔领主"
"4 阵营和位面\FC1深渊堕群\恶魔领主\恶魔之母苍夜.htm","恶魔之母苍夜.htm",".htm","86318","4 阵营和位面\FC1深渊堕群\恶魔领主"
"4 阵营和位面\FC1深渊堕群\恶魔领主\恶魔王子狄摩高根·88层.htm","恶魔王子狄摩高根·88层.htm",".htm","90243","4 阵营和位面\FC1深渊堕群\恶魔领主"
"4 阵营和位面\FC1深渊堕群\恶魔领主\恶魔领主.htm","恶魔领主.htm",".htm","13600","4 阵营和位面\FC1深渊堕群\恶魔领主"
"4 阵营和位面\FC1深渊堕群\恶魔领主\无面之王朱庇莱克斯.htm","无面之王朱庇莱克斯.htm",".htm","89512","4 阵营和位面\FC1深渊堕群\恶魔领主"
"4 阵营和位面\FC1深渊堕群\恶魔领主\深海之王大衮.htm","深海之王大衮.htm",".htm","122923","4 阵营和位面\FC1深渊堕群\恶魔领主"
"4 阵营和位面\FC1深渊堕群\恶魔领主\牛头人之王巴菲门特.htm","牛头人之王巴菲门特.htm",".htm","90913","4 阵营和位面\FC1深渊堕群\恶魔领主"
"4 阵营和位面\FC1深渊堕群\恶魔领主\真菌夫人祖格莫伊.htm","真菌夫人祖格莫伊.htm",".htm","90020","4 阵营和位面\FC1深渊堕群\恶魔领主"
"4 阵营和位面\FC1深渊堕群\恶魔领主\虫族王子奥克斯奥博.htm","虫族王子奥克斯奥博.htm",".htm","89837","4 阵营和位面\FC1深渊堕群\恶魔领主"
"4 阵营和位面\FC1深渊堕群\恶魔领主\诡骗主君弗拉兹厄鲁.htm","诡骗主君弗拉兹厄鲁.htm",".htm","100835","4 阵营和位面\FC1深渊堕群\恶魔领主"
"4 阵营和位面\FC1深渊堕群\恶魔领主\豺狼人之神耶诺古.htm","豺狼人之神耶诺古.htm",".htm","81969","4 阵营和位面\FC1深渊堕群\恶魔领主"
"4 阵营和位面\FC1深渊堕群\恶魔领主\霜巨人之王科斯彻奇.htm","霜巨人之王科斯彻奇.htm",".htm","98596","4 阵营和位面\FC1深渊堕群\恶魔领主"
"4 阵营和位面\FC1深渊堕群\恶魔领主\风之魔王帕祖祖.htm","风之魔王帕祖祖.htm",".htm","89169","4 阵营和位面\FC1深渊堕群\恶魔领主"
"4 阵营和位面\FC1深渊堕群\恶魔领主\魅魔女王美坎修特.htm","魅魔女王美坎修特.htm",".htm","84576","4 阵营和位面\FC1深渊堕群\恶魔领主"
"4 阵营和位面\FC1深渊堕群\恶魔领主\不死大君奥库斯·113层.files\image001.jpg","image001.jpg",".jpg","57208","4 阵营和位面\FC1深渊堕群\恶魔领主\不死大君奥库斯·113层.files"
"4 阵营和位面\FC1深渊堕群\恶魔领主\乌黯主君格拉兹特·45、45、47层.files\image003.jpg","image003.jpg",".jpg","36570","4 阵营和位面\FC1深渊堕群\恶魔领主\乌黯主君格拉兹特·45、45、47层.files"
"4 阵营和位面\FC1深渊堕群\恶魔领主\恶魔之母苍夜.files\image001.jpg","image001.jpg",".jpg","54087","4 阵营和位面\FC1深渊堕群\恶魔领主\恶魔之母苍夜.files"
"4 阵营和位面\FC1深渊堕群\恶魔领主\恶魔王子狄摩高根·88层.files\image002.jpg","image002.jpg",".jpg","36881","4 阵营和位面\FC1深渊堕群\恶魔领主\恶魔王子狄摩高根·88层.files"
"4 阵营和位面\FC1深渊堕群\恶魔领主\无面之王朱庇莱克斯.files\image003.jpg","image003.jpg",".jpg","41562","4 阵营和位面\FC1深渊堕群\恶魔领主\无面之王朱庇莱克斯.files"
"4 阵营和位面\FC1深渊堕群\恶魔领主\深海之王大衮.files\image001.jpg","image001.jpg",".jpg","68204","4 阵营和位面\FC1深渊堕群\恶魔领主\深海之王大衮.files"
"4 阵营和位面\FC1深渊堕群\恶魔领主\牛头人之王巴菲门特.files\image001.jpg","image001.jpg",".jpg","51412","4 阵营和位面\FC1深渊堕群\恶魔领主\牛头人之王巴菲门特.files"
"4 阵营和位面\FC1深渊堕群\恶魔领主\真菌夫人祖格莫伊.files\image003.jpg","image003.jpg",".jpg","47282","4 阵营和位面\FC1深渊堕群\恶魔领主\真菌夫人祖格莫伊.files"
"4 阵营和位面\FC1深渊堕群\恶魔领主\虫族王子奥克斯奥博.files\image003.jpg","image003.jpg",".jpg","37465","4 阵营和位面\FC1深渊堕群\恶魔领主\虫族王子奥克斯奥博.files"
"4 阵营和位面\FC1深渊堕群\恶魔领主\诡骗主君弗拉兹厄鲁.files\image001.jpg","image001.jpg",".jpg","75494","4 阵营和位面\FC1深渊堕群\恶魔领主\诡骗主君弗拉兹厄鲁.files"
"4 阵营和位面\FC1深渊堕群\恶魔领主\豺狼人之神耶诺古.files\image001.jpg","image001.jpg",".jpg","47057","4 阵营和位面\FC1深渊堕群\恶魔领主\豺狼人之神耶诺古.files"
"4 阵营和位面\FC1深渊堕群\恶魔领主\霜巨人之王科斯彻奇.files\image001.jpg","image001.jpg",".jpg","131354","4 阵营和位面\FC1深渊堕群\恶魔领主\霜巨人之王科斯彻奇.files"
"4 阵营和位面\FC1深渊堕群\恶魔领主\风之魔王帕祖祖.files\image001.jpg","image001.jpg",".jpg","28049","4 阵营和位面\FC1深渊堕群\恶魔领主\风之魔王帕祖祖.files"
"4 阵营和位面\FC1深渊堕群\恶魔领主\魅魔女王美坎修特.files\image002.jpg","image002.jpg",".jpg","43511","4 阵营和位面\FC1深渊堕群\恶魔领主\魅魔女王美坎修特.files"
"4 阵营和位面\FC1深渊堕群\深渊冒险\专长.htm","专长.htm",".htm","167836","4 阵营和位面\FC1深渊堕群\深渊冒险"
"4 阵营和位面\FC1深渊堕群\深渊冒险\开头和角色身份.htm","开头和角色身份.htm",".htm","6255","4 阵营和位面\FC1深渊堕群\深渊冒险"
"4 阵营和位面\FC1深渊堕群\深渊冒险\法术.htm","法术.htm",".htm","54709","4 阵营和位面\FC1深渊堕群\深渊冒险"
"4 阵营和位面\FC1深渊堕群\深渊冒险\深渊冒险.htm","深渊冒险.htm",".htm","21769","4 阵营和位面\FC1深渊堕群\深渊冒险"
"4 阵营和位面\FC1深渊堕群\深渊冒险\神器.htm","神器.htm",".htm","90798","4 阵营和位面\FC1深渊堕群\深渊冒险"
"4 阵营和位面\FC1深渊堕群\深渊冒险\进阶-阿哈姆的黑色教团.htm","进阶-阿哈姆的黑色教团.htm",".htm","19091","4 阵营和位面\FC1深渊堕群\深渊冒险"
"4 阵营和位面\FC1深渊堕群\深渊冒险\领域.htm","领域.htm",".htm","19131","4 阵营和位面\FC1深渊堕群\深渊冒险"
"4 阵营和位面\FC1深渊堕群\深渊冒险\神器.files\神器1843.jpg","神器1843.jpg",".jpg","50627","4 阵营和位面\FC1深渊堕群\深渊冒险\神器.files"
"4 阵营和位面\FC1深渊堕群\深渊冒险\神器.files\神器3363.jpg","神器3363.jpg",".jpg","93374","4 阵营和位面\FC1深渊堕群\深渊冒险\神器.files"
"4 阵营和位面\FC1深渊堕群\深渊地理\113层_桑纳托斯.htm","113层_桑纳托斯.htm",".htm","40312","4 阵营和位面\FC1深渊堕群\深渊地理"
"4 阵营和位面\FC1深渊堕群\深渊地理\12层_十二树.htm","12层_十二树.htm",".htm","28166","4 阵营和位面\FC1深渊堕群\深渊地理"
"4 阵营和位面\FC1深渊堕群\深渊地理\176层虚伪之心.htm","176层虚伪之心.htm",".htm","18686","4 阵营和位面\FC1深渊堕群\深渊地理"
"4 阵营和位面\FC1深渊堕群\深渊地理\1层_帕祖尼亚.htm","1层_帕祖尼亚.htm",".htm","83659","4 阵营和位面\FC1深渊堕群\深渊地理"
"4 阵营和位面\FC1深渊堕群\深渊地理\222层_辛达克拉.htm","222层_辛达克拉.htm",".htm","18498","4 阵营和位面\FC1深渊堕群\深渊地理"
"4 阵营和位面\FC1深渊堕群\深渊地理\23层钢铁冰原.htm","23层钢铁冰原.htm",".htm","21290","4 阵营和位面\FC1深渊堕群\深渊地理"
"4 阵营和位面\FC1深渊堕群\深渊地理\422层_耶诺古之域.htm","422层_耶诺古之域.htm",".htm","10050","4 阵营和位面\FC1深渊堕群\深渊地理"
"4 阵营和位面\FC1深渊堕群\深渊地理\45、46、47层_阿兹格拉特.htm","45、46、47层_阿兹格拉特.htm",".htm","47937","4 阵营和位面\FC1深渊堕群\深渊地理"
"4 阵营和位面\FC1深渊堕群\深渊地理\471层_安卓林纳.htm","471层_安卓林纳.htm",".htm","25298","4 阵营和位面\FC1深渊堕群\深渊地理"
"4 阵营和位面\FC1深渊堕群\深渊地理\4层大深渊.htm","4层大深渊.htm",".htm","15363","4 阵营和位面\FC1深渊堕群\深渊地理"
"4 阵营和位面\FC1深渊堕群\深渊地理\570层_莎戴拉.htm","570层_莎戴拉.htm",".htm","22512","4 阵营和位面\FC1深渊堕群\深渊地理"
"4 阵营和位面\FC1深渊堕群\深渊地理\600层_无尽迷宫.htm","600层_无尽迷宫.htm",".htm","21769","4 阵营和位面\FC1深渊堕群\深渊地理"
"4 阵营和位面\FC1深渊堕群\深渊地理\628层_瓦拉杉.htm","628层_瓦拉杉.htm",".htm","3273","4 阵营和位面\FC1深渊堕群\深渊地理"
"4 阵营和位面\FC1深渊堕群\深渊地理\66层魔网深坑.htm","66层魔网深坑.htm",".htm","47124","4 阵营和位面\FC1深渊堕群\深渊地理"
"4 阵营和位面\FC1深渊堕群\深渊地理\73层黑暗之井.htm","73层黑暗之井.htm",".htm","98242","4 阵营和位面\FC1深渊堕群\深渊地理"
"4 阵营和位面\FC1深渊堕群\深渊地理\88层_裂张之喉.htm","88层_裂张之喉.htm",".htm","12336","4 阵营和位面\FC1深渊堕群\深渊地理"
"4 阵营和位面\FC1深渊堕群\深渊地理\层面目录.htm","层面目录.htm",".htm","95425","4 阵营和位面\FC1深渊堕群\深渊地理"
"4 阵营和位面\FC1深渊堕群\深渊地理\深渊地理.htm","深渊地理.htm",".htm","25191","4 阵营和位面\FC1深渊堕群\深渊地理"
"4 阵营和位面\FC1深渊堕群\深渊地理\深渊的危险及地形特征.htm","深渊的危险及地形特征.htm",".htm","7455","4 阵营和位面\FC1深渊堕群\深渊地理"
"4 阵营和位面\FC1深渊堕群\深渊地理\血战.htm","血战.htm",".htm","2519","4 阵营和位面\FC1深渊堕群\深渊地理"
"4 阵营和位面\FC1深渊堕群\深渊地理\12层_十二树.files\12层_十二树1581.jpg","12层_十二树1581.jpg",".jpg","218852","4 阵营和位面\FC1深渊堕群\深渊地理\12层_十二树.files"
"4 阵营和位面\FC1深渊堕群\深渊地理\176层虚伪之心.files\image001.jpg","image001.jpg",".jpg","86102","4 阵营和位面\FC1深渊堕群\深渊地理\176层虚伪之心.files"
"4 阵营和位面\FC1深渊堕群\深渊地理\222层_辛达克拉.files\image001.jpg","image001.jpg",".jpg","116870","4 阵营和位面\FC1深渊堕群\深渊地理\222层_辛达克拉.files"
"4 阵营和位面\FC1深渊堕群\深渊地理\23层钢铁冰原.files\image003.jpg","image003.jpg",".jpg","48955","4 阵营和位面\FC1深渊堕群\深渊地理\23层钢铁冰原.files"
"4 阵营和位面\FC1深渊堕群\深渊地理\45、46、47层_阿兹格拉特.files\image001.jpg","image001.jpg",".jpg","147135","4 阵营和位面\FC1深渊堕群\深渊地理\45、46、47层_阿兹格拉特.files"
"4 阵营和位面\FC1深渊堕群\深渊地理\471层_安卓林纳.files\image001.jpg","image001.jpg",".jpg","155177","4 阵营和位面\FC1深渊堕群\深渊地理\471层_安卓林纳.files"
"4 阵营和位面\FC1深渊堕群\深渊地理\4层大深渊.files\image003.jpg","image003.jpg",".jpg","42175","4 阵营和位面\FC1深渊堕群\深渊地理\4层大深渊.files"
"4 阵营和位面\FC1深渊堕群\深渊地理\570层_莎戴拉.files\image001.jpg","image001.jpg",".jpg","113561","4 阵营和位面\FC1深渊堕群\深渊地理\570层_莎戴拉.files"
"4 阵营和位面\FC1深渊堕群\深渊地理\600层_无尽迷宫.files\image0001.jpg","image0001.jpg",".jpg","172367","4 阵营和位面\FC1深渊堕群\深渊地理\600层_无尽迷宫.files"
"4 阵营和位面\FC1深渊堕群\深渊地理\600层_无尽迷宫.files\image001.jpg","image001.jpg",".jpg","68042","4 阵营和位面\FC1深渊堕群\深渊地理\600层_无尽迷宫.files"
"4 阵营和位面\FC1深渊堕群\深渊地理\66层魔网深坑.files\image003.jpg","image003.jpg",".jpg","97687","4 阵营和位面\FC1深渊堕群\深渊地理\66层魔网深坑.files"
"4 阵营和位面\FC1深渊堕群\深渊地理\73层黑暗之井.files\73层黑暗之井644.jpg","73层黑暗之井644.jpg",".jpg","187130","4 阵营和位面\FC1深渊堕群\深渊地理\73层黑暗之井.files"
"4 阵营和位面\FC1深渊堕群\深渊堕群.files\image001.jpg","image001.jpg",".jpg","206156","4 阵营和位面\FC1深渊堕群\深渊堕群.files"
"4 阵营和位面\FC2九狱君王\九狱君王.htm","九狱君王.htm",".htm","6654","4 阵营和位面\FC2九狱君王"
"4 阵营和位面\FC2九狱君王\九狱君王.files\image001.jpg","image001.jpg",".jpg","193336","4 阵营和位面\FC2九狱君王\九狱君王.files"
"4 阵营和位面\FC2九狱君王\地狱冒险\专长.htm","专长.htm",".htm","12227","4 阵营和位面\FC2九狱君王\地狱冒险"
"4 阵营和位面\FC2九狱君王\地狱冒险\材料.htm","材料.htm",".htm","6963","4 阵营和位面\FC2九狱君王\地狱冒险"
"4 阵营和位面\FC2九狱君王\地狱冒险\法术.htm","法术.htm",".htm","386624","4 阵营和位面\FC2九狱君王\地狱冒险"
"4 阵营和位面\FC2九狱君王\地狱冒险\种族.htm","种族.htm",".htm","9355","4 阵营和位面\FC2九狱君王\地狱冒险"
"4 阵营和位面\FC2九狱君王\地狱冒险\种族.files\image003.jpg","image003.jpg",".jpg","46431","4 阵营和位面\FC2九狱君王\地狱冒险\种族.files"
"4 阵营和位面\FC2九狱君王\地狱冒险\进阶\地狱神偷.htm","地狱神偷.htm",".htm","141325","4 阵营和位面\FC2九狱君王\地狱冒险\进阶"
"4 阵营和位面\FC2九狱君王\地狱冒险\进阶\灵魂守卫.htm","灵魂守卫.htm",".htm","68083","4 阵营和位面\FC2九狱君王\地狱冒险\进阶"
"4 阵营和位面\FC2九狱君王\地狱冒险\进阶\炼狱战狂.htm","炼狱战狂.htm",".htm","143806","4 阵营和位面\FC2九狱君王\地狱冒险\进阶"
"4 阵营和位面\FC2九狱君王\地狱冒险\进阶\狱火术师.htm","狱火术师.htm",".htm","31256","4 阵营和位面\FC2九狱君王\地狱冒险\进阶"
"4 阵营和位面\FC2九狱君王\地狱冒险\进阶\地狱神偷.files\地狱神偷212.jpg","地狱神偷212.jpg",".jpg","33546","4 阵营和位面\FC2九狱君王\地狱冒险\进阶\地狱神偷.files"
"4 阵营和位面\FC2九狱君王\地狱冒险\进阶\灵魂守卫.files\image002.jpg","image002.jpg",".jpg","42590","4 阵营和位面\FC2九狱君王\地狱冒险\进阶\灵魂守卫.files"
"4 阵营和位面\FC2九狱君王\地狱冒险\进阶\炼狱战狂.files\炼狱战狂214.jpg","炼狱战狂214.jpg",".jpg","99184","4 阵营和位面\FC2九狱君王\地狱冒险\进阶\炼狱战狂.files"
"4 阵营和位面\FC2九狱君王\地狱冒险\进阶\狱火术师.files\image002.jpg","image002.jpg",".jpg","43629","4 阵营和位面\FC2九狱君王\地狱冒险\进阶\狱火术师.files"
"4 阵营和位面\FC2九狱君王\地狱地理\地狱地理.htm","地狱地理.htm",".htm","6296","4 阵营和位面\FC2九狱君王\地狱地理"
"4 阵营和位面\FC2九狱君王\地狱地理\第一层阿佛纳斯.htm","第一层阿佛纳斯.htm",".htm","88770","4 阵营和位面\FC2九狱君王\地狱地理"
"4 阵营和位面\FC2九狱君王\地狱地理\第七层马拉多米尼_.htm","第七层马拉多米尼_.htm",".htm","37023","4 阵营和位面\FC2九狱君王\地狱地理"
"4 阵营和位面\FC2九狱君王\地狱地理\第三层弥瑙洛斯.htm","第三层弥瑙洛斯.htm",".htm","67138","4 阵营和位面\FC2九狱君王\地狱地理"
"4 阵营和位面\FC2九狱君王\地狱地理\第九层奈瑟斯.htm","第九层奈瑟斯.htm",".htm","46139","4 阵营和位面\FC2九狱君王\地狱地理"
"4 阵营和位面\FC2九狱君王\地狱地理\第二层迪斯.htm","第二层迪斯.htm",".htm","44427","4 阵营和位面\FC2九狱君王\地狱地理"
"4 阵营和位面\FC2九狱君王\地狱地理\第五层斯泰吉亚.htm","第五层斯泰吉亚.htm",".htm","40827","4 阵营和位面\FC2九狱君王\地狱地理"
"4 阵营和位面\FC2九狱君王\地狱地理\第八层卡尼亚.htm","第八层卡尼亚.htm",".htm","31246","4 阵营和位面\FC2九狱君王\地狱地理"
"4 阵营和位面\FC2九狱君王\地狱地理\第六层玛尔博吉.htm","第六层玛尔博吉.htm",".htm","42047","4 阵营和位面\FC2九狱君王\地狱地理"
"4 阵营和位面\FC2九狱君王\地狱地理\第四层弗莱格索斯.htm","第四层弗莱格索斯.htm",".htm","46522","4 阵营和位面\FC2九狱君王\地狱地理"
"4 阵营和位面\FC2九狱君王\地狱地理\地狱地理.files\image001.jpg","image001.jpg",".jpg","224912","4 阵营和位面\FC2九狱君王\地狱地理\地狱地理.files"
"4 阵营和位面\FC2九狱君王\地狱地理\地狱地理.files\image002.jpg","image002.jpg",".jpg","135323","4 阵营和位面\FC2九狱君王\地狱地理\地狱地理.files"
"4 阵营和位面\FC2九狱君王\地狱地理\第一层阿佛纳斯.files\image003.jpg","image003.jpg",".jpg","59005","4 阵营和位面\FC2九狱君王\地狱地理\第一层阿佛纳斯.files"
"4 阵营和位面\FC2九狱君王\地狱地理\第一层阿佛纳斯.files\image004.jpg","image004.jpg",".jpg","74306","4 阵营和位面\FC2九狱君王\地狱地理\第一层阿佛纳斯.files"
"4 阵营和位面\FC2九狱君王\地狱地理\第七层马拉多米尼_.files\image002.jpg","image002.jpg",".jpg","39875","4 阵营和位面\FC2九狱君王\地狱地理\第七层马拉多米尼_.files"
"4 阵营和位面\FC2九狱君王\地狱地理\第七层马拉多米尼_.files\image003.jpg","image003.jpg",".jpg","123046","4 阵营和位面\FC2九狱君王\地狱地理\第七层马拉多米尼_.files"
"4 阵营和位面\FC2九狱君王\地狱地理\第三层弥瑙洛斯.files\image002.jpg","image002.jpg",".jpg","31068","4 阵营和位面\FC2九狱君王\地狱地理\第三层弥瑙洛斯.files"
"4 阵营和位面\FC2九狱君王\地狱地理\第九层奈瑟斯.files\image005.jpg","image005.jpg",".jpg","38942","4 阵营和位面\FC2九狱君王\地狱地理\第九层奈瑟斯.files"
"4 阵营和位面\FC2九狱君王\地狱地理\第九层奈瑟斯.files\image006.jpg","image006.jpg",".jpg","98503","4 阵营和位面\FC2九狱君王\地狱地理\第九层奈瑟斯.files"
"4 阵营和位面\FC2九狱君王\地狱地理\第二层迪斯.files\image002.jpg","image002.jpg",".jpg","31705","4 阵营和位面\FC2九狱君王\地狱地理\第二层迪斯.files"
"4 阵营和位面\FC2九狱君王\地狱地理\第五层斯泰吉亚.files\image001.jpg","image001.jpg",".jpg","28945","4 阵营和位面\FC2九狱君王\地狱地理\第五层斯泰吉亚.files"
"4 阵营和位面\FC2九狱君王\地狱地理\第八层卡尼亚.files\image001.jpg","image001.jpg",".jpg","55636","4 阵营和位面\FC2九狱君王\地狱地理\第八层卡尼亚.files"
"4 阵营和位面\FC2九狱君王\地狱地理\第六层玛尔博吉.files\image002.jpg","image002.jpg",".jpg","65913","4 阵营和位面\FC2九狱君王\地狱地理\第六层玛尔博吉.files"
"4 阵营和位面\FC2九狱君王\地狱地理\第六层玛尔博吉.files\image003.jpg","image003.jpg",".jpg","69721","4 阵营和位面\FC2九狱君王\地狱地理\第六层玛尔博吉.files"
"4 阵营和位面\FC2九狱君王\地狱地理\第四层弗莱格索斯.files\image003.jpg","image003.jpg",".jpg","37157","4 阵营和位面\FC2九狱君王\地狱地理\第四层弗莱格索斯.files"
"4 阵营和位面\FC2九狱君王\魔鬼学识\九层地狱.htm","九层地狱.htm",".htm","11782","4 阵营和位面\FC2九狱君王\魔鬼学识"
"4 阵营和位面\FC2九狱君王\魔鬼学识\巴托由来.htm","巴托由来.htm",".htm","9538","4 阵营和位面\FC2九狱君王\魔鬼学识"
"4 阵营和位面\FC2九狱君王\魔鬼学识\魔鬼全论1.htm","魔鬼全论1.htm",".htm","216358","4 阵营和位面\FC2九狱君王\魔鬼学识"
"4 阵营和位面\FC2九狱君王\魔鬼学识\魔鬼全论2.htm","魔鬼全论2.htm",".htm","198389","4 阵营和位面\FC2九狱君王\魔鬼学识"
"4 阵营和位面\FC2九狱君王\魔鬼学识\魔鬼全论3.htm","魔鬼全论3.htm",".htm","501714","4 阵营和位面\FC2九狱君王\魔鬼学识"
"4 阵营和位面\FC2九狱君王\魔鬼学识\九层地狱.files\image001.jpg","image001.jpg",".jpg","318753","4 阵营和位面\FC2九狱君王\魔鬼学识\九层地狱.files"
"4 阵营和位面\FC2九狱君王\魔鬼学识\魔鬼全论3.files\魔鬼全论35485.jpg","魔鬼全论35485.jpg",".jpg","115276","4 阵营和位面\FC2九狱君王\魔鬼学识\魔鬼全论3.files"
"4 阵营和位面\FC2九狱君王\魔鬼种群\军团魔.htm","军团魔.htm",".htm","43771","4 阵营和位面\FC2九狱君王\魔鬼种群"
"4 阵营和位面\FC2九狱君王\魔鬼种群\冥河窃忆魔.htm","冥河窃忆魔.htm",".htm","150675","4 阵营和位面\FC2九狱君王\魔鬼种群"
"4 阵营和位面\FC2九狱君王\魔鬼种群\安祖魔.htm","安祖魔.htm",".htm","7973","4 阵营和位面\FC2九狱君王\魔鬼种群"
"4 阵营和位面\FC2九狱君王\魔鬼种群\安祖魔遭遇.jpg","安祖魔遭遇.jpg",".jpg","124812","4 阵营和位面\FC2九狱君王\魔鬼种群"
"4 阵营和位面\FC2九狱君王\魔鬼种群\愉悦魔.htm","愉悦魔.htm",".htm","85152","4 阵营和位面\FC2九狱君王\魔鬼种群"
"4 阵营和位面\FC2九狱君王\魔鬼种群\收割魔.htm","收割魔.htm",".htm","94537","4 阵营和位面\FC2九狱君王\魔鬼种群"
"4 阵营和位面\FC2九狱君王\魔鬼种群\暗杀魔.htm","暗杀魔.htm",".htm","96779","4 阵营和位面\FC2九狱君王\魔鬼种群"
"4 阵营和位面\FC2九狱君王\魔鬼种群\狱火战械.htm","狱火战械.htm",".htm","87864","4 阵营和位面\FC2九狱君王\魔鬼种群"
"4 阵营和位面\FC2九狱君王\魔鬼种群\聚裂魔.htm","聚裂魔.htm",".htm","156555","4 阵营和位面\FC2九狱君王\魔鬼种群"
"4 阵营和位面\FC2九狱君王\魔鬼种群\臃肿魔.htm","臃肿魔.htm",".htm","90403","4 阵营和位面\FC2九狱君王\魔鬼种群"
"4 阵营和位面\FC2九狱君王\魔鬼种群\苦痛魔.htm","苦痛魔.htm",".htm","81063","4 阵营和位面\FC2九狱君王\魔鬼种群"
"4 阵营和位面\FC2九狱君王\魔鬼种群\蛇蝎魔.htm","蛇蝎魔.htm",".htm","98877","4 阵营和位面\FC2九狱君王\魔鬼种群"
"4 阵营和位面\FC2九狱君王\魔鬼种群\血甲魔.htm","血甲魔.htm",".htm","87348","4 阵营和位面\FC2九狱君王\魔鬼种群"
"4 阵营和位面\FC2九狱君王\魔鬼种群\针刺魔.htm","针刺魔.htm",".htm","5943","4 阵营和位面\FC2九狱君王\魔鬼种群"
"4 阵营和位面\FC2九狱君王\魔鬼种群\钢魔.htm","钢魔.htm",".htm","84038","4 阵营和位面\FC2九狱君王\魔鬼种群"
"4 阵营和位面\FC2九狱君王\魔鬼种群\雄霸魔.htm","雄霸魔.htm",".htm","85475","4 阵营和位面\FC2九狱君王\魔鬼种群"
"4 阵营和位面\FC2九狱君王\魔鬼种群\雾蚊魔集群.htm","雾蚊魔集群.htm",".htm","80938","4 阵营和位面\FC2九狱君王\魔鬼种群"
"4 阵营和位面\FC2九狱君王\魔鬼种群\魇骑魔.htm","魇骑魔.htm",".htm","137748","4 阵营和位面\FC2九狱君王\魔鬼种群"
"4 阵营和位面\FC2九狱君王\魔鬼种群\鸦魔.htm","鸦魔.htm",".htm","263884","4 阵营和位面\FC2九狱君王\魔鬼种群"
"4 阵营和位面\FC2九狱君王\魔鬼种群\冥河窃忆魔.files\image003.jpg","image003.jpg",".jpg","58925","4 阵营和位面\FC2九狱君王\魔鬼种群\冥河窃忆魔.files"
"4 阵营和位面\FC2九狱君王\魔鬼种群\安祖魔.files\image001.jpg","image001.jpg",".jpg","73969","4 阵营和位面\FC2九狱君王\魔鬼种群\安祖魔.files"
"4 阵营和位面\FC2九狱君王\魔鬼种群\愉悦魔.files\image001.jpg","image001.jpg",".jpg","33182","4 阵营和位面\FC2九狱君王\魔鬼种群\愉悦魔.files"
"4 阵营和位面\FC2九狱君王\魔鬼种群\收割魔.files\image001.jpg","image001.jpg",".jpg","70914","4 阵营和位面\FC2九狱君王\魔鬼种群\收割魔.files"
"4 阵营和位面\FC2九狱君王\魔鬼种群\暗杀魔.files\image001.jpg","image001.jpg",".jpg","88493","4 阵营和位面\FC2九狱君王\魔鬼种群\暗杀魔.files"
"4 阵营和位面\FC2九狱君王\魔鬼种群\狱火战械.files\QQ截图20170728003858.jpg","QQ截图20170728003858.jpg",".jpg","115863","4 阵营和位面\FC2九狱君王\魔鬼种群\狱火战械.files"
"4 阵营和位面\FC2九狱君王\魔鬼种群\聚裂魔.files\QQ截图20170728002846.jpg","QQ截图20170728002846.jpg",".jpg","43054","4 阵营和位面\FC2九狱君王\魔鬼种群\聚裂魔.files"
"4 阵营和位面\FC2九狱君王\魔鬼种群\臃肿魔.files\image001.jpg","image001.jpg",".jpg","44870","4 阵营和位面\FC2九狱君王\魔鬼种群\臃肿魔.files"
"4 阵营和位面\FC2九狱君王\魔鬼种群\蛇蝎魔.files\image002.jpg","image002.jpg",".jpg","58820","4 阵营和位面\FC2九狱君王\魔鬼种群\蛇蝎魔.files"
"4 阵营和位面\FC2九狱君王\魔鬼种群\蛇蝎魔.files\image004.jpg","image004.jpg",".jpg","75659","4 阵营和位面\FC2九狱君王\魔鬼种群\蛇蝎魔.files"
"4 阵营和位面\FC2九狱君王\魔鬼种群\血甲魔.files\image001.jpg","image001.jpg",".jpg","48339","4 阵营和位面\FC2九狱君王\魔鬼种群\血甲魔.files"
"4 阵营和位面\FC2九狱君王\魔鬼种群\针刺魔.files\image003.jpg","image003.jpg",".jpg","49484","4 阵营和位面\FC2九狱君王\魔鬼种群\针刺魔.files"
"4 阵营和位面\FC2九狱君王\魔鬼种群\钢魔.files\image001.jpg","image001.jpg",".jpg","79357","4 阵营和位面\FC2九狱君王\魔鬼种群\钢魔.files"
"4 阵营和位面\FC2九狱君王\魔鬼种群\雄霸魔.files\image002.jpg","image002.jpg",".jpg","46637","4 阵营和位面\FC2九狱君王\魔鬼种群\雄霸魔.files"
"4 阵营和位面\FC2九狱君王\魔鬼种群\雾蚊魔集群.files\image003.jpg","image003.jpg",".jpg","28812","4 阵营和位面\FC2九狱君王\魔鬼种群\雾蚊魔集群.files"
"4 阵营和位面\FC2九狱君王\魔鬼种群\魇骑魔.files\image002.jpg","image002.jpg",".jpg","54547","4 阵营和位面\FC2九狱君王\魔鬼种群\魇骑魔.files"
"4 阵营和位面\FC2九狱君王\魔鬼种群\鸦魔.files\image001.jpg","image001.jpg",".jpg","136791","4 阵营和位面\FC2九狱君王\魔鬼种群\鸦魔.files"
"4 阵营和位面\FC2九狱君王\魔鬼领主\第一层领主拜尔.htm","第一层领主拜尔.htm",".htm","68987","4 阵营和位面\FC2九狱君王\魔鬼领主"
"4 阵营和位面\FC2九狱君王\魔鬼领主\第七层领主飞虫大公巴尔泽布.htm","第七层领主飞虫大公巴尔泽布.htm",".htm","67153","4 阵营和位面\FC2九狱君王\魔鬼领主"
"4 阵营和位面\FC2九狱君王\魔鬼领主\第三层领主贪婪大公马曼.htm","第三层领主贪婪大公马曼.htm",".htm","66844","4 阵营和位面\FC2九狱君王\魔鬼领主"
"4 阵营和位面\FC2九狱君王\魔鬼领主\第九层领主阿斯摩蒂尔斯.htm","第九层领主阿斯摩蒂尔斯.htm",".htm","77795","4 阵营和位面\FC2九狱君王\魔鬼领主"
"4 阵营和位面\FC2九狱君王\魔鬼领主\第二层领主钢铁公爵迪斯帕特.htm","第二层领主钢铁公爵迪斯帕特.htm",".htm","73859","4 阵营和位面\FC2九狱君王\魔鬼领主"
"4 阵营和位面\FC2九狱君王\魔鬼领主\第五层领主斯泰吉亚王子莱维思图斯.htm","第五层领主斯泰吉亚王子莱维思图斯.htm",".htm","75888","4 阵营和位面\FC2九狱君王\魔鬼领主"
"4 阵营和位面\FC2九狱君王\魔鬼领主\第八层领主墨菲斯托费利斯.htm","第八层领主墨菲斯托费利斯.htm",".htm","69534","4 阵营和位面\FC2九狱君王\魔鬼领主"
"4 阵营和位面\FC2九狱君王\魔鬼领主\第六层领主欲魔女王格莱西雅.htm","第六层领主欲魔女王格莱西雅.htm",".htm","73214","4 阵营和位面\FC2九狱君王\魔鬼领主"
"4 阵营和位面\FC2九狱君王\魔鬼领主\第四层领主贝利亚和菲尔娜.htm","第四层领主贝利亚和菲尔娜.htm",".htm","121582","4 阵营和位面\FC2九狱君王\魔鬼领主"
"4 阵营和位面\FC2九狱君王\魔鬼领主\魔鬼领主.htm","魔鬼领主.htm",".htm","7118","4 阵营和位面\FC2九狱君王\魔鬼领主"
"4 阵营和位面\FC2九狱君王\魔鬼领主\第一层领主拜尔.files\image001.jpg","image001.jpg",".jpg","76701","4 阵营和位面\FC2九狱君王\魔鬼领主\第一层领主拜尔.files"
"4 阵营和位面\FC2九狱君王\魔鬼领主\第七层领主飞虫大公巴尔泽布.files\image001.jpg","image001.jpg",".jpg","44884","4 阵营和位面\FC2九狱君王\魔鬼领主\第七层领主飞虫大公巴尔泽布.files"
"4 阵营和位面\FC2九狱君王\魔鬼领主\第三层领主贪婪大公马曼.files\image001.jpg","image001.jpg",".jpg","28473","4 阵营和位面\FC2九狱君王\魔鬼领主\第三层领主贪婪大公马曼.files"
"4 阵营和位面\FC2九狱君王\魔鬼领主\第九层领主阿斯摩蒂尔斯.files\image001.jpg","image001.jpg",".jpg","85867","4 阵营和位面\FC2九狱君王\魔鬼领主\第九层领主阿斯摩蒂尔斯.files"
"4 阵营和位面\FC2九狱君王\魔鬼领主\第二层领主钢铁公爵迪斯帕特.files\image001.jpg","image001.jpg",".jpg","63967","4 阵营和位面\FC2九狱君王\魔鬼领主\第二层领主钢铁公爵迪斯帕特.files"
"4 阵营和位面\FC2九狱君王\魔鬼领主\第五层领主斯泰吉亚王子莱维思图斯.files\image001.jpg","image001.jpg",".jpg","48579","4 阵营和位面\FC2九狱君王\魔鬼领主\第五层领主斯泰吉亚王子莱维思图斯.files"
"4 阵营和位面\FC2九狱君王\魔鬼领主\第八层领主墨菲斯托费利斯.files\image001.jpg","image001.jpg",".jpg","75034","4 阵营和位面\FC2九狱君王\魔鬼领主\第八层领主墨菲斯托费利斯.files"
"4 阵营和位面\FC2九狱君王\魔鬼领主\第六层领主欲魔女王格莱西雅.files\image001.jpg","image001.jpg",".jpg","59537","4 阵营和位面\FC2九狱君王\魔鬼领主\第六层领主欲魔女王格莱西雅.files"
"4 阵营和位面\FC2九狱君王\魔鬼领主\第四层领主贝利亚和菲尔娜.files\image001.jpg","image001.jpg",".jpg","48133","4 阵营和位面\FC2九狱君王\魔鬼领主\第四层领主贝利亚和菲尔娜.files"
"4 阵营和位面\PlH位面手册\位面手册.htm","位面手册.htm",".htm","5715","4 阵营和位面\PlH位面手册"
"4 阵营和位面\PlH位面手册\位面法术.htm","位面法术.htm",".htm","322852","4 阵营和位面\PlH位面手册"
"4 阵营和位面\PlH位面手册\1种族\一般种族.htm","一般种族.htm",".htm","42110","4 阵营和位面\PlH位面手册\1种族"
"4 阵营和位面\PlH位面手册\1种族\刺修罗.htm","刺修罗.htm",".htm","20174","4 阵营和位面\PlH位面手册\1种族"
"4 阵营和位面\PlH位面手册\1种族\半人羊.htm","半人羊.htm",".htm","32299","4 阵营和位面\PlH位面手册\1种族"
"4 阵营和位面\PlH位面手册\1种族\小巨灵.htm","小巨灵.htm",".htm","135443","4 阵营和位面\PlH位面手册\1种族"
"4 阵营和位面\PlH位面手册\1种族\年龄身高体重.htm","年龄身高体重.htm",".htm","187228","4 阵营和位面\PlH位面手册\1种族"
"4 阵营和位面\PlH位面手册\1种族\强力种族.htm","强力种族.htm",".htm","22046","4 阵营和位面\PlH位面手册\1种族"
"4 阵营和位面\PlH位面手册\1种族\提夫林.htm","提夫林.htm",".htm","19010","4 阵营和位面\PlH位面手册\1种族"
"4 阵营和位面\PlH位面手册\1种族\涅拉蟾.htm","涅拉蟾.htm",".htm","23590","4 阵营和位面\PlH位面手册\1种族"
"4 阵营和位面\PlH位面手册\1种族\獒首神使.htm","獒首神使.htm",".htm","141776","4 阵营和位面\PlH位面手册\1种族"
"4 阵营和位面\PlH位面手册\1种族\玻曼星民.htm","玻曼星民.htm",".htm","39384","4 阵营和位面\PlH位面手册\1种族"
"4 阵营和位面\PlH位面手册\1种族\翼蛇人.htm","翼蛇人.htm",".htm","174896","4 阵营和位面\PlH位面手册\1种族"
"4 阵营和位面\PlH位面手册\1种族\蛮獾族.htm","蛮獾族.htm",".htm","24090","4 阵营和位面\PlH位面手册\1种族"
"4 阵营和位面\PlH位面手册\1种族\迅影裔.htm","迅影裔.htm",".htm","19163","4 阵营和位面\PlH位面手册\1种族"
"4 阵营和位面\PlH位面手册\1种族\链魔.htm","链魔.htm",".htm","193205","4 阵营和位面\PlH位面手册\1种族"
"4 阵营和位面\PlH位面手册\1种族\阿斯莫.htm","阿斯莫.htm",".htm","25580","4 阵营和位面\PlH位面手册\1种族"
"4 阵营和位面\PlH位面手册\1种族\魔蝠人.htm","魔蝠人.htm",".htm","26275","4 阵营和位面\PlH位面手册\1种族"
"4 阵营和位面\PlH位面手册\1种族\鹏羽天使.htm","鹏羽天使.htm",".htm","230971","4 阵营和位面\PlH位面手册\1种族"
"4 阵营和位面\PlH位面手册\1种族\翼蛇人.files\翼蛇人266.jpg","翼蛇人266.jpg",".jpg","20328","4 阵营和位面\PlH位面手册\1种族\翼蛇人.files"
"4 阵营和位面\PlH位面手册\1种族\链魔.files\链魔347.jpg","链魔347.jpg",".jpg","24926","4 阵营和位面\PlH位面手册\1种族\链魔.files"
"4 阵营和位面\PlH位面手册\1种族\鹏羽天使.files\鹏羽天使245.jpg","鹏羽天使245.jpg",".jpg","26005","4 阵营和位面\PlH位面手册\1种族\鹏羽天使.files"
"4 阵营和位面\PlH位面手册\2职业\业余大师.htm","业余大师.htm",".htm","62256","4 阵营和位面\PlH位面手册\2职业"
"4 阵营和位面\PlH位面手册\2职业\元素战士.htm","元素战士.htm",".htm","40015","4 阵营和位面\PlH位面手册\2职业"
"4 阵营和位面\PlH位面手册\2职业\定命者.htm","定命者.htm",".htm","132356","4 阵营和位面\PlH位面手册\2职业"
"4 阵营和位面\PlH位面手册\2职业\寻梦者.htm","寻梦者.htm",".htm","55377","4 阵营和位面\PlH位面手册\2职业"
"4 阵营和位面\PlH位面手册\2职业\星界舞者.htm","星界舞者.htm",".htm","60295","4 阵营和位面\PlH位面手册\2职业"
"4 阵营和位面\PlH位面手册\2职业\末日之主.htm","末日之主.htm",".htm","63376","4 阵营和位面\PlH位面手册\2职业"
"4 阵营和位面\PlH位面手册\2职业\混沌从者.htm","混沌从者.htm",".htm","36158","4 阵营和位面\PlH位面手册\2职业"
"4 阵营和位面\PlH位面手册\2职业\职业替代等级.htm","职业替代等级.htm",".htm","15769","4 阵营和位面\PlH位面手册\2职业"
"4 阵营和位面\PlH位面手册\2职业\蔑世者.htm","蔑世者.htm",".htm","73967","4 阵营和位面\PlH位面手册\2职业"
"4 阵营和位面\PlH位面手册\2职业\运筹专家.htm","运筹专家.htm",".htm","59835","4 阵营和位面\PlH位面手册\2职业"
"4 阵营和位面\PlH位面手册\3专长\一般专长.htm","一般专长.htm",".htm","73054","4 阵营和位面\PlH位面手册\3专长"
"4 阵营和位面\PlH位面手册\3专长\血脉专长.htm","血脉专长.htm",".htm","59148","4 阵营和位面\PlH位面手册\3专长"
"4 阵营和位面\PlH位面手册\5装备\冒险和服务.htm","冒险和服务.htm",".htm","85824","4 阵营和位面\PlH位面手册\5装备"
"4 阵营和位面\PlH位面手册\5装备\坐骑和载具.htm","坐骑和载具.htm",".htm","94769","4 阵营和位面\PlH位面手册\5装备"
"4 阵营和位面\PlH位面手册\5装备\武器.htm","武器.htm",".htm","107184","4 阵营和位面\PlH位面手册\5装备"
"4 阵营和位面\PlH位面手册\5装备\特殊物质和物品.htm","特殊物质和物品.htm",".htm","61930","4 阵营和位面\PlH位面手册\5装备"
"4 阵营和位面\PlH位面手册\5装备\装备.htm","装备.htm",".htm","8959","4 阵营和位面\PlH位面手册\5装备"
"4 阵营和位面\PlH位面手册\5装备\防具.htm","防具.htm",".htm","153845","4 阵营和位面\PlH位面手册\5装备"
"4 阵营和位面\PlH位面手册\5装备\饰品和奇物.htm","饰品和奇物.htm",".htm","76153","4 阵营和位面\PlH位面手册\5装备"
"4 阵营和位面\PlH位面手册\5装备\防具.files\防具470.jpg","防具470.jpg",".jpg","53155","4 阵营和位面\PlH位面手册\5装备\防具.files"
"4 阵营和位面\PlH位面手册\6生物\乌尔骏马.htm","乌尔骏马.htm",".htm","41705","4 阵营和位面\PlH位面手册\6生物"
"4 阵营和位面\PlH位面手册\6生物\乐土画眉1.htm","乐土画眉1.htm",".htm","30796","4 阵营和位面\PlH位面手册\6生物"
"4 阵营和位面\PlH位面手册\6生物\六角鹿.htm","六角鹿.htm",".htm","35143","4 阵营和位面\PlH位面手册\6生物"
"4 阵营和位面\PlH位面手册\6生物\分解者.htm","分解者.htm",".htm","32633","4 阵营和位面\PlH位面手册\6生物"
"4 阵营和位面\PlH位面手册\6生物\异界鲸.htm","异界鲸.htm",".htm","37369","4 阵营和位面\PlH位面手册\6生物"
"4 阵营和位面\PlH位面手册\6生物\微末元素集群.htm","微末元素集群.htm",".htm","118873","4 阵营和位面\PlH位面手册\6生物"
"4 阵营和位面\PlH位面手册\6生物\星界库拉肯.htm","星界库拉肯.htm",".htm","40661","4 阵营和位面\PlH位面手册\6生物"
"4 阵营和位面\PlH位面手册\6生物\次级梦魇.htm","次级梦魇.htm",".htm","34440","4 阵营和位面\PlH位面手册\6生物"
"4 阵营和位面\PlH位面手册\6生物\正能量生物.htm","正能量生物.htm",".htm","41115","4 阵营和位面\PlH位面手册\6生物"
"4 阵营和位面\PlH位面手册\6生物\活体能量球.htm","活体能量球.htm",".htm","240989","4 阵营和位面\PlH位面手册\6生物"
"4 阵营和位面\PlH位面手册\6生物\混沌潜猎者.htm","混沌潜猎者.htm",".htm","36100","4 阵营和位面\PlH位面手册\6生物"
"4 阵营和位面\PlH位面手册\6生物\混沌生物.htm","混沌生物.htm",".htm","42628","4 阵营和位面\PlH位面手册\6生物"
"4 阵营和位面\PlH位面手册\6生物\火侏儒.htm","火侏儒.htm",".htm","39534","4 阵营和位面\PlH位面手册\6生物"
"4 阵营和位面\PlH位面手册\6生物\炼狱狼蟑.htm","炼狱狼蟑.htm",".htm","34442","4 阵营和位面\PlH位面手册\6生物"
"4 阵营和位面\PlH位面手册\6生物\熵力生物.htm","熵力生物.htm",".htm","39076","4 阵营和位面\PlH位面手册\6生物"
"4 阵营和位面\PlH位面手册\6生物\纯洁生物.htm","纯洁生物.htm",".htm","37569","4 阵营和位面\PlH位面手册\6生物"
"4 阵营和位面\PlH位面手册\6生物\虚空软泥怪.htm","虚空软泥怪.htm",".htm","38000","4 阵营和位面\PlH位面手册\6生物"
"4 阵营和位面\PlH位面手册\6生物\达克罗斯兽.htm","达克罗斯兽.htm",".htm","44136","4 阵营和位面\PlH位面手册\6生物"
"4 阵营和位面\PlH位面手册\6生物\阴影胶质怪.htm","阴影胶质怪.htm",".htm","3897","4 阵营和位面\PlH位面手册\6生物"
"4 阵营和位面\PlH位面手册\6生物\霜矮人.htm","霜矮人.htm",".htm","39394","4 阵营和位面\PlH位面手册\6生物"
"4 阵营和位面\PlH位面手册\6生物\乌尔骏马.files\乌尔骏马161.jpg","乌尔骏马161.jpg",".jpg","40480","4 阵营和位面\PlH位面手册\6生物\乌尔骏马.files"
"4 阵营和位面\PlH位面手册\7位面\位面碎裂.htm","位面碎裂.htm",".htm","190909","4 阵营和位面\PlH位面手册\7位面"
"4 阵营和位面\PlH位面手册\7位面\位面道标.htm","位面道标.htm",".htm","129832","4 阵营和位面\PlH位面手册\7位面"
"4 阵营和位面\PlH位面手册\7位面\印记城.htm","印记城.htm",".htm","17612","4 阵营和位面\PlH位面手册\7位面"
"4 阵营和位面\PlH位面手册\7位面\图’纳拉特.htm","图’纳拉特.htm",".htm","17210","4 阵营和位面\PlH位面手册\7位面"
"4 阵营和位面\PlH位面手册\7位面\黄铜城.htm","黄铜城.htm",".htm","18212","4 阵营和位面\PlH位面手册\7位面"
"4 阵营和位面\PlH位面手册\插图\000.jpg","000.jpg",".jpg","205988","4 阵营和位面\PlH位面手册\插图"
"4 阵营和位面\PlH位面手册\插图\六角鹿.jpg","六角鹿.jpg",".jpg","155591","4 阵营和位面\PlH位面手册\插图"
"4 阵营和位面\PlH位面手册\插图\分解者.jpg","分解者.jpg",".jpg","255830","4 阵营和位面\PlH位面手册\插图"
"4 阵营和位面\PlH位面手册\插图\刺修罗.jpg","刺修罗.jpg",".jpg","117834","4 阵营和位面\PlH位面手册\插图"
"4 阵营和位面\PlH位面手册\插图\半人羊.jpg","半人羊.jpg",".jpg","103191","4 阵营和位面\PlH位面手册\插图"
"4 阵营和位面\PlH位面手册\插图\小巨灵.jpg","小巨灵.jpg",".jpg","142896","4 阵营和位面\PlH位面手册\插图"
"4 阵营和位面\PlH位面手册\插图\布曼人.jpg","布曼人.jpg",".jpg","269820","4 阵营和位面\PlH位面手册\插图"
"4 阵营和位面\PlH位面手册\插图\微末元素集群.jpg","微末元素集群.jpg",".jpg","45755","4 阵营和位面\PlH位面手册\插图"
"4 阵营和位面\PlH位面手册\插图\星界库拉肯.jpg","星界库拉肯.jpg",".jpg","249405","4 阵营和位面\PlH位面手册\插图"
"4 阵营和位面\PlH位面手册\插图\星界鲸.jpg","星界鲸.jpg",".jpg","169741","4 阵营和位面\PlH位面手册\插图"
"4 阵营和位面\PlH位面手册\插图\次级梦魇.jpg","次级梦魇.jpg",".jpg","26423","4 阵营和位面\PlH位面手册\插图"
"4 阵营和位面\PlH位面手册\插图\泰夫林.jpg","泰夫林.jpg",".jpg","293632","4 阵营和位面\PlH位面手册\插图"
"4 阵营和位面\PlH位面手册\插图\涅拉蟾.jpg","涅拉蟾.jpg",".jpg","169806","4 阵营和位面\PlH位面手册\插图"
"4 阵营和位面\PlH位面手册\插图\混沌潜猎者.jpg","混沌潜猎者.jpg",".jpg","285262","4 阵营和位面\PlH位面手册\插图"
"4 阵营和位面\PlH位面手册\插图\火侏儒.jpg","火侏儒.jpg",".jpg","88204","4 阵营和位面\PlH位面手册\插图"
"4 阵营和位面\PlH位面手册\插图\炼狱狼蟑.jpg","炼狱狼蟑.jpg",".jpg","268098","4 阵营和位面\PlH位面手册\插图"
"4 阵营和位面\PlH位面手册\插图\獒首神使.jpg","獒首神使.jpg",".jpg","312817","4 阵营和位面\PlH位面手册\插图"
"4 阵营和位面\PlH位面手册\插图\虚空软泥怪.jpg","虚空软泥怪.jpg",".jpg","168957","4 阵营和位面\PlH位面手册\插图"
"4 阵营和位面\PlH位面手册\插图\蛮獾.jpg","蛮獾.jpg",".jpg","151697","4 阵营和位面\PlH位面手册\插图"
"4 阵营和位面\PlH位面手册\插图\迅影裔.jpg","迅影裔.jpg",".jpg","292378","4 阵营和位面\PlH位面手册\插图"
"4 阵营和位面\PlH位面手册\插图\阴影胶质怪.jpg","阴影胶质怪.jpg",".jpg","119354","4 阵营和位面\PlH位面手册\插图"
"4 阵营和位面\PlH位面手册\插图\阿斯莫.jpg","阿斯莫.jpg",".jpg","151866","4 阵营和位面\PlH位面手册\插图"
"4 阵营和位面\PlH位面手册\插图\霜矮人.jpg","霜矮人.jpg",".jpg","50485","4 阵营和位面\PlH位面手册\插图"
"4 阵营和位面\PlH位面手册\插图\魔蝠人.jpg","魔蝠人.jpg",".jpg","140060","4 阵营和位面\PlH位面手册\插图"
"5 环境和社会\City城市风貌\0插图\城市风光（City）.htm","城市风光（City）.htm",".htm","1841","5 环境和社会\City城市风貌\0插图"
"5 环境和社会\City城市风貌\0插图\害虫集群.jpg","害虫集群.jpg",".jpg","33623","5 环境和社会\City城市风貌\0插图"
"5 环境和社会\City城市风貌\0插图\封面.jpg","封面.jpg",".jpg","397567","5 环境和社会\City城市风貌\0插图"
"5 环境和社会\City城市风貌\0插图\撕裂者.jpg","撕裂者.jpg",".jpg","281303","5 环境和社会\City城市风貌\0插图"
"5 环境和社会\City城市风貌\0插图\攻城魔像.jpg","攻城魔像.jpg",".jpg","44934","5 环境和社会\City城市风貌\0插图"
"5 环境和社会\City城市风貌\0插图\时代之灵.jpg","时代之灵.jpg",".jpg","224053","5 环境和社会\City城市风貌\0插图"
"5 环境和社会\City城市风貌\0插图\污水泥怪.jpg","污水泥怪.jpg",".jpg","39317","5 环境和社会\City城市风貌\0插图"
"5 环境和社会\City城市风貌\1\不同位置的城市.htm","不同位置的城市.htm",".htm","19712","5 环境和社会\City城市风貌\1"
"5 环境和社会\City城市风貌\1\不同文化的城市.htm","不同文化的城市.htm",".htm","17126","5 环境和社会\City城市风貌\1"
"5 环境和社会\City城市风貌\1\不同的城区.htm","不同的城区.htm",".htm","113026","5 环境和社会\City城市风貌\1"
"5 环境和社会\City城市风貌\1\不同类型的城市.htm","不同类型的城市.htm",".htm","80224","5 环境和社会\City城市风貌\1"
"5 环境和社会\City城市风貌\1\城市的特征与危险.htm","城市的特征与危险.htm",".htm","82675","5 环境和社会\City城市风貌\1"
"5 环境和社会\City城市风貌\1\第一章 城市的范围.htm","第一章 城市的范围.htm",".htm","25859","5 环境和社会\City城市风貌\1"
"5 环境和社会\City城市风貌\2\专长.htm","专长.htm",".htm","44315","5 环境和社会\City城市风貌\2"
"5 环境和社会\City城市风貌\2\人脉.htm","人脉.htm",".htm","34403","5 环境和社会\City城市风貌\2"
"5 环境和社会\City城市风貌\2\做什么，去哪里.htm","做什么，去哪里.htm",".htm","55554","5 环境和社会\City城市风貌\2"
"5 环境和社会\City城市风貌\2\城市中的种族.htm","城市中的种族.htm",".htm","33160","5 环境和社会\City城市风貌\2"
"5 环境和社会\City城市风貌\2\法术.htm","法术.htm",".htm","59378","5 环境和社会\City城市风貌\2"
"5 环境和社会\City城市风貌\2\社会阶级.htm","社会阶级.htm",".htm","13378","5 环境和社会\City城市风貌\2"
"5 环境和社会\City城市风貌\2\第二章 城市冒险者.htm","第二章 城市冒险者.htm",".htm","10709","5 环境和社会\City城市风貌\2"
"5 环境和社会\City城市风貌\2\职业替代能力.htm","职业替代能力.htm",".htm","66085","5 环境和社会\City城市风貌\2"
"5 环境和社会\City城市风貌\2\邪术.htm","邪术.htm",".htm","26848","5 环境和社会\City城市风貌\2"
"5 环境和社会\City城市风貌\3\公会.htm","公会.htm",".htm","86124","5 环境和社会\City城市风貌\3"
"5 环境和社会\City城市风貌\3\家族.htm","家族.htm",".htm","48768","5 环境和社会\City城市风貌\3"
"5 环境和社会\City城市风貌\3\政府.htm","政府.htm",".htm","92500","5 环境和社会\City城市风貌\3"
"5 环境和社会\City城市风貌\3\教会.htm","教会.htm",".htm","49572","5 环境和社会\City城市风貌\3"
"5 环境和社会\City城市风貌\3\第三章 政治与权力.htm","第三章 政治与权力.htm",".htm","5437","5 环境和社会\City城市风貌\3"
"5 环境和社会\City城市风貌\3\组织.htm","组织.htm",".htm","39679","5 环境和社会\City城市风貌\3"
"5 环境和社会\City城市风貌\3\进阶：埃本墨渗透者.htm","进阶：埃本墨渗透者.htm",".htm","93277","5 环境和社会\City城市风貌\3"
"5 环境和社会\City城市风貌\3\进阶：血鞭.htm","进阶：血鞭.htm",".htm","63333","5 环境和社会\City城市风貌\3"
"5 环境和社会\City城市风貌\3\进阶：都市学者.htm","进阶：都市学者.htm",".htm","83139","5 环境和社会\City城市风貌\3"
"5 环境和社会\City城市风貌\4\墓穴窃贼.htm","墓穴窃贼.htm",".htm","92793","5 环境和社会\City城市风貌\4"
"5 环境和社会\City城市风貌\4\害虫集群.htm","害虫集群.htm",".htm","47096","5 环境和社会\City城市风貌\4"
"5 环境和社会\City城市风貌\4\撕裂者.htm","撕裂者.htm",".htm","61287","5 环境和社会\City城市风貌\4"
"5 环境和社会\City城市风貌\4\攻城魔像.htm","攻城魔像.htm",".htm","64305","5 环境和社会\City城市风貌\4"
"5 环境和社会\City城市风貌\4\时代之灵.htm","时代之灵.htm",".htm","74034","5 环境和社会\City城市风貌\4"
"5 环境和社会\City城市风貌\4\污水泥怪.htm","污水泥怪.htm",".htm","70243","5 环境和社会\City城市风貌\4"
"5 环境和社会\City城市风貌\4\第四章_事件和遭遇.htm","第四章_事件和遭遇.htm",".htm","5953","5 环境和社会\City城市风貌\4"
"5 环境和社会\City城市风貌\5\为何是城市.htm","为何是城市.htm",".htm","21233","5 环境和社会\City城市风貌\5"
"5 环境和社会\City城市风貌\5\城市历史.htm","城市历史.htm",".htm","71872","5 环境和社会\City城市风貌\5"
"5 环境和社会\City城市风貌\5\第五章_运行城市.htm","第五章_运行城市.htm",".htm","6285","5 环境和社会\City城市风貌\5"
"5 环境和社会\City城市风貌\5\超越地城.htm","超越地城.htm",".htm","31106","5 环境和社会\City城市风貌\5"
"5 环境和社会\City城市风貌\5\都市化密集生活.htm","都市化密集生活.htm",".htm","408303","5 环境和社会\City城市风貌\5"
"5 环境和社会\Dungeon地城风光\专长.htm","专长.htm",".htm","36490","5 环境和社会\Dungeon地城风光"
"5 环境和社会\Dungeon地城风光\兽心大师.htm","兽心大师.htm",".htm","146350","5 环境和社会\Dungeon地城风光"
"5 环境和社会\Dungeon地城风光\冒险工具.htm","冒险工具.htm",".htm","34523","5 环境和社会\Dungeon地城风光"
"5 环境和社会\Dungeon地城风光\地城地貌.htm","地城地貌.htm",".htm","43966","5 环境和社会\Dungeon地城风光"
"5 环境和社会\Dungeon地城风光\地城挑战.htm","地城挑战.htm",".htm","47542","5 环境和社会\Dungeon地城风光"
"5 环境和社会\Dungeon地城风光\地城领主.htm","地城领主.htm",".htm","96712","5 环境和社会\Dungeon地城风光"
"5 环境和社会\Dungeon地城风光\基础职业变体.htm","基础职业变体.htm",".htm","60244","5 环境和社会\Dungeon地城风光"
"5 环境和社会\Dungeon地城风光\新物品.htm","新物品.htm",".htm","86727","5 环境和社会\Dungeon地城风光"
"5 环境和社会\Dungeon地城风光\杂学士.htm","杂学士.htm",".htm","245539","5 环境和社会\Dungeon地城风光"
"5 环境和社会\Dungeon地城风光\构陷师.htm","构陷师.htm",".htm","169211","5 环境和社会\Dungeon地城风光"
"5 环境和社会\Dungeon地城风光\炼金产物.htm","炼金产物.htm",".htm","43325","5 环境和社会\Dungeon地城风光"
"5 环境和社会\Dungeon地城风光\陷阱.htm","陷阱.htm",".htm","112576","5 环境和社会\Dungeon地城风光"
"5 环境和社会\Dungeon地城风光\0插图\地城风光（Dungeon）.htm","地城风光（Dungeon）.htm",".htm","1682","5 环境和社会\Dungeon地城风光\0插图"
"5 环境和社会\Dungeon地城风光\0插图\封面.jpg","封面.jpg",".jpg","137891","5 环境和社会\Dungeon地城风光\0插图"
"5 环境和社会\Frost霜燃之书\专长简表.htm","专长简表.htm",".htm","64790","5 环境和社会\Frost霜燃之书"
"5 环境和社会\Frost霜燃之书\霜燃之书（Frost）.htm","霜燃之书（Frost）.htm",".htm","4142","5 环境和社会\Frost霜燃之书"
"5 环境和社会\Frost霜燃之书\生物\乐霜精（Uldra）.htm","乐霜精（Uldra）.htm",".htm","37477","5 环境和社会\Frost霜燃之书\生物"
"5 环境和社会\Frost霜燃之书\生物\元素先知（Elemental Weird）.htm","元素先知（Elemental Weird）.htm",".htm","88533","5 环境和社会\Frost霜燃之书\生物"
"5 环境和社会\Frost霜燃之书\生物\兽人，雪萨满（Orc，Snow Shaman）.htm","兽人，雪萨满（Orc，Snow Shaman）.htm",".htm","36616","5 环境和社会\Frost霜燃之书\生物"
"5 环境和社会\Frost霜燃之书\生物\冰兽（Ice Beast）.htm","冰兽（Ice Beast）.htm",".htm","66598","5 环境和社会\Frost霜燃之书\生物"
"5 环境和社会\Frost霜燃之书\生物\冰川矮人（Dwarf，Glacier）.htm","冰川矮人（Dwarf，Glacier）.htm",".htm","55975","5 环境和社会\Frost霜燃之书\生物"
"5 环境和社会\Frost霜燃之书\生物\冰憔（Icegaunt）.htm","冰憔（Icegaunt）.htm",".htm","40885","5 环境和社会\Frost霜燃之书\生物"
"5 环境和社会\Frost霜燃之书\生物\冰熊战士（Urskan）.htm","冰熊战士（Urskan）.htm",".htm","38291","5 环境和社会\Frost霜燃之书\生物"
"5 环境和社会\Frost霜燃之书\生物\冰碾蟹蛛（Shivhad）.htm","冰碾蟹蛛（Shivhad）.htm",".htm","39629","5 环境和社会\Frost霜燃之书\生物"
"5 环境和社会\Frost霜燃之书\生物\冰蟾（Ice Toad）.htm","冰蟾（Ice Toad）.htm",".htm","39062","5 环境和社会\Frost霜燃之书\生物"
"5 环境和社会\Frost霜燃之书\生物\冰魔像（Golem，Ice）.htm","冰魔像（Golem，Ice）.htm",".htm","39145","5 环境和社会\Frost霜燃之书\生物"
"5 环境和社会\Frost霜燃之书\生物\冻疮（Chilblain）.htm","冻疮（Chilblain）.htm",".htm","33045","5 环境和社会\Frost霜燃之书\生物"
"5 环境和社会\Frost霜燃之书\生物\凡尘矮人（Dwarf，Midgard）.htm","凡尘矮人（Dwarf，Midgard）.htm",".htm","41900","5 环境和社会\Frost霜燃之书\生物"
"5 环境和社会\Frost霜燃之书\生物\凶暴北极熊（Dire Polar Bear）.htm","凶暴北极熊（Dire Polar Bear）.htm",".htm","34050","5 环境和社会\Frost霜燃之书\生物"
"5 环境和社会\Frost霜燃之书\生物\剑齿虎(Smilodon，Saber-Toothed Tiger).htm","剑齿虎(Smilodon，Saber-Toothed Tiger).htm",".htm","38064","5 环境和社会\Frost霜燃之书\生物"
"5 环境和社会\Frost霜燃之书\生物\叉角马（Branta）.htm","叉角马（Branta）.htm",".htm","36338","5 环境和社会\Frost霜燃之书\生物"
"5 环境和社会\Frost霜燃之书\生物\埋葬（Entombed）.htm","埋葬（Entombed）.htm",".htm","40228","5 环境和社会\Frost霜燃之书\生物"
"5 环境和社会\Frost霜燃之书\生物\塔拉兽（Tlalusk）.htm","塔拉兽（Tlalusk）.htm",".htm","38653","5 环境和社会\Frost霜燃之书\生物"
"5 环境和社会\Frost霜燃之书\生物\大角鹿（Megaloceros）.htm","大角鹿（Megaloceros）.htm",".htm","37898","5 环境和社会\Frost霜燃之书\生物"
"5 环境和社会\Frost霜燃之书\生物\夺命鬼婆（Marzanna）.htm","夺命鬼婆（Marzanna）.htm",".htm","37463","5 环境和社会\Frost霜燃之书\生物"
"5 环境和社会\Frost霜燃之书\生物\寒冬衍体（Winterspawn）.htm","寒冬衍体（Winterspawn）.htm",".htm","38865","5 环境和社会\Frost霜燃之书\生物"
"5 环境和社会\Frost霜燃之书\生物\尼安德特人（Neanderthal）.htm","尼安德特人（Neanderthal）.htm",".htm","38447","5 环境和社会\Frost霜燃之书\生物"
"5 环境和社会\Frost霜燃之书\生物\巨鳍豚（Malasynep）.htm","巨鳍豚（Malasynep）.htm",".htm","61426","5 环境和社会\Frost霜燃之书\生物"
"5 环境和社会\Frost霜燃之书\生物\巨鸦（Raven,Giant).htm","巨鸦（Raven,Giant).htm",".htm","36412","5 环境和社会\Frost霜燃之书\生物"
"5 环境和社会\Frost霜燃之书\生物\极地动物（Animal，Arctic）.htm","极地动物（Animal，Arctic）.htm",".htm","120136","5 环境和社会\Frost霜燃之书\生物"
"5 环境和社会\Frost霜燃之书\生物\械齿鲸（Zeuglodon）.htm","械齿鲸（Zeuglodon）.htm",".htm","36702","5 环境和社会\Frost霜燃之书\生物"
"5 环境和社会\Frost霜燃之书\生物\河伯（Vodyanoi）.htm","河伯（Vodyanoi）.htm",".htm","38836","5 环境和社会\Frost霜燃之书\生物"
"5 环境和社会\Frost霜燃之书\生物\灵魂兽(Spirit Animal).htm","灵魂兽(Spirit Animal).htm",".htm","54932","5 环境和社会\Frost霜燃之书\生物"
"5 环境和社会\Frost霜燃之书\生物\炉火精（Domovoi）.htm","炉火精（Domovoi）.htm",".htm","48303","5 环境和社会\Frost霜燃之书\生物"
"5 环境和社会\Frost霜燃之书\生物\白布丁怪（Pudding，White）.htm","白布丁怪（Pudding，White）.htm",".htm","37741","5 环境和社会\Frost霜燃之书\生物"
"5 环境和社会\Frost霜燃之书\生物\长毛猛犸（Woolly Mammoth）.htm","长毛猛犸（Woolly Mammoth）.htm",".htm","38991","5 环境和社会\Frost霜燃之书\生物"
"5 环境和社会\Frost霜燃之书\生物\雕齿兽（Glyptodon）.htm","雕齿兽（Glyptodon）.htm",".htm","37364","5 环境和社会\Frost霜燃之书\生物"
"5 环境和社会\Frost霜燃之书\生物\雪地精（Goblin，Snow）.htm","雪地精（Goblin，Snow）.htm",".htm","39971","5 环境和社会\Frost霜燃之书\生物"
"5 环境和社会\Frost霜燃之书\生物\雪女（Yuki-on-na）.htm","雪女（Yuki-on-na）.htm",".htm","31427","5 环境和社会\Frost霜燃之书\生物"
"5 环境和社会\Frost霜燃之书\生物\雪怪（Yeti）.htm","雪怪（Yeti）.htm",".htm","64451","5 环境和社会\Frost霜燃之书\生物"
"5 环境和社会\Frost霜燃之书\生物\雪篷（Snowcloak）.htm","雪篷（Snowcloak）.htm",".htm","32363","5 环境和社会\Frost霜燃之书\生物"
"5 环境和社会\Frost霜燃之书\生物\雪蛛（Spider，Snow）.htm","雪蛛（Spider，Snow）.htm",".htm","81676","5 环境和社会\Frost霜燃之书\生物"
"5 环境和社会\Frost霜燃之书\生物\霜巨人（Giant，Frost）.htm","霜巨人（Giant，Frost）.htm",".htm","96011","5 环境和社会\Frost霜燃之书\生物"
"5 环境和社会\Frost霜燃之书\生物\霜巨灵（Genie，Qorrashi）.htm","霜巨灵（Genie，Qorrashi）.htm",".htm","40327","5 环境和社会\Frost霜燃之书\生物"
"5 环境和社会\Frost霜燃之书\生物\霜民（Frost Folk）.htm","霜民（Frost Folk）.htm",".htm","48768","5 环境和社会\Frost霜燃之书\生物"
"5 环境和社会\Frost霜燃之书\生物\霜火精（Rimefire Eidolon）.htm","霜火精（Rimefire Eidolon）.htm",".htm","43195","5 环境和社会\Frost霜燃之书\生物"
"5 环境和社会\Frost霜燃之书\生物\霜落幽魂（Ghost，Frostfell）.htm","霜落幽魂（Ghost，Frostfell）.htm",".htm","45051","5 环境和社会\Frost霜燃之书\生物"
"5 环境和社会\Frost霜燃之书\生物\鲁萨尔卡-水仙女(Rusalka).htm","鲁萨尔卡-水仙女(Rusalka).htm",".htm","37952","5 环境和社会\Frost霜燃之书\生物"
"5 环境和社会\Frost霜燃之书\生物\乐霜精（Uldra）.files\image002.jpg","image002.jpg",".jpg","13078","5 环境和社会\Frost霜燃之书\生物\乐霜精（Uldra）.files"
"5 环境和社会\Frost霜燃之书\生物\元素先知（Elemental Weird）.files\image003.jpg","image003.jpg",".jpg","11992","5 环境和社会\Frost霜燃之书\生物\元素先知（Elemental Weird）.files"
"5 环境和社会\Frost霜燃之书\生物\兽人，雪萨满（Orc，Snow Shaman）.files\image002.jpg","image002.jpg",".jpg","10993","5 环境和社会\Frost霜燃之书\生物\兽人，雪萨满（Orc，Snow Shaman）.files"
"5 环境和社会\Frost霜燃之书\生物\冰兽（Ice Beast）.files\image002.jpg","image002.jpg",".jpg","14706","5 环境和社会\Frost霜燃之书\生物\冰兽（Ice Beast）.files"
"5 环境和社会\Frost霜燃之书\生物\冰川矮人（Dwarf，Glacier）.files\image003.jpg","image003.jpg",".jpg","17319","5 环境和社会\Frost霜燃之书\生物\冰川矮人（Dwarf，Glacier）.files"
"5 环境和社会\Frost霜燃之书\生物\冰憔（Icegaunt）.files\image002.jpg","image002.jpg",".jpg","11191","5 环境和社会\Frost霜燃之书\生物\冰憔（Icegaunt）.files"
"5 环境和社会\Frost霜燃之书\生物\冰熊战士（Urskan）.files\image002.jpg","image002.jpg",".jpg","14876","5 环境和社会\Frost霜燃之书\生物\冰熊战士（Urskan）.files"
"5 环境和社会\Frost霜燃之书\生物\冰碾蟹蛛（Shivhad）.files\image002.jpg","image002.jpg",".jpg","13000","5 环境和社会\Frost霜燃之书\生物\冰碾蟹蛛（Shivhad）.files"
"5 环境和社会\Frost霜燃之书\生物\冰蟾（Ice Toad）.files\image002.jpg","image002.jpg",".jpg","9092","5 环境和社会\Frost霜燃之书\生物\冰蟾（Ice Toad）.files"
"5 环境和社会\Frost霜燃之书\生物\冰魔像（Golem，Ice）.files\image002.jpg","image002.jpg",".jpg","16044","5 环境和社会\Frost霜燃之书\生物\冰魔像（Golem，Ice）.files"
"5 环境和社会\Frost霜燃之书\生物\冻疮（Chilblain）.files\image002.jpg","image002.jpg",".jpg","10233","5 环境和社会\Frost霜燃之书\生物\冻疮（Chilblain）.files"
"5 环境和社会\Frost霜燃之书\生物\凡尘矮人（Dwarf，Midgard）.files\image003.jpg","image003.jpg",".jpg","12653","5 环境和社会\Frost霜燃之书\生物\凡尘矮人（Dwarf，Midgard）.files"
"5 环境和社会\Frost霜燃之书\生物\凶暴北极熊（Dire Polar Bear）.files\image004.jpg","image004.jpg",".jpg","15071","5 环境和社会\Frost霜燃之书\生物\凶暴北极熊（Dire Polar Bear）.files"
"5 环境和社会\Frost霜燃之书\生物\剑齿虎(Smilodon，Saber-Toothed Tiger).files\image002.jpg","image002.jpg",".jpg","9427","5 环境和社会\Frost霜燃之书\生物\剑齿虎(Smilodon，Saber-Toothed Tiger).files"
"5 环境和社会\Frost霜燃之书\生物\叉角马（Branta）.files\image002.jpg","image002.jpg",".jpg","8356","5 环境和社会\Frost霜燃之书\生物\叉角马（Branta）.files"
"5 环境和社会\Frost霜燃之书\生物\埋葬（Entombed）.files\image002.jpg","image002.jpg",".jpg","15678","5 环境和社会\Frost霜燃之书\生物\埋葬（Entombed）.files"
"5 环境和社会\Frost霜燃之书\生物\塔拉兽（Tlalusk）.files\image003.jpg","image003.jpg",".jpg","8787","5 环境和社会\Frost霜燃之书\生物\塔拉兽（Tlalusk）.files"
"5 环境和社会\Frost霜燃之书\生物\大角鹿（Megaloceros）.files\image002.jpg","image002.jpg",".jpg","16456","5 环境和社会\Frost霜燃之书\生物\大角鹿（Megaloceros）.files"
"5 环境和社会\Frost霜燃之书\生物\夺命鬼婆（Marzanna）.files\image003.jpg","image003.jpg",".jpg","10672","5 环境和社会\Frost霜燃之书\生物\夺命鬼婆（Marzanna）.files"
"5 环境和社会\Frost霜燃之书\生物\寒冬衍体（Winterspawn）.files\image003.jpg","image003.jpg",".jpg","12014","5 环境和社会\Frost霜燃之书\生物\寒冬衍体（Winterspawn）.files"
"5 环境和社会\Frost霜燃之书\生物\尼安德特人（Neanderthal）.files\image002.jpg","image002.jpg",".jpg","15805","5 环境和社会\Frost霜燃之书\生物\尼安德特人（Neanderthal）.files"
"5 环境和社会\Frost霜燃之书\生物\巨鳍豚（Malasynep）.files\image002.jpg","image002.jpg",".jpg","10385","5 环境和社会\Frost霜燃之书\生物\巨鳍豚（Malasynep）.files"
"5 环境和社会\Frost霜燃之书\生物\巨鸦（Raven,Giant).files\image002.jpg","image002.jpg",".jpg","10168","5 环境和社会\Frost霜燃之书\生物\巨鸦（Raven,Giant).files"
"5 环境和社会\Frost霜燃之书\生物\械齿鲸（Zeuglodon）.files\image002.jpg","image002.jpg",".jpg","10905","5 环境和社会\Frost霜燃之书\生物\械齿鲸（Zeuglodon）.files"
"5 环境和社会\Frost霜燃之书\生物\河伯（Vodyanoi）.files\image003.jpg","image003.jpg",".jpg","15384","5 环境和社会\Frost霜燃之书\生物\河伯（Vodyanoi）.files"
"5 环境和社会\Frost霜燃之书\生物\灵魂兽(Spirit Animal).files\image003.jpg","image003.jpg",".jpg","13385","5 环境和社会\Frost霜燃之书\生物\灵魂兽(Spirit Animal).files"
"5 环境和社会\Frost霜燃之书\生物\炉火精（Domovoi）.files\image002.jpg","image002.jpg",".jpg","8736","5 环境和社会\Frost霜燃之书\生物\炉火精（Domovoi）.files"
"5 环境和社会\Frost霜燃之书\生物\白布丁怪（Pudding，White）.files\image003.jpg","image003.jpg",".jpg","9215","5 环境和社会\Frost霜燃之书\生物\白布丁怪（Pudding，White）.files"
"5 环境和社会\Frost霜燃之书\生物\长毛猛犸（Woolly Mammoth）.files\image002.jpg","image002.jpg",".jpg","10799","5 环境和社会\Frost霜燃之书\生物\长毛猛犸（Woolly Mammoth）.files"
"5 环境和社会\Frost霜燃之书\生物\雕齿兽（Glyptodon）.files\image002.jpg","image002.jpg",".jpg","14140","5 环境和社会\Frost霜燃之书\生物\雕齿兽（Glyptodon）.files"
"5 环境和社会\Frost霜燃之书\生物\雪地精（Goblin，Snow）.files\image002.jpg","image002.jpg",".jpg","9853","5 环境和社会\Frost霜燃之书\生物\雪地精（Goblin，Snow）.files"
"5 环境和社会\Frost霜燃之书\生物\雪女（Yuki-on-na）.files\image002.jpg","image002.jpg",".jpg","14076","5 环境和社会\Frost霜燃之书\生物\雪女（Yuki-on-na）.files"
"5 环境和社会\Frost霜燃之书\生物\雪怪（Yeti）.files\image002.jpg","image002.jpg",".jpg","14635","5 环境和社会\Frost霜燃之书\生物\雪怪（Yeti）.files"
"5 环境和社会\Frost霜燃之书\生物\雪篷（Snowcloak）.files\image002.jpg","image002.jpg",".jpg","9494","5 环境和社会\Frost霜燃之书\生物\雪篷（Snowcloak）.files"
"5 环境和社会\Frost霜燃之书\生物\雪蛛（Spider，Snow）.files\image002.jpg","image002.jpg",".jpg","10405","5 环境和社会\Frost霜燃之书\生物\雪蛛（Spider，Snow）.files"
"5 环境和社会\Frost霜燃之书\生物\霜巨人（Giant，Frost）.files\image002.jpg","image002.jpg",".jpg","9762","5 环境和社会\Frost霜燃之书\生物\霜巨人（Giant，Frost）.files"
"5 环境和社会\Frost霜燃之书\生物\霜巨人（Giant，Frost）.files\image004.jpg","image004.jpg",".jpg","15443","5 环境和社会\Frost霜燃之书\生物\霜巨人（Giant，Frost）.files"
"5 环境和社会\Frost霜燃之书\生物\霜巨人（Giant，Frost）.files\image006.jpg","image006.jpg",".jpg","14568","5 环境和社会\Frost霜燃之书\生物\霜巨人（Giant，Frost）.files"
"5 环境和社会\Frost霜燃之书\生物\霜巨灵（Genie，Qorrashi）.files\image003.jpg","image003.jpg",".jpg","14938","5 环境和社会\Frost霜燃之书\生物\霜巨灵（Genie，Qorrashi）.files"
"5 环境和社会\Frost霜燃之书\生物\霜民（Frost Folk）.files\image002.jpg","image002.jpg",".jpg","10502","5 环境和社会\Frost霜燃之书\生物\霜民（Frost Folk）.files"
"5 环境和社会\Frost霜燃之书\生物\霜火精（Rimefire Eidolon）.files\image002.jpg","image002.jpg",".jpg","8135","5 环境和社会\Frost霜燃之书\生物\霜火精（Rimefire Eidolon）.files"
"5 环境和社会\Frost霜燃之书\生物\霜落幽魂（Ghost，Frostfell）.files\image003.jpg","image003.jpg",".jpg","11842","5 环境和社会\Frost霜燃之书\生物\霜落幽魂（Ghost，Frostfell）.files"
"5 环境和社会\Frost霜燃之书\生物\鲁萨尔卡-水仙女(Rusalka).files\image002.jpg","image002.jpg",".jpg","14944","5 环境和社会\Frost霜燃之书\生物\鲁萨尔卡-水仙女(Rusalka).files"
"5 环境和社会\Frost霜燃之书\进阶职业\伊博莱犹的巡冬人(Winterhaunt of Iborighu) .htm","伊博莱犹的巡冬人(Winterhaunt of Iborighu) .htm",".htm","69235","5 环境和社会\Frost霜燃之书\进阶职业"
"5 环境和社会\Frost霜燃之书\进阶职业\冰霜法师（Frost Mage）.htm","冰霜法师（Frost Mage）.htm",".htm","66895","5 环境和社会\Frost霜燃之书\进阶职业"
"5 环境和社会\Frost霜燃之书\进阶职业\冰霜狂怒者（Frostrager）.htm","冰霜狂怒者（Frostrager）.htm",".htm","50431","5 环境和社会\Frost霜燃之书\进阶职业"
"5 环境和社会\Frost霜燃之书\进阶职业\冻寒者(Cryokineticist).htm","冻寒者(Cryokineticist).htm",".htm","77930","5 环境和社会\Frost霜燃之书\进阶职业"
"5 环境和社会\Frost霜燃之书\进阶职业\原始人(Primeval).htm","原始人(Primeval).htm",".htm","62143","5 环境和社会\Frost霜燃之书\进阶职业"
"5 环境和社会\Frost霜燃之书\进阶职业\攀云僧(Cloud Anchorite).htm","攀云僧(Cloud Anchorite).htm",".htm","70297","5 环境和社会\Frost霜燃之书\进阶职业"
"5 环境和社会\Frost霜燃之书\进阶职业\索列姆门徒（Disciple of Thrym）.htm","索列姆门徒（Disciple of Thrym）.htm",".htm","87842","5 环境和社会\Frost霜燃之书\进阶职业"
"5 环境和社会\Frost霜燃之书\进阶职业\铁冰骑士（Knight of the Iron Glacier）.htm","铁冰骑士（Knight of the Iron Glacier）.htm",".htm","65924","5 环境和社会\Frost霜燃之书\进阶职业"
"5 环境和社会\Frost霜燃之书\进阶职业\霜火巫师（Rimefire Witch）.htm","霜火巫师（Rimefire Witch）.htm",".htm","57914","5 环境和社会\Frost霜燃之书\进阶职业"
"5 环境和社会\Frost霜燃之书\进阶职业\风暴歌者（stormsinger）.htm","风暴歌者（stormsinger）.htm",".htm","66595","5 环境和社会\Frost霜燃之书\进阶职业"
"5 环境和社会\Frost霜燃之书\霜土冒险\专长.htm","专长.htm",".htm","46796","5 环境和社会\Frost霜燃之书\霜土冒险"
"5 环境和社会\Frost霜燃之书\霜土冒险\法术\传奇法术.htm","传奇法术.htm",".htm","62502","5 环境和社会\Frost霜燃之书\霜土冒险\法术"
"5 环境和社会\Frost霜燃之书\霜土冒险\法术\法术详述.htm","法术详述.htm",".htm","75901","5 环境和社会\Frost霜燃之书\霜土冒险\法术"
"5 环境和社会\Frost霜燃之书\霜土冒险\法术\牧师领域.htm","牧师领域.htm",".htm","3180","5 环境和社会\Frost霜燃之书\霜土冒险\法术"
"5 环境和社会\Frost霜燃之书\霜土冒险\装备\奇物.htm","奇物.htm",".htm","90353","5 环境和社会\Frost霜燃之书\霜土冒险\装备"
"5 环境和社会\Frost霜燃之书\霜土冒险\装备\工具.htm","工具.htm",".htm","123200","5 环境和社会\Frost霜燃之书\霜土冒险\装备"
"5 环境和社会\Frost霜燃之书\霜土冒险\装备\材料.htm","材料.htm",".htm","53913","5 环境和社会\Frost霜燃之书\霜土冒险\装备"
"5 环境和社会\Frost霜燃之书\霜土冒险\装备\武器.htm","武器.htm",".htm","7679","5 环境和社会\Frost霜燃之书\霜土冒险\装备"
"5 环境和社会\Frost霜燃之书\霜土冒险\装备\载具.htm","载具.htm",".htm","26107","5 环境和社会\Frost霜燃之书\霜土冒险\装备"
"5 环境和社会\Frost霜燃之书\霜土学识\生活.htm","生活.htm",".htm","17006","5 环境和社会\Frost霜燃之书\霜土学识"
"5 环境和社会\Frost霜燃之书\霜土学识\种族.htm","种族.htm",".htm","66549","5 环境和社会\Frost霜燃之书\霜土学识"
"5 环境和社会\Frost霜燃之书\霜土学识\诸神.htm","诸神.htm",".htm","35320","5 环境和社会\Frost霜燃之书\霜土学识"
"5 环境和社会\Frost霜燃之书\霜土学识\种族.files\种族1320.jpg","种族1320.jpg",".jpg","96436","5 环境和社会\Frost霜燃之书\霜土学识\种族.files"
"5 环境和社会\Frost霜燃之书\霜土学识\种族.files\种族3126.jpg","种族3126.jpg",".jpg","114579","5 环境和社会\Frost霜燃之书\霜土学识\种族.files"
"5 环境和社会\Frost霜燃之书\霜土学识\种族.files\种族7206.jpg","种族7206.jpg",".jpg","114087","5 环境和社会\Frost霜燃之书\霜土学识\种族.files"
"5 环境和社会\Frost霜燃之书\霜燃之书（Frost）.files\霜燃之书封面.jpg","霜燃之书封面.jpg",".jpg","278473","5 环境和社会\Frost霜燃之书\霜燃之书（Frost）.files"
"5 环境和社会\Frost霜燃之书\霜落\前言1.htm","前言1.htm",".htm","15100","5 环境和社会\Frost霜燃之书\霜落"
"5 环境和社会\Frost霜燃之书\霜落\地城.htm","地城.htm",".htm","13780","5 环境和社会\Frost霜燃之书\霜落"
"5 环境和社会\Frost霜燃之书\霜落\灾害.htm","灾害.htm",".htm","56997","5 环境和社会\Frost霜燃之书\霜落"
"5 环境和社会\Frost霜燃之书\霜落\荒野.htm","荒野.htm",".htm","113709","5 环境和社会\Frost霜燃之书\霜落"
"5 环境和社会\Frost霜燃之书\霜落\陷阱.htm","陷阱.htm",".htm","77969","5 环境和社会\Frost霜燃之书\霜落"
"5 环境和社会\Frost霜燃之书\霜落\霜落位面.htm","霜落位面.htm",".htm","14211","5 环境和社会\Frost霜燃之书\霜落"
"5 环境和社会\Frost霜燃之书\霜落\霜落环境_.htm","霜落环境_.htm",".htm","21622","5 环境和社会\Frost霜燃之书\霜落"
"5 环境和社会\Frost霜燃之书\霜落\霜落险境.htm","霜落险境.htm",".htm","20745","5 环境和社会\Frost霜燃之书\霜落"
"5 环境和社会\Sand沙暴之书\0废土\前言1.htm","前言1.htm",".htm","9853","5 环境和社会\Sand沙暴之书\0废土"
"5 环境和社会\Sand沙暴之书\0废土\地城与复合式洞穴.htm","地城与复合式洞穴.htm",".htm","19856","5 环境和社会\Sand沙暴之书\0废土"
"5 环境和社会\Sand沙暴之书\0废土\废土中的生命.htm","废土中的生命.htm",".htm","59253","5 环境和社会\Sand沙暴之书\0废土"
"5 环境和社会\Sand沙暴之书\0废土\废土的形成.htm","废土的形成.htm",".htm","22050","5 环境和社会\Sand沙暴之书\0废土"
"5 环境和社会\Sand沙暴之书\0废土\异界废土.htm","异界废土.htm",".htm","13545","5 环境和社会\Sand沙暴之书\0废土"
"5 环境和社会\Sand沙暴之书\0废土\焦土险境.htm","焦土险境.htm",".htm","41385","5 环境和社会\Sand沙暴之书\0废土"
"5 环境和社会\Sand沙暴之书\0废土\荒野废土环境.htm","荒野废土环境.htm",".htm","23534","5 环境和社会\Sand沙暴之书\0废土"
"5 环境和社会\Sand沙暴之书\0废土\超自然焦土险境.htm","超自然焦土险境.htm",".htm","49780","5 环境和社会\Sand沙暴之书\0废土"
"5 环境和社会\Sand沙暴之书\0插图\冰冷诅咒者.jpg","冰冷诅咒者.jpg",".jpg","65294","5 环境和社会\Sand沙暴之书\0插图"
"5 环境和社会\Sand沙暴之书\0插图\凶暴秃鹫.jpg","凶暴秃鹫.jpg",".jpg","68914","5 环境和社会\Sand沙暴之书\0插图"
"5 环境和社会\Sand沙暴之书\0插图\凶暴豺.jpg","凶暴豺.jpg",".jpg","62624","5 环境和社会\Sand沙暴之书\0插图"
"5 环境和社会\Sand沙暴之书\0插图\凶暴黑狮.jpg","凶暴黑狮.jpg",".jpg","60291","5 环境和社会\Sand沙暴之书\0插图"
"5 环境和社会\Sand沙暴之书\0插图\凶暴龟.jpg","凶暴龟.jpg",".jpg","26770","5 环境和社会\Sand沙暴之书\0插图"
"5 环境和社会\Sand沙暴之书\0插图\原角龙.jpg","原角龙.jpg",".jpg","347511","5 环境和社会\Sand沙暴之书\0插图"
"5 环境和社会\Sand沙暴之书\0插图\双门齿兽.jpg","双门齿兽.jpg",".jpg","137665","5 环境和社会\Sand沙暴之书\0插图"
"5 环境和社会\Sand沙暴之书\0插图\封面.htm","封面.htm",".htm","2135","5 环境和社会\Sand沙暴之书\0插图"
"5 环境和社会\Sand沙暴之书\0插图\巨型条纹蜥.jpg","巨型条纹蜥.jpg",".jpg","88455","5 环境和社会\Sand沙暴之书\0插图"
"5 环境和社会\Sand沙暴之书\0插图\念动蝎.jpg","念动蝎.jpg",".jpg","64576","5 环境和社会\Sand沙暴之书\0插图"
"5 环境和社会\Sand沙暴之书\0插图\旱巫妖.jpg","旱巫妖.jpg",".jpg","31134","5 环境和社会\Sand沙暴之书\0插图"
"5 环境和社会\Sand沙暴之书\0插图\枯弃之皮.jpg","枯弃之皮.jpg",".jpg","108852","5 环境和社会\Sand沙暴之书\0插图"
"5 环境和社会\Sand沙暴之书\0插图\树形仙人掌守卫.jpg","树形仙人掌守卫.jpg",".jpg","114402","5 环境和社会\Sand沙暴之书\0插图"
"5 环境和社会\Sand沙暴之书\0插图\武器1.jpg","武器1.jpg",".jpg","75854","5 环境和社会\Sand沙暴之书\0插图"
"5 环境和社会\Sand沙暴之书\0插图\武器2.jpg","武器2.jpg",".jpg","78816","5 环境和社会\Sand沙暴之书\0插图"
"5 环境和社会\Sand沙暴之书\0插图\沙卷兽.jpg","沙卷兽.jpg",".jpg","66930","5 环境和社会\Sand沙暴之书\0插图"
"5 环境和社会\Sand沙暴之书\0插图\沙地猎犬.jpg","沙地猎犬.jpg",".jpg","57787","5 环境和社会\Sand沙暴之书\0插图"
"5 环境和社会\Sand沙暴之书\0插图\沙暴之书.jpg","沙暴之书.jpg",".jpg","123099","5 环境和社会\Sand沙暴之书\0插图"
"5 环境和社会\Sand沙暴之书\0插图\沙民.jpg","沙民.jpg",".jpg","39964","5 环境和社会\Sand沙暴之书\0插图"
"5 环境和社会\Sand沙暴之书\0插图\沙民1.jpg","沙民1.jpg",".jpg","49599","5 环境和社会\Sand沙暴之书\0插图"
"5 环境和社会\Sand沙暴之书\0插图\沙漠灾星.jpg","沙漠灾星.jpg",".jpg","86147","5 环境和社会\Sand沙暴之书\0插图"
"5 环境和社会\Sand沙暴之书\0插图\沙虫.jpg","沙虫.jpg",".jpg","63700","5 环境和社会\Sand沙暴之书\0插图"
"5 环境和社会\Sand沙暴之书\0插图\沙虫骑士.jpg","沙虫骑士.jpg",".jpg","22016","5 环境和社会\Sand沙暴之书\0插图"
"5 环境和社会\Sand沙暴之书\0插图\沙鬼婆.jpg","沙鬼婆.jpg",".jpg","60208","5 环境和社会\Sand沙暴之书\0插图"
"5 环境和社会\Sand沙暴之书\0插图\爬行天灾.jpg","爬行天灾.jpg",".jpg","86904","5 环境和社会\Sand沙暴之书\0插图"
"5 环境和社会\Sand沙暴之书\0插图\玛鲁巫仆.jpg","玛鲁巫仆.jpg",".jpg","111570","5 环境和社会\Sand沙暴之书\0插图"
"5 环境和社会\Sand沙暴之书\0插图\玛鲁影仆.jpg","玛鲁影仆.jpg",".jpg","8797","5 环境和社会\Sand沙暴之书\0插图"
"5 环境和社会\Sand沙暴之书\0插图\玛鲁战仆.jpg","玛鲁战仆.jpg",".jpg","108488","5 环境和社会\Sand沙暴之书\0插图"
"5 环境和社会\Sand沙暴之书\0插图\玛鲁神孽.jpg","玛鲁神孽.jpg",".jpg","79192","5 环境和社会\Sand沙暴之书\0插图"
"5 环境和社会\Sand沙暴之书\0插图\砂龙.jpg","砂龙.jpg",".jpg","202195","5 环境和社会\Sand沙暴之书\0插图"
"5 环境和社会\Sand沙暴之书\0插图\苍白躯壳.jpg","苍白躯壳.jpg",".jpg","21586","5 环境和社会\Sand沙暴之书\0插图"
"5 环境和社会\Sand沙暴之书\0插图\荒漠地精.jpg","荒漠地精.jpg",".jpg","33444","5 环境和社会\Sand沙暴之书\0插图"
"5 环境和社会\Sand沙暴之书\0插图\荒漠地精1.jpg","荒漠地精1.jpg",".jpg","46484","5 环境和社会\Sand沙暴之书\0插图"
"5 环境和社会\Sand沙暴之书\0插图\荒漠巨魔.jpg","荒漠巨魔.jpg",".jpg","97197","5 环境和社会\Sand沙暴之书\0插图"
"5 环境和社会\Sand沙暴之书\0插图\荒魔.jpg","荒魔.jpg",".jpg","52132","5 环境和社会\Sand沙暴之书\0插图"
"5 环境和社会\Sand沙暴之书\0插图\蟹甲人.jpg","蟹甲人.jpg",".jpg","51971","5 环境和社会\Sand沙暴之书\0插图"
"5 环境和社会\Sand沙暴之书\0插图\豪猪仙人掌.jpg","豪猪仙人掌.jpg",".jpg","92802","5 环境和社会\Sand沙暴之书\0插图"
"5 环境和社会\Sand沙暴之书\0插图\豺首狮身兽.jpg","豺首狮身兽.jpg",".jpg","52413","5 环境和社会\Sand沙暴之书\0插图"
"5 环境和社会\Sand沙暴之书\0插图\铁荆.jpg","铁荆.jpg",".jpg","140970","5 环境和社会\Sand沙暴之书\0插图"
"5 环境和社会\Sand沙暴之书\0插图\雷鸟.jpg","雷鸟.jpg",".jpg","254060","5 环境和社会\Sand沙暴之书\0插图"
"5 环境和社会\Sand沙暴之书\0插图\驼鹿.jpg","驼鹿.jpg",".jpg","64143","5 环境和社会\Sand沙暴之书\0插图"
"5 环境和社会\Sand沙暴之书\0插图\魔蝠.jpg","魔蝠.jpg",".jpg","80776","5 环境和社会\Sand沙暴之书\0插图"
"5 环境和社会\Sand沙暴之书\0插图\鳄首狮身兽.jpg","鳄首狮身兽.jpg",".jpg","82089","5 环境和社会\Sand沙暴之书\0插图"
"5 环境和社会\Sand沙暴之书\0插图\鳄鱼人.jpg","鳄鱼人.jpg",".jpg","27145","5 环境和社会\Sand沙暴之书\0插图"
"5 环境和社会\Sand沙暴之书\2种族\废土矮人.htm","废土矮人.htm",".htm","5713","5 环境和社会\Sand沙暴之书\2种族"
"5 环境和社会\Sand沙暴之书\2种族\沙民.htm","沙民.htm",".htm","24200","5 环境和社会\Sand沙暴之书\2种族"
"5 环境和社会\Sand沙暴之书\2种族\纹身精灵.htm","纹身精灵.htm",".htm","4231","5 环境和社会\Sand沙暴之书\2种族"
"5 环境和社会\Sand沙暴之书\2种族\荒地兽人.htm","荒地兽人.htm",".htm","4625","5 环境和社会\Sand沙暴之书\2种族"
"5 环境和社会\Sand沙暴之书\2种族\荒漠地精.htm","荒漠地精.htm",".htm","44808","5 环境和社会\Sand沙暴之书\2种族"
"5 环境和社会\Sand沙暴之书\3职业\变体.htm","变体.htm",".htm","3793","5 环境和社会\Sand沙暴之书\3职业"
"5 环境和社会\Sand沙暴之书\3职业\圣骑士.htm","圣骑士.htm",".htm","2978","5 环境和社会\Sand沙暴之书\3职业"
"5 环境和社会\Sand沙暴之书\3职业\塑沙者.htm","塑沙者.htm",".htm","221488","5 环境和社会\Sand沙暴之书\3职业"
"5 环境和社会\Sand沙暴之书\3职业\巡林客.htm","巡林客.htm",".htm","5939","5 环境和社会\Sand沙暴之书\3职业"
"5 环境和社会\Sand沙暴之书\3职业\德鲁伊.htm","德鲁伊.htm",".htm","6521","5 环境和社会\Sand沙暴之书\3职业"
"5 环境和社会\Sand沙暴之书\3职业\术士.htm","术士.htm",".htm","3818","5 环境和社会\Sand沙暴之书\3职业"
"5 环境和社会\Sand沙暴之书\3职业\沙虫骑士.htm","沙虫骑士.htm",".htm","7763","5 环境和社会\Sand沙暴之书\3职业"
"5 环境和社会\Sand沙暴之书\3职业\法师.htm","法师.htm",".htm","3743","5 环境和社会\Sand沙暴之书\3职业"
"5 环境和社会\Sand沙暴之书\3职业\潮汐之主.htm","潮汐之主.htm",".htm","95943","5 环境和社会\Sand沙暴之书\3职业"
"5 环境和社会\Sand沙暴之书\3职业\牧师.htm","牧师.htm",".htm","22331","5 环境和社会\Sand沙暴之书\3职业"
"5 环境和社会\Sand沙暴之书\3职业\纽之后裔.htm","纽之后裔.htm",".htm","84785","5 环境和社会\Sand沙暴之书\3职业"
"5 环境和社会\Sand沙暴之书\3职业\荒漠行者.htm","荒漠行者.htm",".htm","126451","5 环境和社会\Sand沙暴之书\3职业"
"5 环境和社会\Sand沙暴之书\3职业\蝎之追寻者.htm","蝎之追寻者.htm",".htm","64499","5 环境和社会\Sand沙暴之书\3职业"
"5 环境和社会\Sand沙暴之书\3职业\进阶.htm","进阶.htm",".htm","18012","5 环境和社会\Sand沙暴之书\3职业"
"5 环境和社会\Sand沙暴之书\3职业\野蛮人.htm","野蛮人.htm",".htm","6054","5 环境和社会\Sand沙暴之书\3职业"
"5 环境和社会\Sand沙暴之书\4专长\专长.htm","专长.htm",".htm","14210","5 环境和社会\Sand沙暴之书\4专长"
"5 环境和社会\Sand沙暴之书\4专长\触石地.htm","触石地.htm",".htm","49068","5 环境和社会\Sand沙暴之书\4专长"
"5 环境和社会\Sand沙暴之书\5装备\坐骑载具.htm","坐骑载具.htm",".htm","28162","5 环境和社会\Sand沙暴之书\5装备"
"5 环境和社会\Sand沙暴之书\5装备\奇物.htm","奇物.htm",".htm","70825","5 环境和社会\Sand沙暴之书\5装备"
"5 环境和社会\Sand沙暴之书\5装备\工具.htm","工具.htm",".htm","87874","5 环境和社会\Sand沙暴之书\5装备"
"5 环境和社会\Sand沙暴之书\5装备\智能魔法物品.htm","智能魔法物品.htm",".htm","12033","5 环境和社会\Sand沙暴之书\5装备"
"5 环境和社会\Sand沙暴之书\5装备\权杖.htm","权杖.htm",".htm","20838","5 环境和社会\Sand沙暴之书\5装备"
"5 环境和社会\Sand沙暴之书\5装备\材料.htm","材料.htm",".htm","4180","5 环境和社会\Sand沙暴之书\5装备"
"5 环境和社会\Sand沙暴之书\5装备\武器.htm","武器.htm",".htm","219244","5 环境和社会\Sand沙暴之书\5装备"
"5 环境和社会\Sand沙暴之书\5装备\沙暴书防具.htm","沙暴书防具.htm",".htm","9861","5 环境和社会\Sand沙暴之书\5装备"
"5 环境和社会\Sand沙暴之书\5装备\炼金物品.htm","炼金物品.htm",".htm","24341","5 环境和社会\Sand沙暴之书\5装备"
"5 环境和社会\Sand沙暴之书\6法术\新领域.htm","新领域.htm",".htm","58077","5 环境和社会\Sand沙暴之书\6法术"
"5 环境和社会\Sand沙暴之书\6法术\法术详述.htm","法术详述.htm",".htm","419888","5 环境和社会\Sand沙暴之书\6法术"
"5 环境和社会\Sand沙暴之书\7怪物\冰冷诅咒者.htm","冰冷诅咒者.htm",".htm","34025","5 环境和社会\Sand沙暴之书\7怪物"
"5 环境和社会\Sand沙暴之书\7怪物\凶暴动物.htm","凶暴动物.htm",".htm","102927","5 环境和社会\Sand沙暴之书\7怪物"
"5 环境和社会\Sand沙暴之书\7怪物\半小巨灵.htm","半小巨灵.htm",".htm","39678","5 环境和社会\Sand沙暴之书\7怪物"
"5 环境和社会\Sand沙暴之书\7怪物\吸血风滚藤.htm","吸血风滚藤.htm",".htm","26123","5 环境和社会\Sand沙暴之书\7怪物"
"5 环境和社会\Sand沙暴之书\7怪物\巨型条纹蜥.htm","巨型条纹蜥.htm",".htm","30520","5 环境和社会\Sand沙暴之书\7怪物"
"5 环境和社会\Sand沙暴之书\7怪物\念动蝎.htm","念动蝎.htm",".htm","37728","5 环境和社会\Sand沙暴之书\7怪物"
"5 环境和社会\Sand沙暴之书\7怪物\恐龙.htm","恐龙.htm",".htm","44929","5 环境和社会\Sand沙暴之书\7怪物"
"5 环境和社会\Sand沙暴之书\7怪物\旱巫妖.htm","旱巫妖.htm",".htm","19082","5 环境和社会\Sand沙暴之书\7怪物"
"5 环境和社会\Sand沙暴之书\7怪物\树形仙人掌守卫.htm","树形仙人掌守卫.htm",".htm","27223","5 环境和社会\Sand沙暴之书\7怪物"
"5 环境和社会\Sand沙暴之书\7怪物\死神圣甲虫集群.htm","死神圣甲虫集群.htm",".htm","27158","5 环境和社会\Sand沙暴之书\7怪物"
"5 环境和社会\Sand沙暴之书\7怪物\沙化生物.htm","沙化生物.htm",".htm","30773","5 环境和社会\Sand沙暴之书\7怪物"
"5 环境和社会\Sand沙暴之书\7怪物\沙卷兽.htm","沙卷兽.htm",".htm","27544","5 环境和社会\Sand沙暴之书\7怪物"
"5 环境和社会\Sand沙暴之书\7怪物\沙卷尘.htm","沙卷尘.htm",".htm","24674","5 环境和社会\Sand沙暴之书\7怪物"
"5 环境和社会\Sand沙暴之书\7怪物\沙地猎犬.htm","沙地猎犬.htm",".htm","28457","5 环境和社会\Sand沙暴之书\7怪物"
"5 环境和社会\Sand沙暴之书\7怪物\沙民1.htm","沙民1.htm",".htm","28552","5 环境和社会\Sand沙暴之书\7怪物"
"5 环境和社会\Sand沙暴之书\7怪物\沙漠灾星.htm","沙漠灾星.htm",".htm","24805","5 环境和社会\Sand沙暴之书\7怪物"
"5 环境和社会\Sand沙暴之书\7怪物\沙虫.htm","沙虫.htm",".htm","26239","5 环境和社会\Sand沙暴之书\7怪物"
"5 环境和社会\Sand沙暴之书\7怪物\沙鬼婆.htm","沙鬼婆.htm",".htm","27124","5 环境和社会\Sand沙暴之书\7怪物"
"5 环境和社会\Sand沙暴之书\7怪物\泥怪.htm","泥怪.htm",".htm","104092","5 环境和社会\Sand沙暴之书\7怪物"
"5 环境和社会\Sand沙暴之书\7怪物\爬行天灾.htm","爬行天灾.htm",".htm","32864","5 环境和社会\Sand沙暴之书\7怪物"
"5 环境和社会\Sand沙暴之书\7怪物\狮身兽.html","狮身兽.html",".html","133309","5 环境和社会\Sand沙暴之书\7怪物"
"5 环境和社会\Sand沙暴之书\7怪物\玛鲁造物.htm","玛鲁造物.htm",".htm","224517","5 环境和社会\Sand沙暴之书\7怪物"
"5 环境和社会\Sand沙暴之书\7怪物\砂龙.htm","砂龙.htm",".htm","201549","5 环境和社会\Sand沙暴之书\7怪物"
"5 环境和社会\Sand沙暴之书\7怪物\苍白躯壳.htm","苍白躯壳.htm",".htm","26499","5 环境和社会\Sand沙暴之书\7怪物"
"5 环境和社会\Sand沙暴之书\7怪物\荒丘地精.htm","荒丘地精.htm",".htm","26469","5 环境和社会\Sand沙暴之书\7怪物"
"5 环境和社会\Sand沙暴之书\7怪物\荒漠巨魔.htm","荒漠巨魔.htm",".htm","27878","5 环境和社会\Sand沙暴之书\7怪物"
"5 环境和社会\Sand沙暴之书\7怪物\荒魔.htm","荒魔.htm",".htm","26208","5 环境和社会\Sand沙暴之书\7怪物"
"5 环境和社会\Sand沙暴之书\7怪物\蜃景灵.htm","蜃景灵.htm",".htm","62121","5 环境和社会\Sand沙暴之书\7怪物"
"5 环境和社会\Sand沙暴之书\7怪物\蝎子集群.htm","蝎子集群.htm",".htm","24664","5 环境和社会\Sand沙暴之书\7怪物"
"5 环境和社会\Sand沙暴之书\7怪物\蟹甲人.htm","蟹甲人.htm",".htm","33549","5 环境和社会\Sand沙暴之书\7怪物"
"5 环境和社会\Sand沙暴之书\7怪物\豪猪仙人掌.htm","豪猪仙人掌.htm",".htm","48420","5 环境和社会\Sand沙暴之书\7怪物"
"5 环境和社会\Sand沙暴之书\7怪物\遗弃外皮.htm","遗弃外皮.htm",".htm","31061","5 环境和社会\Sand沙暴之书\7怪物"
"5 环境和社会\Sand沙暴之书\7怪物\铁棘.htm","铁棘.htm",".htm","25760","5 环境和社会\Sand沙暴之书\7怪物"
"5 环境和社会\Sand沙暴之书\7怪物\雷鸟.htm","雷鸟.htm",".htm","26994","5 环境和社会\Sand沙暴之书\7怪物"
"5 环境和社会\Sand沙暴之书\7怪物\驼鹿.htm","驼鹿.htm",".htm","27089","5 环境和社会\Sand沙暴之书\7怪物"
"5 环境和社会\Sand沙暴之书\7怪物\魔蝠.htm","魔蝠.htm",".htm","49378","5 环境和社会\Sand沙暴之书\7怪物"
"5 环境和社会\Sand沙暴之书\7怪物\鳄鱼人.htm","鳄鱼人.htm",".htm","75086","5 环境和社会\Sand沙暴之书\7怪物"
"5 环境和社会\Sand沙暴之书\8战役\哈拉克斯：死亡王座.htm","哈拉克斯：死亡王座.htm",".htm","189948","5 环境和社会\Sand沙暴之书\8战役"
"5 环境和社会\Sand沙暴之书\8战役\致命尘埃盆地.htm","致命尘埃盆地.htm",".htm","66828","5 环境和社会\Sand沙暴之书\8战役"
"5 环境和社会\Storm风暴之书\0插图\Seawolf3e.jpg","Seawolf3e.jpg",".jpg","121204","5 环境和社会\Storm风暴之书\0插图"
"5 环境和社会\Storm风暴之书\0插图\公牛鱼.jpg","公牛鱼.jpg",".jpg","42741","5 环境和社会\Storm风暴之书\0插图"
"5 环境和社会\Storm风暴之书\0插图\单桅三角帆船.jpg","单桅三角帆船.jpg",".jpg","19314","5 环境和社会\Storm风暴之书\0插图"
"5 环境和社会\Storm风暴之书\0插图\封面.jpg","封面.jpg",".jpg","110019","5 环境和社会\Storm风暴之书\0插图"
"5 环境和社会\Storm风暴之书\0插图\斯库拉怪.jpg","斯库拉怪.jpg",".jpg","27104","5 环境和社会\Storm风暴之书\0插图"
"5 环境和社会\Storm风暴之书\0插图\水精灵.jpg","水精灵.jpg",".jpg","24025","5 环境和社会\Storm风暴之书\0插图"
"5 环境和社会\Storm风暴之书\0插图\沧龙.jpg","沧龙.jpg",".jpg","362694","5 环境和社会\Storm风暴之书\0插图"
"5 环境和社会\Storm风暴之书\0插图\海中仙女.jpg","海中仙女.jpg",".jpg","133228","5 环境和社会\Storm风暴之书\0插图"
"5 环境和社会\Storm风暴之书\0插图\海灵.jpg","海灵.jpg",".jpg","29863","5 环境和社会\Storm风暴之书\0插图"
"5 环境和社会\Storm风暴之书\0插图\海胆罗斯魔.png","海胆罗斯魔.png",".png","341785","5 环境和社会\Storm风暴之书\0插图"
"5 环境和社会\Storm风暴之书\0插图\海马.jpg","海马.jpg",".jpg","41471","5 环境和社会\Storm风暴之书\0插图"
"5 环境和社会\Storm风暴之书\0插图\深渊唤者.jpg","深渊唤者.jpg",".jpg","43912","5 环境和社会\Storm风暴之书\0插图"
"5 环境和社会\Storm风暴之书\0插图\珊瑚魔像.jpg","珊瑚魔像.jpg",".jpg","32316","5 环境和社会\Storm风暴之书\0插图"
"5 环境和社会\Storm风暴之书\0插图\精灵水翼船.jpg","精灵水翼船.jpg",".jpg","107623","5 环境和社会\Storm风暴之书\0插图"
"5 环境和社会\Storm风暴之书\0插图\翼猩猩.jpg","翼猩猩.jpg",".jpg","95135","5 环境和社会\Storm风暴之书\0插图"
"5 环境和社会\Storm风暴之书\0插图\虎鲸人.jpg","虎鲸人.jpg",".jpg","24739","5 环境和社会\Storm风暴之书\0插图"
"5 环境和社会\Storm风暴之书\0插图\西斯塔.jpg","西斯塔.jpg",".jpg","25926","5 环境和社会\Storm风暴之书\0插图"
"5 环境和社会\Storm风暴之书\0插图\锤爪.jpg","锤爪.jpg",".jpg","63320","5 环境和社会\Storm风暴之书\0插图"
"5 环境和社会\Storm风暴之书\0插图\风暴之书（Storm）.htm","风暴之书（Storm）.htm",".htm","2184","5 环境和社会\Storm风暴之书\0插图"
"5 环境和社会\Storm风暴之书\0插图\鱼龙.jpg","鱼龙.jpg",".jpg","256149","5 环境和社会\Storm风暴之书\0插图"
"5 环境和社会\Storm风暴之书\0插图\鳗线怪.jpg","鳗线怪.jpg",".jpg","63345","5 环境和社会\Storm风暴之书\0插图"
"5 环境和社会\Storm风暴之书\0插图\黏液甲伏怪.jpg","黏液甲伏怪.jpg",".jpg","78493","5 环境和社会\Storm风暴之书\0插图"
"5 环境和社会\Storm风暴之书\0插图\黑鳐.jpg","黑鳐.jpg",".jpg","33338","5 环境和社会\Storm风暴之书\0插图"
"5 环境和社会\Storm风暴之书\1卷入漩涡\异位面中海洋.htm","异位面中海洋.htm",".htm","13013","5 环境和社会\Storm风暴之书\1卷入漩涡"
"5 环境和社会\Storm风暴之书\1卷入漩涡\水中危险.htm","水中危险.htm",".htm","51541","5 环境和社会\Storm风暴之书\1卷入漩涡"
"5 环境和社会\Storm风暴之书\1卷入漩涡\水中战斗.htm","水中战斗.htm",".htm","7066","5 环境和社会\Storm风暴之书\1卷入漩涡"
"5 环境和社会\Storm风暴之书\1卷入漩涡\水域冒险.htm","水域冒险.htm",".htm","27839","5 环境和社会\Storm风暴之书\1卷入漩涡"
"5 环境和社会\Storm风暴之书\1卷入漩涡\海上荒野地形.htm","海上荒野地形.htm",".htm","144831","5 环境和社会\Storm风暴之书\1卷入漩涡"
"5 环境和社会\Storm风暴之书\1卷入漩涡\海战规则.htm","海战规则.htm",".htm","94174","5 环境和社会\Storm风暴之书\1卷入漩涡"
"5 环境和社会\Storm风暴之书\1卷入漩涡\海洋中的特殊危险.htm","海洋中的特殊危险.htm",".htm","70273","5 环境和社会\Storm风暴之书\1卷入漩涡"
"5 环境和社会\Storm风暴之书\1卷入漩涡\海洋地城地形.htm","海洋地城地形.htm",".htm","30813","5 环境和社会\Storm风暴之书\1卷入漩涡"
"5 环境和社会\Storm风暴之书\1卷入漩涡\航海.htm","航海.htm",".htm","206354","5 环境和社会\Storm风暴之书\1卷入漩涡"
"5 环境和社会\Storm风暴之书\2海之民\人类_.htm","人类_.htm",".htm","7365","5 环境和社会\Storm风暴之书\2海之民"
"5 环境和社会\Storm风暴之书\2海之民\侏儒.htm","侏儒.htm",".htm","11605","5 环境和社会\Storm风暴之书\2海之民"
"5 环境和社会\Storm风暴之书\2海之民\半兽人.htm","半兽人.htm",".htm","2760","5 环境和社会\Storm风暴之书\2海之民"
"5 环境和社会\Storm风暴之书\2海之民\半精灵.htm","半精灵.htm",".htm","9280","5 环境和社会\Storm风暴之书\2海之民"
"5 环境和社会\Storm风暴之书\2海之民\半身人.htm","半身人.htm",".htm","10397","5 环境和社会\Storm风暴之书\2海之民"
"5 环境和社会\Storm风暴之书\2海之民\水精灵.htm","水精灵.htm",".htm","25929","5 环境和社会\Storm风暴之书\2海之民"
"5 环境和社会\Storm风暴之书\2海之民\海民身体数据.htm","海民身体数据.htm",".htm","5732","5 环境和社会\Storm风暴之书\2海之民"
"5 环境和社会\Storm风暴之书\2海之民\海洋文化.htm","海洋文化.htm",".htm","2975","5 环境和社会\Storm风暴之书\2海之民"
"5 环境和社会\Storm风暴之书\2海之民\海灵.htm","海灵.htm",".htm","35960","5 环境和社会\Storm风暴之书\2海之民"
"5 环境和社会\Storm风暴之书\2海之民\海生种族.htm","海生种族.htm",".htm","37316","5 环境和社会\Storm风暴之书\2海之民"
"5 环境和社会\Storm风暴之书\2海之民\矮人.htm","矮人.htm",".htm","45619","5 环境和社会\Storm风暴之书\2海之民"
"5 环境和社会\Storm风暴之书\2海之民\精灵.htm","精灵.htm",".htm","3700","5 环境和社会\Storm风暴之书\2海之民"
"5 环境和社会\Storm风暴之书\2海之民\翼猩猩.htm","翼猩猩.htm",".htm","37478","5 环境和社会\Storm风暴之书\2海之民"
"5 环境和社会\Storm风暴之书\2海之民\虎鲸人.htm","虎鲸人.htm",".htm","38470","5 环境和社会\Storm风暴之书\2海之民"
"5 环境和社会\Storm风暴之书\3进阶职业\传奇船长.htm","传奇船长.htm",".htm","47994","5 环境和社会\Storm风暴之书\3进阶职业"
"5 环境和社会\Storm风暴之书\3进阶职业\变体.htm","变体.htm",".htm","44523","5 环境和社会\Storm风暴之书\3进阶职业"
"5 环境和社会\Storm风暴之书\3进阶职业\波涛守护者.htm","波涛守护者.htm",".htm","56135","5 环境和社会\Storm风暴之书\3进阶职业"
"5 环境和社会\Storm风暴之书\3进阶职业\海怪猎手.htm","海怪猎手.htm",".htm","34517","5 环境和社会\Storm风暴之书\3进阶职业"
"5 环境和社会\Storm风暴之书\3进阶职业\海洋巫师.htm","海洋巫师.htm",".htm","56274","5 环境和社会\Storm风暴之书\3进阶职业"
"5 环境和社会\Storm风暴之书\3进阶职业\珍珠骑士.htm","珍珠骑士.htm",".htm","68655","5 环境和社会\Storm风暴之书\3进阶职业"
"5 环境和社会\Storm风暴之书\3进阶职业\血腥海盗.htm","血腥海盗.htm",".htm","88018","5 环境和社会\Storm风暴之书\3进阶职业"
"5 环境和社会\Storm风暴之书\3进阶职业\风暴巫师.htm","风暴巫师.htm",".htm","55257","5 环境和社会\Storm风暴之书\3进阶职业"
"5 环境和社会\Storm风暴之书\4技能专长\航海专长.htm","航海专长.htm",".htm","78396","5 环境和社会\Storm风暴之书\4技能专长"
"5 环境和社会\Storm风暴之书\4技能专长\航海技能.htm","航海技能.htm",".htm","641970","5 环境和社会\Storm风暴之书\4技能专长"
"5 环境和社会\Storm风暴之书\4技能专长\航海角色.htm","航海角色.htm",".htm","23677","5 环境和社会\Storm风暴之书\4技能专长"
"5 环境和社会\Storm风暴之书\5船只装备\个人装备.htm","个人装备.htm",".htm","197542","5 环境和社会\Storm风暴之书\5船只装备"
"5 环境和社会\Storm风暴之书\5船只装备\奇物.html","奇物.html",".html","30877","5 环境和社会\Storm风暴之书\5船只装备"
"5 环境和社会\Storm风暴之书\5船只装备\权杖和法杖.html","权杖和法杖.html",".html","18370","5 环境和社会\Storm风暴之书\5船只装备"
"5 环境和社会\Storm风暴之书\5船只装备\武装与配件.htm","武装与配件.htm",".htm","82810","5 环境和社会\Storm风暴之书\5船只装备"
"5 环境和社会\Storm风暴之书\5船只装备\特殊材料.html","特殊材料.html",".html","19462","5 环境和社会\Storm风暴之书\5船只装备"
"5 环境和社会\Storm风暴之书\5船只装备\船只.htm","船只.htm",".htm","220780","5 环境和社会\Storm风暴之书\5船只装备"
"5 环境和社会\Storm风暴之书\5船只装备\魔法戒指.html","魔法戒指.html",".html","18948","5 环境和社会\Storm风暴之书\5船只装备"
"5 环境和社会\Storm风暴之书\5船只装备\魔法武器.html","魔法武器.html",".html","21530","5 环境和社会\Storm风暴之书\5船只装备"
"5 环境和社会\Storm风暴之书\5船只装备\魔法盔甲.html","魔法盔甲.html",".html","20243","5 环境和社会\Storm风暴之书\5船只装备"
"5 环境和社会\Storm风暴之书\6法术\传奇法术.htm","传奇法术.htm",".htm","66130","5 环境和社会\Storm风暴之书\6法术"
"5 环境和社会\Storm风暴之书\6法术\新法术.htm","新法术.htm",".htm","59824","5 环境和社会\Storm风暴之书\6法术"
"5 环境和社会\Storm风暴之书\6法术\新灵能.htm","新灵能.htm",".htm","30319","5 环境和社会\Storm风暴之书\6法术"
"5 环境和社会\Storm风暴之书\6法术\新领域.htm","新领域.htm",".htm","29133","5 环境和社会\Storm风暴之书\6法术"
"5 环境和社会\Storm风暴之书\6法术\法术详述.htm","法术详述.htm",".htm","620537","5 环境和社会\Storm风暴之书\6法术"
"5 环境和社会\Storm风暴之书\7怪物\两栖生物.htm","两栖生物.htm",".htm","14971","5 环境和社会\Storm风暴之书\7怪物"
"5 环境和社会\Storm风暴之书\7怪物\公牛鱼.htm","公牛鱼.htm",".htm","35233","5 环境和社会\Storm风暴之书\7怪物"
"5 环境和社会\Storm风暴之书\7怪物\凶暴动物.htm","凶暴动物.htm",".htm","67104","5 环境和社会\Storm风暴之书\7怪物"
"5 环境和社会\Storm风暴之书\7怪物\动物.htm","动物.htm",".htm","339666","5 环境和社会\Storm风暴之书\7怪物"
"5 环境和社会\Storm风暴之书\7怪物\变种蟹.htm","变种蟹.htm",".htm","146784","5 环境和社会\Storm风暴之书\7怪物"
"5 环境和社会\Storm风暴之书\7怪物\巨型水蛭.htm","巨型水蛭.htm",".htm","34678","5 环境和社会\Storm风暴之书\7怪物"
"5 环境和社会\Storm风暴之书\7怪物\恐龙.htm","恐龙.htm",".htm","130174","5 环境和社会\Storm风暴之书\7怪物"
"5 环境和社会\Storm风暴之书\7怪物\斯库拉怪.htm","斯库拉怪.htm",".htm","42519","5 环境和社会\Storm风暴之书\7怪物"
"5 环境和社会\Storm风暴之书\7怪物\新生物和召唤法术.htm","新生物和召唤法术.htm",".htm","74617","5 环境和社会\Storm风暴之书\7怪物"
"5 环境和社会\Storm风暴之书\7怪物\海中仙女.htm","海中仙女.htm",".htm","49425","5 环境和社会\Storm风暴之书\7怪物"
"5 环境和社会\Storm风暴之书\7怪物\海狼.htm","海狼.htm",".htm","40113","5 环境和社会\Storm风暴之书\7怪物"
"5 环境和社会\Storm风暴之书\7怪物\海胆罗斯魔.htm","海胆罗斯魔.htm",".htm","44038","5 环境和社会\Storm风暴之书\7怪物"
"5 环境和社会\Storm风暴之书\7怪物\海马.htm","海马.htm",".htm","37038","5 环境和社会\Storm风暴之书\7怪物"
"5 环境和社会\Storm风暴之书\7怪物\深渊唤者.htm","深渊唤者.htm",".htm","39966","5 环境和社会\Storm风暴之书\7怪物"
"5 环境和社会\Storm风暴之书\7怪物\珊瑚魔像.htm","珊瑚魔像.htm",".htm","39332","5 环境和社会\Storm风暴之书\7怪物"
"5 环境和社会\Storm风暴之书\7怪物\西斯塔.htm","西斯塔.htm",".htm","39340","5 环境和社会\Storm风暴之书\7怪物"
"5 环境和社会\Storm风暴之书\7怪物\适应水生生活的虫类和动物.htm","适应水生生活的虫类和动物.htm",".htm","28227","5 环境和社会\Storm风暴之书\7怪物"
"5 环境和社会\Storm风暴之书\7怪物\锤爪.htm","锤爪.htm",".htm","39416","5 环境和社会\Storm风暴之书\7怪物"
"5 环境和社会\Storm风暴之书\7怪物\集群.htm","集群.htm",".htm","98360","5 环境和社会\Storm风暴之书\7怪物"
"5 环境和社会\Storm风暴之书\7怪物\鳗线怪.htm","鳗线怪.htm",".htm","46070","5 环境和社会\Storm风暴之书\7怪物"
"5 环境和社会\Storm风暴之书\7怪物\黏液甲伏怪.htm","黏液甲伏怪.htm",".htm","38563","5 环境和社会\Storm风暴之书\7怪物"
"5 环境和社会\Storm风暴之书\7怪物\黑鳐.htm","黑鳐.htm",".htm","39793","5 环境和社会\Storm风暴之书\7怪物"
"6 种族书\DotU幽域卓尔\Dotu.jpg","Dotu.jpg",".jpg","241751","6 种族书\DotU幽域卓尔"
"6 种族书\DotU幽域卓尔\封面.htm","封面.htm",".htm","1853","6 种族书\DotU幽域卓尔"
"6 种族书\DotU幽域卓尔\边栏.html","边栏.html",".html","22346","6 种族书\DotU幽域卓尔"
"6 种族书\DotU幽域卓尔\附录.html","附录.html",".html","26845","6 种族书\DotU幽域卓尔"
"6 种族书\DotU幽域卓尔\卓尔的生活\与其他种族关系.htm","与其他种族关系.htm",".htm","24123","6 种族书\DotU幽域卓尔\卓尔的生活"
"6 种族书\DotU幽域卓尔\卓尔的生活\卓尔的战术.htm","卓尔的战术.htm",".htm","23228","6 种族书\DotU幽域卓尔\卓尔的生活"
"6 种族书\DotU幽域卓尔\卓尔的生活\卓尔的生活.htm","卓尔的生活.htm",".htm","45174","6 种族书\DotU幽域卓尔\卓尔的生活"
"6 种族书\DotU幽域卓尔\卓尔的生活\历史和传说.htm","历史和传说.htm",".htm","123930","6 种族书\DotU幽域卓尔\卓尔的生活"
"6 种族书\DotU幽域卓尔\卓尔的生活\外观.htm","外观.htm",".htm","24328","6 种族书\DotU幽域卓尔\卓尔的生活"
"6 种族书\DotU幽域卓尔\卓尔的生活\定居点.htm","定居点.htm",".htm","12856","6 种族书\DotU幽域卓尔\卓尔的生活"
"6 种族书\DotU幽域卓尔\卓尔的生活\语言.htm","语言.htm",".htm","429480","6 种族书\DotU幽域卓尔\卓尔的生活"
"6 种族书\DotU幽域卓尔\卓尔的选择\专长.htm","专长.htm",".htm","39083","6 种族书\DotU幽域卓尔\卓尔的选择"
"6 种族书\DotU幽域卓尔\卓尔的选择\卓尔的选择.htm","卓尔的选择.htm",".htm","3084","6 种族书\DotU幽域卓尔\卓尔的选择"
"6 种族书\DotU幽域卓尔\卓尔的选择\技能用法.htm","技能用法.htm",".htm","69788","6 种族书\DotU幽域卓尔\卓尔的选择"
"6 种族书\DotU幽域卓尔\卓尔的选择\替代职业特性.htm","替代职业特性.htm",".htm","12901","6 种族书\DotU幽域卓尔\卓尔的选择"
"6 种族书\DotU幽域卓尔\卓尔的选择\魔法.htm","魔法.htm",".htm","92852","6 种族书\DotU幽域卓尔\卓尔的选择"
"6 种族书\DotU幽域卓尔\卓尔装备\冒险装备.htm","冒险装备.htm",".htm","44239","6 种族书\DotU幽域卓尔\卓尔装备"
"6 种族书\DotU幽域卓尔\卓尔装备\奇物.htm","奇物.htm",".htm","264190","6 种族书\DotU幽域卓尔\卓尔装备"
"6 种族书\DotU幽域卓尔\卓尔装备\护甲与盾牌附魔.htm","护甲与盾牌附魔.htm",".htm","75265","6 种族书\DotU幽域卓尔\卓尔装备"
"6 种族书\DotU幽域卓尔\卓尔装备\武器附魔.htm","武器附魔.htm",".htm","76433","6 种族书\DotU幽域卓尔\卓尔装备"
"6 种族书\DotU幽域卓尔\卓尔装备\炼金物品.htm","炼金物品.htm",".htm","91985","6 种族书\DotU幽域卓尔\卓尔装备"
"6 种族书\DotU幽域卓尔\进阶职业\弑亲者.htm","弑亲者.htm",".htm","30699","6 种族书\DotU幽域卓尔\进阶职业"
"6 种族书\DotU幽域卓尔\进阶职业\穴伏者.htm","穴伏者.htm",".htm","124352","6 种族书\DotU幽域卓尔\进阶职业"
"6 种族书\DotU幽域卓尔\进阶职业\织法者.htm","织法者.htm",".htm","110798","6 种族书\DotU幽域卓尔\进阶职业"
"6 种族书\DotU幽域卓尔\进阶职业\缚魔师.htm","缚魔师.htm",".htm","133018","6 种族书\DotU幽域卓尔\进阶职业"
"6 种族书\DotU幽域卓尔\进阶职业\罗丝之牙.htm","罗丝之牙.htm",".htm","86537","6 种族书\DotU幽域卓尔\进阶职业"
"6 种族书\DotU幽域卓尔\进阶职业\罗丝之眼.htm","罗丝之眼.htm",".htm","110035","6 种族书\DotU幽域卓尔\进阶职业"
"6 种族书\DotU幽域卓尔\进阶职业\阴暗腐化者.htm","阴暗腐化者.htm",".htm","65347","6 种族书\DotU幽域卓尔\进阶职业"
"6 种族书\Dra巨龙之书\前言.htm","前言.htm",".htm","13013","6 种族书\Dra巨龙之书"
"6 种族书\Dra巨龙之书\封面.htm","封面.htm",".htm","1777","6 种族书\Dra巨龙之书"
"6 种族书\Dra巨龙之书\封面.jpg","封面.jpg",".jpg","61927","6 种族书\Dra巨龙之书"
"6 种族书\Dra巨龙之书\龙的肌肉系统.jpg","龙的肌肉系统.jpg",".jpg","39760","6 种族书\Dra巨龙之书"
"6 种族书\Dra巨龙之书\1\关于龙的一切.htm","关于龙的一切.htm",".htm","5381","6 种族书\Dra巨龙之书\1"
"6 种族书\Dra巨龙之书\1\其它移动模式.htm","其它移动模式.htm",".htm","6225","6 种族书\Dra巨龙之书\1"
"6 种族书\Dra巨龙之书\1\宗教.htm","宗教.htm",".htm","69867","6 种族书\Dra巨龙之书\1"
"6 种族书\Dra巨龙之书\1\战斗能力.htm","战斗能力.htm",".htm","17224","6 种族书\Dra巨龙之书\1"
"6 种族书\Dra巨龙之书\1\白龙.htm","白龙.htm",".htm","82789","6 种族书\Dra巨龙之书\1"
"6 种族书\Dra巨龙之书\1\瞳孔.jpg","瞳孔.jpg",".jpg","47834","6 种族书\Dra巨龙之书\1"
"6 种族书\Dra巨龙之书\1\红龙.htm","红龙.htm",".htm","74939","6 种族书\Dra巨龙之书\1"
"6 种族书\Dra巨龙之书\1\绿龙.htm","绿龙.htm",".htm","61050","6 种族书\Dra巨龙之书\1"
"6 种族书\Dra巨龙之书\1\肌腱.jpg","肌腱.jpg",".jpg","27196","6 种族书\Dra巨龙之书\1"
"6 种族书\Dra巨龙之书\1\蓝龙.htm","蓝龙.htm",".htm","66151","6 种族书\Dra巨龙之书\1"
"6 种族书\Dra巨龙之书\1\观点与心理.htm","观点与心理.htm",".htm","8438","6 种族书\Dra巨龙之书\1"
"6 种族书\Dra巨龙之书\1\语言.htm","语言.htm",".htm","400009","6 种族书\Dra巨龙之书\1"
"6 种族书\Dra巨龙之书\1\赤铜龙.htm","赤铜龙.htm",".htm","77249","6 种族书\Dra巨龙之书\1"
"6 种族书\Dra巨龙之书\1\金龙.htm","金龙.htm",".htm","73920","6 种族书\Dra巨龙之书\1"
"6 种族书\Dra巨龙之书\1\银龙.htm","银龙.htm",".htm","79110","6 种族书\Dra巨龙之书\1"
"6 种族书\Dra巨龙之书\1\青铜龙.htm","青铜龙.htm",".htm","70594","6 种族书\Dra巨龙之书\1"
"6 种族书\Dra巨龙之书\1\飞行.htm","飞行.htm",".htm","9737","6 种族书\Dra巨龙之书\1"
"6 种族书\Dra巨龙之书\1\骨架.jpg","骨架.jpg",".jpg","70255","6 种族书\Dra巨龙之书\1"
"6 种族书\Dra巨龙之书\1\黄铜龙.htm","黄铜龙.htm",".htm","84021","6 种族书\Dra巨龙之书\1"
"6 种族书\Dra巨龙之书\1\黑龙.htm","黑龙.htm",".htm","68405","6 种族书\Dra巨龙之书\1"
"6 种族书\Dra巨龙之书\1\龙的分类.htm","龙的分类.htm",".htm","9652","6 种族书\Dra巨龙之书\1"
"6 种族书\Dra巨龙之书\1\龙的弱点.htm","龙的弱点.htm",".htm","3497","6 种族书\Dra巨龙之书\1"
"6 种族书\Dra巨龙之书\1\龙的感官.htm","龙的感官.htm",".htm","8481","6 种族书\Dra巨龙之书\1"
"6 种族书\Dra巨龙之书\1\龙的生命周期.htm","龙的生命周期.htm",".htm","116003","6 种族书\Dra巨龙之书\1"
"6 种族书\Dra巨龙之书\1\龙的社会.htm","龙的社会.htm",".htm","22128","6 种族书\Dra巨龙之书\1"
"6 种族书\Dra巨龙之书\1\龙的身体.htm","龙的身体.htm",".htm","34117","6 种族书\Dra巨龙之书\1"
"6 种族书\Dra巨龙之书\1\龙类生理学.htm","龙类生理学.htm",".htm","5269","6 种族书\Dra巨龙之书\1"
"6 种族书\Dra巨龙之书\2\1.jpg","1.jpg",".jpg","72201","6 种族书\Dra巨龙之书\2"
"6 种族书\Dra巨龙之书\2\2.jpg","2.jpg",".jpg","37877","6 种族书\Dra巨龙之书\2"
"6 种族书\Dra巨龙之书\2\3.jpg","3.jpg",".jpg","47914","6 种族书\Dra巨龙之书\2"
"6 种族书\Dra巨龙之书\2\4.jpg","4.jpg",".jpg","78201","6 种族书\Dra巨龙之书\2"
"6 种族书\Dra巨龙之书\2\DM的龙类指南.htm","DM的龙类指南.htm",".htm","5356","6 种族书\Dra巨龙之书\2"
"6 种族书\Dra巨龙之书\2\专长描述.htm","专长描述.htm",".htm","87657","6 种族书\Dra巨龙之书\2"
"6 种族书\Dra巨龙之书\2\元素大师.htm","元素大师.htm",".htm","154550","6 种族书\Dra巨龙之书\2"
"6 种族书\Dra巨龙之书\2\巴哈姆特的神圣守望者.htm","巴哈姆特的神圣守望者.htm",".htm","74677","6 种族书\Dra巨龙之书\2"
"6 种族书\Dra巨龙之书\2\库罗尼普斯的冷静观察者.htm","库罗尼普斯的冷静观察者.htm",".htm","74547","6 种族书\Dra巨龙之书\2"
"6 种族书\Dra巨龙之书\2\战役中的龙.htm","战役中的龙.htm",".htm","63694","6 种族书\Dra巨龙之书\2"
"6 种族书\Dra巨龙之书\2\提亚马特的亵渎破坏者.htm","提亚马特的亵渎破坏者.htm",".htm","73366","6 种族书\Dra巨龙之书\2"
"6 种族书\Dra巨龙之书\2\新建主题.htm","新建主题.htm",".htm","55763","6 种族书\Dra巨龙之书\2"
"6 种族书\Dra巨龙之书\2\法术描述.htm","法术描述.htm",".htm","33586","6 种族书\Dra巨龙之书\2"
"6 种族书\Dra巨龙之书\2\血鳞狂暴.htm","血鳞狂暴.htm",".htm","55902","6 种族书\Dra巨龙之书\2"
"6 种族书\Dra巨龙之书\2\运行龙类遭遇.htm","运行龙类遭遇.htm",".htm","53908","6 种族书\Dra巨龙之书\2"
"6 种族书\Dra巨龙之书\2\进阶龙.htm","进阶龙.htm",".htm","16067","6 种族书\Dra巨龙之书\2"
"6 种族书\Dra巨龙之书\2\阿莎德隆的信徒.htm","阿莎德隆的信徒.htm",".htm","66775","6 种族书\Dra巨龙之书\2"
"6 种族书\Dra巨龙之书\2\雕皮之龙.htm","雕皮之龙.htm",".htm","58266","6 种族书\Dra巨龙之书\2"
"6 种族书\Dra巨龙之书\2\龙的专长.htm","龙的专长.htm",".htm","118952","6 种族书\Dra巨龙之书\2"
"6 种族书\Dra巨龙之书\2\龙的法术.htm","龙的法术.htm",".htm","8281","6 种族书\Dra巨龙之书\2"
"6 种族书\Dra巨龙之书\2\龙的进阶职业.htm","龙的进阶职业.htm",".htm","3403","6 种族书\Dra巨龙之书\2"
"6 种族书\Dra巨龙之书\2\龙的魔法物品.htm","龙的魔法物品.htm",".htm","74048","6 种族书\Dra巨龙之书\2"
"6 种族书\Dra巨龙之书\3\与龙战斗.htm","与龙战斗.htm",".htm","9332","6 种族书\Dra巨龙之书\3"
"6 种族书\Dra巨龙之书\3\专长.htm","专长.htm",".htm","91940","6 种族书\Dra巨龙之书\3"
"6 种族书\Dra巨龙之书\3\作为玩家角色的龙.htm","作为玩家角色的龙.htm",".htm","706526","6 种族书\Dra巨龙之书\3"
"6 种族书\Dra巨龙之书\3\宝库窃贼.htm","宝库窃贼.htm",".htm","111651","6 种族书\Dra巨龙之书\3"
"6 种族书\Dra巨龙之书\3\屠龙者.htm","屠龙者.htm",".htm","77323","6 种族书\Dra巨龙之书\3"
"6 种族书\Dra巨龙之书\3\提亚马特之爪.htm","提亚马特之爪.htm",".htm","63880","6 种族书\Dra巨龙之书\3"
"6 种族书\Dra巨龙之书\3\新建主题.htm","新建主题.htm",".htm","135611","6 种族书\Dra巨龙之书\3"
"6 种族书\Dra巨龙之书\3\新法术.htm","新法术.htm",".htm","18195","6 种族书\Dra巨龙之书\3"
"6 种族书\Dra巨龙之书\3\法术描述.htm","法术描述.htm",".htm","46329","6 种族书\Dra巨龙之书\3"
"6 种族书\Dra巨龙之书\3\玩家的视角.htm","玩家的视角.htm",".htm","5915","6 种族书\Dra巨龙之书\3"
"6 种族书\Dra巨龙之书\3\白金骑士.htm","白金骑士.htm",".htm","61506","6 种族书\Dra巨龙之书\3"
"6 种族书\Dra巨龙之书\3\进阶职业.htm","进阶职业.htm",".htm","1957","6 种族书\Dra巨龙之书\3"
"6 种族书\Dra巨龙之书\3\队伍里的龙.htm","队伍里的龙.htm",".htm","496422","6 种族书\Dra巨龙之书\3"
"6 种族书\Dra巨龙之书\3\魔法物品.htm","魔法物品.htm",".htm","71066","6 种族书\Dra巨龙之书\3"
"6 种族书\Dra巨龙之书\3\龙之邻.htm","龙之邻.htm",".htm","71958","6 种族书\Dra巨龙之书\3"
"6 种族书\Dra巨龙之书\3\龙歌诗人.htm","龙歌诗人.htm",".htm","46593","6 种族书\Dra巨龙之书\3"
"6 种族书\Dra巨龙之书\3\龙皮甲.htm","龙皮甲.htm",".htm","35077","6 种族书\Dra巨龙之书\3"
"6 种族书\Dra巨龙之书\3\龙神眷者.htm","龙神眷者.htm",".htm","51834","6 种族书\Dra巨龙之书\3"
"6 种族书\Dra巨龙之书\3\龙秘入门者.htm","龙秘入门者.htm",".htm","55437","6 种族书\Dra巨龙之书\3"
"6 种族书\Dra巨龙之书\3\龙类手工艺品.htm","龙类手工艺品.htm",".htm","39023","6 种族书\Dra巨龙之书\3"
"6 种族书\Dra巨龙之书\3\龙骑士.htm","龙骑士.htm",".htm","35935","6 种族书\Dra巨龙之书\3"
"6 种族书\Dra巨龙之书\4\以太龙.htm","以太龙.htm",".htm","263735","6 种族书\Dra巨龙之书\4"
"6 种族书\Dra巨龙之书\4\位面龙.htm","位面龙.htm",".htm","3637","6 种族书\Dra巨龙之书\4"
"6 种族书\Dra巨龙之书\4\僵尸龙.htm","僵尸龙.htm",".htm","12169","6 种族书\Dra巨龙之书\4"
"6 种族书\Dra巨龙之书\4\元素龙兽.htm","元素龙兽.htm",".htm","281012","6 种族书\Dra巨龙之书\4"
"6 种族书\Dra巨龙之书\4\光耀龙.htm","光耀龙.htm",".htm","267077","6 种族书\Dra巨龙之书\4"
"6 种族书\Dra巨龙之书\4\冥河龙.htm","冥河龙.htm",".htm","266122","6 种族书\Dra巨龙之书\4"
"6 种族书\Dra巨龙之书\4\半龙.htm","半龙.htm",".htm","82536","6 种族书\Dra巨龙之书\4"
"6 种族书\Dra巨龙之书\4\吸血龙.htm","吸血龙.htm",".htm","18857","6 种族书\Dra巨龙之书\4"
"6 种族书\Dra巨龙之书\4\嚎叫龙.htm","嚎叫龙.htm",".htm","251947","6 种族书\Dra巨龙之书\4"
"6 种族书\Dra巨龙之书\4\妖精龙.htm","妖精龙.htm",".htm","8556","6 种族书\Dra巨龙之书\4"
"6 种族书\Dra巨龙之书\4\宝库圣甲虫.htm","宝库圣甲虫.htm",".htm","91231","6 种族书\Dra巨龙之书\4"
"6 种族书\Dra巨龙之书\4\尖刺无翼龙.htm","尖刺无翼龙.htm",".htm","25690","6 种族书\Dra巨龙之书\4"
"6 种族书\Dra巨龙之书\4\幽灵龙.htm","幽灵龙.htm",".htm","92752","6 种族书\Dra巨龙之书\4"
"6 种族书\Dra巨龙之书\4\影龙.htm","影龙.htm",".htm","233250","6 种族书\Dra巨龙之书\4"
"6 种族书\Dra巨龙之书\4\怪物.htm","怪物.htm",".htm","5237","6 种族书\Dra巨龙之书\4"
"6 种族书\Dra巨龙之书\4\战龙.htm","战龙.htm",".htm","268272","6 种族书\Dra巨龙之书\4"
"6 种族书\Dra巨龙之书\4\有鳞呕吐者.htm","有鳞呕吐者.htm",".htm","8869","6 种族书\Dra巨龙之书\4"
"6 种族书\Dra巨龙之书\4\永罚龙.htm","永罚龙.htm",".htm","261056","6 种族书\Dra巨龙之书\4"
"6 种族书\Dra巨龙之书\4\海神龙.htm","海神龙.htm",".htm","222330","6 种族书\Dra巨龙之书\4"
"6 种族书\Dra巨龙之书\4\深渊龙兽.htm","深渊龙兽.htm",".htm","10746","6 种族书\Dra巨龙之书\4"
"6 种族书\Dra巨龙之书\4\混沌龙.htm","混沌龙.htm",".htm","260886","6 种族书\Dra巨龙之书\4"
"6 种族书\Dra巨龙之书\4\火屑龙.htm","火屑龙.htm",".htm","223319","6 种族书\Dra巨龙之书\4"
"6 种族书\Dra巨龙之书\4\牙龙.htm","牙龙.htm",".htm","249601","6 种族书\Dra巨龙之书\4"
"6 种族书\Dra巨龙之书\4\锈蚀龙.htm","锈蚀龙.htm",".htm","281227","6 种族书\Dra巨龙之书\4"
"6 种族书\Dra巨龙之书\4\陆行龙.htm","陆行龙.htm",".htm","334523","6 种族书\Dra巨龙之书\4"
"6 种族书\Dra巨龙之书\4\风暴龙兽.htm","风暴龙兽.htm",".htm","9156","6 种族书\Dra巨龙之书\4"
"6 种族书\Dra巨龙之书\4\骷髅龙.htm","骷髅龙.htm",".htm","23729","6 种族书\Dra巨龙之书\4"
"6 种族书\Dra巨龙之书\4\魔像.htm","魔像.htm",".htm","21810","6 种族书\Dra巨龙之书\4"
"6 种族书\Dra巨龙之书\4\龙人.htm","龙人.htm",".htm","9262","6 种族书\Dra巨龙之书\4"
"6 种族书\Dra巨龙之书\4\龙巫妖.htm","龙巫妖.htm",".htm","20122","6 种族书\Dra巨龙之书\4"
"6 种族书\Dra巨龙之书\4\龙羚.htm","龙羚.htm",".htm","8095","6 种族书\Dra巨龙之书\4"
"6 种族书\Dra巨龙之书\4\龙脉生物.htm","龙脉生物.htm",".htm","28991","6 种族书\Dra巨龙之书\4"
"6 种族书\Dra巨龙之书\4\插图\以太龙.jpg","以太龙.jpg",".jpg","17227","6 种族书\Dra巨龙之书\4\插图"
"6 种族书\Dra巨龙之书\4\插图\僵尸龙.jpg","僵尸龙.jpg",".jpg","44616","6 种族书\Dra巨龙之书\4\插图"
"6 种族书\Dra巨龙之书\4\插图\元素龙兽1.jpg","元素龙兽1.jpg",".jpg","78609","6 种族书\Dra巨龙之书\4\插图"
"6 种族书\Dra巨龙之书\4\插图\元素龙兽2.jpg","元素龙兽2.jpg",".jpg","38115","6 种族书\Dra巨龙之书\4\插图"
"6 种族书\Dra巨龙之书\4\插图\光耀龙.jpg","光耀龙.jpg",".jpg","33666","6 种族书\Dra巨龙之书\4\插图"
"6 种族书\Dra巨龙之书\4\插图\冥河龙.jpg","冥河龙.jpg",".jpg","84257","6 种族书\Dra巨龙之书\4\插图"
"6 种族书\Dra巨龙之书\4\插图\吸血龙.jpg","吸血龙.jpg",".jpg","23365","6 种族书\Dra巨龙之书\4\插图"
"6 种族书\Dra巨龙之书\4\插图\嚎叫龙.jpg","嚎叫龙.jpg",".jpg","30590","6 种族书\Dra巨龙之书\4\插图"
"6 种族书\Dra巨龙之书\4\插图\妖精龙.jpg","妖精龙.jpg",".jpg","60323","6 种族书\Dra巨龙之书\4\插图"
"6 种族书\Dra巨龙之书\4\插图\宝库圣甲虫.jpg","宝库圣甲虫.jpg",".jpg","27621","6 种族书\Dra巨龙之书\4\插图"
"6 种族书\Dra巨龙之书\4\插图\尖刺无翼龙.jpg","尖刺无翼龙.jpg",".jpg","17625","6 种族书\Dra巨龙之书\4\插图"
"6 种族书\Dra巨龙之书\4\插图\幽灵龙.jpg","幽灵龙.jpg",".jpg","62374","6 种族书\Dra巨龙之书\4\插图"
"6 种族书\Dra巨龙之书\4\插图\影龙.jpg","影龙.jpg",".jpg","45471","6 种族书\Dra巨龙之书\4\插图"
"6 种族书\Dra巨龙之书\4\插图\战龙.jpg","战龙.jpg",".jpg","25925","6 种族书\Dra巨龙之书\4\插图"
"6 种族书\Dra巨龙之书\4\插图\有鳞呕吐者.jpg","有鳞呕吐者.jpg",".jpg","300002","6 种族书\Dra巨龙之书\4\插图"
"6 种族书\Dra巨龙之书\4\插图\永罚龙.jpg","永罚龙.jpg",".jpg","25676","6 种族书\Dra巨龙之书\4\插图"
"6 种族书\Dra巨龙之书\4\插图\海神龙.jpg","海神龙.jpg",".jpg","26642","6 种族书\Dra巨龙之书\4\插图"
"6 种族书\Dra巨龙之书\4\插图\深渊龙兽.jpg","深渊龙兽.jpg",".jpg","74105","6 种族书\Dra巨龙之书\4\插图"
"6 种族书\Dra巨龙之书\4\插图\混沌龙.jpg","混沌龙.jpg",".jpg","30403","6 种族书\Dra巨龙之书\4\插图"
"6 种族书\Dra巨龙之书\4\插图\火屑龙.jpg","火屑龙.jpg",".jpg","18691","6 种族书\Dra巨龙之书\4\插图"
"6 种族书\Dra巨龙之书\4\插图\牙龙.jpg","牙龙.jpg",".jpg","42435","6 种族书\Dra巨龙之书\4\插图"
"6 种族书\Dra巨龙之书\4\插图\锈蚀龙.jpg","锈蚀龙.jpg",".jpg","31148","6 种族书\Dra巨龙之书\4\插图"
"6 种族书\Dra巨龙之书\4\插图\陆行龙1.jpg","陆行龙1.jpg",".jpg","96801","6 种族书\Dra巨龙之书\4\插图"
"6 种族书\Dra巨龙之书\4\插图\陆行龙2.jpg","陆行龙2.jpg",".jpg","36882","6 种族书\Dra巨龙之书\4\插图"
"6 种族书\Dra巨龙之书\4\插图\陆行龙3.jpg","陆行龙3.jpg",".jpg","49413","6 种族书\Dra巨龙之书\4\插图"
"6 种族书\Dra巨龙之书\4\插图\风暴龙兽.jpg","风暴龙兽.jpg",".jpg","21983","6 种族书\Dra巨龙之书\4\插图"
"6 种族书\Dra巨龙之书\4\插图\骷髅龙.jpg","骷髅龙.jpg",".jpg","21042","6 种族书\Dra巨龙之书\4\插图"
"6 种族书\Dra巨龙之书\4\插图\魔像.jpg","魔像.jpg",".jpg","44598","6 种族书\Dra巨龙之书\4\插图"
"6 种族书\Dra巨龙之书\4\插图\龙人.jpg","龙人.jpg",".jpg","87274","6 种族书\Dra巨龙之书\4\插图"
"6 种族书\Dra巨龙之书\4\插图\龙巫妖.jpg","龙巫妖.jpg",".jpg","33108","6 种族书\Dra巨龙之书\4\插图"
"6 种族书\Dra巨龙之书\4\插图\龙羚.jpg","龙羚.jpg",".jpg","18696","6 种族书\Dra巨龙之书\4\插图"
"6 种族书\Dra巨龙之书\4\插图\龙脉火巨人.jpg","龙脉火巨人.jpg",".jpg","18057","6 种族书\Dra巨龙之书\4\插图"
"6 种族书\Dra巨龙之书\4\插图\巨龙\白龙3.jpg","白龙3.jpg",".jpg","52717","6 种族书\Dra巨龙之书\4\插图\巨龙"
"6 种族书\Dra巨龙之书\4\插图\巨龙\红龙.jpg","红龙.jpg",".jpg","201493","6 种族书\Dra巨龙之书\4\插图\巨龙"
"6 种族书\Dra巨龙之书\4\插图\巨龙\绿龙2.jpg","绿龙2.jpg",".jpg","207256","6 种族书\Dra巨龙之书\4\插图\巨龙"
"6 种族书\Dra巨龙之书\4\插图\巨龙\蓝龙2.jpg","蓝龙2.jpg",".jpg","221592","6 种族书\Dra巨龙之书\4\插图\巨龙"
"6 种族书\Dra巨龙之书\4\插图\巨龙\赤铜龙.jpeg","赤铜龙.jpeg",".jpeg","362239","6 种族书\Dra巨龙之书\4\插图\巨龙"
"6 种族书\Dra巨龙之书\4\插图\巨龙\金龙1.jpg","金龙1.jpg",".jpg","323096","6 种族书\Dra巨龙之书\4\插图\巨龙"
"6 种族书\Dra巨龙之书\4\插图\巨龙\银龙3.jpg","银龙3.jpg",".jpg","197587","6 种族书\Dra巨龙之书\4\插图\巨龙"
"6 种族书\Dra巨龙之书\4\插图\巨龙\青铜龙.jpeg","青铜龙.jpeg",".jpeg","482790","6 种族书\Dra巨龙之书\4\插图\巨龙"
"6 种族书\Dra巨龙之书\4\插图\巨龙\黄铜龙.jpeg","黄铜龙.jpeg",".jpeg","429126","6 种族书\Dra巨龙之书\4\插图\巨龙"
"6 种族书\Dra巨龙之书\4\插图\巨龙\黑龙.jpg","黑龙.jpg",".jpg","52682","6 种族书\Dra巨龙之书\4\插图\巨龙"
"6 种族书\DrM龙之魔力\引子.htm","引子.htm",".htm","19554","6 种族书\DrM龙之魔力"
"6 种族书\DrM龙之魔力\龙之魔力（DrM）.htm","龙之魔力（DrM）.htm",".htm","4672","6 种族书\DrM龙之魔力"
"6 种族书\DrM龙之魔力\第一章\专长.htm","专长.htm",".htm","19389","6 种族书\DrM龙之魔力\第一章"
"6 种族书\DrM龙之魔力\第一章\专长说明.htm","专长说明.htm",".htm","180455","6 种族书\DrM龙之魔力\第一章"
"6 种族书\DrM龙之魔力\第一章\种族.htm","种族.htm",".htm","104800","6 种族书\DrM龙之魔力\第一章"
"6 种族书\DrM龙之魔力\第一章\第一章：龙界英雄.htm","第一章：龙界英雄.htm",".htm","10320","6 种族书\DrM龙之魔力\第一章"
"6 种族书\DrM龙之魔力\第一章\职业特性.htm","职业特性.htm",".htm","137035","6 种族书\DrM龙之魔力\第一章"
"6 种族书\DrM龙之魔力\第一章\种族.files\image004.jpg","image004.jpg",".jpg","35343","6 种族书\DrM龙之魔力\第一章\种族.files"
"6 种族书\DrM龙之魔力\第一章\种族.files\image006.jpg","image006.jpg",".jpg","40335","6 种族书\DrM龙之魔力\第一章\种族.files"
"6 种族书\DrM龙之魔力\第一章\种族.files\image008.jpg","image008.jpg",".jpg","93300","6 种族书\DrM龙之魔力\第一章\种族.files"
"6 种族书\DrM龙之魔力\第一章\种族.files\image009.jpg","image009.jpg",".jpg","46638","6 种族书\DrM龙之魔力\第一章\种族.files"
"6 种族书\DrM龙之魔力\第三章\传古装备.htm","传古装备.htm",".htm","131282","6 种族书\DrM龙之魔力\第三章"
"6 种族书\DrM龙之魔力\第三章\喷吐.htm","喷吐.htm",".htm","59852","6 种族书\DrM龙之魔力\第三章"
"6 种族书\DrM龙之魔力\第三章\团队之魂_.htm","团队之魂_.htm",".htm","36121","6 种族书\DrM龙之魔力\第三章"
"6 种族书\DrM龙之魔力\第三章\契灵.htm","契灵.htm",".htm","23698","6 种族书\DrM龙之魔力\第三章"
"6 种族书\DrM龙之魔力\第三章\异能.htm","异能.htm",".htm","98323","6 种族书\DrM龙之魔力\第三章"
"6 种族书\DrM龙之魔力\第三章\新法术.htm","新法术.htm",".htm","248483","6 种族书\DrM龙之魔力\第三章"
"6 种族书\DrM龙之魔力\第三章\法术描述.htm","法术描述.htm",".htm","631492","6 种族书\DrM龙之魔力\第三章"
"6 种族书\DrM龙之魔力\第三章\符咒龙鳞.htm","符咒龙鳞.htm",".htm","406191","6 种族书\DrM龙之魔力\第三章"
"6 种族书\DrM龙之魔力\第三章\邪术师邪术_.htm","邪术师邪术_.htm",".htm","55673","6 种族书\DrM龙之魔力\第三章"
"6 种族书\DrM龙之魔力\第三章\魔法物品_.htm","魔法物品_.htm",".htm","253517","6 种族书\DrM龙之魔力\第三章"
"6 种族书\DrM龙之魔力\第三章\龙之光环.htm","龙之光环.htm",".htm","49405","6 种族书\DrM龙之魔力\第三章"
"6 种族书\DrM龙之魔力\第三章\龙之契约.htm","龙之契约.htm",".htm","458478","6 种族书\DrM龙之魔力\第三章"
"6 种族书\DrM龙之魔力\第三章\龙之邪术.htm","龙之邪术.htm",".htm","195846","6 种族书\DrM龙之魔力\第三章"
"6 种族书\DrM龙之魔力\第三章\龙的魔力.htm","龙的魔力.htm",".htm","12141","6 种族书\DrM龙之魔力\第三章"
"6 种族书\DrM龙之魔力\第三章\龙类灵魂融合.htm","龙类灵魂融合.htm",".htm","93855","6 种族书\DrM龙之魔力\第三章"
"6 种族书\DrM龙之魔力\第三章\传古装备.files\image003.jpg","image003.jpg",".jpg","20750","6 种族书\DrM龙之魔力\第三章\传古装备.files"
"6 种族书\DrM龙之魔力\第三章\喷吐.files\image001.jpg","image001.jpg",".jpg","16064","6 种族书\DrM龙之魔力\第三章\喷吐.files"
"6 种族书\DrM龙之魔力\第二章\立志成龙.htm","立志成龙.htm",".htm","13207","6 种族书\DrM龙之魔力\第二章"
"6 种族书\DrM龙之魔力\第二章\迅捷之翼.htm","迅捷之翼.htm",".htm","196364","6 种族书\DrM龙之魔力\第二章"
"6 种族书\DrM龙之魔力\第二章\钻石龙.htm","钻石龙.htm",".htm","172558","6 种族书\DrM龙之魔力\第二章"
"6 种族书\DrM龙之魔力\第二章\龙之后裔.htm","龙之后裔.htm",".htm","223735","6 种族书\DrM龙之魔力\第二章"
"6 种族书\DrM龙之魔力\第二章\龙之法师.htm","龙之法师.htm",".htm","175738","6 种族书\DrM龙之魔力\第二章"
"6 种族书\DrM龙之魔力\第二章\龙之统领.htm","龙之统领.htm",".htm","167526","6 种族书\DrM龙之魔力\第二章"
"6 种族书\DrM龙之魔力\第二章\龙师之手.htm","龙师之手.htm",".htm","158277","6 种族书\DrM龙之魔力\第二章"
"6 种族书\DrM龙之魔力\第二章\龙火达人.htm","龙火达人.htm",".htm","341397","6 种族书\DrM龙之魔力\第二章"
"6 种族书\DrM龙之魔力\第二章\龙约术士.htm","龙约术士.htm",".htm","155822","6 种族书\DrM龙之魔力\第二章"
"6 种族书\DrM龙之魔力\第二章\迅捷之翼.files\image002.jpg","image002.jpg",".jpg","24400","6 种族书\DrM龙之魔力\第二章\迅捷之翼.files"
"6 种族书\DrM龙之魔力\第二章\钻石龙.files\image002.jpg","image002.jpg",".jpg","17740","6 种族书\DrM龙之魔力\第二章\钻石龙.files"
"6 种族书\DrM龙之魔力\第二章\龙之后裔.files\image003.jpg","image003.jpg",".jpg","16671","6 种族书\DrM龙之魔力\第二章\龙之后裔.files"
"6 种族书\DrM龙之魔力\第二章\龙之法师.files\image003.jpg","image003.jpg",".jpg","20227","6 种族书\DrM龙之魔力\第二章\龙之法师.files"
"6 种族书\DrM龙之魔力\第二章\龙之统领.files\image002.jpg","image002.jpg",".jpg","18300","6 种族书\DrM龙之魔力\第二章\龙之统领.files"
"6 种族书\DrM龙之魔力\第二章\龙师之手.files\image003.jpg","image003.jpg",".jpg","13628","6 种族书\DrM龙之魔力\第二章\龙师之手.files"
"6 种族书\DrM龙之魔力\第二章\龙火达人.files\image002.jpg","image002.jpg",".jpg","20593","6 种族书\DrM龙之魔力\第二章\龙火达人.files"
"6 种族书\DrM龙之魔力\第二章\龙约术士.files\image003.jpg","image003.jpg",".jpg","24178","6 种族书\DrM龙之魔力\第二章\龙约术士.files"
"6 种族书\DrM龙之魔力\第五章\属下和助手.htm","属下和助手.htm",".htm","128460","6 种族书\DrM龙之魔力\第五章"
"6 种族书\DrM龙之魔力\第五章\龙的建筑.htm","龙的建筑.htm",".htm","27939","6 种族书\DrM龙之魔力\第五章"
"6 种族书\DrM龙之魔力\第五章\龙的战役.htm","龙的战役.htm",".htm","10966","6 种族书\DrM龙之魔力\第五章"
"6 种族书\DrM龙之魔力\第五章\龙的战役模组.htm","龙的战役模组.htm",".htm","68326","6 种族书\DrM龙之魔力\第五章"
"6 种族书\DrM龙之魔力\第五章\龙类元素简介.htm","龙类元素简介.htm",".htm","12115","6 种族书\DrM龙之魔力\第五章"
"6 种族书\DrM龙之魔力\第五章\龙类霸主.htm","龙类霸主.htm",".htm","27230","6 种族书\DrM龙之魔力\第五章"
"6 种族书\DrM龙之魔力\第五章\龙陨之战.htm","龙陨之战.htm",".htm","101267","6 种族书\DrM龙之魔力\第五章"
"6 种族书\DrM龙之魔力\第五章\属下和助手.files\image005.jpg","image005.jpg",".jpg","23074","6 种族书\DrM龙之魔力\第五章\属下和助手.files"
"6 种族书\DrM龙之魔力\第五章\属下和助手.files\image006.jpg","image006.jpg",".jpg","8316","6 种族书\DrM龙之魔力\第五章\属下和助手.files"
"6 种族书\DrM龙之魔力\第五章\属下和助手.files\image008.jpg","image008.jpg",".jpg","10499","6 种族书\DrM龙之魔力\第五章\属下和助手.files"
"6 种族书\DrM龙之魔力\第五章\属下和助手.files\image010.jpg","image010.jpg",".jpg","8490","6 种族书\DrM龙之魔力\第五章\属下和助手.files"
"6 种族书\DrM龙之魔力\第五章\龙的建筑.files\image002.jpg","image002.jpg",".jpg","61640","6 种族书\DrM龙之魔力\第五章\龙的建筑.files"
"6 种族书\DrM龙之魔力\第五章\龙的战役模组.files\龙的战役模组200.jpg","龙的战役模组200.jpg",".jpg","49714","6 种族书\DrM龙之魔力\第五章\龙的战役模组.files"
"6 种族书\DrM龙之魔力\第五章\龙类元素简介.files\image002.jpg","image002.jpg",".jpg","23894","6 种族书\DrM龙之魔力\第五章\龙类元素简介.files"
"6 种族书\DrM龙之魔力\第五章\龙陨之战.files\image003.jpg","image003.jpg",".jpg","122739","6 种族书\DrM龙之魔力\第五章\龙陨之战.files"
"6 种族书\DrM龙之魔力\第五章\龙陨之战.files\image004.jpg","image004.jpg",".jpg","16224","6 种族书\DrM龙之魔力\第五章\龙陨之战.files"
"6 种族书\DrM龙之魔力\第五章\龙陨之战.files\image005.jpg","image005.jpg",".jpg","44654","6 种族书\DrM龙之魔力\第五章\龙陨之战.files"
"6 种族书\DrM龙之魔力\第四章\巴哈姆特化身.htm","巴哈姆特化身.htm",".htm","57776","6 种族书\DrM龙之魔力\第四章"
"6 种族书\DrM龙之魔力\第四章\提亚马特化身.htm","提亚马特化身.htm",".htm","56284","6 种族书\DrM龙之魔力\第四章"
"6 种族书\DrM龙之魔力\第四章\暮光守护者.htm","暮光守护者.htm",".htm","73866","6 种族书\DrM龙之魔力\第四章"
"6 种族书\DrM龙之魔力\第四章\烈焰飞龙.htm","烈焰飞龙.htm",".htm","71036","6 种族书\DrM龙之魔力\第四章"
"6 种族书\DrM龙之魔力\第四章\疾鹏.htm","疾鹏.htm",".htm","95965","6 种族书\DrM龙之魔力\第四章"
"6 种族书\DrM龙之魔力\第四章\红龙末裔狂战士.htm","红龙末裔狂战士.htm",".htm","74367","6 种族书\DrM龙之魔力\第四章"
"6 种族书\DrM龙之魔力\第四章\食法者.htm","食法者.htm",".htm","86792","6 种族书\DrM龙之魔力\第四章"
"6 种族书\DrM龙之魔力\第四章\龙猫.htm","龙猫.htm",".htm","96410","6 种族书\DrM龙之魔力\第四章"
"6 种族书\DrM龙之魔力\第四章\龙类变异能力.htm","龙类变异能力.htm",".htm","223047","6 种族书\DrM龙之魔力\第四章"
"6 种族书\DrM龙之魔力\第四章\龙脉野兽.htm","龙脉野兽.htm",".htm","15944","6 种族书\DrM龙之魔力\第四章"
"6 种族书\DrM龙之魔力\第四章\龙蜂鸟.htm","龙蜂鸟.htm",".htm","67007","6 种族书\DrM龙之魔力\第四章"
"6 种族书\DrM龙之魔力\第四章\龙驹.htm","龙驹.htm",".htm","59285","6 种族书\DrM龙之魔力\第四章"
"6 种族书\DrM龙之魔力\第四章\巴哈姆特化身.files\image002.gif","image002.gif",".gif","80007","6 种族书\DrM龙之魔力\第四章\巴哈姆特化身.files"
"6 种族书\DrM龙之魔力\第四章\提亚马特化身.files\image002.jpg","image002.jpg",".jpg","26330","6 种族书\DrM龙之魔力\第四章\提亚马特化身.files"
"6 种族书\DrM龙之魔力\第四章\暮光守护者.files\image003.jpg","image003.jpg",".jpg","20253","6 种族书\DrM龙之魔力\第四章\暮光守护者.files"
"6 种族书\DrM龙之魔力\第四章\烈焰飞龙.files\image002.jpg","image002.jpg",".jpg","18155","6 种族书\DrM龙之魔力\第四章\烈焰飞龙.files"
"6 种族书\DrM龙之魔力\第四章\疾鹏.files\image002.jpg","image002.jpg",".jpg","17846","6 种族书\DrM龙之魔力\第四章\疾鹏.files"
"6 种族书\DrM龙之魔力\第四章\红龙末裔狂战士.files\image002.jpg","image002.jpg",".jpg","23071","6 种族书\DrM龙之魔力\第四章\红龙末裔狂战士.files"
"6 种族书\DrM龙之魔力\第四章\食法者.files\image002.jpg","image002.jpg",".jpg","18362","6 种族书\DrM龙之魔力\第四章\食法者.files"
"6 种族书\DrM龙之魔力\第四章\龙猫.files\image002.jpg","image002.jpg",".jpg","19522","6 种族书\DrM龙之魔力\第四章\龙猫.files"
"6 种族书\DrM龙之魔力\第四章\龙蜂鸟.files\image002.jpg","image002.jpg",".jpg","14079","6 种族书\DrM龙之魔力\第四章\龙蜂鸟.files"
"6 种族书\DrM龙之魔力\第四章\龙驹.files\image002.jpg","image002.jpg",".jpg","17654","6 种族书\DrM龙之魔力\第四章\龙驹.files"
"6 种族书\DrM龙之魔力\龙之魔力（DrM）.files\image002.jpg","image002.jpg",".jpg","143356","6 种族书\DrM龙之魔力\龙之魔力（DrM）.files"
"6 种族书\LM死灵之书\0插图\亡民.jpg","亡民.jpg",".jpg","33691","6 种族书\LM死灵之书\0插图"
"6 种族书\LM死灵之书\0插图\亡魂之主.jpg","亡魂之主.jpg",".jpg","16513","6 种族书\LM死灵之书\0插图"
"6 种族书\LM死灵之书\0插图\亵渎尸.jpg","亵渎尸.jpg",".jpg","59215","6 种族书\LM死灵之书\0插图"
"6 种族书\LM死灵之书\0插图\光辉掌者.jpg","光辉掌者.jpg",".jpg","17663","6 种族书\LM死灵之书\0插图"
"6 种族书\LM死灵之书\0插图\凶暴蛆.jpg","凶暴蛆.jpg",".jpg","58181","6 种族书\LM死灵之书\0插图"
"6 种族书\LM死灵之书\0插图\前言.htm","前言.htm",".htm","7151","6 种族书\LM死灵之书\0插图"
"6 种族书\LM死灵之书\0插图\半吸血鬼豺狼人.jpg","半吸血鬼豺狼人.jpg",".jpg","11476","6 种族书\LM死灵之书\0插图"
"6 种族书\LM死灵之书\0插图\双头巨人头巾奴.jpg","双头巨人头巾奴.jpg",".jpg","10683","6 种族书\LM死灵之书\0插图"
"6 种族书\LM死灵之书\0插图\吸血衍生体.jpg","吸血衍生体.jpg",".jpg","47129","6 种族书\LM死灵之书\0插图"
"6 种族书\LM死灵之书\0插图\哀伤咏叹者.jpg","哀伤咏叹者.jpg",".jpg","34679","6 种族书\LM死灵之书\0插图"
"6 种族书\LM死灵之书\0插图\地穴歌者.jpg","地穴歌者.jpg",".jpg","37906","6 种族书\LM死灵之书\0插图"
"6 种族书\LM死灵之书\0插图\坏疽尸.jpg","坏疽尸.jpg",".jpg","91927","6 种族书\LM死灵之书\0插图"
"6 种族书\LM死灵之书\0插图\埋尸工.jpeg","埋尸工.jpeg",".jpeg","83354","6 种族书\LM死灵之书\0插图"
"6 种族书\LM死灵之书\0插图\墓土魔像.jpg","墓土魔像.jpg",".jpg","144808","6 种族书\LM死灵之书\0插图"
"6 种族书\LM死灵之书\0插图\墓斑.jpg","墓斑.jpg",".jpg","24376","6 种族书\LM死灵之书\0插图"
"6 种族书\LM死灵之书\0插图\墓触食尸鬼.jpg","墓触食尸鬼.jpg",".jpg","122908","6 种族书\LM死灵之书\0插图"
"6 种族书\LM死灵之书\0插图\夺面者.jpg","夺面者.jpg",".jpg","77696","6 种族书\LM死灵之书\0插图"
"6 种族书\LM死灵之书\0插图\封面.jpg","封面.jpg",".jpg","787215","6 种族书\LM死灵之书\0插图"
"6 种族书\LM死灵之书\0插图\尸妖游荡者.jpg","尸妖游荡者.jpg",".jpg","25449","6 种族书\LM死灵之书\0插图"
"6 种族书\LM死灵之书\0插图\屠戮尸妖.jpg","屠戮尸妖.jpg",".jpg","44791","6 种族书\LM死灵之书\0插图"
"6 种族书\LM死灵之书\0插图\巨笨尸.jpg","巨笨尸.jpg",".jpg","51403","6 种族书\LM死灵之书\0插图"
"6 种族书\LM死灵之书\0插图\幽魂猎犬.jpg","幽魂猎犬.jpg",".jpg","54827","6 种族书\LM死灵之书\0插图"
"6 种族书\LM死灵之书\0插图\斯各尔.jpg","斯各尔.jpg",".jpg","69737","6 种族书\LM死灵之书\0插图"
"6 种族书\LM死灵之书\0插图\暗影位移兽.jpg","暗影位移兽.jpg",".jpg","51314","6 种族书\LM死灵之书\0插图"
"6 种族书\LM死灵之书\0插图\木乃伊术士.jpg","木乃伊术士.jpg",".jpg","34073","6 种族书\LM死灵之书\0插图"
"6 种族书\LM死灵之书\0插图\梦痕.jpg","梦痕.jpg",".jpg","28216","6 种族书\LM死灵之书\0插图"
"6 种族书\LM死灵之书\0插图\死亡获选者.jpg","死亡获选者.jpg",".jpg","23339","6 种族书\LM死灵之书\0插图"
"6 种族书\LM死灵之书\0插图\死灵之书（LM）.htm","死灵之书（LM）.htm",".htm","2361","6 种族书\LM死灵之书\0插图"
"6 种族书\LM死灵之书\0插图\死灵伙伴.jpg","死灵伙伴.jpg",".jpg","52805","6 种族书\LM死灵之书\0插图"
"6 种族书\LM死灵之书\0插图\死闸.jpg","死闸.jpg",".jpg","58185","6 种族书\LM死灵之书\0插图"
"6 种族书\LM死灵之书\0插图\泣妖.jpg","泣妖.jpg",".jpg","49740","6 种族书\LM死灵之书\0插图"
"6 种族书\LM死灵之书\0插图\深暗.jpg","深暗.jpg",".jpg","81554","6 种族书\LM死灵之书\0插图"
"6 种族书\LM死灵之书\0插图\演化缚灵.jpg","演化缚灵.jpg",".jpg","67136","6 种族书\LM死灵之书\0插图"
"6 种族书\LM死灵之书\0插图\煤渣衍体.jpg","煤渣衍体.jpg",".jpg","57604","6 种族书\LM死灵之书\0插图"
"6 种族书\LM死灵之书\0插图\熄灵.jpg","熄灵.jpg",".jpg","33343","6 种族书\LM死灵之书\0插图"
"6 种族书\LM死灵之书\0插图\熵之收割者.jpg","熵之收割者.jpg",".jpg","52065","6 种族书\LM死灵之书\0插图"
"6 种族书\LM死灵之书\0插图\皮风筝.jpg","皮风筝.jpg",".jpg","16243","6 种族书\LM死灵之书\0插图"
"6 种族书\LM死灵之书\0插图\真死灵师.jpg","真死灵师.jpg",".jpg","82019","6 种族书\LM死灵之书\0插图"
"6 种族书\LM死灵之书\0插图\神圣净化者.jpg","神圣净化者.jpg",".jpg","47852","6 种族书\LM死灵之书\0插图"
"6 种族书\LM死灵之书\0插图\神徽1.jpg","神徽1.jpg",".jpg","29224","6 种族书\LM死灵之书\0插图"
"6 种族书\LM死灵之书\0插图\神徽2.jpg","神徽2.jpg",".jpg","39582","6 种族书\LM死灵之书\0插图"
"6 种族书\LM死灵之书\0插图\神徽3.jpg","神徽3.jpg",".jpg","42014","6 种族书\LM死灵之书\0插图"
"6 种族书\LM死灵之书\0插图\神徽4.jpg","神徽4.jpg",".jpg","7357","6 种族书\LM死灵之书\0插图"
"6 种族书\LM死灵之书\0插图\神徽5.jpg","神徽5.jpg",".jpg","84090","6 种族书\LM死灵之书\0插图"
"6 种族书\LM死灵之书\0插图\罐中脑.jpg","罐中脑.jpg",".jpg","57209","6 种族书\LM死灵之书\0插图"
"6 种族书\LM死灵之书\0插图\脱水怪.jpg","脱水怪.jpg",".jpg","13203","6 种族书\LM死灵之书\0插图"
"6 种族书\LM死灵之书\0插图\腐朽天使.jpg","腐朽天使.jpg",".jpg","80344","6 种族书\LM死灵之书\0插图"
"6 种族书\LM死灵之书\0插图\苍白之主.jpg","苍白之主.jpg",".jpg","52452","6 种族书\LM死灵之书\0插图"
"6 种族书\LM死灵之书\0插图\萎缩者后裔.jpg","萎缩者后裔.jpg",".jpg","140907","6 种族书\LM死灵之书\0插图"
"6 种族书\LM死灵之书\0插图\葬骨园.jpg","葬骨园.jpg",".jpg","50891","6 种族书\LM死灵之书\0插图"
"6 种族书\LM死灵之书\0插图\虚空附灵.jpg","虚空附灵.jpg",".jpg","11426","6 种族书\LM死灵之书\0插图"
"6 种族书\LM死灵之书\0插图\血尘云.jpg","血尘云.jpg",".jpg","70144","6 种族书\LM死灵之书\0插图"
"6 种族书\LM死灵之书\0插图\血脊髓.jpg","血脊髓.jpg",".jpg","51616","6 种族书\LM死灵之书\0插图"
"6 种族书\LM死灵之书\0插图\负元素.jpg","负元素.jpg",".jpg","43034","6 种族书\LM死灵之书\0插图"
"6 种族书\LM死灵之书\0插图\遗忘之壳.jpg","遗忘之壳.jpg",".jpg","207953","6 种族书\LM死灵之书\0插图"
"6 种族书\LM死灵之书\0插图\重生化石猛禽龙.jpg","重生化石猛禽龙.jpg",".jpg","45285","6 种族书\LM死灵之书\0插图"
"6 种族书\LM死灵之书\0插图\霜孽.jpg","霜孽.jpg",".jpg","54030","6 种族书\LM死灵之书\0插图"
"6 种族书\LM死灵之书\0插图\食人魔木乃伊.jpg","食人魔木乃伊.jpg",".jpg","55326","6 种族书\LM死灵之书\0插图"
"6 种族书\LM死灵之书\0插图\食尸鬼游侠.jpg","食尸鬼游侠.jpg",".jpg","27622","6 种族书\LM死灵之书\0插图"
"6 种族书\LM死灵之书\0插图\食骸兽.jpg","食骸兽.jpg",".jpg","25050","6 种族书\LM死灵之书\0插图"
"6 种族书\LM死灵之书\0插图\鬼祟腐囊.jpg","鬼祟腐囊.jpg",".jpg","24906","6 种族书\LM死灵之书\0插图"
"6 种族书\LM死灵之书\0插图\鬼衣.jpg","鬼衣.jpg",".jpg","44174","6 种族书\LM死灵之书\0插图"
"6 种族书\LM死灵之书\0插图\魅影琴手.jpg","魅影琴手.jpg",".jpg","78136","6 种族书\LM死灵之书\0插图"
"6 种族书\LM死灵之书\0插图\魔魂尸野蛮人.jpg","魔魂尸野蛮人.jpg",".jpg","31619","6 种族书\LM死灵之书\0插图"
"6 种族书\LM死灵之书\0插图\鼠尸群.jpg","鼠尸群.jpg",".jpg","145987","6 种族书\LM死灵之书\0插图"
"6 种族书\LM死灵之书\0插图\鼠骨群.jpg","鼠骨群.jpg",".jpg","76342","6 种族书\LM死灵之书\0插图"
"6 种族书\LM死灵之书\1不死详述\不死宗教学.htm","不死宗教学.htm",".htm","77861","6 种族书\LM死灵之书\1不死详述"
"6 种族书\LM死灵之书\1不死详述\不死生物生理学.htm","不死生物生理学.htm",".htm","68452","6 种族书\LM死灵之书\1不死详述"
"6 种族书\LM死灵之书\1不死详述\不死生物的观点和心理.htm","不死生物的观点和心理.htm",".htm","25867","6 种族书\LM死灵之书\1不死详述"
"6 种族书\LM死灵之书\1不死详述\不死社会学.htm","不死社会学.htm",".htm","17987","6 种族书\LM死灵之书\1不死详述"
"6 种族书\LM死灵之书\1不死详述\对抗不死生物.htm","对抗不死生物.htm",".htm","119405","6 种族书\LM死灵之书\1不死详述"
"6 种族书\LM死灵之书\1不死详述\第一章_不死生物详述.htm","第一章_不死生物详述.htm",".htm","44275","6 种族书\LM死灵之书\1不死详述"
"6 种族书\LM死灵之书\2职业\不死生物怪物职业.htm","不死生物怪物职业.htm",".htm","18790","6 种族书\LM死灵之书\2职业"
"6 种族书\LM死灵之书\2职业\亡魂之主.htm","亡魂之主.htm",".htm","76605","6 种族书\LM死灵之书\2职业"
"6 种族书\LM死灵之书\2职业\光辉掌者.htm","光辉掌者.htm",".htm","48997","6 种族书\LM死灵之书\2职业"
"6 种族书\LM死灵之书\2职业\匿踪惊骇.htm","匿踪惊骇.htm",".htm","32680","6 种族书\LM死灵之书\2职业"
"6 种族书\LM死灵之书\2职业\古墓门卫.htm","古墓门卫.htm",".htm","31930","6 种族书\LM死灵之书\2职业"
"6 种族书\LM死灵之书\2职业\吸血衍体.htm","吸血衍体.htm",".htm","7278","6 种族书\LM死灵之书\2职业"
"6 种族书\LM死灵之书\2职业\哀伤咏叹者.htm","哀伤咏叹者.htm",".htm","47164","6 种族书\LM死灵之书\2职业"
"6 种族书\LM死灵之书\2职业\尸妖.htm","尸妖.htm",".htm","84420","6 种族书\LM死灵之书\2职业"
"6 种族书\LM死灵之书\2职业\暮死型范.htm","暮死型范.htm",".htm","30340","6 种族书\LM死灵之书\2职业"
"6 种族书\LM死灵之书\2职业\木乃伊.htm","木乃伊.htm",".htm","114600","6 种族书\LM死灵之书\2职业"
"6 种族书\LM死灵之书\2职业\死亡获选者.htm","死亡获选者.htm",".htm","73371","6 种族书\LM死灵之书\2职业"
"6 种族书\LM死灵之书\2职业\真死灵师.htm","真死灵师.htm",".htm","118994","6 种族书\LM死灵之书\2职业"
"6 种族书\LM死灵之书\2职业\神圣净化者.htm","神圣净化者.htm",".htm","52422","6 种族书\LM死灵之书\2职业"
"6 种族书\LM死灵之书\2职业\苍白之主.htm","苍白之主.htm",".htm","96009","6 种族书\LM死灵之书\2职业"
"6 种族书\LM死灵之书\2职业\血族大君.htm","血族大君.htm",".htm","35791","6 种族书\LM死灵之书\2职业"
"6 种族书\LM死灵之书\2职业\食尸鬼.htm","食尸鬼.htm",".htm","77720","6 种族书\LM死灵之书\2职业"
"6 种族书\LM死灵之书\2职业\魔魂尸.htm","魔魂尸.htm",".htm","147675","6 种族书\LM死灵之书\2职业"
"6 种族书\LM死灵之书\3专长\一般专长.htm","一般专长.htm",".htm","12872","6 种族书\LM死灵之书\3专长"
"6 种族书\LM死灵之书\3专长\专长.htm","专长.htm",".htm","49890","6 种族书\LM死灵之书\3专长"
"6 种族书\LM死灵之书\3专长\专长简表.htm","专长简表.htm",".htm","131194","6 种族书\LM死灵之书\3专长"
"6 种族书\LM死灵之书\3专长\神圣专长.htm","神圣专长.htm",".htm","19614","6 种族书\LM死灵之书\3专长"
"6 种族书\LM死灵之书\3专长\超魔专长.htm","超魔专长.htm",".htm","20387","6 种族书\LM死灵之书\3专长"
"6 种族书\LM死灵之书\4法术\法术.htm","法术.htm",".htm","262350","6 种族书\LM死灵之书\4法术"
"6 种族书\LM死灵之书\4法术\法术详述.htm","法术详述.htm",".htm","967357","6 种族书\LM死灵之书\4法术"
"6 种族书\LM死灵之书\5装备\不死义肢.htm","不死义肢.htm",".htm","6977","6 种族书\LM死灵之书\5装备"
"6 种族书\LM死灵之书\5装备\奇物.htm","奇物.htm",".htm","30031","6 种族书\LM死灵之书\5装备"
"6 种族书\LM死灵之书\5装备\权杖.htm","权杖.htm",".htm","11599","6 种族书\LM死灵之书\5装备"
"6 种族书\LM死灵之书\5装备\武器.htm","武器.htm",".htm","15834","6 种族书\LM死灵之书\5装备"
"6 种族书\LM死灵之书\5装备\特殊物品和炼金术材料.htm","特殊物品和炼金术材料.htm",".htm","39884","6 种族书\LM死灵之书\5装备"
"6 种族书\LM死灵之书\5装备\盔甲.htm","盔甲.htm",".htm","22773","6 种族书\LM死灵之书\5装备"
"6 种族书\LM死灵之书\5装备\魔法装备.htm","魔法装备.htm",".htm","6636","6 种族书\LM死灵之书\5装备"
"6 种族书\LM死灵之书\5装备\魔药.htm","魔药.htm",".htm","62192","6 种族书\LM死灵之书\5装备"
"6 种族书\LM死灵之书\6怪物\不死演化生物.htm","不死演化生物.htm",".htm","54155","6 种族书\LM死灵之书\6怪物"
"6 种族书\LM死灵之书\6怪物\亡民.htm","亡民.htm",".htm","56113","6 种族书\LM死灵之书\6怪物"
"6 种族书\LM死灵之书\6怪物\亵渎.htm","亵渎.htm",".htm","40651","6 种族书\LM死灵之书\6怪物"
"6 种族书\LM死灵之书\6怪物\凶暴蛆.htm","凶暴蛆.htm",".htm","30678","6 种族书\LM死灵之书\6怪物"
"6 种族书\LM死灵之书\6怪物\半吸血鬼.htm","半吸血鬼.htm",".htm","66450","6 种族书\LM死灵之书\6怪物"
"6 种族书\LM死灵之书\6怪物\地穴歌者.htm","地穴歌者.htm",".htm","42095","6 种族书\LM死灵之书\6怪物"
"6 种族书\LM死灵之书\6怪物\坏疽尸.htm","坏疽尸.htm",".htm","41606","6 种族书\LM死灵之书\6怪物"
"6 种族书\LM死灵之书\6怪物\埋尸工.htm","埋尸工.htm",".htm","42623","6 种族书\LM死灵之书\6怪物"
"6 种族书\LM死灵之书\6怪物\墓土魔像.htm","墓土魔像.htm",".htm","48867","6 种族书\LM死灵之书\6怪物"
"6 种族书\LM死灵之书\6怪物\墓斑.htm","墓斑.htm",".htm","32567","6 种族书\LM死灵之书\6怪物"
"6 种族书\LM死灵之书\6怪物\墓触食尸鬼.htm","墓触食尸鬼.htm",".htm","91454","6 种族书\LM死灵之书\6怪物"
"6 种族书\LM死灵之书\6怪物\头巾奴.htm","头巾奴.htm",".htm","50395","6 种族书\LM死灵之书\6怪物"
"6 种族书\LM死灵之书\6怪物\夺面者.htm","夺面者.htm",".htm","45403","6 种族书\LM死灵之书\6怪物"
"6 种族书\LM死灵之书\6怪物\屠宰者.htm","屠宰者.htm",".htm","38349","6 种族书\LM死灵之书\6怪物"
"6 种族书\LM死灵之书\6怪物\巨笨尸.htm","巨笨尸.htm",".htm","36868","6 种族书\LM死灵之书\6怪物"
"6 种族书\LM死灵之书\6怪物\幽魂兽.htm","幽魂兽.htm",".htm","74179","6 种族书\LM死灵之书\6怪物"
"6 种族书\LM死灵之书\6怪物\斯各尔.htm","斯各尔.htm",".htm","37208","6 种族书\LM死灵之书\6怪物"
"6 种族书\LM死灵之书\6怪物\暗影生物.htm","暗影生物.htm",".htm","69377","6 种族书\LM死灵之书\6怪物"
"6 种族书\LM死灵之书\6怪物\木乃伊1.htm","木乃伊1.htm",".htm","65430","6 种族书\LM死灵之书\6怪物"
"6 种族书\LM死灵之书\6怪物\梦痕.htm","梦痕.htm",".htm","5502","6 种族书\LM死灵之书\6怪物"
"6 种族书\LM死灵之书\6怪物\死灵伙伴.htm","死灵伙伴.htm",".htm","40548","6 种族书\LM死灵之书\6怪物"
"6 种族书\LM死灵之书\6怪物\死闸.htm","死闸.htm",".htm","33536","6 种族书\LM死灵之书\6怪物"
"6 种族书\LM死灵之书\6怪物\泣妖.htm","泣妖.htm",".htm","42008","6 种族书\LM死灵之书\6怪物"
"6 种族书\LM死灵之书\6怪物\深暗.htm","深暗.htm",".htm","37067","6 种族书\LM死灵之书\6怪物"
"6 种族书\LM死灵之书\6怪物\煤渣衍体.htm","煤渣衍体.htm",".htm","39437","6 种族书\LM死灵之书\6怪物"
"6 种族书\LM死灵之书\6怪物\熄灵.htm","熄灵.htm",".htm","46213","6 种族书\LM死灵之书\6怪物"
"6 种族书\LM死灵之书\6怪物\熵之收割者.htm","熵之收割者.htm",".htm","42955","6 种族书\LM死灵之书\6怪物"
"6 种族书\LM死灵之书\6怪物\皮风筝.htm","皮风筝.htm",".htm","36422","6 种族书\LM死灵之书\6怪物"
"6 种族书\LM死灵之书\6怪物\罐中脑.htm","罐中脑.htm",".htm","42348","6 种族书\LM死灵之书\6怪物"
"6 种族书\LM死灵之书\6怪物\脱水怪.htm","脱水怪.htm",".htm","35674","6 种族书\LM死灵之书\6怪物"
"6 种族书\LM死灵之书\6怪物\腐朽天使.htm","腐朽天使.htm",".htm","39301","6 种族书\LM死灵之书\6怪物"
"6 种族书\LM死灵之书\6怪物\萎缩者后裔.htm","萎缩者后裔.htm",".htm","4331","6 种族书\LM死灵之书\6怪物"
"6 种族书\LM死灵之书\6怪物\葬骨园.htm","葬骨园.htm",".htm","39378","6 种族书\LM死灵之书\6怪物"
"6 种族书\LM死灵之书\6怪物\虚空缚灵.htm","虚空缚灵.htm",".htm","38006","6 种族书\LM死灵之书\6怪物"
"6 种族书\LM死灵之书\6怪物\血尘云.htm","血尘云.htm",".htm","37600","6 种族书\LM死灵之书\6怪物"
"6 种族书\LM死灵之书\6怪物\血脊髓.htm","血脊髓.htm",".htm","39221","6 种族书\LM死灵之书\6怪物"
"6 种族书\LM死灵之书\6怪物\负元素.htm","负元素.htm",".htm","46117","6 种族书\LM死灵之书\6怪物"
"6 种族书\LM死灵之书\6怪物\遗忘之壳.htm","遗忘之壳.htm",".htm","42254","6 种族书\LM死灵之书\6怪物"
"6 种族书\LM死灵之书\6怪物\重生化石.htm","重生化石.htm",".htm","94985","6 种族书\LM死灵之书\6怪物"
"6 种族书\LM死灵之书\6怪物\集群化身.htm","集群化身.htm",".htm","132552","6 种族书\LM死灵之书\6怪物"
"6 种族书\LM死灵之书\6怪物\霜孽.htm","霜孽.htm",".htm","44256","6 种族书\LM死灵之书\6怪物"
"6 种族书\LM死灵之书\6怪物\食骸兽.htm","食骸兽.htm",".htm","31066","6 种族书\LM死灵之书\6怪物"
"6 种族书\LM死灵之书\6怪物\鬼祟腐囊.htm","鬼祟腐囊.htm",".htm","37627","6 种族书\LM死灵之书\6怪物"
"6 种族书\LM死灵之书\6怪物\鬼衣.htm","鬼衣.htm",".htm","36478","6 种族书\LM死灵之书\6怪物"
"6 种族书\LM死灵之书\6怪物\魅影琴手.htm","魅影琴手.htm",".htm","40211","6 种族书\LM死灵之书\6怪物"
"6 种族书\LM死灵之书\6怪物\鼠尸群.htm","鼠尸群.htm",".htm","39828","6 种族书\LM死灵之书\6怪物"
"6 种族书\LM死灵之书\6怪物\鼠骨群.htm","鼠骨群.htm",".htm","29721","6 种族书\LM死灵之书\6怪物"
"6 种族书\LM死灵之书\7战役\僵尸.htm","僵尸.htm",".htm","20940","6 种族书\LM死灵之书\7战役"
"6 种族书\LM死灵之书\7战役\吸血鬼.htm","吸血鬼.htm",".htm","23043","6 种族书\LM死灵之书\7战役"
"6 种族书\LM死灵之书\7战役\安排亡灵遭遇战.htm","安排亡灵遭遇战.htm",".htm","126168","6 种族书\LM死灵之书\7战役"
"6 种族书\LM死灵之书\7战役\将不死引入你的战役.htm","将不死引入你的战役.htm",".htm","27192","6 种族书\LM死灵之书\7战役"
"6 种族书\LM死灵之书\7战役\巫妖.htm","巫妖.htm",".htm","12817","6 种族书\LM死灵之书\7战役"
"6 种族书\LM死灵之书\7战役\第七章_战役中的不死生物.htm","第七章_战役中的不死生物.htm",".htm","8524","6 种族书\LM死灵之书\7战役"
"6 种族书\LM死灵之书\7战役\骷髅.htm","骷髅.htm",".htm","19524","6 种族书\LM死灵之书\7战役"
"6 种族书\LoM异怪之书\0插图\中心广场.jpg","中心广场.jpg",".jpg","36877","6 种族书\LoM异怪之书\0插图"
"6 种族书\LoM异怪之书\0插图\主脑.jpg","主脑.jpg",".jpg","23393","6 种族书\LoM异怪之书\0插图"
"6 种族书\LoM异怪之书\0插图\亡眼暴君.jpg","亡眼暴君.jpg",".jpg","91706","6 种族书\LoM异怪之书\0插图"
"6 种族书\LoM异怪之书\0插图\伊尔神因斯.jpg","伊尔神因斯.jpg",".jpg","88982","6 种族书\LoM异怪之书\0插图"
"6 种族书\LoM异怪之书\0插图\冥河魔鱼.jpg","冥河魔鱼.jpg",".jpg","7896","6 种族书\LoM异怪之书\0插图"
"6 种族书\LoM异怪之书\0插图\凿舌之眼.jpg","凿舌之眼.jpg",".jpg","289783","6 种族书\LoM异怪之书\0插图"
"6 种族书\LoM异怪之书\0插图\半遥衍灰袋兽.jpg","半遥衍灰袋兽.jpg",".jpg","76093","6 种族书\LoM异怪之书\0插图"
"6 种族书\LoM异怪之书\0插图\司导之眼.jpg","司导之眼.jpg",".jpg","16927","6 种族书\LoM异怪之书\0插图"
"6 种族书\LoM异怪之书\0插图\吉斯洋基和夺心魔.jpg","吉斯洋基和夺心魔.jpg",".jpg","47284","6 种族书\LoM异怪之书\0插图"
"6 种族书\LoM异怪之书\0插图\吸血灵吸怪.jpg","吸血灵吸怪.jpg",".jpg","22595","6 种族书\LoM异怪之书\0插图"
"6 种族书\LoM异怪之书\0插图\噬魂怪.jpg","噬魂怪.jpg",".jpg","43270","6 种族书\LoM异怪之书\0插图"
"6 种族书\LoM异怪之书\0插图\夺心巨虫.jpg","夺心巨虫.jpg",".jpg","266029","6 种族书\LoM异怪之书\0插图"
"6 种族书\LoM异怪之书\0插图\夺心魔.jpg","夺心魔.jpg",".jpg","139761","6 种族书\LoM异怪之书\0插图"
"6 种族书\LoM异怪之书\0插图\夺心魔2.jpg","夺心魔2.jpg",".jpg","74317","6 种族书\LoM异怪之书\0插图"
"6 种族书\LoM异怪之书\0插图\夺躯怪1.jpg","夺躯怪1.jpg",".jpg","52170","6 种族书\LoM异怪之书\0插图"
"6 种族书\LoM异怪之书\0插图\夺躯怪2.jpg","夺躯怪2.jpg",".jpg","86080","6 种族书\LoM异怪之书\0插图"
"6 种族书\LoM异怪之书\0插图\夺躯怪3.jpg","夺躯怪3.jpg",".jpg","60726","6 种族书\LoM异怪之书\0插图"
"6 种族书\LoM异怪之书\0插图\封面.jpg","封面.jpg",".jpg","161952","6 种族书\LoM异怪之书\0插图"
"6 种族书\LoM异怪之书\0插图\巢母之眼.jpg","巢母之眼.jpg",".jpg","122174","6 种族书\LoM异怪之书\0插图"
"6 种族书\LoM异怪之书\0插图\希瑞拉蜂群.jpg","希瑞拉蜂群.jpg",".jpg","68884","6 种族书\LoM异怪之书\0插图"
"6 种族书\LoM异怪之书\0插图\幽影锁喉怪.jpg","幽影锁喉怪.jpg",".jpg","62191","6 种族书\LoM异怪之书\0插图"
"6 种族书\LoM异怪之书\0插图\幽暗猎犬.jpg","幽暗猎犬.jpg",".jpg","70785","6 种族书\LoM异怪之书\0插图"
"6 种族书\LoM异怪之书\0插图\底栖魔鱼.jpg","底栖魔鱼.jpg",".jpg","599804","6 种族书\LoM异怪之书\0插图"
"6 种族书\LoM异怪之书\0插图\底栖魔鱼城市.jpg","底栖魔鱼城市.jpg",".jpg","81749","6 种族书\LoM异怪之书\0插图"
"6 种族书\LoM异怪之书\0插图\异能蠕虫.jpg","异能蠕虫.jpg",".jpg","105612","6 种族书\LoM异怪之书\0插图"
"6 种族书\LoM异怪之书\0插图\弧电蜥怪.jpg","弧电蜥怪.jpg",".jpg","50448","6 种族书\LoM异怪之书\0插图"
"6 种族书\LoM异怪之书\0插图\惧噬体.jpg","惧噬体.jpg",".jpg","58046","6 种族书\LoM异怪之书\0插图"
"6 种族书\LoM异怪之书\0插图\成年纽吉怪.jpg","成年纽吉怪.jpg",".jpg","68571","6 种族书\LoM异怪之书\0插图"
"6 种族书\LoM异怪之书\0插图\拉古诺.jpg","拉古诺.jpg",".jpg","109951","6 种族书\LoM异怪之书\0插图"
"6 种族书\LoM异怪之书\0插图\死吻之眼.jpg","死吻之眼.jpg",".jpg","53572","6 种族书\LoM异怪之书\0插图"
"6 种族书\LoM异怪之书\0插图\气孢之眼.jpg","气孢之眼.jpg",".jpg","25049","6 种族书\LoM异怪之书\0插图"
"6 种族书\LoM异怪之书\0插图\洞察之眼.jpg","洞察之眼.jpg",".jpg","17807","6 种族书\LoM异怪之书\0插图"
"6 种族书\LoM异怪之书\0插图\深海乌贼型远古幻影.jpg","深海乌贼型远古幻影.jpg",".jpg","57194","6 种族书\LoM异怪之书\0插图"
"6 种族书\LoM异怪之书\0插图\深渊之眼.jpg","深渊之眼.jpg",".jpg","101977","6 种族书\LoM异怪之书\0插图"
"6 种族书\LoM异怪之书\0插图\灵吸异怪.jpg","灵吸异怪.jpg",".jpg","170098","6 种族书\LoM异怪之书\0插图"
"6 种族书\LoM异怪之书\0插图\灵吸怪巫妖.jpg","灵吸怪巫妖.jpg",".jpg","33654","6 种族书\LoM异怪之书\0插图"
"6 种族书\LoM异怪之书\0插图\灵吸怪繁殖.jpg","灵吸怪繁殖.jpg",".jpg","121770","6 种族书\LoM异怪之书\0插图"
"6 种族书\LoM异怪之书\0插图\灵吸柱绳妖.jpg","灵吸柱绳妖.jpg",".jpg","26324","6 种族书\LoM异怪之书\0插图"
"6 种族书\LoM异怪之书\0插图\珠球之眼.jpg","珠球之眼.jpg",".jpg","58397","6 种族书\LoM异怪之书\0插图"
"6 种族书\LoM异怪之书\0插图\真眼魔.jpg","真眼魔.jpg",".jpg","74453","6 种族书\LoM异怪之书\0插图"
"6 种族书\LoM异怪之书\0插图\眼魔.jpg","眼魔.jpg",".jpg","76835","6 种族书\LoM异怪之书\0插图"
"6 种族书\LoM异怪之书\0插图\眼魔生理.jpg","眼魔生理.jpg",".jpg","79312","6 种族书\LoM异怪之书\0插图"
"6 种族书\LoM异怪之书\0插图\督军之眼.jpg","督军之眼.jpg",".jpg","59578","6 种族书\LoM异怪之书\0插图"
"6 种族书\LoM异怪之书\0插图\符文.jpg","符文.jpg",".jpg","78257","6 种族书\LoM异怪之书\0插图"
"6 种族书\LoM异怪之书\0插图\纽吉怪.jpg","纽吉怪.jpg",".jpg","199828","6 种族书\LoM异怪之书\0插图"
"6 种族书\LoM异怪之书\0插图\纽吉怪大长老.jpg","纽吉怪大长老.jpg",".jpg","38915","6 种族书\LoM异怪之书\0插图"
"6 种族书\LoM异怪之书\0插图\纽吉怪污染者.jpg","纽吉怪污染者.jpg",".jpg","20140","6 种族书\LoM异怪之书\0插图"
"6 种族书\LoM异怪之书\0插图\纽吉怪袭击队.jpg","纽吉怪袭击队.jpg",".jpg","73336","6 种族书\LoM异怪之书\0插图"
"6 种族书\LoM异怪之书\0插图\脑池.jpg","脑池.jpg",".jpg","53379","6 种族书\LoM异怪之书\0插图"
"6 种族书\LoM异怪之书\0插图\萨博特.jpg","萨博特.jpg",".jpg","72271","6 种族书\LoM异怪之书\0插图"
"6 种族书\LoM异怪之书\0插图\蝎蛛.jpg","蝎蛛.jpg",".jpg","26917","6 种族书\LoM异怪之书\0插图"
"6 种族书\LoM异怪之书\0插图\触须怪1.jpg","触须怪1.jpg",".jpg","65697","6 种族书\LoM异怪之书\0插图"
"6 种族书\LoM异怪之书\0插图\触须怪2.jpg","触须怪2.jpg",".jpg","46379","6 种族书\LoM异怪之书\0插图"
"6 种族书\LoM异怪之书\0插图\触须怪3.jpg","触须怪3.jpg",".jpg","18815","6 种族书\LoM异怪之书\0插图"
"6 种族书\LoM异怪之书\0插图\触须怪4.jpg","触须怪4.jpg",".jpg","40137","6 种族书\LoM异怪之书\0插图"
"6 种族书\LoM异怪之书\0插图\触须怪生理.jpg","触须怪生理.jpg",".jpg","76581","6 种族书\LoM异怪之书\0插图"
"6 种族书\LoM异怪之书\0插图\长老之眼.jpg","长老之眼.jpg",".jpg","20367","6 种族书\LoM异怪之书\0插图"
"6 种族书\LoM异怪之书\0插图\阴影蛰伏伪怪长老.jpg","阴影蛰伏伪怪长老.jpg",".jpg","17619","6 种族书\LoM异怪之书\0插图"
"6 种族书\LoM异怪之书\0插图\魔鱼.jpg","魔鱼.jpg",".jpg","34224","6 种族书\LoM异怪之书\0插图"
"6 种族书\LoM异怪之书\1介绍\何谓异怪.htm","何谓异怪.htm",".htm","11011","6 种族书\LoM异怪之书\1介绍"
"6 种族书\LoM异怪之书\1介绍\异怪之书.htm","异怪之书.htm",".htm","2282","6 种族书\LoM异怪之书\1介绍"
"6 种族书\LoM异怪之书\1介绍\异怪的心理.htm","异怪的心理.htm",".htm","24723","6 种族书\LoM异怪之书\1介绍"
"6 种族书\LoM异怪之书\1介绍\异怪的战役.htm","异怪的战役.htm",".htm","43850","6 种族书\LoM异怪之书\1介绍"
"6 种族书\LoM异怪之书\1介绍\异怪的起源.htm","异怪的起源.htm",".htm","54593","6 种族书\LoM异怪之书\1介绍"
"6 种族书\LoM异怪之书\2水中霸主\专长.htm","专长.htm",".htm","26142","6 种族书\LoM异怪之书\2水中霸主"
"6 种族书\LoM异怪之书\2水中霸主\关系.htm","关系.htm",".htm","12579","6 种族书\LoM异怪之书\2水中霸主"
"6 种族书\LoM异怪之书\2水中霸主\内部构造.htm","内部构造.htm",".htm","30000","6 种族书\LoM异怪之书\2水中霸主"
"6 种族书\LoM异怪之书\2水中霸主\变种.htm","变种.htm",".htm","13452","6 种族书\LoM异怪之书\2水中霸主"
"6 种族书\LoM异怪之书\2水中霸主\城市.htm","城市.htm",".htm","9974","6 种族书\LoM异怪之书\2水中霸主"
"6 种族书\LoM异怪之书\2水中霸主\外部特征.htm","外部特征.htm",".htm","20171","6 种族书\LoM异怪之书\2水中霸主"
"6 种族书\LoM异怪之书\2水中霸主\奴仆.htm","奴仆.htm",".htm","13904","6 种族书\LoM异怪之书\2水中霸主"
"6 种族书\LoM异怪之书\2水中霸主\宗教.htm","宗教.htm",".htm","23275","6 种族书\LoM异怪之书\2水中霸主"
"6 种族书\LoM异怪之书\2水中霸主\巢穴.htm","巢穴.htm",".htm","10360","6 种族书\LoM异怪之书\2水中霸主"
"6 种族书\LoM异怪之书\2水中霸主\思维方式.htm","思维方式.htm",".htm","13615","6 种族书\LoM异怪之书\2水中霸主"
"6 种族书\LoM异怪之书\2水中霸主\水中霸主.htm","水中霸主.htm",".htm","9504","6 种族书\LoM异怪之书\2水中霸主"
"6 种族书\LoM异怪之书\2水中霸主\生活.htm","生活.htm",".htm","13414","6 种族书\LoM异怪之书\2水中霸主"
"6 种族书\LoM异怪之书\2水中霸主\生活方式.htm","生活方式.htm",".htm","7316","6 种族书\LoM异怪之书\2水中霸主"
"6 种族书\LoM异怪之书\2水中霸主\生理构造.htm","生理构造.htm",".htm","6077","6 种族书\LoM异怪之书\2水中霸主"
"6 种族书\LoM异怪之书\2水中霸主\符文.htm","符文.htm",".htm","3573","6 种族书\LoM异怪之书\2水中霸主"
"6 种族书\LoM异怪之书\2水中霸主\装备.htm","装备.htm",".htm","3153","6 种族书\LoM异怪之书\2水中霸主"
"6 种族书\LoM异怪之书\2水中霸主\角色.htm","角色.htm",".htm","6542","6 种族书\LoM异怪之书\2水中霸主"
"6 种族书\LoM异怪之书\2水中霸主\语言.htm","语言.htm",".htm","7376","6 种族书\LoM异怪之书\2水中霸主"
"6 种族书\LoM异怪之书\2水中霸主\进阶.htm","进阶.htm",".htm","42927","6 种族书\LoM异怪之书\2水中霸主"
"6 种族书\LoM异怪之书\2水中霸主\饮食.htm","饮食.htm",".htm","7754","6 种族书\LoM异怪之书\2水中霸主"
"6 种族书\LoM异怪之书\2水中霸主\内部构造.files\内部构造1762.jpg","内部构造1762.jpg",".jpg","68187","6 种族书\LoM异怪之书\2水中霸主\内部构造.files"
"6 种族书\LoM异怪之书\2水中霸主\内部构造.files\内部构造761.jpg","内部构造761.jpg",".jpg","122206","6 种族书\LoM异怪之书\2水中霸主\内部构造.files"
"6 种族书\LoM异怪之书\2水中霸主\外部特征.files\外部特征1388.jpg","外部特征1388.jpg",".jpg","122206","6 种族书\LoM异怪之书\2水中霸主\外部特征.files"
"6 种族书\LoM异怪之书\3巨眼暴君\专长.htm","专长.htm",".htm","78894","6 种族书\LoM异怪之书\3巨眼暴君"
"6 种族书\LoM异怪之书\3巨眼暴君\仆从.htm","仆从.htm",".htm","56883","6 种族书\LoM异怪之书\3巨眼暴君"
"6 种族书\LoM异怪之书\3巨眼暴君\内部构造.htm","内部构造.htm",".htm","25336","6 种族书\LoM异怪之书\3巨眼暴君"
"6 种族书\LoM异怪之书\3巨眼暴君\力量.htm","力量.htm",".htm","6092","6 种族书\LoM异怪之书\3巨眼暴君"
"6 种族书\LoM异怪之书\3巨眼暴君\变体.htm","变体.htm",".htm","73357","6 种族书\LoM异怪之书\3巨眼暴君"
"6 种族书\LoM异怪之书\3巨眼暴君\外部特征.htm","外部特征.htm",".htm","15790","6 种族书\LoM异怪之书\3巨眼暴君"
"6 种族书\LoM异怪之书\3巨眼暴君\宗教.htm","宗教.htm",".htm","44158","6 种族书\LoM异怪之书\3巨眼暴君"
"6 种族书\LoM异怪之书\3巨眼暴君\巢穴.htm","巢穴.htm",".htm","66147","6 种族书\LoM异怪之书\3巨眼暴君"
"6 种族书\LoM异怪之书\3巨眼暴君\巨眼暴君.htm","巨眼暴君.htm",".htm","73369","6 种族书\LoM异怪之书\3巨眼暴君"
"6 种族书\LoM异怪之书\3巨眼暴君\异类.htm","异类.htm",".htm","47882","6 种族书\LoM异怪之书\3巨眼暴君"
"6 种族书\LoM异怪之书\3巨眼暴君\思维方式.htm","思维方式.htm",".htm","44642","6 种族书\LoM异怪之书\3巨眼暴君"
"6 种族书\LoM异怪之书\3巨眼暴君\战术.htm","战术.htm",".htm","46848","6 种族书\LoM异怪之书\3巨眼暴君"
"6 种族书\LoM异怪之书\3巨眼暴君\生理.htm","生理.htm",".htm","36973","6 种族书\LoM异怪之书\3巨眼暴君"
"6 种族书\LoM异怪之书\3巨眼暴君\社交.htm","社交.htm",".htm","54709","6 种族书\LoM异怪之书\3巨眼暴君"
"6 种族书\LoM异怪之书\3巨眼暴君\社会.htm","社会.htm",".htm","50616","6 种族书\LoM异怪之书\3巨眼暴君"
"6 种族书\LoM异怪之书\3巨眼暴君\装备.htm","装备.htm",".htm","71662","6 种族书\LoM异怪之书\3巨眼暴君"
"6 种族书\LoM异怪之书\3巨眼暴君\语言.htm","语言.htm",".htm","44546","6 种族书\LoM异怪之书\3巨眼暴君"
"6 种族书\LoM异怪之书\3巨眼暴君\进阶.htm","进阶.htm",".htm","113571","6 种族书\LoM异怪之书\3巨眼暴君"
"6 种族书\LoM异怪之书\3巨眼暴君\饮食.htm","饮食.htm",".htm","8254","6 种族书\LoM异怪之书\3巨眼暴君"
"6 种族书\LoM异怪之书\3巨眼暴君\内部构造.files\内部构造1102.jpg","内部构造1102.jpg",".jpg","154793","6 种族书\LoM异怪之书\3巨眼暴君\内部构造.files"
"6 种族书\LoM异怪之书\3巨眼暴君\巢穴.files\巢穴638.jpg","巢穴638.jpg",".jpg","110139","6 种族书\LoM异怪之书\3巨眼暴君\巢穴.files"
"6 种族书\LoM异怪之书\3巨眼暴君\装备.files\装备506.jpg","装备506.jpg",".jpg","59707","6 种族书\LoM异怪之书\3巨眼暴君\装备.files"
"6 种族书\LoM异怪之书\4夺心魔\关系.htm","关系.htm",".htm","11998","6 种族书\LoM异怪之书\4夺心魔"
"6 种族书\LoM异怪之书\4夺心魔\力量.htm","力量.htm",".htm","5928","6 种族书\LoM异怪之书\4夺心魔"
"6 种族书\LoM异怪之书\4夺心魔\变种.htm","变种.htm",".htm","43990","6 种族书\LoM异怪之书\4夺心魔"
"6 种族书\LoM异怪之书\4夺心魔\城市.htm","城市.htm",".htm","62400","6 种族书\LoM异怪之书\4夺心魔"
"6 种族书\LoM异怪之书\4夺心魔\夺心魔.htm","夺心魔.htm",".htm","8988","6 种族书\LoM异怪之书\4夺心魔"
"6 种族书\LoM异怪之书\4夺心魔\奴隶.htm","奴隶.htm",".htm","7751","6 种族书\LoM异怪之书\4夺心魔"
"6 种族书\LoM异怪之书\4夺心魔\宗教.htm","宗教.htm",".htm","9867","6 种族书\LoM异怪之书\4夺心魔"
"6 种族书\LoM异怪之书\4夺心魔\思维方式.htm","思维方式.htm",".htm","7501","6 种族书\LoM异怪之书\4夺心魔"
"6 种族书\LoM异怪之书\4夺心魔\生理.htm","生理.htm",".htm","7155","6 种族书\LoM异怪之书\4夺心魔"
"6 种族书\LoM异怪之书\4夺心魔\生理特征.htm","生理特征.htm",".htm","17272","6 种族书\LoM异怪之书\4夺心魔"
"6 种族书\LoM异怪之书\4夺心魔\目标.htm","目标.htm",".htm","13584","6 种族书\LoM异怪之书\4夺心魔"
"6 种族书\LoM异怪之书\4夺心魔\社会.htm","社会.htm",".htm","9289","6 种族书\LoM异怪之书\4夺心魔"
"6 种族书\LoM异怪之书\4夺心魔\繁殖老化.htm","繁殖老化.htm",".htm","13126","6 种族书\LoM异怪之书\4夺心魔"
"6 种族书\LoM异怪之书\4夺心魔\语言.htm","语言.htm",".htm","7858","6 种族书\LoM异怪之书\4夺心魔"
"6 种族书\LoM异怪之书\4夺心魔\起源.htm","起源.htm",".htm","12298","6 种族书\LoM异怪之书\4夺心魔"
"6 种族书\LoM异怪之书\4夺心魔\饮食.htm","饮食.htm",".htm","20240","6 种族书\LoM异怪之书\4夺心魔"
"6 种族书\LoM异怪之书\4夺心魔\魔法.htm","魔法.htm",".htm","38888","6 种族书\LoM异怪之书\4夺心魔"
"6 种族书\LoM异怪之书\5奴役者\关系.htm","关系.htm",".htm","6043","6 种族书\LoM异怪之书\5奴役者"
"6 种族书\LoM异怪之书\5奴役者\变种.htm","变种.htm",".htm","14877","6 种族书\LoM异怪之书\5奴役者"
"6 种族书\LoM异怪之书\5奴役者\宗教.htm","宗教.htm",".htm","7042","6 种族书\LoM异怪之书\5奴役者"
"6 种族书\LoM异怪之书\5奴役者\扮演.htm","扮演.htm",".htm","27892","6 种族书\LoM异怪之书\5奴役者"
"6 种族书\LoM异怪之书\5奴役者\生理.htm","生理.htm",".htm","2700","6 种族书\LoM异怪之书\5奴役者"
"6 种族书\LoM异怪之书\5奴役者\生理特征.htm","生理特征.htm",".htm","6527","6 种族书\LoM异怪之书\5奴役者"
"6 种族书\LoM异怪之书\5奴役者\目标.htm","目标.htm",".htm","31218","6 种族书\LoM异怪之书\5奴役者"
"6 种族书\LoM异怪之书\5奴役者\社会.htm","社会.htm",".htm","5683","6 种族书\LoM异怪之书\5奴役者"
"6 种族书\LoM异怪之书\5奴役者\社群.htm","社群.htm",".htm","20473","6 种族书\LoM异怪之书\5奴役者"
"6 种族书\LoM异怪之书\5奴役者\繁殖成长.htm","繁殖成长.htm",".htm","3619","6 种族书\LoM异怪之书\5奴役者"
"6 种族书\LoM异怪之书\5奴役者\纽吉怪.htm","纽吉怪.htm",".htm","8501","6 种族书\LoM异怪之书\5奴役者"
"6 种族书\LoM异怪之书\5奴役者\语言.htm","语言.htm",".htm","42253","6 种族书\LoM异怪之书\5奴役者"
"6 种族书\LoM异怪之书\5奴役者\魔法.htm","魔法.htm",".htm","18622","6 种族书\LoM异怪之书\5奴役者"
"6 种族书\LoM异怪之书\6捕食者\关系.htm","关系.htm",".htm","5057","6 种族书\LoM异怪之书\6捕食者"
"6 种族书\LoM异怪之书\6捕食者\变种.htm","变种.htm",".htm","5986","6 种族书\LoM异怪之书\6捕食者"
"6 种族书\LoM异怪之书\6捕食者\宗教.htm","宗教.htm",".htm","4561","6 种族书\LoM异怪之书\6捕食者"
"6 种族书\LoM异怪之书\6捕食者\捕食者.htm","捕食者.htm",".htm","15161","6 种族书\LoM异怪之书\6捕食者"
"6 种族书\LoM异怪之书\6捕食者\生理.htm","生理.htm",".htm","2573","6 种族书\LoM异怪之书\6捕食者"
"6 种族书\LoM异怪之书\6捕食者\生理特征.htm","生理特征.htm",".htm","12947","6 种族书\LoM异怪之书\6捕食者"
"6 种族书\LoM异怪之书\6捕食者\社会.htm","社会.htm",".htm","2345","6 种族书\LoM异怪之书\6捕食者"
"6 种族书\LoM异怪之书\6捕食者\社群.htm","社群.htm",".htm","6671","6 种族书\LoM异怪之书\6捕食者"
"6 种族书\LoM异怪之书\6捕食者\繁殖老化.htm","繁殖老化.htm",".htm","7312","6 种族书\LoM异怪之书\6捕食者"
"6 种族书\LoM异怪之书\6捕食者\语言.htm","语言.htm",".htm","3429","6 种族书\LoM异怪之书\6捕食者"
"6 种族书\LoM异怪之书\6捕食者\领导.htm","领导.htm",".htm","3693","6 种族书\LoM异怪之书\6捕食者"
"6 种族书\LoM异怪之书\6捕食者\魔法.htm","魔法.htm",".htm","29440","6 种族书\LoM异怪之书\6捕食者"
"6 种族书\LoM异怪之书\7夺躯怪\关系.htm","关系.htm",".htm","3593","6 种族书\LoM异怪之书\7夺躯怪"
"6 种族书\LoM异怪之书\7夺躯怪\力量.htm","力量.htm",".htm","2539","6 种族书\LoM异怪之书\7夺躯怪"
"6 种族书\LoM异怪之书\7夺躯怪\变种.htm","变种.htm",".htm","6800","6 种族书\LoM异怪之书\7夺躯怪"
"6 种族书\LoM异怪之书\7夺躯怪\夺躯怪.htm","夺躯怪.htm",".htm","8225","6 种族书\LoM异怪之书\7夺躯怪"
"6 种族书\LoM异怪之书\7夺躯怪\宗教.htm","宗教.htm",".htm","3812","6 种族书\LoM异怪之书\7夺躯怪"
"6 种族书\LoM异怪之书\7夺躯怪\生理.htm","生理.htm",".htm","2753","6 种族书\LoM异怪之书\7夺躯怪"
"6 种族书\LoM异怪之书\7夺躯怪\生理构造.htm","生理构造.htm",".htm","11297","6 种族书\LoM异怪之书\7夺躯怪"
"6 种族书\LoM异怪之书\7夺躯怪\社会..htm","社会..htm",".htm","6851","6 种族书\LoM异怪之书\7夺躯怪"
"6 种族书\LoM异怪之书\7夺躯怪\繁殖老化.htm","繁殖老化.htm",".htm","6716","6 种族书\LoM异怪之书\7夺躯怪"
"6 种族书\LoM异怪之书\7夺躯怪\装备.htm","装备.htm",".htm","7970","6 种族书\LoM异怪之书\7夺躯怪"
"6 种族书\LoM异怪之书\7夺躯怪\角色.htm","角色.htm",".htm","3787","6 种族书\LoM异怪之书\7夺躯怪"
"6 种族书\LoM异怪之书\7夺躯怪\语言.htm","语言.htm",".htm","3820","6 种族书\LoM异怪之书\7夺躯怪"
"6 种族书\LoM异怪之书\7夺躯怪\领袖.htm","领袖.htm",".htm","4681","6 种族书\LoM异怪之书\7夺躯怪"
"6 种族书\LoM异怪之书\8怪物\主脑.htm","主脑.htm",".htm","47769","6 种族书\LoM异怪之书\8怪物"
"6 种族书\LoM异怪之书\8怪物\亡眼暴君.htm","亡眼暴君.htm",".htm","33274","6 种族书\LoM异怪之书\8怪物"
"6 种族书\LoM异怪之书\8怪物\伪自然生物.htm","伪自然生物.htm",".htm","43548","6 种族书\LoM异怪之书\8怪物"
"6 种族书\LoM异怪之书\8怪物\冥河魔鱼.htm","冥河魔鱼.htm",".htm","24961","6 种族书\LoM异怪之书\8怪物"
"6 种族书\LoM异怪之书\8怪物\凿舌之眼.htm","凿舌之眼.htm",".htm","30951","6 种族书\LoM异怪之书\8怪物"
"6 种族书\LoM异怪之书\8怪物\半遥衍生物.htm","半遥衍生物.htm",".htm","80662","6 种族书\LoM异怪之书\8怪物"
"6 种族书\LoM异怪之书\8怪物\司导之眼.htm","司导之眼.htm",".htm","33275","6 种族书\LoM异怪之书\8怪物"
"6 种族书\LoM异怪之书\8怪物\吸血夺心魔.htm","吸血夺心魔.htm",".htm","29681","6 种族书\LoM异怪之书\8怪物"
"6 种族书\LoM异怪之书\8怪物\噬魂怪.htm","噬魂怪.htm",".htm","37463","6 种族书\LoM异怪之书\8怪物"
"6 种族书\LoM异怪之书\8怪物\夺心魔巫妖.htm","夺心魔巫妖.htm",".htm","37835","6 种族书\LoM异怪之书\8怪物"
"6 种族书\LoM异怪之书\8怪物\夺躯怪.htm","夺躯怪.htm",".htm","40521","6 种族书\LoM异怪之书\8怪物"
"6 种族书\LoM异怪之书\8怪物\寄生范例.htm","寄生范例.htm",".htm","78148","6 种族书\LoM异怪之书\8怪物"
"6 种族书\LoM异怪之书\8怪物\巢母之眼.htm","巢母之眼.htm",".htm","36459","6 种族书\LoM异怪之书\8怪物"
"6 种族书\LoM异怪之书\8怪物\希瑞拉蜂群_.htm","希瑞拉蜂群_.htm",".htm","7337","6 种族书\LoM异怪之书\8怪物"
"6 种族书\LoM异怪之书\8怪物\幽影生物.htm","幽影生物.htm",".htm","36988","6 种族书\LoM异怪之书\8怪物"
"6 种族书\LoM异怪之书\8怪物\幽暗猎犬.htm","幽暗猎犬.htm",".htm","30528","6 种族书\LoM异怪之书\8怪物"
"6 种族书\LoM异怪之书\8怪物\底栖魔鱼.htm","底栖魔鱼.htm",".htm","74137","6 种族书\LoM异怪之书\8怪物"
"6 种族书\LoM异怪之书\8怪物\异能蠕虫_.htm","异能蠕虫_.htm",".htm","119805","6 种族书\LoM异怪之书\8怪物"
"6 种族书\LoM异怪之书\8怪物\弧电蜥怪.htm","弧电蜥怪.htm",".htm","30696","6 种族书\LoM异怪之书\8怪物"
"6 种族书\LoM异怪之书\8怪物\惧噬体.htm","惧噬体.htm",".htm","29464","6 种族书\LoM异怪之书\8怪物"
"6 种族书\LoM异怪之书\8怪物\新的怪物.htm","新的怪物.htm",".htm","38426","6 种族书\LoM异怪之书\8怪物"
"6 种族书\LoM异怪之书\8怪物\死吻之眼.htm","死吻之眼.htm",".htm","30683","6 种族书\LoM异怪之书\8怪物"
"6 种族书\LoM异怪之书\8怪物\气孢之眼.htm","气孢之眼.htm",".htm","29586","6 种族书\LoM异怪之书\8怪物"
"6 种族书\LoM异怪之书\8怪物\法术.htm","法术.htm",".htm","15973","6 种族书\LoM异怪之书\8怪物"
"6 种族书\LoM异怪之书\8怪物\洞察之眼.htm","洞察之眼.htm",".htm","31517","6 种族书\LoM异怪之书\8怪物"
"6 种族书\LoM异怪之书\8怪物\深渊之眼.htm","深渊之眼.htm",".htm","31072","6 种族书\LoM异怪之书\8怪物"
"6 种族书\LoM异怪之书\8怪物\灵吸异怪.htm","灵吸异怪.htm",".htm","80826","6 种族书\LoM异怪之书\8怪物"
"6 种族书\LoM异怪之书\8怪物\灵吸绳柱怪.htm","灵吸绳柱怪.htm",".htm","30875","6 种族书\LoM异怪之书\8怪物"
"6 种族书\LoM异怪之书\8怪物\珠球之眼.htm","珠球之眼.htm",".htm","34007","6 种族书\LoM异怪之书\8怪物"
"6 种族书\LoM异怪之书\8怪物\眼魔.htm","眼魔.htm",".htm","34306","6 种族书\LoM异怪之书\8怪物"
"6 种族书\LoM异怪之书\8怪物\督军之眼.htm","督军之眼.htm",".htm","34379","6 种族书\LoM异怪之书\8怪物"
"6 种族书\LoM异怪之书\8怪物\矮纽吉怪.htm","矮纽吉怪.htm",".htm","25974","6 种族书\LoM异怪之书\8怪物"
"6 种族书\LoM异怪之书\8怪物\纽吉怪.htm","纽吉怪.htm",".htm","99900","6 种族书\LoM异怪之书\8怪物"
"6 种族书\LoM异怪之书\8怪物\纽吉怪术士.htm","纽吉怪术士.htm",".htm","29044","6 种族书\LoM异怪之书\8怪物"
"6 种族书\LoM异怪之书\8怪物\纽吉怪污染者.htm","纽吉怪污染者.htm",".htm","29003","6 种族书\LoM异怪之书\8怪物"
"6 种族书\LoM异怪之书\8怪物\萨博特.htm","萨博特.htm",".htm","27457","6 种族书\LoM异怪之书\8怪物"
"6 种族书\LoM异怪之书\8怪物\蝎蛛.htm","蝎蛛.htm",".htm","28962","6 种族书\LoM异怪之书\8怪物"
"6 种族书\LoM异怪之书\8怪物\触须怪.htm","触须怪.htm",".htm","63362","6 种族书\LoM异怪之书\8怪物"
"6 种族书\LoM异怪之书\8怪物\触须怪哲人.htm","触须怪哲人.htm",".htm","32071","6 种族书\LoM异怪之书\8怪物"
"6 种族书\LoM异怪之书\8怪物\触须怪宗主.htm","触须怪宗主.htm",".htm","31865","6 种族书\LoM异怪之书\8怪物"
"6 种族书\LoM异怪之书\8怪物\远古幻影.htm","远古幻影.htm",".htm","94090","6 种族书\LoM异怪之书\8怪物"
"6 种族书\LoM异怪之书\8怪物\长老之眼.htm","长老之眼.htm",".htm","30939","6 种族书\LoM异怪之书\8怪物"
"6 种族书\LoM异怪之书\8怪物\阴影蛰伏伪怪.htm","阴影蛰伏伪怪.htm",".htm","36063","6 种族书\LoM异怪之书\8怪物"
"6 种族书\LoM异怪之书\8怪物\高斯眼魔.htm","高斯眼魔.htm",".htm","28380","6 种族书\LoM异怪之书\8怪物"
"6 种族书\LoM异怪之书\8怪物\督军之眼.files\夺躯怪绳股.htm","夺躯怪绳股.htm",".htm","22691","6 种族书\LoM异怪之书\8怪物\督军之眼.files"
"6 种族书\LoM异怪之书\9异怪猎手\其他专长.htm","其他专长.htm",".htm","9076","6 种族书\LoM异怪之书\9异怪猎手"
"6 种族书\LoM异怪之书\9异怪猎手\圣魂.htm","圣魂.htm",".htm","45530","6 种族书\LoM异怪之书\9异怪猎手"
"6 种族书\LoM异怪之书\9异怪猎手\异怪专长.htm","异怪专长.htm",".htm","41709","6 种族书\LoM异怪之书\9异怪猎手"
"6 种族书\LoM异怪之书\9异怪猎手\异怪猎手.htm","异怪猎手.htm",".htm","6883","6 种族书\LoM异怪之书\9异怪猎手"
"6 种族书\LoM异怪之书\9异怪猎手\暗行者.htm","暗行者.htm",".htm","129459","6 种族书\LoM异怪之书\9异怪猎手"
"6 种族书\LoM异怪之书\9异怪猎手\法术列表.htm","法术列表.htm",".htm","103259","6 种族书\LoM异怪之书\9异怪猎手"
"6 种族书\LoM异怪之书\9异怪猎手\法术详述.htm","法术详述.htm",".htm","164356","6 种族书\LoM异怪之书\9异怪猎手"
"6 种族书\LoM异怪之书\9异怪猎手\猎怪专长.htm","猎怪专长.htm",".htm","22045","6 种族书\LoM异怪之书\9异怪猎手"
"6 种族书\LoM异怪之书\9异怪猎手\移植体.htm","移植体.htm",".htm","9814","6 种族书\LoM异怪之书\9异怪猎手"
"6 种族书\LoM异怪之书\9异怪猎手\蔚蓝印记守护者.htm","蔚蓝印记守护者.htm",".htm","119489","6 种族书\LoM异怪之书\9异怪猎手"
"6 种族书\LoM异怪之书\9异怪猎手\血肉编织者.htm","血肉编织者.htm",".htm","116440","6 种族书\LoM异怪之书\9异怪猎手"
"6 种族书\LoM异怪之书\9异怪猎手\驱逐者.htm","驱逐者.htm",".htm","112745","6 种族书\LoM异怪之书\9异怪猎手"
"6 种族书\LoM异怪之书\9异怪猎手\魔法物品.htm","魔法物品.htm",".htm","56380","6 种族书\LoM异怪之书\9异怪猎手"
"6 种族书\LoM异怪之书\9异怪猎手\黄晶卫士.htm","黄晶卫士.htm",".htm","68171","6 种族书\LoM异怪之书\9异怪猎手"
"6 种族书\RoD天命族裔\0插图\天命族裔（RoD）.htm","天命族裔（RoD）.htm",".htm","2245","6 种族书\RoD天命族裔\0插图"
"6 种族书\RoD天命族裔\0插图\封面.jpg","封面.jpg",".jpg","101946","6 种族书\RoD天命族裔\0插图"
"6 种族书\RoD天命族裔\0插图\徽民1.jpg","徽民1.jpg",".jpg","31075","6 种族书\RoD天命族裔\0插图"
"6 种族书\RoD天命族裔\0插图\徽民2.jpg","徽民2.jpg",".jpg","90547","6 种族书\RoD天命族裔\0插图"
"6 种族书\RoD天命族裔\0插图\神徽1.jpg","神徽1.jpg",".jpg","7899","6 种族书\RoD天命族裔\0插图"
"6 种族书\RoD天命族裔\0插图\神徽2.jpg","神徽2.jpg",".jpg","112878","6 种族书\RoD天命族裔\0插图"
"6 种族书\RoD天命族裔\0插图\神徽3.jpg","神徽3.jpg",".jpg","109260","6 种族书\RoD天命族裔\0插图"
"6 种族书\RoD天命族裔\0插图\神徽4.jpg","神徽4.jpg",".jpg","115269","6 种族书\RoD天命族裔\0插图"
"6 种族书\RoD天命族裔\0插图\神徽5.jpg","神徽5.jpg",".jpg","75956","6 种族书\RoD天命族裔\0插图"
"6 种族书\RoD天命族裔\0插图\神徽6.jpg","神徽6.jpg",".jpg","99440","6 种族书\RoD天命族裔\0插图"
"6 种族书\RoD天命族裔\1人类\乌班纳斯城市之神.html","乌班纳斯城市之神.html",".html","28281","6 种族书\RoD天命族裔\1人类"
"6 种族书\RoD天命族裔\1人类\萨斯人族真神.html","萨斯人族真神.html",".html","31172","6 种族书\RoD天命族裔\1人类"
"6 种族书\RoD天命族裔\1人类\乌班纳斯城市之神.files\乌班纳斯城市之神150.png","乌班纳斯城市之神150.png",".png","1281366","6 种族书\RoD天命族裔\1人类\乌班纳斯城市之神.files"
"6 种族书\RoD天命族裔\1人类\萨斯人族真神.files\萨斯人族真神144.png","萨斯人族真神144.png",".png","244688","6 种族书\RoD天命族裔\1人类\萨斯人族真神.files"
"6 种族书\RoD天命族裔\2半精灵\创建半精灵人物.htm","创建半精灵人物.htm",".htm","11057","6 种族书\RoD天命族裔\2半精灵"
"6 种族书\RoD天命族裔\2半精灵\半精灵.htm","半精灵.htm",".htm","10183","6 种族书\RoD天命族裔\2半精灵"
"6 种族书\RoD天命族裔\2半精灵\半精灵心理.htm","半精灵心理.htm",".htm","6931","6 种族书\RoD天命族裔\2半精灵"
"6 种族书\RoD天命族裔\2半精灵\历史.htm","历史.htm",".htm","2397","6 种族书\RoD天命族裔\2半精灵"
"6 种族书\RoD天命族裔\2半精灵\宗教.htm","宗教.htm",".htm","2822","6 种族书\RoD天命族裔\2半精灵"
"6 种族书\RoD天命族裔\2半精灵\定居地.htm","定居地.htm",".htm","2566","6 种族书\RoD天命族裔\2半精灵"
"6 种族书\RoD天命族裔\2半精灵\生活.htm","生活.htm",".htm","16875","6 种族书\RoD天命族裔\2半精灵"
"6 种族书\RoD天命族裔\2半精灵\社会文化.htm","社会文化.htm",".htm","3633","6 种族书\RoD天命族裔\2半精灵"
"6 种族书\RoD天命族裔\2半精灵\种族关系.htm","种族关系.htm",".htm","12224","6 种族书\RoD天命族裔\2半精灵"
"6 种族书\RoD天命族裔\2半精灵\语言.htm","语言.htm",".htm","2476","6 种族书\RoD天命族裔\2半精灵"
"6 种族书\RoD天命族裔\4徽民\创造徽民角色.htm","创造徽民角色.htm",".htm","10963","6 种族书\RoD天命族裔\4徽民"
"6 种族书\RoD天命族裔\4徽民\徽民.htm","徽民.htm",".htm","18199","6 种族书\RoD天命族裔\4徽民"
"6 种族书\RoD天命族裔\4徽民\徽民历史.htm","徽民历史.htm",".htm","38146","6 种族书\RoD天命族裔\4徽民"
"6 种族书\RoD天命族裔\4徽民\徽民宗教.htm","徽民宗教.htm",".htm","77478","6 种族书\RoD天命族裔\4徽民"
"6 种族书\RoD天命族裔\4徽民\徽民心理学.htm","徽民心理学.htm",".htm","11068","6 种族书\RoD天命族裔\4徽民"
"6 种族书\RoD天命族裔\4徽民\徽民生活.htm","徽民生活.htm",".htm","65438","6 种族书\RoD天命族裔\4徽民"
"6 种族书\RoD天命族裔\4徽民\描述.htm","描述.htm",".htm","86263","6 种族书\RoD天命族裔\4徽民"
"6 种族书\RoD天命族裔\4徽民\范例隐修会.htm","范例隐修会.htm",".htm","129434","6 种族书\RoD天命族裔\4徽民"
"6 种族书\RoD天命族裔\4徽民\语言.htm","语言.htm",".htm","52802","6 种族书\RoD天命族裔\4徽民"
"6 种族书\RoD天命族裔\4徽民\阴影之都.htm","阴影之都.htm",".htm","16391","6 种族书\RoD天命族裔\4徽民"
"6 种族书\RoD天命族裔\4徽民\隐修会类型.html","隐修会类型.html",".html","78035","6 种族书\RoD天命族裔\4徽民"
"6 种族书\RoD天命族裔\5其他种族\其他种族.htm","其他种族.htm",".htm","10211","6 种族书\RoD天命族裔\5其他种族"
"6 种族书\RoD天命族裔\5其他种族\半食人魔.htm","半食人魔.htm",".htm","17514","6 种族书\RoD天命族裔\5其他种族"
"6 种族书\RoD天命族裔\5其他种族\地民.htm","地民.htm",".htm","20442","6 种族书\RoD天命族裔\5其他种族"
"6 种族书\RoD天命族裔\5其他种族\堕民.htm","堕民.htm",".htm","48405","6 种族书\RoD天命族裔\5其他种族"
"6 种族书\RoD天命族裔\5其他种族\天命族裔（RoD）.htm","天命族裔（RoD）.htm",".htm","51060","6 种族书\RoD天命族裔\5其他种族"
"6 种族书\RoD天命族裔\5其他种族\年龄、身高与体重.htm","年龄、身高与体重.htm",".htm","88930","6 种族书\RoD天命族裔\5其他种族"
"6 种族书\RoD天命族裔\5其他种族\提夫林.htm","提夫林.htm",".htm","19128","6 种族书\RoD天命族裔\5其他种族"
"6 种族书\RoD天命族裔\5其他种族\海亲族.htm","海亲族.htm",".htm","23327","6 种族书\RoD天命族裔\5其他种族"
"6 种族书\RoD天命族裔\5其他种族\混种人.htm","混种人.htm",".htm","23936","6 种族书\RoD天命族裔\5其他种族"
"6 种族书\RoD天命族裔\5其他种族\萨拉金人.htm","萨拉金人.htm",".htm","24029","6 种族书\RoD天命族裔\5其他种族"
"6 种族书\RoD天命族裔\5其他种族\阿斯莫.htm","阿斯莫.htm",".htm","17493","6 种族书\RoD天命族裔\5其他种族"
"6 种族书\RoD天命族裔\5其他种族\半食人魔.files\image001.jpg","image001.jpg",".jpg","67395","6 种族书\RoD天命族裔\5其他种族\半食人魔.files"
"6 种族书\RoD天命族裔\5其他种族\地民.files\image002.jpg","image002.jpg",".jpg","15737","6 种族书\RoD天命族裔\5其他种族\地民.files"
"6 种族书\RoD天命族裔\5其他种族\堕民.files\image002.jpg","image002.jpg",".jpg","11833","6 种族书\RoD天命族裔\5其他种族\堕民.files"
"6 种族书\RoD天命族裔\5其他种族\天命族裔（RoD）.files\image002.jpg","image002.jpg",".jpg","24190","6 种族书\RoD天命族裔\5其他种族\天命族裔（RoD）.files"
"6 种族书\RoD天命族裔\5其他种族\提夫林.files\image002.jpg","image002.jpg",".jpg","18774","6 种族书\RoD天命族裔\5其他种族\提夫林.files"
"6 种族书\RoD天命族裔\5其他种族\海亲族.files\image002.jpg","image002.jpg",".jpg","26836","6 种族书\RoD天命族裔\5其他种族\海亲族.files"
"6 种族书\RoD天命族裔\5其他种族\混种人.files\image002.jpg","image002.jpg",".jpg","13888","6 种族书\RoD天命族裔\5其他种族\混种人.files"
"6 种族书\RoD天命族裔\5其他种族\萨拉金人.files\image002.jpg","image002.jpg",".jpg","26336","6 种族书\RoD天命族裔\5其他种族\萨拉金人.files"
"6 种族书\RoD天命族裔\5其他种族\阿斯莫.files\image002.jpg","image002.jpg",".jpg","20691","6 种族书\RoD天命族裔\5其他种族\阿斯莫.files"
"6 种族书\RoD天命族裔\6进阶职业\伤痕代行者.html","伤痕代行者.html",".html","109706","6 种族书\RoD天命族裔\6进阶职业"
"6 种族书\RoD天命族裔\6进阶职业\凶蛮武夫.html","凶蛮武夫.html",".html","67030","6 种族书\RoD天命族裔\6进阶职业"
"6 种族书\RoD天命族裔\6进阶职业\幽影卫士.html","幽影卫士.html",".html","76123","6 种族书\RoD天命族裔\6进阶职业"
"6 种族书\RoD天命族裔\6进阶职业\放逐斗士.html","放逐斗士.html",".html","47251","6 种族书\RoD天命族裔\6进阶职业"
"6 种族书\RoD天命族裔\6进阶职业\模仿士.html","模仿士.html",".html","134275","6 种族书\RoD天命族裔\6进阶职业"
"6 种族书\RoD天命族裔\6进阶职业\逸闻学家.html","逸闻学家.html",".html","85514","6 种族书\RoD天命族裔\6进阶职业"
"6 种族书\RoD天命族裔\6进阶职业\都市之魂.html","都市之魂.html",".html","72709","6 种族书\RoD天命族裔\6进阶职业"
"6 种族书\RoD天命族裔\7角色选项\一般专长.html","一般专长.html",".html","86736","6 种族书\RoD天命族裔\7角色选项"
"6 种族书\RoD天命族裔\7角色选项\入信者专长.html","入信者专长.html",".html","56723","6 种族书\RoD天命族裔\7角色选项"
"6 种族书\RoD天命族裔\7角色选项\战术专长.html","战术专长.html",".html","19866","6 种族书\RoD天命族裔\7角色选项"
"6 种族书\RoD天命族裔\7角色选项\技能的新使用方法.html","技能的新使用方法.html",".html","76081","6 种族书\RoD天命族裔\7角色选项"
"6 种族书\RoD天命族裔\7角色选项\种族替换能力.html","种族替换能力.html",".html","43807","6 种族书\RoD天命族裔\7角色选项"
"6 种族书\RoD天命族裔\8魔法\新增法术列表.html","新增法术列表.html",".html","123504","6 种族书\RoD天命族裔\8魔法"
"6 种族书\RoD天命族裔\8魔法\法术.html","法术.html",".html","279177","6 种族书\RoD天命族裔\8魔法"
"6 种族书\RoS石之族裔\0插图\凶暴鹰.jpg","凶暴鹰.jpg",".jpg","270153","6 种族书\RoS石之族裔\0插图"
"6 种族书\RoS石之族裔\0插图\加尔贡野人.jpg","加尔贡野人.jpg",".jpg","33770","6 种族书\RoS石之族裔\0插图"
"6 种族书\RoS石之族裔\0插图\地底低语者.jpg","地底低语者.jpg",".jpg","74706","6 种族书\RoS石之族裔\0插图"
"6 种族书\RoS石之族裔\0插图\地底猎犬.jpeg","地底猎犬.jpeg",".jpeg","315324","6 种族书\RoS石之族裔\0插图"
"6 种族书\RoS石之族裔\0插图\密语侏儒.jpg","密语侏儒.jpg",".jpg","277511","6 种族书\RoS石之族裔\0插图"
"6 种族书\RoS石之族裔\0插图\封面.jpg","封面.jpg",".jpg","89850","6 种族书\RoS石之族裔\0插图"
"6 种族书\RoS石之族裔\0插图\梦矮人.jpg","梦矮人.jpg",".jpg","19390","6 种族书\RoS石之族裔\0插图"
"6 种族书\RoS石之族裔\0插图\歌利亚.jpg","歌利亚.jpg",".jpg","114718","6 种族书\RoS石之族裔\0插图"
"6 种族书\RoS石之族裔\0插图\混沌侏儒.jpg","混沌侏儒.jpg",".jpg","17510","6 种族书\RoS石之族裔\0插图"
"6 种族书\RoS石之族裔\0插图\石之子.jpg","石之子.jpg",".jpg","49236","6 种族书\RoS石之族裔\0插图"
"6 种族书\RoS石之族裔\0插图\石之族裔（RoS）.htm","石之族裔（RoS）.htm",".htm","2209","6 种族书\RoS石之族裔\0插图"
"6 种族书\RoS石之族裔\0插图\石龙兽.jpg","石龙兽.jpg",".jpg","116113","6 种族书\RoS石之族裔\0插图"
"6 种族书\RoS石之族裔\0插图\锤手神使.jpg","锤手神使.jpg",".jpg","72486","6 种族书\RoS石之族裔\0插图"
"6 种族书\RoS石之族裔\0插图\颤动蠕虫.jpg","颤动蠕虫.jpg",".jpg","15850","6 种族书\RoS石之族裔\0插图"
"6 种族书\RoS石之族裔\1矮人\创造矮人角色.htm","创造矮人角色.htm",".htm","15149","6 种族书\RoS石之族裔\1矮人"
"6 种族书\RoS石之族裔\1矮人\历史风俗.htm","历史风俗.htm",".htm","25203","6 种族书\RoS石之族裔\1矮人"
"6 种族书\RoS石之族裔\1矮人\城市和定居点.htm","城市和定居点.htm",".htm","20975","6 种族书\RoS石之族裔\1矮人"
"6 种族书\RoS石之族裔\1矮人\宗教.htm","宗教.htm",".htm","59702","6 种族书\RoS石之族裔\1矮人"
"6 种族书\RoS石之族裔\1矮人\心理.htm","心理.htm",".htm","10455","6 种族书\RoS石之族裔\1矮人"
"6 种族书\RoS石之族裔\1矮人\描述.htm","描述.htm",".htm","11811","6 种族书\RoS石之族裔\1矮人"
"6 种族书\RoS石之族裔\1矮人\新建主题.htm","新建主题.htm",".htm","20442","6 种族书\RoS石之族裔\1矮人"
"6 种族书\RoS石之族裔\1矮人\社会与文化.htm","社会与文化.htm",".htm","32289","6 种族书\RoS石之族裔\1矮人"
"6 种族书\RoS石之族裔\1矮人\种族立场.htm","种族立场.htm",".htm","10769","6 种族书\RoS石之族裔\1矮人"
"6 种族书\RoS石之族裔\1矮人\语言.htm","语言.htm",".htm","20588","6 种族书\RoS石之族裔\1矮人"
"6 种族书\RoS石之族裔\2侏儒\侏儒.htm","侏儒.htm",".htm","18249","6 种族书\RoS石之族裔\2侏儒"
"6 种族书\RoS石之族裔\2侏儒\信仰.htm","信仰.htm",".htm","33917","6 种族书\RoS石之族裔\2侏儒"
"6 种族书\RoS石之族裔\2侏儒\心理.htm","心理.htm",".htm","19631","6 种族书\RoS石之族裔\2侏儒"
"6 种族书\RoS石之族裔\2侏儒\描述.htm","描述.htm",".htm","16280","6 种族书\RoS石之族裔\2侏儒"
"6 种族书\RoS石之族裔\2侏儒\生活.htm","生活.htm",".htm","27754","6 种族书\RoS石之族裔\2侏儒"
"6 种族书\RoS石之族裔\2侏儒\社会和文化.htm","社会和文化.htm",".htm","23692","6 种族书\RoS石之族裔\2侏儒"
"6 种族书\RoS石之族裔\2侏儒\种族立场.htm","种族立场.htm",".htm","13000","6 种族书\RoS石之族裔\2侏儒"
"6 种族书\RoS石之族裔\3歌利亚\创造歌利亚角色.htm","创造歌利亚角色.htm",".htm","10637","6 种族书\RoS石之族裔\3歌利亚"
"6 种族书\RoS石之族裔\3歌利亚\历史.htm","历史.htm",".htm","17940","6 种族书\RoS石之族裔\3歌利亚"
"6 种族书\RoS石之族裔\3歌利亚\城市.htm","城市.htm",".htm","22736","6 种族书\RoS石之族裔\3歌利亚"
"6 种族书\RoS石之族裔\3歌利亚\宗教.htm","宗教.htm",".htm","41564","6 种族书\RoS石之族裔\3歌利亚"
"6 种族书\RoS石之族裔\3歌利亚\心理.htm","心理.htm",".htm","6942","6 种族书\RoS石之族裔\3歌利亚"
"6 种族书\RoS石之族裔\3歌利亚\歌利亚.htm","歌利亚.htm",".htm","7073","6 种族书\RoS石之族裔\3歌利亚"
"6 种族书\RoS石之族裔\3歌利亚\生活.htm","生活.htm",".htm","25500","6 种族书\RoS石之族裔\3歌利亚"
"6 种族书\RoS石之族裔\3歌利亚\示范部落.htm","示范部落.htm",".htm","20068","6 种族书\RoS石之族裔\3歌利亚"
"6 种族书\RoS石之族裔\3歌利亚\社会文化.htm","社会文化.htm",".htm","24922","6 种族书\RoS石之族裔\3歌利亚"
"6 种族书\RoS石之族裔\3歌利亚\语言.htm","语言.htm",".htm","11583","6 种族书\RoS石之族裔\3歌利亚"
"6 种族书\RoS石之族裔\4其他种族\加尔贡野人.htm","加尔贡野人.htm",".htm","66586","6 种族书\RoS石之族裔\4其他种族"
"6 种族书\RoS石之族裔\4其他种族\密语侏儒.htm","密语侏儒.htm",".htm","21485","6 种族书\RoS石之族裔\4其他种族"
"6 种族书\RoS石之族裔\4其他种族\梦矮人.htm","梦矮人.htm",".htm","18659","6 种族书\RoS石之族裔\4其他种族"
"6 种族书\RoS石之族裔\4其他种族\歌利亚.htm","歌利亚.htm",".htm","24888","6 种族书\RoS石之族裔\4其他种族"
"6 种族书\RoS石之族裔\4其他种族\混沌侏儒.htm","混沌侏儒.htm",".htm","29000","6 种族书\RoS石之族裔\4其他种族"
"6 种族书\RoS石之族裔\4其他种族\石之子.htm","石之子.htm",".htm","87829","6 种族书\RoS石之族裔\4其他种族"
"6 种族书\RoS石之族裔\4其他种族\种族.htm","种族.htm",".htm","9338","6 种族书\RoS石之族裔\4其他种族"
"6 种族书\RoS石之族裔\5进阶\剑锋舞者.htm","剑锋舞者.htm",".htm","64161","6 种族书\RoS石之族裔\5进阶"
"6 种族书\RoS石之族裔\5进阶\地底守卫.htm","地底守卫.htm",".htm","56121","6 种族书\RoS石之族裔\5进阶"
"6 种族书\RoS石之族裔\5进阶\地灵师.htm","地灵师.htm",".htm","41479","6 种族书\RoS石之族裔\5进阶"
"6 种族书\RoS石之族裔\5进阶\崖顶射手.htm","崖顶射手.htm",".htm","38618","6 种族书\RoS石之族裔\5进阶"
"6 种族书\RoS石之族裔\5进阶\影艺法师.htm","影艺法师.htm",".htm","42478","6 种族书\RoS石之族裔\5进阶"
"6 种族书\RoS石之族裔\5进阶\战争铁匠.htm","战争铁匠.htm",".htm","42734","6 种族书\RoS石之族裔\5进阶"
"6 种族书\RoS石之族裔\5进阶\歌利亚解放者.htm","歌利亚解放者.htm",".htm","42425","6 种族书\RoS石之族裔\5进阶"
"6 种族书\RoS石之族裔\5进阶\石亡刺客.htm","石亡刺客.htm",".htm","39529","6 种族书\RoS石之族裔\5进阶"
"6 种族书\RoS石之族裔\5进阶\石言守卫.htm","石言守卫.htm",".htm","36870","6 种族书\RoS石之族裔\5进阶"
"6 种族书\RoS石之族裔\5进阶\石选者.htm","石选者.htm",".htm","33979","6 种族书\RoS石之族裔\5进阶"
"6 种族书\RoS石之族裔\5进阶\神殿小丑.htm","神殿小丑.htm",".htm","63733","6 种族书\RoS石之族裔\5进阶"
"6 种族书\RoS石之族裔\5进阶\符纹法师.htm","符纹法师.htm",".htm","42928","6 种族书\RoS石之族裔\5进阶"
"6 种族书\RoS石之族裔\5进阶\职业变体.htm","职业变体.htm",".htm","60825","6 种族书\RoS石之族裔\5进阶"
"6 种族书\RoS石之族裔\5进阶\钢魂.htm","钢魂.htm",".htm","60958","6 种族书\RoS石之族裔\5进阶"
"6 种族书\RoS石之族裔\5进阶\隼之跑者.htm","隼之跑者.htm",".htm","60743","6 种族书\RoS石之族裔\5进阶"
"6 种族书\RoS石之族裔\5进阶\黎明咏者.htm","黎明咏者.htm",".htm","59349","6 种族书\RoS石之族裔\5进阶"
"6 种族书\RoS石之族裔\6技能专长\专长.htm","专长.htm",".htm","63431","6 种族书\RoS石之族裔\6技能专长"
"6 种族书\RoS石之族裔\6技能专长\专长1.htm","专长1.htm",".htm","3437","6 种族书\RoS石之族裔\6技能专长"
"6 种族书\RoS石之族裔\6技能专长\吟唱专长.htm","吟唱专长.htm",".htm","17574","6 种族书\RoS石之族裔\6技能专长"
"6 种族书\RoS石之族裔\6技能专长\技能用法.htm","技能用法.htm",".htm","65382","6 种族书\RoS石之族裔\6技能专长"
"6 种族书\RoS石之族裔\6技能专长\武器专长.htm","武器专长.htm",".htm","11867","6 种族书\RoS石之族裔\6技能专长"
"6 种族书\RoS石之族裔\6技能专长\灵能专长.htm","灵能专长.htm",".htm","14935","6 种族书\RoS石之族裔\6技能专长"
"6 种族书\RoS石之族裔\6技能专长\神圣专长.htm","神圣专长.htm",".htm","18514","6 种族书\RoS石之族裔\6技能专长"
"6 种族书\RoS石之族裔\6技能专长\种族专长.htm","种族专长.htm",".htm","37409","6 种族书\RoS石之族裔\6技能专长"
"6 种族书\RoS石之族裔\6技能专长\荒野专长.htm","荒野专长.htm",".htm","9204","6 种族书\RoS石之族裔\6技能专长"
"6 种族书\RoS石之族裔\7法术\法术.htm","法术.htm",".htm","27601","6 种族书\RoS石之族裔\7法术"
"6 种族书\RoS石之族裔\7法术\符文环.htm","符文环.htm",".htm","25769","6 种族书\RoS石之族裔\7法术"
"6 种族书\RoS石之族裔\8装备\奇物.htm","奇物.htm",".htm","13946","6 种族书\RoS石之族裔\8装备"
"6 种族书\RoS石之族裔\8装备\杂物.htm","杂物.htm",".htm","101792","6 种族书\RoS石之族裔\8装备"
"6 种族书\RoS石之族裔\8装备\武器.htm","武器.htm",".htm","7095","6 种族书\RoS石之族裔\8装备"
"6 种族书\RoS石之族裔\8装备\防具.htm","防具.htm",".htm","132961","6 种族书\RoS石之族裔\8装备"
"6 种族书\RoS石之族裔\9怪物\凶暴鹰.htm","凶暴鹰.htm",".htm","34725","6 种族书\RoS石之族裔\9怪物"
"6 种族书\RoS石之族裔\9怪物\地底猎犬.htm","地底猎犬.htm",".htm","34225","6 种族书\RoS石之族裔\9怪物"
"6 种族书\RoS石之族裔\9怪物\大地低语者.htm","大地低语者.htm",".htm","37942","6 种族书\RoS石之族裔\9怪物"
"6 种族书\RoS石之族裔\9怪物\石龙兽.htm","石龙兽.htm",".htm","4041","6 种族书\RoS石之族裔\9怪物"
"6 种族书\RoS石之族裔\9怪物\锤手神使.htm","锤手神使.htm",".htm","41496","6 种族书\RoS石之族裔\9怪物"
"6 种族书\RoS石之族裔\9怪物\颤动蠕虫.htm","颤动蠕虫.htm",".htm","35580","6 种族书\RoS石之族裔\9怪物"
"6 种族书\RotD龙之族裔\前言\前言1.htm","前言1.htm",".htm","17407","6 种族书\RotD龙之族裔\前言"
"6 种族书\RotD龙之族裔\前言\龙之族裔（Rod）.htm","龙之族裔（Rod）.htm",".htm","4877","6 种族书\RotD龙之族裔\前言"
"6 种族书\RotD龙之族裔\前言\龙之族裔（Rod）.files\image003.jpg","image003.jpg",".jpg","72165","6 种族书\RotD龙之族裔\前言\龙之族裔（Rod）.files"
"6 种族书\RotD龙之族裔\第一章\创造龙裔角色.htm","创造龙裔角色.htm",".htm","11839","6 种族书\RotD龙之族裔\第一章"
"6 种族书\RotD龙之族裔\第一章\宗教与文化.htm","宗教与文化.htm",".htm","26469","6 种族书\RotD龙之族裔\第一章"
"6 种族书\RotD龙之族裔\第一章\种族特征.htm","种族特征.htm",".htm","13093","6 种族书\RotD龙之族裔\第一章"
"6 种族书\RotD龙之族裔\第一章\龙裔.htm","龙裔.htm",".htm","9884","6 种族书\RotD龙之族裔\第一章"
"6 种族书\RotD龙之族裔\第一章\龙裔与其他种族.htm","龙裔与其他种族.htm",".htm","12880","6 种族书\RotD龙之族裔\第一章"
"6 种族书\RotD龙之族裔\第一章\龙裔的生活.htm","龙裔的生活.htm",".htm","22096","6 种族书\RotD龙之族裔\第一章"
"6 种族书\RotD龙之族裔\第七章\法术.htm","法术.htm",".htm","20331","6 种族书\RotD龙之族裔\第七章"
"6 种族书\RotD龙之族裔\第七章\法术描述.htm","法术描述.htm",".htm","138035","6 种族书\RotD龙之族裔\第七章"
"6 种族书\RotD龙之族裔\第七章\灵能.htm","灵能.htm",".htm","19263","6 种族书\RotD龙之族裔\第七章"
"6 种族书\RotD龙之族裔\第七章\魔法灵能.htm","魔法灵能.htm",".htm","10961","6 种族书\RotD龙之族裔\第七章"
"6 种族书\RotD龙之族裔\第三章\创造狗头人角色.htm","创造狗头人角色.htm",".htm","15757","6 种族书\RotD龙之族裔\第三章"
"6 种族书\RotD龙之族裔\第三章\宗教.htm","宗教.htm",".htm","107536","6 种族书\RotD龙之族裔\第三章"
"6 种族书\RotD龙之族裔\第三章\狗头人.htm","狗头人.htm",".htm","8456","6 种族书\RotD龙之族裔\第三章"
"6 种族书\RotD龙之族裔\第三章\狗头人和其他种族.htm","狗头人和其他种族.htm",".htm","8855","6 种族书\RotD龙之族裔\第三章"
"6 种族书\RotD龙之族裔\第三章\狗头人的生活.htm","狗头人的生活.htm",".htm","76128","6 种族书\RotD龙之族裔\第三章"
"6 种族书\RotD龙之族裔\第三章\种族特征.htm","种族特征.htm",".htm","64447","6 种族书\RotD龙之族裔\第三章"
"6 种族书\RotD龙之族裔\第三章\额外特性与武器.htm","额外特性与武器.htm",".htm","28149","6 种族书\RotD龙之族裔\第三章"
"6 种族书\RotD龙之族裔\第九章\冒险点子.htm","冒险点子.htm",".htm","72982","6 种族书\RotD龙之族裔\第九章"
"6 种族书\RotD龙之族裔\第九章\地图.jpg","地图.jpg",".jpg","52510","6 种族书\RotD龙之族裔\第九章"
"6 种族书\RotD龙之族裔\第九章\战役.htm","战役.htm",".htm","2584","6 种族书\RotD龙之族裔\第九章"
"6 种族书\RotD龙之族裔\第九章\战役中的法鳞.htm","战役中的法鳞.htm",".htm","31674","6 种族书\RotD龙之族裔\第九章"
"6 种族书\RotD龙之族裔\第九章\战役中的狗头人.htm","战役中的狗头人.htm",".htm","117669","6 种族书\RotD龙之族裔\第九章"
"6 种族书\RotD龙之族裔\第九章\战役中的龙源.htm","战役中的龙源.htm",".htm","68222","6 种族书\RotD龙之族裔\第九章"
"6 种族书\RotD龙之族裔\第九章\战役中的龙裔.htm","战役中的龙裔.htm",".htm","19568","6 种族书\RotD龙之族裔\第九章"
"6 种族书\RotD龙之族裔\第九章\模组.htm","模组.htm",".htm","34334","6 种族书\RotD龙之族裔\第九章"
"6 种族书\RotD龙之族裔\第二章\创造法鳞角色.htm","创造法鳞角色.htm",".htm","62570","6 种族书\RotD龙之族裔\第二章"
"6 种族书\RotD龙之族裔\第二章\宗教与文化.htm","宗教与文化.htm",".htm","19782","6 种族书\RotD龙之族裔\第二章"
"6 种族书\RotD龙之族裔\第二章\法鳞.htm","法鳞.htm",".htm","78706","6 种族书\RotD龙之族裔\第二章"
"6 种族书\RotD龙之族裔\第二章\法鳞与其他种族.htm","法鳞与其他种族.htm",".htm","69781","6 种族书\RotD龙之族裔\第二章"
"6 种族书\RotD龙之族裔\第二章\法鳞的生活.htm","法鳞的生活.htm",".htm","38066","6 种族书\RotD龙之族裔\第二章"
"6 种族书\RotD龙之族裔\第二章\种族特征.htm","种族特征.htm",".htm","56024","6 种族书\RotD龙之族裔\第二章"
"6 种族书\RotD龙之族裔\第五章\和谐之歌者.htm","和谐之歌者.htm",".htm","111693","6 种族书\RotD龙之族裔\第五章"
"6 种族书\RotD龙之族裔\第五章\巨龙狂热者.htm","巨龙狂热者.htm",".htm","86572","6 种族书\RotD龙之族裔\第五章"
"6 种族书\RotD龙之族裔\第五章\眼之门徒.htm","眼之门徒.htm",".htm","60197","6 种族书\RotD龙之族裔\第五章"
"6 种族书\RotD龙之族裔\第五章\进阶.htm","进阶.htm",".htm","14679","6 种族书\RotD龙之族裔\第五章"
"6 种族书\RotD龙之族裔\第五章\龙心术士.htm","龙心术士.htm",".htm","85339","6 种族书\RotD龙之族裔\第五章"
"6 种族书\RotD龙之族裔\第五章\龙语词汇学家.htm","龙语词汇学家.htm",".htm","142052","6 种族书\RotD龙之族裔\第五章"
"6 种族书\RotD龙之族裔\第八章\奇物.htm","奇物.htm",".htm","72453","6 种族书\RotD龙之族裔\第八章"
"6 种族书\RotD龙之族裔\第八章\材料.htm","材料.htm",".htm","26444","6 种族书\RotD龙之族裔\第八章"
"6 种族书\RotD龙之族裔\第八章\装备材料.htm","装备材料.htm",".htm","4897","6 种族书\RotD龙之族裔\第八章"
"6 种族书\RotD龙之族裔\第八章\龙类移植体.htm","龙类移植体.htm",".htm","95162","6 种族书\RotD龙之族裔\第八章"
"6 种族书\RotD龙之族裔\第六章\喷吐引导专长.htm","喷吐引导专长.htm",".htm","8226","6 种族书\RotD龙之族裔\第六章"
"6 种族书\RotD龙之族裔\第六章\战术专长.htm","战术专长.htm",".htm","7251","6 种族书\RotD龙之族裔\第六章"
"6 种族书\RotD龙之族裔\第六章\技能.htm","技能.htm",".htm","41055","6 种族书\RotD龙之族裔\第六章"
"6 种族书\RotD龙之族裔\第六章\技能专长.htm","技能专长.htm",".htm","2175","6 种族书\RotD龙之族裔\第六章"
"6 种族书\RotD龙之族裔\第六章\普通专长.htm","普通专长.htm",".htm","138496","6 种族书\RotD龙之族裔\第六章"
"6 种族书\RotD龙之族裔\第六章\法鳞吟游诗人.htm","法鳞吟游诗人.htm",".htm","20278","6 种族书\RotD龙之族裔\第六章"
"6 种族书\RotD龙之族裔\第六章\狗头人巡林客.htm","狗头人巡林客.htm",".htm","25294","6 种族书\RotD龙之族裔\第六章"
"6 种族书\RotD龙之族裔\第六章\狗头人战士.htm","狗头人战士.htm",".htm","15277","6 种族书\RotD龙之族裔\第六章"
"6 种族书\RotD龙之族裔\第六章\狗头人游荡者.htm","狗头人游荡者.htm",".htm","16372","6 种族书\RotD龙之族裔\第六章"
"6 种族书\RotD龙之族裔\第六章\种族替代等级.htm","种族替代等级.htm",".htm","4765","6 种族书\RotD龙之族裔\第六章"
"6 种族书\RotD龙之族裔\第六章\龙脉专长.htm","龙脉专长.htm",".htm","177052","6 种族书\RotD龙之族裔\第六章"
"6 种族书\RotD龙之族裔\第六章\龙血术士.htm","龙血术士.htm",".htm","23771","6 种族书\RotD龙之族裔\第六章"
"6 种族书\RotD龙之族裔\第六章\龙血牧师.htm","龙血牧师.htm",".htm","25395","6 种族书\RotD龙之族裔\第六章"
"6 种族书\RotD龙之族裔\第六章\龙裔圣武士.htm","龙裔圣武士.htm",".htm","17329","6 种族书\RotD龙之族裔\第六章"
"6 种族书\RotD龙之族裔\第四章\创造龙源角色.htm","创造龙源角色.htm",".htm","15097","6 种族书\RotD龙之族裔\第四章"
"6 种族书\RotD龙之族裔\第四章\半龙模板.htm","半龙模板.htm",".htm","58994","6 种族书\RotD龙之族裔\第四章"
"6 种族书\RotD龙之族裔\第四章\宗教与文化.htm","宗教与文化.htm",".htm","14809","6 种族书\RotD龙之族裔\第四章"
"6 种族书\RotD龙之族裔\第四章\龙源.htm","龙源.htm",".htm","8891","6 种族书\RotD龙之族裔\第四章"
"6 种族书\RotD龙之族裔\第四章\龙源和其他种族.htm","龙源和其他种族.htm",".htm","15907","6 种族书\RotD龙之族裔\第四章"
"6 种族书\RotD龙之族裔\第四章\龙源的特点.htm","龙源的特点.htm",".htm","107867","6 种族书\RotD龙之族裔\第四章"
"6 种族书\RotD龙之族裔\第四章\龙源的生活.htm","龙源的生活.htm",".htm","25716","6 种族书\RotD龙之族裔\第四章"
"6 种族书\RotW荒野族裔\前言1.htm","前言1.htm",".htm","49972","6 种族书\RotW荒野族裔"
"6 种族书\RotW荒野族裔\哨鹰.htm","哨鹰.htm",".htm","52058","6 种族书\RotW荒野族裔"
"6 种族书\RotW荒野族裔\封面.htm","封面.htm",".htm","2273","6 种族书\RotW荒野族裔"
"6 种族书\RotW荒野族裔\附录.htm","附录.htm",".htm","86708","6 种族书\RotW荒野族裔"
"6 种族书\RotW荒野族裔\1精灵\创建精灵角色.htm","创建精灵角色.htm",".htm","19760","6 种族书\RotW荒野族裔\1精灵"
"6 种族书\RotW荒野族裔\1精灵\历史传说.htm","历史传说.htm",".htm","31267","6 种族书\RotW荒野族裔\1精灵"
"6 种族书\RotW荒野族裔\1精灵\城市聚落.htm","城市聚落.htm",".htm","35309","6 种族书\RotW荒野族裔\1精灵"
"6 种族书\RotW荒野族裔\1精灵\宗教.htm","宗教.htm",".htm","89248","6 种族书\RotW荒野族裔\1精灵"
"6 种族书\RotW荒野族裔\1精灵\心理.htm","心理.htm",".htm","20671","6 种族书\RotW荒野族裔\1精灵"
"6 种族书\RotW荒野族裔\1精灵\概述.htm","概述.htm",".htm","17616","6 种族书\RotW荒野族裔\1精灵"
"6 种族书\RotW荒野族裔\1精灵\生活.htm","生活.htm",".htm","46358","6 种族书\RotW荒野族裔\1精灵"
"6 种族书\RotW荒野族裔\1精灵\社会文化.htm","社会文化.htm",".htm","33842","6 种族书\RotW荒野族裔\1精灵"
"6 种族书\RotW荒野族裔\1精灵\种族立场.htm","种族立场.htm",".htm","21148","6 种族书\RotW荒野族裔\1精灵"
"6 种族书\RotW荒野族裔\1精灵\精灵.htm","精灵.htm",".htm","22339","6 种族书\RotW荒野族裔\1精灵"
"6 种族书\RotW荒野族裔\1精灵\语言.htm","语言.htm",".htm","23537","6 种族书\RotW荒野族裔\1精灵"
"6 种族书\RotW荒野族裔\2半身人\创造半身人角色.htm","创造半身人角色.htm",".htm","20004","6 种族书\RotW荒野族裔\2半身人"
"6 种族书\RotW荒野族裔\2半身人\半身人.htm","半身人.htm",".htm","19969","6 种族书\RotW荒野族裔\2半身人"
"6 种族书\RotW荒野族裔\2半身人\历史传说.htm","历史传说.htm",".htm","73997","6 种族书\RotW荒野族裔\2半身人"
"6 种族书\RotW荒野族裔\2半身人\宗教.htm","宗教.htm",".htm","38578","6 种族书\RotW荒野族裔\2半身人"
"6 种族书\RotW荒野族裔\2半身人\心理.htm","心理.htm",".htm","25368","6 种族书\RotW荒野族裔\2半身人"
"6 种族书\RotW荒野族裔\2半身人\概述.htm","概述.htm",".htm","16425","6 种族书\RotW荒野族裔\2半身人"
"6 种族书\RotW荒野族裔\2半身人\生活.htm","生活.htm",".htm","33263","6 种族书\RotW荒野族裔\2半身人"
"6 种族书\RotW荒野族裔\2半身人\社会文化.htm","社会文化.htm",".htm","43507","6 种族书\RotW荒野族裔\2半身人"
"6 种族书\RotW荒野族裔\2半身人\种族立场.htm","种族立场.htm",".htm","15484","6 种族书\RotW荒野族裔\2半身人"
"6 种族书\RotW荒野族裔\2半身人\语言.htm","语言.htm",".htm","23548","6 种族书\RotW荒野族裔\2半身人"
"6 种族书\RotW荒野族裔\2半身人\车队与城镇.htm","车队与城镇.htm",".htm","20957","6 种族书\RotW荒野族裔\2半身人"
"6 种族书\RotW荒野族裔\3枭人\信仰.htm","信仰.htm",".htm","71296","6 种族书\RotW荒野族裔\3枭人"
"6 种族书\RotW荒野族裔\3枭人\创建枭人角色.htm","创建枭人角色.htm",".htm","15476","6 种族书\RotW荒野族裔\3枭人"
"6 种族书\RotW荒野族裔\3枭人\前言.htm","前言.htm",".htm","17961","6 种族书\RotW荒野族裔\3枭人"
"6 种族书\RotW荒野族裔\3枭人\历史传说.htm","历史传说.htm",".htm","19555","6 种族书\RotW荒野族裔\3枭人"
"6 种族书\RotW荒野族裔\3枭人\宗教.htm","宗教.htm",".htm","70911","6 种族书\RotW荒野族裔\3枭人"
"6 种族书\RotW荒野族裔\3枭人\心理.htm","心理.htm",".htm","15556","6 种族书\RotW荒野族裔\3枭人"
"6 种族书\RotW荒野族裔\3枭人\枭人.htm","枭人.htm",".htm","39648","6 种族书\RotW荒野族裔\3枭人"
"6 种族书\RotW荒野族裔\3枭人\生活.htm","生活.htm",".htm","22348","6 种族书\RotW荒野族裔\3枭人"
"6 种族书\RotW荒野族裔\3枭人\社会文化.htm","社会文化.htm",".htm","99201","6 种族书\RotW荒野族裔\3枭人"
"6 种族书\RotW荒野族裔\3枭人\语言.htm","语言.htm",".htm","16476","6 种族书\RotW荒野族裔\3枭人"
"6 种族书\RotW荒野族裔\3枭人\部落范例.htm","部落范例.htm",".htm","46893","6 种族书\RotW荒野族裔\3枭人"
"6 种族书\RotW荒野族裔\4其他种族\人马.htm","人马.htm",".htm","116577","6 种族书\RotW荒野族裔\4其他种族"
"6 种族书\RotW荒野族裔\4其他种族\猫人.htm","猫人.htm",".htm","47713","6 种族书\RotW荒野族裔\4其他种族"
"6 种族书\RotW荒野族裔\4其他种族\豺狼人.htm","豺狼人.htm",".htm","80954","6 种族书\RotW荒野族裔\4其他种族"
"6 种族书\RotW荒野族裔\4其他种族\麒灵.htm","麒灵.htm",".htm","36885","6 种族书\RotW荒野族裔\4其他种族"
"6 种族书\RotW荒野族裔\4其他种族\人马.files\人马150.png","人马150.png",".png","515326","6 种族书\RotW荒野族裔\4其他种族\人马.files"
"6 种族书\RotW荒野族裔\4其他种族\猫人.files\mr138.jpg","mr138.jpg",".jpg","34791","6 种族书\RotW荒野族裔\4其他种族\猫人.files"
"6 种族书\RotW荒野族裔\5进阶职业\天空缔约者(Skypledged).htm","天空缔约者(Skypledged).htm",".htm","85913","6 种族书\RotW荒野族裔\5进阶职业"
"6 种族书\RotW荒野族裔\5进阶职业\奥术大祭司(Arcane_Hierophant)_.htm","奥术大祭司(Arcane_Hierophant)_.htm",".htm","79827","6 种族书\RotW荒野族裔\5进阶职业"
"6 种族书\RotW荒野族裔\5进阶职业\密语之刃(Whisperknife).htm","密语之刃(Whisperknife).htm",".htm","70984","6 种族书\RotW荒野族裔\5进阶职业"
"6 种族书\RotW荒野族裔\5进阶职业\科瑞隆·拉瑞斯安的斗士(Champion_of_Corellon_Larethian).htm","科瑞隆·拉瑞斯安的斗士(Champion_of_Corellon_Larethian).htm",".htm","62975","6 种族书\RotW荒野族裔\5进阶职业"
"6 种族书\RotW荒野族裔\5进阶职业\窃运者(Luckstealer).htm","窃运者(Luckstealer).htm",".htm","76752","6 种族书\RotW荒野族裔\5进阶职业"
"6 种族书\RotW荒野族裔\5进阶职业\精灵之友(Ruathar).htm","精灵之友(Ruathar).htm",".htm","40019","6 种族书\RotW荒野族裔\5进阶职业"
"6 种族书\RotW荒野族裔\5进阶职业\荒原行者(Wildrunner).htm","荒原行者(Wildrunner).htm",".htm","67030","6 种族书\RotW荒野族裔\5进阶职业"
"6 种族书\RotW荒野族裔\5进阶职业\风暴之爪(Stormtalon)_.htm","风暴之爪(Stormtalon)_.htm",".htm","71404","6 种族书\RotW荒野族裔\5进阶职业"
"6 种族书\RotW荒野族裔\6角色选项\一般专长.htm","一般专长.htm",".htm","70005","6 种族书\RotW荒野族裔\6角色选项"
"6 种族书\RotW荒野族裔\6角色选项\战术专长.htm","战术专长.htm",".htm","28866","6 种族书\RotW荒野族裔\6角色选项"
"6 种族书\RotW荒野族裔\6角色选项\技能专长.htm","技能专长.htm",".htm","118283","6 种族书\RotW荒野族裔\6角色选项"
"6 种族书\RotW荒野族裔\6角色选项\种族替换等级.htm","种族替换等级.htm",".htm","118543","6 种族书\RotW荒野族裔\6角色选项"
"6 种族书\RotW荒野族裔\7装备法术\一般武器.htm","一般武器.htm",".htm","209410","6 种族书\RotW荒野族裔\7装备法术"
"6 种族书\RotW荒野族裔\7装备法术\一般盔甲.htm","一般盔甲.htm",".htm","5885","6 种族书\RotW荒野族裔\7装备法术"
"6 种族书\RotW荒野族裔\7装备法术\奇物.htm","奇物.htm",".htm","17120","6 种族书\RotW荒野族裔\7装备法术"
"6 种族书\RotW荒野族裔\7装备法术\工具.htm","工具.htm",".htm","17722","6 种族书\RotW荒野族裔\7装备法术"
"6 种族书\RotW荒野族裔\7装备法术\改良武器.htm","改良武器.htm",".htm","18120","6 种族书\RotW荒野族裔\7装备法术"
"6 种族书\RotW荒野族裔\7装备法术\改良盔甲.htm","改良盔甲.htm",".htm","10211","6 种族书\RotW荒野族裔\7装备法术"
"6 种族书\RotW荒野族裔\7装备法术\新增法术.htm","新增法术.htm",".htm","38043","6 种族书\RotW荒野族裔\7装备法术"
"6 种族书\RotW荒野族裔\7装备法术\武器附魔.htm","武器附魔.htm",".htm","9031","6 种族书\RotW荒野族裔\7装备法术"
"6 种族书\RotW荒野族裔\7装备法术\法术详述.htm","法术详述.htm",".htm","47145","6 种族书\RotW荒野族裔\7装备法术"
"6 种族书\RotW荒野族裔\7装备法术\特殊材料.htm","特殊材料.htm",".htm","11026","6 种族书\RotW荒野族裔\7装备法术"
"6 种族书\RotW荒野族裔\7装备法术\盔甲附魔.htm","盔甲附魔.htm",".htm","6783","6 种族书\RotW荒野族裔\7装备法术"
"6 种族书\RotW荒野族裔\7装备法术\装备.htm","装备.htm",".htm","8148","6 种族书\RotW荒野族裔\7装备法术"
"6 种族书\RotW荒野族裔\7装备法术\魔法武器.htm","魔法武器.htm",".htm","9386","6 种族书\RotW荒野族裔\7装备法术"
"6 种族书\RotW荒野族裔\7装备法术\魔法盔甲.htm","魔法盔甲.htm",".htm","18807","6 种族书\RotW荒野族裔\7装备法术"
"6 种族书\RotW荒野族裔\7装备法术\一般武器.files\一般武器1358.png","一般武器1358.png",".png","570286","6 种族书\RotW荒野族裔\7装备法术\一般武器.files"
"6 种族书\RotW荒野族裔\8生物\凶暴鹰.htm","凶暴鹰.htm",".htm","33999","6 种族书\RotW荒野族裔\8生物"
"6 种族书\RotW荒野族裔\8生物\大角盘羊.htm","大角盘羊.htm",".htm","52291","6 种族书\RotW荒野族裔\8生物"
"6 种族书\RotW荒野族裔\8生物\精灵猎犬.htm","精灵猎犬.htm",".htm","31543","6 种族书\RotW荒野族裔\8生物"
"6 种族书\RotW荒野族裔\插图\凶暴鹰.jpg","凶暴鹰.jpg",".jpg","42534","6 种族书\RotW荒野族裔\插图"
"6 种族书\RotW荒野族裔\插图\精灵猎犬.jpg","精灵猎犬.jpg",".jpg","28582","6 种族书\RotW荒野族裔\插图"
"6 种族书\RotW荒野族裔\插图\精灵神徽1.jpg","精灵神徽1.jpg",".jpg","39857","6 种族书\RotW荒野族裔\插图"
"6 种族书\RotW荒野族裔\插图\精灵神徽2.jpg","精灵神徽2.jpg",".jpg","7531","6 种族书\RotW荒野族裔\插图"
"6 种族书\RotW荒野族裔\插图\精灵神徽3.jpg","精灵神徽3.jpg",".jpg","11344","6 种族书\RotW荒野族裔\插图"
"6 种族书\RotW荒野族裔\插图\精灵神徽4.jpg","精灵神徽4.jpg",".jpg","8861","6 种族书\RotW荒野族裔\插图"
"6 种族书\RotW荒野族裔\插图\精灵神徽5.jpg","精灵神徽5.jpg",".jpg","31476","6 种族书\RotW荒野族裔\插图"
"6 种族书\RotW荒野族裔\插图\精灵神徽6.jpg","精灵神徽6.jpg",".jpg","7472","6 种族书\RotW荒野族裔\插图"
"6 种族书\RotW荒野族裔\插图\精灵神徽7.jpg","精灵神徽7.jpg",".jpg","102112","6 种族书\RotW荒野族裔\插图"
"6 种族书\RotW荒野族裔\插图\精灵神徽8.jpg","精灵神徽8.jpg",".jpg","24965","6 种族书\RotW荒野族裔\插图"
"6 种族书\RotW荒野族裔\插图\荒野族裔封面.jpg","荒野族裔封面.jpg",".jpg","109937","6 种族书\RotW荒野族裔\插图"
"6 种族书\RotW荒野族裔\插图\豺狼人..jpg","豺狼人..jpg",".jpg","54369","6 种族书\RotW荒野族裔\插图"
"6 种族书\RotW荒野族裔\插图\麒灵.jpg","麒灵.jpg",".jpg","68461","6 种族书\RotW荒野族裔\插图"
"7 扩展全新体系\HoB战争英雄\0插图\封面.jpg","封面.jpg",".jpg","93736","7 扩展全新体系\HoB战争英雄\0插图"
"7 扩展全新体系\HoB战争英雄\0插图\战争英雄（HoB）.htm","战争英雄（HoB）.htm",".htm","1826","7 扩展全新体系\HoB战争英雄\0插图"
"7 扩展全新体系\HoB战争英雄\0插图\灵体骑队.jpg","灵体骑队.jpg",".jpg","39402","7 扩展全新体系\HoB战争英雄\0插图"
"7 扩展全新体系\HoB战争英雄\0插图\雷霆弩炮、炙热弩炮.jpg","雷霆弩炮、炙热弩炮.jpg",".jpg","52751","7 扩展全新体系\HoB战争英雄\0插图"
"7 扩展全新体系\HoB战争英雄\1战争战役\什么是战场冒险.htm","什么是战场冒险.htm",".htm","17878","7 扩展全新体系\HoB战争英雄\1战争战役"
"7 扩展全新体系\HoB战争英雄\1战争战役\军事组织.htm","军事组织.htm",".htm","17824","7 扩展全新体系\HoB战争英雄\1战争战役"
"7 扩展全新体系\HoB战争英雄\1战争战役\处理军阶与命令.htm","处理军阶与命令.htm",".htm","8537","7 扩展全新体系\HoB战争英雄\1战争战役"
"7 扩展全新体系\HoB战争英雄\1战争战役\大处着眼小处着手.htm","大处着眼小处着手.htm",".htm","8437","7 扩展全新体系\HoB战争英雄\1战争战役"
"7 扩展全新体系\HoB战争英雄\1战争战役\战争战役中的财富.htm","战争战役中的财富.htm",".htm","6968","7 扩展全新体系\HoB战争英雄\1战争战役"
"7 扩展全新体系\HoB战争英雄\1战争战役\战场外的冒险.htm","战场外的冒险.htm",".htm","8326","7 扩展全新体系\HoB战争英雄\1战争战役"
"7 扩展全新体系\HoB战争英雄\1战争战役\战役规划.htm","战役规划.htm",".htm","4628","7 扩展全新体系\HoB战争英雄\1战争战役"
"7 扩展全新体系\HoB战争英雄\1战争战役\战略间歇期.htm","战略间歇期.htm",".htm","11673","7 扩展全新体系\HoB战争英雄\1战争战役"
"7 扩展全新体系\HoB战争英雄\1战争战役\玩家角色.htm","玩家角色.htm",".htm","5830","7 扩展全新体系\HoB战争英雄\1战争战役"
"7 扩展全新体系\HoB战争英雄\1战争战役\节奏.htm","节奏.htm",".htm","7742","7 扩展全新体系\HoB战争英雄\1战争战役"
"7 扩展全新体系\HoB战争英雄\1进阶\传奇领袖.htm","传奇领袖.htm",".htm","43003","7 扩展全新体系\HoB战争英雄\1进阶"
"7 扩展全新体系\HoB战争英雄\1进阶\恐惧突袭者.htm","恐惧突袭者.htm",".htm","37303","7 扩展全新体系\HoB战争英雄\1进阶"
"7 扩展全新体系\HoB战争英雄\1进阶\战地护士.htm","战地护士.htm",".htm","42132","7 扩展全新体系\HoB战争英雄\1进阶"
"7 扩展全新体系\HoB战争英雄\1进阶\织奥之梭.htm","织奥之梭.htm",".htm","46588","7 扩展全新体系\HoB战争英雄\1进阶"
"7 扩展全新体系\HoB战争英雄\2建构冒险\60分钟创建军队.htm","60分钟创建军队.htm",".htm","12685","7 扩展全新体系\HoB战争英雄\2建构冒险"
"7 扩展全新体系\HoB战争英雄\2建构冒险\事件进程.htm","事件进程.htm",".htm","5076","7 扩展全新体系\HoB战争英雄\2建构冒险"
"7 扩展全新体系\HoB战争英雄\2建构冒险\其他危险.htm","其他危险.htm",".htm","10432","7 扩展全新体系\HoB战争英雄\2建构冒险"
"7 扩展全新体系\HoB战争英雄\2建构冒险\冒险流程图.htm","冒险流程图.htm",".htm","4358","7 扩展全新体系\HoB战争英雄\2建构冒险"
"7 扩展全新体系\HoB战争英雄\2建构冒险\创造难忘的遭遇.htm","创造难忘的遭遇.htm",".htm","12439","7 扩展全新体系\HoB战争英雄\2建构冒险"
"7 扩展全新体系\HoB战争英雄\2建构冒险\古代战场.htm","古代战场.htm",".htm","41935","7 扩展全新体系\HoB战争英雄\2建构冒险"
"7 扩展全新体系\HoB战争英雄\2建构冒险\吸引玩家角色参战.htm","吸引玩家角色参战.htm",".htm","7388","7 扩展全新体系\HoB战争英雄\2建构冒险"
"7 扩展全新体系\HoB战争英雄\2建构冒险\地形.htm","地形.htm",".htm","12376","7 扩展全新体系\HoB战争英雄\2建构冒险"
"7 扩展全新体系\HoB战争英雄\2建构冒险\填充方框.htm","填充方框.htm",".htm","3138","7 扩展全新体系\HoB战争英雄\2建构冒险"
"7 扩展全新体系\HoB战争英雄\2建构冒险\奖励.htm","奖励.htm",".htm","3693","7 扩展全新体系\HoB战争英雄\2建构冒险"
"7 扩展全新体系\HoB战争英雄\2建构冒险\建构冒险.htm","建构冒险.htm",".htm","5743","7 扩展全新体系\HoB战争英雄\2建构冒险"
"7 扩展全新体系\HoB战争英雄\2建构冒险\当情况偏离图表时.htm","当情况偏离图表时.htm",".htm","12184","7 扩展全新体系\HoB战争英雄\2建构冒险"
"7 扩展全新体系\HoB战争英雄\2建构冒险\构建战场遭遇地图.htm","构建战场遭遇地图.htm",".htm","5363","7 扩展全新体系\HoB战争英雄\2建构冒险"
"7 扩展全新体系\HoB战争英雄\2建构冒险\胜利点框架.htm","胜利点框架.htm",".htm","6688","7 扩展全新体系\HoB战争英雄\2建构冒险"
"7 扩展全新体系\HoB战争英雄\2建构冒险\设计奇幻军队.htm","设计奇幻军队.htm",".htm","3311","7 扩展全新体系\HoB战争英雄\2建构冒险"
"7 扩展全新体系\HoB战争英雄\2建构冒险\设计战场.htm","设计战场.htm",".htm","15429","7 扩展全新体系\HoB战争英雄\2建构冒险"
"7 扩展全新体系\HoB战争英雄\2建构冒险\遭遇节奏.htm","遭遇节奏.htm",".htm","11247","7 扩展全新体系\HoB战争英雄\2建构冒险"
"7 扩展全新体系\HoB战争英雄\2建构冒险\防御工事.htm","防御工事.htm",".htm","8002","7 扩展全新体系\HoB战争英雄\2建构冒险"
"7 扩展全新体系\HoB战争英雄\2建构冒险\随机遭遇.htm","随机遭遇.htm",".htm","10901","7 扩展全新体系\HoB战争英雄\2建构冒险"
"7 扩展全新体系\HoB战争英雄\2建构冒险\障碍与屏障.htm","障碍与屏障.htm",".htm","19324","7 扩展全新体系\HoB战争英雄\2建构冒险"
"7 扩展全新体系\HoB战争英雄\2角色\专长.htm","专长.htm",".htm","41785","7 扩展全新体系\HoB战争英雄\2角色"
"7 扩展全新体系\HoB战争英雄\2角色\技能.htm","技能.htm",".htm","55800","7 扩展全新体系\HoB战争英雄\2角色"
"7 扩展全新体系\HoB战争英雄\3战场遭遇\佩拉克的无生者军团.htm","佩拉克的无生者军团.htm",".htm","13700","7 扩展全新体系\HoB战争英雄\3战场遭遇"
"7 扩展全新体系\HoB战争英雄\3战场遭遇\地精袭击者.htm","地精袭击者.htm",".htm","3453","7 扩展全新体系\HoB战争英雄\3战场遭遇"
"7 扩展全新体系\HoB战争英雄\3战场遭遇\塔那厘恶魔游群.htm","塔那厘恶魔游群.htm",".htm","10291","7 扩展全新体系\HoB战争英雄\3战场遭遇"
"7 扩展全新体系\HoB战争英雄\3战场遭遇\对抗巨人.htm","对抗巨人.htm",".htm","3973","7 扩展全新体系\HoB战争英雄\3战场遭遇"
"7 扩展全新体系\HoB战争英雄\3战场遭遇\巴特祖魔鬼旅团.htm","巴特祖魔鬼旅团.htm",".htm","11850","7 扩展全新体系\HoB战争英雄\3战场遭遇"
"7 扩展全新体系\HoB战争英雄\3战场遭遇\特定单位.htm","特定单位.htm",".htm","3020","7 扩展全新体系\HoB战争英雄\3战场遭遇"
"7 扩展全新体系\HoB战争英雄\3战场遭遇\联盟军队.htm","联盟军队.htm",".htm","21103","7 扩展全新体系\HoB战争英雄\3战场遭遇"
"7 扩展全新体系\HoB战争英雄\3战场遭遇\自然之怒军队.htm","自然之怒军队.htm",".htm","15183","7 扩展全新体系\HoB战争英雄\3战场遭遇"
"7 扩展全新体系\HoB战争英雄\3战场遭遇\译者.htm","译者.htm",".htm","4809","7 扩展全新体系\HoB战争英雄\3战场遭遇"
"7 扩展全新体系\HoB战争英雄\3魔法\战场上的法术.htm","战场上的法术.htm",".htm","19742","7 扩展全新体系\HoB战争英雄\3魔法"
"7 扩展全新体系\HoB战争英雄\3魔法\新法术.htm","新法术.htm",".htm","26944","7 扩展全新体系\HoB战争英雄\3魔法"
"7 扩展全新体系\HoB战争英雄\3魔法\法术详述.htm","法术详述.htm",".htm","86927","7 扩展全新体系\HoB战争英雄\3魔法"
"7 扩展全新体系\HoB战争英雄\3魔法\魔法攻城武器.htm","魔法攻城武器.htm",".htm","65119","7 扩展全新体系\HoB战争英雄\3魔法"
"7 扩展全新体系\HoB战争英雄\3魔法\魔法物品.htm","魔法物品.htm",".htm","102011","7 扩展全新体系\HoB战争英雄\3魔法"
"7 扩展全新体系\HoB战争英雄\4规则\功勋点.htm","功勋点.htm",".htm","473095","7 扩展全新体系\HoB战争英雄\4规则"
"7 扩展全新体系\HoB战争英雄\4规则\士气检定.htm","士气检定.htm",".htm","106778","7 扩展全新体系\HoB战争英雄\4规则"
"7 扩展全新体系\HoB战争英雄\4规则\战略优势.htm","战略优势.htm",".htm","30824","7 扩展全新体系\HoB战争英雄\4规则"
"7 扩展全新体系\HoB战争英雄\4规则\指挥官.htm","指挥官.htm",".htm","192857","7 扩展全新体系\HoB战争英雄\4规则"
"7 扩展全新体系\HoB战争英雄\4规则\攻城武器.htm","攻城武器.htm",".htm","341222","7 扩展全新体系\HoB战争英雄\4规则"
"7 扩展全新体系\HoB战争英雄\4规则\箭雨.htm","箭雨.htm",".htm","30409","7 扩展全新体系\HoB战争英雄\4规则"
"7 扩展全新体系\HoB战争英雄\4规则\胜利点.htm","胜利点.htm",".htm","111741","7 扩展全新体系\HoB战争英雄\4规则"
"7 扩展全新体系\HoB战争英雄\4规则\高空轰炸.htm","高空轰炸.htm",".htm","45383","7 扩展全新体系\HoB战争英雄\4规则"
"7 扩展全新体系\HoH惊骇英雄\惊骇英雄.htm","惊骇英雄.htm",".htm","6074","7 扩展全新体系\HoH惊骇英雄"
"7 扩展全新体系\HoH惊骇英雄\专长与法术\专长.htm","专长.htm",".htm","163202","7 扩展全新体系\HoH惊骇英雄\专长与法术"
"7 扩展全新体系\HoH惊骇英雄\专长与法术\法术.htm","法术.htm",".htm","25705","7 扩展全新体系\HoH惊骇英雄\专长与法术"
"7 扩展全新体系\HoH惊骇英雄\基础\卷宗学者.htm","卷宗学者.htm",".htm","236304","7 扩展全新体系\HoH惊骇英雄\基础"
"7 扩展全新体系\HoH惊骇英雄\基础\恐惧死灵师.htm","恐惧死灵师.htm",".htm","211281","7 扩展全新体系\HoH惊骇英雄\基础"
"7 扩展全新体系\HoH惊骇英雄\惊骇英雄.files\image001.jpg","image001.jpg",".jpg","349793","7 扩展全新体系\HoH惊骇英雄\惊骇英雄.files"
"7 扩展全新体系\HoH惊骇英雄\生物\怪物\死尸魔像.htm","死尸魔像.htm",".htm","43112","7 扩展全新体系\HoH惊骇英雄\生物\怪物"
"7 扩展全新体系\HoH惊骇英雄\生物\怪物\污化元素.htm","污化元素.htm",".htm","88845","7 扩展全新体系\HoH惊骇英雄\生物\怪物"
"7 扩展全新体系\HoH惊骇英雄\生物\怪物\泥沼小魔怪.htm","泥沼小魔怪.htm",".htm","75056","7 扩展全新体系\HoH惊骇英雄\生物\怪物"
"7 扩展全新体系\HoH惊骇英雄\生物\怪物\灰小丑精.htm","灰小丑精.htm",".htm","26865","7 扩展全新体系\HoH惊骇英雄\生物\怪物"
"7 扩展全新体系\HoH惊骇英雄\生物\怪物\灾祸缚灵.htm","灾祸缚灵.htm",".htm","32609","7 扩展全新体系\HoH惊骇英雄\生物\怪物"
"7 扩展全新体系\HoH惊骇英雄\生物\怪物\腐血.htm","腐血.htm",".htm","32845","7 扩展全新体系\HoH惊骇英雄\生物\怪物"
"7 扩展全新体系\HoH惊骇英雄\生物\怪物\死尸魔像.files\image003.jpg","image003.jpg",".jpg","12436","7 扩展全新体系\HoH惊骇英雄\生物\怪物\死尸魔像.files"
"7 扩展全新体系\HoH惊骇英雄\生物\怪物\污化元素.files\image003.jpg","image003.jpg",".jpg","39411","7 扩展全新体系\HoH惊骇英雄\生物\怪物\污化元素.files"
"7 扩展全新体系\HoH惊骇英雄\生物\怪物\泥沼小魔怪.files\泥沼小魔怪220.jpg","泥沼小魔怪220.jpg",".jpg","44358","7 扩展全新体系\HoH惊骇英雄\生物\怪物\泥沼小魔怪.files"
"7 扩展全新体系\HoH惊骇英雄\生物\怪物\灰小丑精.files\image003.jpg","image003.jpg",".jpg","12122","7 扩展全新体系\HoH惊骇英雄\生物\怪物\灰小丑精.files"
"7 扩展全新体系\HoH惊骇英雄\生物\怪物\灾祸缚灵.files\image003.jpg","image003.jpg",".jpg","9548","7 扩展全新体系\HoH惊骇英雄\生物\怪物\灾祸缚灵.files"
"7 扩展全新体系\HoH惊骇英雄\生物\怪物\腐血.files\image003.jpg","image003.jpg",".jpg","9713","7 扩展全新体系\HoH惊骇英雄\生物\怪物\腐血.files"
"7 扩展全新体系\HoH惊骇英雄\生物\模板\不洁子嗣.htm","不洁子嗣.htm",".htm","53240","7 扩展全新体系\HoH惊骇英雄\生物\模板"
"7 扩展全新体系\HoH惊骇英雄\生物\模板\污化仆从.htm","污化仆从.htm",".htm","41117","7 扩展全新体系\HoH惊骇英雄\生物\模板"
"7 扩展全新体系\HoH惊骇英雄\生物\模板\污化狂徒.htm","污化狂徒.htm",".htm","21876","7 扩展全新体系\HoH惊骇英雄\生物\模板"
"7 扩展全新体系\HoH惊骇英雄\设定\恐怖守则.htm","恐怖守则.htm",".htm","119809","7 扩展全新体系\HoH惊骇英雄\设定"
"7 扩展全新体系\HoH惊骇英雄\设定\惊悚冒险.htm","惊悚冒险.htm",".htm","122867","7 扩展全新体系\HoH惊骇英雄\设定"
"7 扩展全新体系\HoH惊骇英雄\设定\惊悚战役.htm","惊悚战役.htm",".htm","63651","7 扩展全新体系\HoH惊骇英雄\设定"
"7 扩展全新体系\HoH惊骇英雄\设定\惊悚遭遇.htm","惊悚遭遇.htm",".htm","151181","7 扩展全新体系\HoH惊骇英雄\设定"
"7 扩展全新体系\HoH惊骇英雄\设定\战役模组.htm","战役模组.htm",".htm","109776","7 扩展全新体系\HoH惊骇英雄\设定"
"7 扩展全新体系\HoH惊骇英雄\设定\战役规则.htm","战役规则.htm",".htm","62219","7 扩展全新体系\HoH惊骇英雄\设定"
"7 扩展全新体系\HoH惊骇英雄\设定\邪恶污染.htm","邪恶污染.htm",".htm","80635","7 扩展全新体系\HoH惊骇英雄\设定"
"7 扩展全新体系\HoH惊骇英雄\设定\惊悚遭遇.files\惊悚遭遇17531.jpg","惊悚遭遇17531.jpg",".jpg","168383","7 扩展全新体系\HoH惊骇英雄\设定\惊悚遭遇.files"
"7 扩展全新体系\HoH惊骇英雄\设定\惊悚遭遇.files\惊悚遭遇22605.jpg","惊悚遭遇22605.jpg",".jpg","155063","7 扩展全新体系\HoH惊骇英雄\设定\惊悚遭遇.files"
"7 扩展全新体系\HoH惊骇英雄\设定\战役模组.files\战役模组4276.jpg","战役模组4276.jpg",".jpg","88622","7 扩展全新体系\HoH惊骇英雄\设定\战役模组.files"
"7 扩展全新体系\HoH惊骇英雄\设定\战役模组.files\战役模组5393.jpg","战役模组5393.jpg",".jpg","27130","7 扩展全新体系\HoH惊骇英雄\设定\战役模组.files"
"7 扩展全新体系\HoH惊骇英雄\进阶\圣教净化师.htm","圣教净化师.htm",".htm","66721","7 扩展全新体系\HoH惊骇英雄\进阶"
"7 扩展全新体系\HoH惊骇英雄\进阶\恐惧巫师.htm","恐惧巫师.htm",".htm","40513","7 扩展全新体系\HoH惊骇英雄\进阶"
"7 扩展全新体系\HoH惊骇英雄\进阶\死亡探索者.htm","死亡探索者.htm",".htm","10791","7 扩展全新体系\HoH惊骇英雄\进阶"
"7 扩展全新体系\HoH惊骇英雄\进阶\污化学者.htm","污化学者.htm",".htm","11247","7 扩展全新体系\HoH惊骇英雄\进阶"
"7 扩展全新体系\HoH惊骇英雄\进阶\炼狱后裔.htm","炼狱后裔.htm",".htm","56881","7 扩展全新体系\HoH惊骇英雄\进阶"
"7 扩展全新体系\HoH惊骇英雄\进阶\腐败复仇者.htm","腐败复仇者.htm",".htm","105130","7 扩展全新体系\HoH惊骇英雄\进阶"
"7 扩展全新体系\MH模型手册\0插图\00.jpg","00.jpg",".jpg","15440","7 扩展全新体系\MH模型手册\0插图"
"7 扩展全新体系\MH模型手册\0插图\QQ截图20200728095613.jpg","QQ截图20200728095613.jpg",".jpg","117854","7 扩展全新体系\MH模型手册\0插图"
"7 扩展全新体系\MH模型手册\0插图\位移蛇.jpg","位移蛇.jpg",".jpg","18403","7 扩展全新体系\MH模型手册\0插图"
"7 扩展全新体系\MH模型手册\0插图\保护者.jpg","保护者.jpg",".jpg","128102","7 扩展全新体系\MH模型手册\0插图"
"7 扩展全新体系\MH模型手册\0插图\刃轮兽.JPG","刃轮兽.JPG",".JPG","34419","7 扩展全新体系\MH模型手册\0插图"
"7 扩展全新体系\MH模型手册\0插图\墓穴猎犬.jpg","墓穴猎犬.jpg",".jpg","36366","7 扩展全新体系\MH模型手册\0插图"
"7 扩展全新体系\MH模型手册\0插图\完全体镰虫兽.jpg","完全体镰虫兽.jpg",".jpg","66353","7 扩展全新体系\MH模型手册\0插图"
"7 扩展全新体系\MH模型手册\0插图\岩浆投掷者.jpg","岩浆投掷者.jpg",".jpg","13579","7 扩展全新体系\MH模型手册\0插图"
"7 扩展全新体系\MH模型手册\0插图\幼体镰虫兽.jpg","幼体镰虫兽.jpg",".jpg","19537","7 扩展全新体系\MH模型手册\0插图"
"7 扩展全新体系\MH模型手册\0插图\成体镰虫兽.jpg","成体镰虫兽.jpg",".jpg","77939","7 扩展全新体系\MH模型手册\0插图"
"7 扩展全新体系\MH模型手册\0插图\模型手册（MH）.htm","模型手册（MH）.htm",".htm","1868","7 扩展全新体系\MH模型手册\0插图"
"7 扩展全新体系\MH模型手册\0插图\深渊开膛魔.jpg","深渊开膛魔.jpg",".jpg","21770","7 扩展全新体系\MH模型手册\0插图"
"7 扩展全新体系\MH模型手册\0插图\独眼怪.jpg","独眼怪.jpg",".jpg","128963","7 扩展全新体系\MH模型手册\0插图"
"7 扩展全新体系\MH模型手册\0插图\电鞭怪.jpg","电鞭怪.jpg",".jpg","38297","7 扩展全新体系\MH模型手册\0插图"
"7 扩展全新体系\MH模型手册\0插图\疯狂剃刀.jpg","疯狂剃刀.jpg",".jpg","8516","7 扩展全新体系\MH模型手册\0插图"
"7 扩展全新体系\MH模型手册\0插图\石之子.jpg","石之子.jpg",".jpg","176060","7 扩展全新体系\MH模型手册\0插图"
"7 扩展全新体系\MH模型手册\0插图\移动屏障.jpg","移动屏障.jpg",".jpg","66824","7 扩展全新体系\MH模型手册\0插图"
"7 扩展全新体系\MH模型手册\0插图\穴居暴龙.jpg","穴居暴龙.jpg",".jpg","20648","7 扩展全新体系\MH模型手册\0插图"
"7 扩展全新体系\MH模型手册\0插图\穴居背甲龙.jpg","穴居背甲龙.jpg",".jpg","8396","7 扩展全新体系\MH模型手册\0插图"
"7 扩展全新体系\MH模型手册\0插图\罗摩神使.jpg","罗摩神使.jpg",".jpg","135367","7 扩展全新体系\MH模型手册\0插图"
"7 扩展全新体系\MH模型手册\0插图\诅咒幽魂.jpg","诅咒幽魂.jpg",".jpg","241618","7 扩展全新体系\MH模型手册\0插图"
"7 扩展全新体系\MH模型手册\0插图\闪光娜迦.jpg","闪光娜迦.jpg",".jpg","43992","7 扩展全新体系\MH模型手册\0插图"
"7 扩展全新体系\MH模型手册\0插图\马人.jpg","马人.jpg",".jpg","53481","7 扩展全新体系\MH模型手册\0插图"
"7 扩展全新体系\MH模型手册\0插图\鳞片追踪者.jpg","鳞片追踪者.jpg",".jpg","32759","7 扩展全新体系\MH模型手册\0插图"
"7 扩展全新体系\MH模型手册\1基础\元戎.htm","元戎.htm",".htm","146796","7 扩展全新体系\MH模型手册\1基础"
"7 扩展全新体系\MH模型手册\1基础\治疗师.htm","治疗师.htm",".htm","281270","7 扩展全新体系\MH模型手册\1基础"
"7 扩展全新体系\MH模型手册\2进阶\亡灵猎人.htm","亡灵猎人.htm",".htm","46875","7 扩展全新体系\MH模型手册\2进阶"
"7 扩展全新体系\MH模型手册\2进阶\元素召唤者.htm","元素召唤者.htm",".htm","76250","7 扩展全新体系\MH模型手册\2进阶"
"7 扩展全新体系\MH模型手册\2进阶\战术之盾.htm","战术之盾.htm",".htm","47693","7 扩展全新体系\MH模型手册\2进阶"
"7 扩展全新体系\MH模型手册\2进阶\浩劫法师.htm","浩劫法师.htm",".htm","34353","7 扩展全新体系\MH模型手册\2进阶"
"7 扩展全新体系\MH模型手册\2进阶\狂战者.htm","狂战者.htm",".htm","50398","7 扩展全新体系\MH模型手册\2进阶"
"7 扩展全新体系\MH模型手册\2进阶\酋长.htm","酋长.htm",".htm","42531","7 扩展全新体系\MH模型手册\2进阶"
"7 扩展全新体系\MH模型手册\2进阶\龙之武士.htm","龙之武士.htm",".htm","65895","7 扩展全新体系\MH模型手册\2进阶"
"7 扩展全新体系\MH模型手册\3魔法\奇物.htm","奇物.htm",".htm","7885","7 扩展全新体系\MH模型手册\3魔法"
"7 扩展全新体系\MH模型手册\3魔法\法术列表.htm","法术列表.htm",".htm","74920","7 扩展全新体系\MH模型手册\3魔法"
"7 扩展全新体系\MH模型手册\3魔法\法术详述.htm","法术详述.htm",".htm","426809","7 扩展全新体系\MH模型手册\3魔法"
"7 扩展全新体系\MH模型手册\4怪物\位移蛇.htm","位移蛇.htm",".htm","38799","7 扩展全新体系\MH模型手册\4怪物"
"7 扩展全新体系\MH模型手册\4怪物\保卫者.htm","保卫者.htm",".htm","33200","7 扩展全新体系\MH模型手册\4怪物"
"7 扩展全新体系\MH模型手册\4怪物\刃轮兽.htm","刃轮兽.htm",".htm","35449","7 扩展全新体系\MH模型手册\4怪物"
"7 扩展全新体系\MH模型手册\4怪物\墓穴猎犬.htm","墓穴猎犬.htm",".htm","40228","7 扩展全新体系\MH模型手册\4怪物"
"7 扩展全新体系\MH模型手册\4怪物\岩浆投掷者.htm","岩浆投掷者.htm",".htm","38626","7 扩展全新体系\MH模型手册\4怪物"
"7 扩展全新体系\MH模型手册\4怪物\深渊开膛魔.htm","深渊开膛魔.htm",".htm","38775","7 扩展全新体系\MH模型手册\4怪物"
"7 扩展全新体系\MH模型手册\4怪物\独眼怪.htm","独眼怪.htm",".htm","38690","7 扩展全新体系\MH模型手册\4怪物"
"7 扩展全新体系\MH模型手册\4怪物\猫人族.htm","猫人族.htm",".htm","47446","7 扩展全新体系\MH模型手册\4怪物"
"7 扩展全新体系\MH模型手册\4怪物\电鞭怪.htm","电鞭怪.htm",".htm","40433","7 扩展全新体系\MH模型手册\4怪物"
"7 扩展全新体系\MH模型手册\4怪物\疯狂剃刀.htm","疯狂剃刀.htm",".htm","37472","7 扩展全新体系\MH模型手册\4怪物"
"7 扩展全新体系\MH模型手册\4怪物\石之子.htm","石之子.htm",".htm","36186","7 扩展全新体系\MH模型手册\4怪物"
"7 扩展全新体系\MH模型手册\4怪物\移动屏障.htm","移动屏障.htm",".htm","37632","7 扩展全新体系\MH模型手册\4怪物"
"7 扩展全新体系\MH模型手册\4怪物\穴居恐龙.htm","穴居恐龙.htm",".htm","123332","7 扩展全新体系\MH模型手册\4怪物"
"7 扩展全新体系\MH模型手册\4怪物\罗摩神使.htm","罗摩神使.htm",".htm","37664","7 扩展全新体系\MH模型手册\4怪物"
"7 扩展全新体系\MH模型手册\4怪物\诅咒幽魂.htm","诅咒幽魂.htm",".htm","37418","7 扩展全新体系\MH模型手册\4怪物"
"7 扩展全新体系\MH模型手册\4怪物\镰虫兽.htm","镰虫兽.htm",".htm","108590","7 扩展全新体系\MH模型手册\4怪物"
"7 扩展全新体系\MH模型手册\4怪物\闪光娜迦.htm","闪光娜迦.htm",".htm","39253","7 扩展全新体系\MH模型手册\4怪物"
"7 扩展全新体系\MH模型手册\4怪物\马头人.htm","马头人.htm",".htm","38470","7 扩展全新体系\MH模型手册\4怪物"
"7 扩展全新体系\MH模型手册\4怪物\鳞片追踪者.htm","鳞片追踪者.htm",".htm","38416","7 扩展全新体系\MH模型手册\4怪物"
"7 扩展全新体系\MH模型手册\5模型卡\扮演规则.htm","扮演规则.htm",".htm","26902","7 扩展全新体系\MH模型手册\5模型卡"
"7 扩展全新体系\MH模型手册\5模型卡\推算价格.htm","推算价格.htm",".htm","4632","7 扩展全新体系\MH模型手册\5模型卡"
"7 扩展全新体系\MH模型手册\5模型卡\推算模型数值.htm","推算模型数值.htm",".htm","22240","7 扩展全新体系\MH模型手册\5模型卡"
"7 扩展全新体系\MH模型手册\5模型卡\模型规则.htm","模型规则.htm",".htm","25979","7 扩展全新体系\MH模型手册\5模型卡"
"7 扩展全新体系\MH模型手册\5模型卡\第四章_模型卡.htm","第四章_模型卡.htm",".htm","5070","7 扩展全新体系\MH模型手册\5模型卡"
"7 扩展全新体系\MH模型手册\5模型卡\转换到模型规则.htm","转换到模型规则.htm",".htm","7481","7 扩展全新体系\MH模型手册\5模型卡"
"7 扩展全新体系\MH模型手册\6角色\一般专长.htm","一般专长.htm",".htm","123042","7 扩展全新体系\MH模型手册\6角色"
"7 扩展全新体系\MH模型手册\6角色\超魔专长.htm","超魔专长.htm",".htm","11532","7 扩展全新体系\MH模型手册\6角色"
"7 扩展全新体系\MoI魂之魔法\0插图\前言1.html","前言1.html",".html","94369","7 扩展全新体系\MoI魂之魔法\0插图"
"7 扩展全新体系\MoI魂之魔法\0插图\封面.jpg","封面.jpg",".jpg","124409","7 扩展全新体系\MoI魂之魔法\0插图"
"7 扩展全新体系\MoI魂之魔法\0插图\魂之魔法（MoI）.htm","魂之魔法（MoI）.htm",".htm","1767","7 扩展全新体系\MoI魂之魔法\0插图"
"7 扩展全新体系\MoI魂之魔法\1种族\2.1魂裔.html","2.1魂裔.html",".html","37930","7 扩展全新体系\MoI魂之魔法\1种族"
"7 扩展全新体系\MoI魂之魔法\1种族\2.2暮精.html","2.2暮精.html",".html","83956","7 扩展全新体系\MoI魂之魔法\1种族"
"7 扩展全新体系\MoI魂之魔法\1种族\2.3鳞族.html","2.3鳞族.html",".html","77846","7 扩展全新体系\MoI魂之魔法\1种族"
"7 扩展全新体系\MoI魂之魔法\1种族\2.4棘民.html","2.4棘民.html",".html","80957","7 扩展全新体系\MoI魂之魔法\1种族"
"7 扩展全新体系\MoI魂之魔法\1种族\2.5年龄、身高和体重.html","2.5年龄、身高和体重.html",".html","134834","7 扩展全新体系\MoI魂之魔法\1种族"
"7 扩展全新体系\MoI魂之魔法\1种族\2.6常见种族和魂能.html","2.6常见种族和魂能.html",".html","48019","7 扩展全新体系\MoI魂之魔法\1种族"
"7 扩展全新体系\MoI魂之魔法\1种族\种族.html","种族.html",".html","62176","7 扩展全新体系\MoI魂之魔法\1种族"
"7 扩展全新体系\MoI魂之魔法\2职业\3.0第二章.html","3.0第二章.html",".html","71107","7 扩展全新体系\MoI魂之魔法\2职业"
"7 扩展全新体系\MoI魂之魔法\2职业\3.1魂能师.html","3.1魂能师.html",".html","285533","7 扩展全新体系\MoI魂之魔法\2职业"
"7 扩展全新体系\MoI魂之魔法\2职业\3.2天魂者.html","3.2天魂者.html",".html","260615","7 扩展全新体系\MoI魂之魔法\2职业"
"7 扩展全新体系\MoI魂之魔法\2职业\3.3图腾师.html","3.3图腾师.html",".html","257654","7 扩展全新体系\MoI魂之魔法\2职业"
"7 扩展全新体系\MoI魂之魔法\2职业\7.0第六章.html","7.0第六章.html",".html","49624","7 扩展全新体系\MoI魂之魔法\2职业"
"7 扩展全新体系\MoI魂之魔法\2职业\7.10缚巫者.html","7.10缚巫者.html",".html","227115","7 扩展全新体系\MoI魂之魔法\2职业"
"7 扩展全新体系\MoI魂之魔法\2职业\7.1辉耀骑士.html","7.1辉耀骑士.html",".html","251446","7 扩展全新体系\MoI魂之魔法\2职业"
"7 扩展全新体系\MoI魂之魔法\2职业\7.2魂能之刃.html","7.2魂能之刃.html",".html","161478","7 扩展全新体系\MoI魂之魔法\2职业"
"7 扩展全新体系\MoI魂之魔法\2职业\7.3钢魂铸师.html","7.3钢魂铸师.html",".html","229489","7 扩展全新体系\MoI魂之魔法\2职业"
"7 扩展全新体系\MoI魂之魔法\2职业\7.4死魂师.html","7.4死魂师.html",".html","225643","7 扩展全新体系\MoI魂之魔法\2职业"
"7 扩展全新体系\MoI魂之魔法\2职业\7.5青玉主教.html","7.5青玉主教.html",".html","247561","7 扩展全新体系\MoI魂之魔法\2职业"
"7 扩展全新体系\MoI魂之魔法\2职业\7.6魂术师.html","7.6魂术师.html",".html","225854","7 扩展全新体系\MoI魂之魔法\2职业"
"7 扩展全新体系\MoI魂之魔法\2职业\7.7魂棘勇士.html","7.7魂棘勇士.html",".html","273620","7 扩展全新体系\MoI魂之魔法\2职业"
"7 扩展全新体系\MoI魂之魔法\2职业\7.8图腾狂暴者.html","7.8图腾狂暴者.html",".html","256521","7 扩展全新体系\MoI魂之魔法\2职业"
"7 扩展全新体系\MoI魂之魔法\2职业\7.9阴影门徒.html","7.9阴影门徒.html",".html","185270","7 扩展全新体系\MoI魂之魔法\2职业"
"7 扩展全新体系\MoI魂之魔法\3角色\4.0第三章 角色选项.html","4.0第三章 角色选项.html",".html","41797","7 扩展全新体系\MoI魂之魔法\3角色"
"7 扩展全新体系\MoI魂之魔法\3角色\4.1技能.html","4.1技能.html",".html","280457","7 扩展全新体系\MoI魂之魔法\3角色"
"7 扩展全新体系\MoI魂之魔法\3角色\4.2专长.html","4.2专长.html",".html","424238","7 扩展全新体系\MoI魂之魔法\3角色"
"7 扩展全新体系\MoI魂之魔法\3角色\4.3种族替换等级.html","4.3种族替换等级.html",".html","450246","7 扩展全新体系\MoI魂之魔法\3角色"
"7 扩展全新体系\MoI魂之魔法\4魂能\5.0第四章 魂能.html","5.0第四章 魂能.html",".html","44043","7 扩展全新体系\MoI魂之魔法\4魂能"
"7 扩展全新体系\MoI魂之魔法\4魂能\5.1塑造灵魂融合.html","5.1塑造灵魂融合.html",".html","99417","7 扩展全新体系\MoI魂之魔法\4魂能"
"7 扩展全新体系\MoI魂之魔法\4魂能\5.2灵魂融合描述.html","5.2灵魂融合描述.html",".html","356187","7 扩展全新体系\MoI魂之魔法\4魂能"
"7 扩展全新体系\MoI魂之魔法\4魂能\5.3灵魂融合详述.html","5.3灵魂融合详述.html",".html","1018309","7 扩展全新体系\MoI魂之魔法\4魂能"
"7 扩展全新体系\MoI魂之魔法\5魔法\6.0第五章.html","6.0第五章.html",".html","43649","7 扩展全新体系\MoI魂之魔法\5魔法"
"7 扩展全新体系\MoI魂之魔法\5魔法\6.1法术列表.html","6.1法术列表.html",".html","192798","7 扩展全新体系\MoI魂之魔法\5魔法"
"7 扩展全新体系\MoI魂之魔法\5魔法\6.2新法术.html","6.2新法术.html",".html","449312","7 扩展全新体系\MoI魂之魔法\5魔法"
"7 扩展全新体系\MoI魂之魔法\5魔法\6.3新邪术.html","6.3新邪术.html",".html","58592","7 扩展全新体系\MoI魂之魔法\5魔法"
"7 扩展全新体系\MoI魂之魔法\5魔法\6.4新灵能.html","6.4新灵能.html",".html","75798","7 扩展全新体系\MoI魂之魔法\5魔法"
"7 扩展全新体系\MoI魂之魔法\5魔法\6.5魔法物品.html","6.5魔法物品.html",".html","454485","7 扩展全新体系\MoI魂之魔法\5魔法"
"7 扩展全新体系\MoI魂之魔法\6怪物\死魂僵尸.htm","死魂僵尸.htm",".htm","261649","7 扩展全新体系\MoI魂之魔法\6怪物"
"7 扩展全新体系\MoI魂之魔法\6怪物\死魂僵尸.jpg","死魂僵尸.jpg",".jpg","112753","7 扩展全新体系\MoI魂之魔法\6怪物"
"7 扩展全新体系\MoI魂之魔法\6怪物\溶解怪.htm","溶解怪.htm",".htm","35588","7 扩展全新体系\MoI魂之魔法\6怪物"
"7 扩展全新体系\MoI魂之魔法\6怪物\溶解怪.jpg","溶解怪.jpg",".jpg","72592","7 扩展全新体系\MoI魂之魔法\6怪物"
"7 扩展全新体系\MoI魂之魔法\6怪物\阿祖尔.htm","阿祖尔.htm",".htm","104076","7 扩展全新体系\MoI魂之魔法\6怪物"
"7 扩展全新体系\MoI魂之魔法\6怪物\魂火.htm","魂火.htm",".htm","129321","7 扩展全新体系\MoI魂之魔法\6怪物"
"7 扩展全新体系\MoI魂之魔法\6怪物\魂火.jpg","魂火.jpg",".jpg","78337","7 扩展全新体系\MoI魂之魔法\6怪物"
"7 扩展全新体系\MoI魂之魔法\6怪物\魂能龙.htm","魂能龙.htm",".htm","253535","7 扩展全新体系\MoI魂之魔法\6怪物"
"7 扩展全新体系\MoI魂之魔法\6怪物\魂能龙.jpg","魂能龙.jpg",".jpg","75146","7 扩展全新体系\MoI魂之魔法\6怪物"
"7 扩展全新体系\MoI魂之魔法\8魂能战役\10.0附录.html","10.0附录.html",".html","104853","7 扩展全新体系\MoI魂之魔法\8魂能战役"
"7 扩展全新体系\MoI魂之魔法\8魂能战役\9.0第八章 魂能战役.html","9.0第八章 魂能战役.html",".html","43164","7 扩展全新体系\MoI魂之魔法\8魂能战役"
"7 扩展全新体系\MoI魂之魔法\8魂能战役\9.1战役主线.html","9.1战役主线.html",".html","92530","7 扩展全新体系\MoI魂之魔法\8魂能战役"
"7 扩展全新体系\MoI魂之魔法\8魂能战役\9.2魂能地点.html","9.2魂能地点.html",".html","131018","7 扩展全新体系\MoI魂之魔法\8魂能战役"
"7 扩展全新体系\MoI魂之魔法\8魂能战役\9.3五凰结社.html","9.3五凰结社.html",".html","123782","7 扩展全新体系\MoI魂之魔法\8魂能战役"
"7 扩展全新体系\ToB战斗卷册\0插图\军道之剑.jpg","军道之剑.jpg",".jpg","27331","7 扩展全新体系\ToB战斗卷册\0插图"
"7 扩展全新体系\ToB战斗卷册\0插图\天诛之剑.jpg","天诛之剑.jpg",".jpg","72017","7 扩展全新体系\ToB战斗卷册\0插图"
"7 扩展全新体系\ToB战斗卷册\0插图\封面.jpg","封面.jpg",".jpg","104671","7 扩展全新体系\ToB战斗卷册\0插图"
"7 扩展全新体系\ToB战斗卷册\0插图\护符.jpg","护符.jpg",".jpg","43189","7 扩展全新体系\ToB战斗卷册\0插图"
"7 扩展全新体系\ToB战斗卷册\0插图\武术秘籍.jpg","武术秘籍.jpg",".jpg","84010","7 扩展全新体系\ToB战斗卷册\0插图"
"7 扩展全新体系\ToB战斗卷册\0插图\白鸦之冠.jpg","白鸦之冠.jpg",".jpg","35483","7 扩展全新体系\ToB战斗卷册\0插图"
"7 扩展全新体系\ToB战斗卷册\0插图\贤者之剑.jpg","贤者之剑.jpg",".jpg","30051","7 扩展全新体系\ToB战斗卷册\0插图"
"7 扩展全新体系\ToB战斗卷册\1基础\军道之剑.htm","军道之剑.htm",".htm","145113","7 扩展全新体系\ToB战斗卷册\1基础"
"7 扩展全新体系\ToB战斗卷册\1基础\前言1.htm","前言1.htm",".htm","30953","7 扩展全新体系\ToB战斗卷册\1基础"
"7 扩展全新体系\ToB战斗卷册\1基础\基础.htm","基础.htm",".htm","10969","7 扩展全新体系\ToB战斗卷册\1基础"
"7 扩展全新体系\ToB战斗卷册\1基础\天诛之剑.htm","天诛之剑.htm",".htm","164303","7 扩展全新体系\ToB战斗卷册\1基础"
"7 扩展全新体系\ToB战斗卷册\1基础\战斗卷册（ToB）.htm","战斗卷册（ToB）.htm",".htm","1871","7 扩展全新体系\ToB战斗卷册\1基础"
"7 扩展全新体系\ToB战斗卷册\1基础\贤者之剑.htm","贤者之剑.htm",".htm","143938","7 扩展全新体系\ToB战斗卷册\1基础"
"7 扩展全新体系\ToB战斗卷册\2进阶\九剑宗师.htm","九剑宗师.htm",".htm","37738","7 扩展全新体系\ToB战斗卷册\2进阶"
"7 扩展全新体系\ToB战斗卷册\2进阶\影日忍者.htm","影日忍者.htm",".htm","76777","7 扩展全新体系\ToB战斗卷册\2进阶"
"7 扩展全新体系\ToB战斗卷册\2进阶\暴血之刃.htm","暴血之刃.htm",".htm","62520","7 扩展全新体系\ToB战斗卷册\2进阶"
"7 扩展全新体系\ToB战斗卷册\2进阶\永恒之刃.htm","永恒之刃.htm",".htm","83536","7 扩展全新体系\ToB战斗卷册\2进阶"
"7 扩展全新体系\ToB战斗卷册\2进阶\深石哨兵.htm","深石哨兵.htm",".htm","49145","7 扩展全新体系\ToB战斗卷册\2进阶"
"7 扩展全新体系\ToB战斗卷册\2进阶\玉凤法师.htm","玉凤法师.htm",".htm","84004","7 扩展全新体系\ToB战斗卷册\2进阶"
"7 扩展全新体系\ToB战斗卷册\2进阶\红玉神卫.htm","红玉神卫.htm",".htm","63746","7 扩展全新体系\ToB战斗卷册\2进阶"
"7 扩展全新体系\ToB战斗卷册\2进阶\血爪大师.htm","血爪大师.htm",".htm","41839","7 扩展全新体系\ToB战斗卷册\2进阶"
"7 扩展全新体系\ToB战斗卷册\3专长\战术专长.htm","战术专长.htm",".htm","38720","7 扩展全新体系\ToB战斗卷册\3专长"
"7 扩展全新体系\ToB战斗卷册\3专长\新专长.htm","新专长.htm",".htm","84409","7 扩展全新体系\ToB战斗卷册\3专长"
"7 扩展全新体系\ToB战斗卷册\3专长\新技能及其使用.htm","新技能及其使用.htm",".htm","15483","7 扩展全新体系\ToB战斗卷册\3专长"
"7 扩展全新体系\ToB战斗卷册\4流派\九剑招式列表.htm","九剑招式列表.htm",".htm","121642","7 扩展全新体系\ToB战斗卷册\4流派"
"7 扩展全新体系\ToB战斗卷册\4流派\影手流武术.htm","影手流武术.htm",".htm","82729","7 扩展全新体系\ToB战斗卷册\4流派"
"7 扩展全新体系\ToB战斗卷册\4流派\暮日流武术.htm","暮日流武术.htm",".htm","85169","7 扩展全新体系\ToB战斗卷册\4流派"
"7 扩展全新体系\ToB战斗卷册\4流派\漠风流武术.htm","漠风流武术.htm",".htm","237090","7 扩展全新体系\ToB战斗卷册\4流派"
"7 扩展全新体系\ToB战斗卷册\4流派\白鸦流武术.htm","白鸦流武术.htm",".htm","71332","7 扩展全新体系\ToB战斗卷册\4流派"
"7 扩展全新体系\ToB战斗卷册\4流派\石龙流武术.htm","石龙流武术.htm",".htm","81271","7 扩展全新体系\ToB战斗卷册\4流派"
"7 扩展全新体系\ToB战斗卷册\4流派\虎爪流武术.htm","虎爪流武术.htm",".htm","79901","7 扩展全新体系\ToB战斗卷册\4流派"
"7 扩展全新体系\ToB战斗卷册\4流派\虔心流武术.htm","虔心流武术.htm",".htm","81493","7 扩展全新体系\ToB战斗卷册\4流派"
"7 扩展全新体系\ToB战斗卷册\4流派\钢魂流武术.htm","钢魂流武术.htm",".htm","71010","7 扩展全新体系\ToB战斗卷册\4流派"
"7 扩展全新体系\ToB战斗卷册\4流派\铁心流武术.htm","铁心流武术.htm",".htm","66995","7 扩展全新体系\ToB战斗卷册\4流派"
"7 扩展全新体系\ToB战斗卷册\5九剑\传古武器.htm","传古武器.htm",".htm","16431","7 扩展全新体系\ToB战斗卷册\5九剑"
"7 扩展全新体系\ToB战斗卷册\5九剑\影手流传古武器_-_影芒（Umbral_Awn）.htm","影手流传古武器_-_影芒（Umbral_Awn）.htm",".htm","135954","7 扩展全新体系\ToB战斗卷册\5九剑"
"7 扩展全新体系\ToB战斗卷册\5九剑\暮日流传古武器_-_夕锋（Eventides_Edge）_.htm","暮日流传古武器_-_夕锋（Eventides_Edge）_.htm",".htm","87152","7 扩展全新体系\ToB战斗卷册\5九剑"
"7 扩展全新体系\ToB战斗卷册\5九剑\漠风流传古武器_-_漠风（Desert_Wind）.htm","漠风流传古武器_-_漠风（Desert_Wind）.htm",".htm","139182","7 扩展全新体系\ToB战斗卷册\5九剑"
"7 扩展全新体系\ToB战斗卷册\5九剑\白鸦流传古武器_-_孤城（Blade_of_the_Last_Citadel）_.htm","白鸦流传古武器_-_孤城（Blade_of_the_Last_Citadel）_.htm",".htm","144385","7 扩展全新体系\ToB战斗卷册\5九剑"
"7 扩展全新体系\ToB战斗卷册\5九剑\石龙流传古武器_-_破缚（Unfettered）_.htm","石龙流传古武器_-_破缚（Unfettered）_.htm",".htm","140222","7 扩展全新体系\ToB战斗卷册\5九剑"
"7 扩展全新体系\ToB战斗卷册\5九剑\虎爪流传古武器_-_虎牙（Tiger_Fang）.htm","虎爪流传古武器_-_虎牙（Tiger_Fang）.htm",".htm","138206","7 扩展全新体系\ToB战斗卷册\5九剑"
"7 扩展全新体系\ToB战斗卷册\5九剑\虔心流传古武器_-_信仇（Faithful_Avenger）.htm","虔心流传古武器_-_信仇（Faithful_Avenger）.htm",".htm","139294","7 扩展全新体系\ToB战斗卷册\5九剑"
"7 扩展全新体系\ToB战斗卷册\5九剑\钢魂流传古武器_-_天心（Supernal_Clarity）.htm","钢魂流传古武器_-_天心（Supernal_Clarity）.htm",".htm","131413","7 扩展全新体系\ToB战斗卷册\5九剑"
"7 扩展全新体系\ToB战斗卷册\5九剑\铁心流传古武器_-_死意（Kamate）_.htm","铁心流传古武器_-_死意（Kamate）_.htm",".htm","136524","7 扩展全新体系\ToB战斗卷册\5九剑"
"7 扩展全新体系\ToB战斗卷册\6装备\新奇物.htm","新奇物.htm",".htm","43674","7 扩展全新体系\ToB战斗卷册\6装备"
"7 扩展全新体系\ToB战斗卷册\6装备\新武器附魔.htm","新武器附魔.htm",".htm","17575","7 扩展全新体系\ToB战斗卷册\6装备"
"7 扩展全新体系\ToB战斗卷册\7怪物\奈依天邪兽鬼.htm","奈依天邪兽鬼.htm",".htm","63669","7 扩展全新体系\ToB战斗卷册\7怪物"
"7 扩展全新体系\ToB战斗卷册\7怪物\女武神.htm","女武神.htm",".htm","73212","7 扩展全新体系\ToB战斗卷册\7怪物"
"7 扩展全新体系\ToB战斗卷册\7怪物\女武神.jpg","女武神.jpg",".jpg","93068","7 扩展全新体系\ToB战斗卷册\7怪物"
"7 扩展全新体系\ToB战斗卷册\7怪物\邪兽鬼.jpg","邪兽鬼.jpg",".jpg","158682","7 扩展全新体系\ToB战斗卷册\7怪物"
"7 扩展全新体系\ToB战斗卷册\7怪物\邪火死士.htm","邪火死士.htm",".htm","54691","7 扩展全新体系\ToB战斗卷册\7怪物"
"7 扩展全新体系\ToB战斗卷册\7怪物\邪火死士.jpg","邪火死士.jpg",".jpg","76771","7 扩展全新体系\ToB战斗卷册\7怪物"
"7 扩展全新体系\ToB战斗卷册\8招式\学习招式和架势.htm","学习招式和架势.htm",".htm","12479","7 扩展全新体系\ToB战斗卷册\8招式"
"7 扩展全新体系\ToB战斗卷册\8招式\招式.htm","招式.htm",".htm","5571","7 扩展全新体系\ToB战斗卷册\8招式"
"7 扩展全新体系\ToB战斗卷册\8招式\武术之力.htm","武术之力.htm",".htm","48254","7 扩展全新体系\ToB战斗卷册\8招式"
"7 扩展全新体系\ToB战斗卷册\8招式\武术力量与魔法.htm","武术力量与魔法.htm",".htm","74833","7 扩展全新体系\ToB战斗卷册\8招式"
"7 扩展全新体系\ToB战斗卷册\9附录\问答.htm","问答.htm",".htm","24698","7 扩展全新体系\ToB战斗卷册\9附录"
"7 扩展全新体系\ToM魔法卷册\0插图\前言.jpg","前言.jpg",".jpg","95741","7 扩展全新体系\ToM魔法卷册\0插图"
"7 扩展全新体系\ToM魔法卷册\0插图\前言1.htm","前言1.htm",".htm","19351","7 扩展全新体系\ToM魔法卷册\0插图"
"7 扩展全新体系\ToM魔法卷册\0插图\卡尔斯人.jpg","卡尔斯人.jpg",".jpg","51609","7 扩展全新体系\ToM魔法卷册\0插图"
"7 扩展全新体系\ToM魔法卷册\0插图\封面.jpg","封面.jpg",".jpg","60937","7 扩展全新体系\ToM魔法卷册\0插图"
"7 扩展全新体系\ToM魔法卷册\0插图\影元素.jpg","影元素.jpg",".jpg","17551","7 扩展全新体系\ToM魔法卷册\0插图"
"7 扩展全新体系\ToM魔法卷册\0插图\拔舌魔.jpg","拔舌魔.jpg",".jpg","80619","7 扩展全新体系\ToM魔法卷册\0插图"
"7 扩展全新体系\ToM魔法卷册\0插图\死亡之首.jpg","死亡之首.jpg",".jpg","166577","7 扩展全新体系\ToM魔法卷册\0插图"
"7 扩展全新体系\ToM魔法卷册\0插图\死亡鸦群.jpg","死亡鸦群.jpg",".jpg","24705","7 扩展全新体系\ToM魔法卷册\0插图"
"7 扩展全新体系\ToM魔法卷册\0插图\混淆者.jpg","混淆者.jpg",".jpg","72108","7 扩展全新体系\ToM魔法卷册\0插图"
"7 扩展全新体系\ToM魔法卷册\0插图\灵契师.jpg","灵契师.jpg",".jpg","37772","7 扩展全新体系\ToM魔法卷册\0插图"
"7 扩展全新体系\ToM魔法卷册\0插图\灵魂法师.jpg","灵魂法师.jpg",".jpg","115685","7 扩展全新体系\ToM魔法卷册\0插图"
"7 扩展全新体系\ToM魔法卷册\0插图\牙兽.jpg","牙兽.jpg",".jpg","50343","7 扩展全新体系\ToM魔法卷册\0插图"
"7 扩展全新体系\ToM魔法卷册\0插图\痛苦低语者.jpg","痛苦低语者.jpg",".jpg","39533","7 扩展全新体系\ToM魔法卷册\0插图"
"7 扩展全新体系\ToM魔法卷册\0插图\真言神使.jpg","真言神使.jpg",".jpg","95356","7 扩展全新体系\ToM魔法卷册\0插图"
"7 扩展全新体系\ToM魔法卷册\0插图\瞬息刽子手.jpg","瞬息刽子手.jpg",".jpg","23052","7 扩展全新体系\ToM魔法卷册\0插图"
"7 扩展全新体系\ToM魔法卷册\0插图\致命舞者.jpg","致命舞者.jpg",".jpg","42038","7 扩展全新体系\ToM魔法卷册\0插图"
"7 扩展全新体系\ToM魔法卷册\0插图\角兽.jpg","角兽.jpg",".jpg","111414","7 扩展全新体系\ToM魔法卷册\0插图"
"7 扩展全新体系\ToM魔法卷册\0插图\轮转之手.jpg","轮转之手.jpg",".jpg","31965","7 扩展全新体系\ToM魔法卷册\0插图"
"7 扩展全新体系\ToM魔法卷册\0插图\魔法卷册（ToM）.htm","魔法卷册（ToM）.htm",".htm","2061","7 扩展全新体系\ToM魔法卷册\0插图"
"7 扩展全新体系\ToM魔法卷册\1契约之力\契约之力.htm","契约之力.htm",".htm","22671","7 扩展全新体系\ToM魔法卷册\1契约之力"
"7 扩展全新体系\ToM魔法卷册\1契约之力\组织.htm","组织.htm",".htm","11863","7 扩展全新体系\ToM魔法卷册\1契约之力"
"7 扩展全新体系\ToM魔法卷册\1契约之力\道具.htm","道具.htm",".htm","58538","7 扩展全新体系\ToM魔法卷册\1契约之力"
"7 扩展全新体系\ToM魔法卷册\1契约之力\1灵契师\契约专长.htm","契约专长.htm",".htm","117697","7 扩展全新体系\ToM魔法卷册\1契约之力\1灵契师"
"7 扩展全新体系\ToM魔法卷册\1契约之力\1灵契师\灵契师.htm","灵契师.htm",".htm","211961","7 扩展全新体系\ToM魔法卷册\1契约之力\1灵契师"
"7 扩展全新体系\ToM魔法卷册\1契约之力\2契灵\一级契灵_.htm","一级契灵_.htm",".htm","64317","7 扩展全新体系\ToM魔法卷册\1契约之力\2契灵"
"7 扩展全新体系\ToM魔法卷册\1契约之力\2契灵\七级契灵.htm","七级契灵.htm",".htm","19942","7 扩展全新体系\ToM魔法卷册\1契约之力\2契灵"
"7 扩展全新体系\ToM魔法卷册\1契约之力\2契灵\三级契灵.htm","三级契灵.htm",".htm","48189","7 扩展全新体系\ToM魔法卷册\1契约之力\2契灵"
"7 扩展全新体系\ToM魔法卷册\1契约之力\2契灵\二级契灵.htm","二级契灵.htm",".htm","47541","7 扩展全新体系\ToM魔法卷册\1契约之力\2契灵"
"7 扩展全新体系\ToM魔法卷册\1契约之力\2契灵\五级契灵.htm","五级契灵.htm",".htm","57717","7 扩展全新体系\ToM魔法卷册\1契约之力\2契灵"
"7 扩展全新体系\ToM魔法卷册\1契约之力\2契灵\八级契灵.htm","八级契灵.htm",".htm","24173","7 扩展全新体系\ToM魔法卷册\1契约之力\2契灵"
"7 扩展全新体系\ToM魔法卷册\1契约之力\2契灵\六级契灵_.htm","六级契灵_.htm",".htm","70040","7 扩展全新体系\ToM魔法卷册\1契约之力\2契灵"
"7 扩展全新体系\ToM魔法卷册\1契约之力\2契灵\四级契灵.htm","四级契灵.htm",".htm","61883","7 扩展全新体系\ToM魔法卷册\1契约之力\2契灵"
"7 扩展全新体系\ToM魔法卷册\1契约之力\2契灵\契灵.htm","契灵.htm",".htm","69655","7 扩展全新体系\ToM魔法卷册\1契约之力\2契灵"
"7 扩展全新体系\ToM魔法卷册\1契约之力\3进阶\但塔利恩子嗣.htm","但塔利恩子嗣.htm",".htm","64708","7 扩展全新体系\ToM魔法卷册\1契约之力\3进阶"
"7 扩展全新体系\ToM魔法卷册\1契约之力\3进阶\圣印骑士.htm","圣印骑士.htm",".htm","59512","7 扩展全新体系\ToM魔法卷册\1契约之力\3进阶"
"7 扩展全新体系\ToM魔法卷册\1契约之力\3进阶\女巫猎杀者.htm","女巫猎杀者.htm",".htm","54775","7 扩展全新体系\ToM魔法卷册\1契约之力\3进阶"
"7 扩展全新体系\ToM魔法卷册\1契约之力\3进阶\灵魂法师.htm","灵魂法师.htm",".htm","103023","7 扩展全新体系\ToM魔法卷册\1契约之力\3进阶"
"7 扩展全新体系\ToM魔法卷册\1契约之力\3进阶\阴晦变节者.htm","阴晦变节者.htm",".htm","65069","7 扩展全新体系\ToM魔法卷册\1契约之力\3进阶"
"7 扩展全新体系\ToM魔法卷册\1契约之力\3进阶\但塔利恩子嗣.files\image002.jpg","image002.jpg",".jpg","30362","7 扩展全新体系\ToM魔法卷册\1契约之力\3进阶\但塔利恩子嗣.files"
"7 扩展全新体系\ToM魔法卷册\1契约之力\3进阶\圣印骑士.files\image002.jpg","image002.jpg",".jpg","25040","7 扩展全新体系\ToM魔法卷册\1契约之力\3进阶\圣印骑士.files"
"7 扩展全新体系\ToM魔法卷册\1契约之力\3进阶\女巫猎杀者.files\image002.jpg","image002.jpg",".jpg","25748","7 扩展全新体系\ToM魔法卷册\1契约之力\3进阶\女巫猎杀者.files"
"7 扩展全新体系\ToM魔法卷册\1契约之力\3进阶\阴晦变节者.files\image002.jpg","image002.jpg",".jpg","20894","7 扩展全新体系\ToM魔法卷册\1契约之力\3进阶\阴晦变节者.files"
"7 扩展全新体系\ToM魔法卷册\1契约之力\4怪物\卡尔斯人.htm","卡尔斯人.htm",".htm","43551","7 扩展全新体系\ToM魔法卷册\1契约之力\4怪物"
"7 扩展全新体系\ToM魔法卷册\1契约之力\4怪物\死亡之首.html","死亡之首.html",".html","90356","7 扩展全新体系\ToM魔法卷册\1契约之力\4怪物"
"7 扩展全新体系\ToM魔法卷册\1契约之力\4怪物\牙兽.html","牙兽.html",".html","88889","7 扩展全新体系\ToM魔法卷册\1契约之力\4怪物"
"7 扩展全新体系\ToM魔法卷册\1契约之力\4怪物\致命舞者.html","致命舞者.html",".html","91631","7 扩展全新体系\ToM魔法卷册\1契约之力\4怪物"
"7 扩展全新体系\ToM魔法卷册\1契约之力\4怪物\角兽.html","角兽.html",".html","88996","7 扩展全新体系\ToM魔法卷册\1契约之力\4怪物"
"7 扩展全新体系\ToM魔法卷册\1契约之力\4怪物\谋杀鸦群.html","谋杀鸦群.html",".html","89885","7 扩展全新体系\ToM魔法卷册\1契约之力\4怪物"
"7 扩展全新体系\ToM魔法卷册\1契约之力\4怪物\轮转之手.html","轮转之手.html",".html","87782","7 扩展全新体系\ToM魔法卷册\1契约之力\4怪物"
"7 扩展全新体系\ToM魔法卷册\1契约之力\4怪物\黑暗生物.htm","黑暗生物.htm",".htm","13032","7 扩展全新体系\ToM魔法卷册\1契约之力\4怪物"
"7 扩展全新体系\ToM魔法卷册\2暗影秘闻\暗影秘闻.htm","暗影秘闻.htm",".htm","19045","7 扩展全新体系\ToM魔法卷册\2暗影秘闻"
"7 扩展全新体系\ToM魔法卷册\2暗影秘闻\秘术.htm","秘术.htm",".htm","285045","7 扩展全新体系\ToM魔法卷册\2暗影秘闻"
"7 扩展全新体系\ToM魔法卷册\2暗影秘闻\组织.htm","组织.htm",".htm","17443","7 扩展全新体系\ToM魔法卷册\2暗影秘闻"
"7 扩展全新体系\ToM魔法卷册\2暗影秘闻\怪物\影元素.htm","影元素.htm",".htm","99927","7 扩展全新体系\ToM魔法卷册\2暗影秘闻\怪物"
"7 扩展全新体系\ToM魔法卷册\2暗影秘闻\怪物\瞬息刽子手.htm","瞬息刽子手.htm",".htm","48281","7 扩展全新体系\ToM魔法卷册\2暗影秘闻\怪物"
"7 扩展全新体系\ToM魔法卷册\2暗影秘闻\暗影密使\专长.htm","专长.htm",".htm","35643","7 扩展全新体系\ToM魔法卷册\2暗影秘闻\暗影密使"
"7 扩展全新体系\ToM魔法卷册\2暗影秘闻\暗影密使\暗影秘使.htm","暗影秘使.htm",".htm","271123","7 扩展全新体系\ToM魔法卷册\2暗影秘闻\暗影密使"
"7 扩展全新体系\ToM魔法卷册\2暗影秘闻\暗影密使\暗影秘使.files\image001.jpg","image001.jpg",".jpg","22737","7 扩展全新体系\ToM魔法卷册\2暗影秘闻\暗影密使\暗影秘使.files"
"7 扩展全新体系\ToM魔法卷册\2暗影秘闻\装备\奇物.htm","奇物.htm",".htm","89121","7 扩展全新体系\ToM魔法卷册\2暗影秘闻\装备"
"7 扩展全新体系\ToM魔法卷册\2暗影秘闻\装备\权杖.htm","权杖.htm",".htm","19709","7 扩展全新体系\ToM魔法卷册\2暗影秘闻\装备"
"7 扩展全新体系\ToM魔法卷册\2暗影秘闻\装备\附魔.htm","附魔.htm",".htm","8660","7 扩展全新体系\ToM魔法卷册\2暗影秘闻\装备"
"7 扩展全新体系\ToM魔法卷册\2暗影秘闻\进阶\夜之子.htm","夜之子.htm",".htm","63690","7 扩展全新体系\ToM魔法卷册\2暗影秘闻\进阶"
"7 扩展全新体系\ToM魔法卷册\2暗影秘闻\进阶\影之主.htm","影之主.htm",".htm","136053","7 扩展全新体系\ToM魔法卷册\2暗影秘闻\进阶"
"7 扩展全新体系\ToM魔法卷册\2暗影秘闻\进阶\影刃.htm","影刃.htm",".htm","64364","7 扩展全新体系\ToM魔法卷册\2暗影秘闻\进阶"
"7 扩展全新体系\ToM魔法卷册\2暗影秘闻\进阶\掌夜者.htm","掌夜者.htm",".htm","70528","7 扩展全新体系\ToM魔法卷册\2暗影秘闻\进阶"
"7 扩展全新体系\ToM魔法卷册\2暗影秘闻\进阶\锻影匠.htm","锻影匠.htm",".htm","77261","7 扩展全新体系\ToM魔法卷册\2暗影秘闻\进阶"
"7 扩展全新体系\ToM魔法卷册\3万物真名\万物真名.htm","万物真名.htm",".htm","75082","7 扩展全新体系\ToM魔法卷册\3万物真名"
"7 扩展全新体系\ToM魔法卷册\3万物真名\专长.htm","专长.htm",".htm","48730","7 扩展全新体系\ToM魔法卷册\3万物真名"
"7 扩展全新体系\ToM魔法卷册\3万物真名\技能.htm","技能.htm",".htm","50238","7 扩展全新体系\ToM魔法卷册\3万物真名"
"7 扩展全新体系\ToM魔法卷册\3万物真名\新增魔法.htm","新增魔法.htm",".htm","207974","7 扩展全新体系\ToM魔法卷册\3万物真名"
"7 扩展全新体系\ToM魔法卷册\3万物真名\真名师.htm","真名师.htm",".htm","242749","7 扩展全新体系\ToM魔法卷册\3万物真名"
"7 扩展全新体系\ToM魔法卷册\3万物真名\组织.htm","组织.htm",".htm","15158","7 扩展全新体系\ToM魔法卷册\3万物真名"
"7 扩展全新体系\ToM魔法卷册\3万物真名\魔法物品.htm","魔法物品.htm",".htm","24883","7 扩展全新体系\ToM魔法卷册\3万物真名"
"7 扩展全新体系\ToM魔法卷册\3万物真名\怪物\拔舌魔.htm","拔舌魔.htm",".htm","90284","7 扩展全新体系\ToM魔法卷册\3万物真名\怪物"
"7 扩展全新体系\ToM魔法卷册\3万物真名\怪物\混淆者.htm","混淆者.htm",".htm","91924","7 扩展全新体系\ToM魔法卷册\3万物真名\怪物"
"7 扩展全新体系\ToM魔法卷册\3万物真名\怪物\烦絮狮芬斯.html","烦絮狮芬斯.html",".html","97099","7 扩展全新体系\ToM魔法卷册\3万物真名\怪物"
"7 扩展全新体系\ToM魔法卷册\3万物真名\怪物\痛苦低语者.htm","痛苦低语者.htm",".htm","86679","7 扩展全新体系\ToM魔法卷册\3万物真名\怪物"
"7 扩展全新体系\ToM魔法卷册\3万物真名\怪物\真言神使.htm","真言神使.htm",".htm","89265","7 扩展全新体系\ToM魔法卷册\3万物真名\怪物"
"7 扩展全新体系\ToM魔法卷册\3万物真名\怪物\烦絮狮芬斯.files\烦絮狮芬斯184.png","烦絮狮芬斯184.png",".png","957312","7 扩展全新体系\ToM魔法卷册\3万物真名\怪物\烦絮狮芬斯.files"
"7 扩展全新体系\ToM魔法卷册\3万物真名\言灵\天工造物之语.htm","天工造物之语.htm",".htm","56379","7 扩展全新体系\ToM魔法卷册\3万物真名\言灵"
"7 扩展全新体系\ToM魔法卷册\3万物真名\言灵\完美世界之语_.htm","完美世界之语_.htm",".htm","53489","7 扩展全新体系\ToM魔法卷册\3万物真名\言灵"
"7 扩展全新体系\ToM魔法卷册\3万物真名\言灵\心智演化之语.htm","心智演化之语.htm",".htm","379081","7 扩展全新体系\ToM魔法卷册\3万物真名\言灵"
"7 扩展全新体系\ToM魔法卷册\3万物真名\言灵\言灵.htm","言灵.htm",".htm","31978","7 扩展全新体系\ToM魔法卷册\3万物真名\言灵"
"7 扩展全新体系\ToM魔法卷册\3万物真名\进阶\唯我论者.htm","唯我论者.htm",".htm","117923","7 扩展全新体系\ToM魔法卷册\3万物真名\进阶"
"7 扩展全新体系\ToM魔法卷册\3万物真名\进阶\失丧者.htm","失丧者.htm",".htm","51055","7 扩展全新体系\ToM魔法卷册\3万物真名\进阶"
"7 扩展全新体系\ToM魔法卷册\3万物真名\进阶\火言者.htm","火言者.htm",".htm","142164","7 扩展全新体系\ToM魔法卷册\3万物真名\进阶"
"7 扩展全新体系\ToM魔法卷册\3万物真名\进阶\缚魔师.htm","缚魔师.htm",".htm","95356","7 扩展全新体系\ToM魔法卷册\3万物真名\进阶"
"7 扩展全新体系\ToM魔法卷册\3万物真名\进阶\言之学徒.htm","言之学徒.htm",".htm","118561","7 扩展全新体系\ToM魔法卷册\3万物真名\进阶"
"7 扩展全新体系\ToM魔法卷册\3万物真名\魔法物品.files\image001.png","image001.png",".png","575680","7 扩展全新体系\ToM魔法卷册\3万物真名\魔法物品.files"
"7 扩展全新体系\ToM魔法卷册\3万物真名\魔法物品.files\image002.png","image002.png",".png","662210","7 扩展全新体系\ToM魔法卷册\3万物真名\魔法物品.files"
"7 扩展全新体系\UA破译奥秘\前言.htm","前言.htm",".htm","5847","7 扩展全新体系\UA破译奥秘"
"7 扩展全新体系\UA破译奥秘\完型角色.htm","完型角色.htm",".htm","45646","7 扩展全新体系\UA破译奥秘"
"7 扩展全新体系\UA破译奥秘\0插图\封面.jpg","封面.jpg",".jpg","85587","7 扩展全新体系\UA破译奥秘\0插图"
"7 扩展全新体系\UA破译奥秘\0插图\破译奥秘（UA）.htm","破译奥秘（UA）.htm",".htm","1602","7 扩展全新体系\UA破译奥秘\0插图"
"7 扩展全新体系\UA破译奥秘\1种族\元素种族变体.htm","元素种族变体.htm",".htm","11415","7 扩展全新体系\UA破译奥秘\1种族"
"7 扩展全新体系\UA破译奥秘\1种族\种族.htm","种族.htm",".htm","2072","7 扩展全新体系\UA破译奥秘\1种族"
"7 扩展全新体系\UA破译奥秘\1种族\血脉.htm","血脉.htm",".htm","31499","7 扩展全新体系\UA破译奥秘\1种族"
"7 扩展全新体系\UA破译奥秘\1种族\种族亚种\丛林种族.htm","丛林种族.htm",".htm","9275","7 扩展全新体系\UA破译奥秘\1种族\种族亚种"
"7 扩展全新体系\UA破译奥秘\1种族\种族亚种\极地种族.htm","极地种族.htm",".htm","9070","7 扩展全新体系\UA破译奥秘\1种族\种族亚种"
"7 扩展全新体系\UA破译奥秘\1种族\种族亚种\水生种族.htm","水生种族.htm",".htm","9948","7 扩展全新体系\UA破译奥秘\1种族\种族亚种"
"7 扩展全新体系\UA破译奥秘\1种族\种族亚种\种族亚种.htm","种族亚种.htm",".htm","2869","7 扩展全新体系\UA破译奥秘\1种族\种族亚种"
"7 扩展全新体系\UA破译奥秘\2职业\变体\专制圣武士.htm","专制圣武士.htm",".htm","4967","7 扩展全新体系\UA破译奥秘\2职业\变体"
"7 扩展全新体系\UA破译奥秘\2职业\变体\吟游贤者.htm","吟游贤者.htm",".htm","2989","7 扩展全新体系\UA破译奥秘\2职业\变体"
"7 扩展全新体系\UA破译奥秘\2职业\变体\圣武士变体.htm","圣武士变体.htm",".htm","2145","7 扩展全新体系\UA破译奥秘\2职业\变体"
"7 扩展全新体系\UA破译奥秘\2职业\变体\城市游侠.htm","城市游侠.htm",".htm","4964","7 扩展全新体系\UA破译奥秘\2职业\变体"
"7 扩展全新体系\UA破译奥秘\2职业\变体\巡林客变体.htm","巡林客变体.htm",".htm","2473","7 扩展全新体系\UA破译奥秘\2职业\变体"
"7 扩展全新体系\UA破译奥秘\2职业\变体\德鲁伊变体.htm","德鲁伊变体.htm",".htm","2533","7 扩展全新体系\UA破译奥秘\2职业\变体"
"7 扩展全新体系\UA破译奥秘\2职业\变体\战士变体.htm","战士变体.htm",".htm","2285","7 扩展全新体系\UA破译奥秘\2职业\变体"
"7 扩展全新体系\UA破译奥秘\2职业\变体\术士变体.htm","术士变体.htm",".htm","2516","7 扩展全新体系\UA破译奥秘\2职业\变体"
"7 扩展全新体系\UA破译奥秘\2职业\变体\杀戮圣武士.htm","杀戮圣武士.htm",".htm","4846","7 扩展全新体系\UA破译奥秘\2职业\变体"
"7 扩展全新体系\UA破译奥秘\2职业\变体\武僧变体.htm","武僧变体.htm",".htm","5678","7 扩展全新体系\UA破译奥秘\2职业\变体"
"7 扩展全新体系\UA破译奥秘\2职业\变体\法师专精变体.htm","法师专精变体.htm",".htm","13472","7 扩展全新体系\UA破译奥秘\2职业\变体"
"7 扩展全新体系\UA破译奥秘\2职业\变体\法师变体.htm","法师变体.htm",".htm","5916","7 扩展全新体系\UA破译奥秘\2职业\变体"
"7 扩展全新体系\UA破译奥秘\2职业\变体\游荡者变体.htm","游荡者变体.htm",".htm","2130","7 扩展全新体系\UA破译奥秘\2职业\变体"
"7 扩展全新体系\UA破译奥秘\2职业\变体\牧师变体.htm","牧师变体.htm",".htm","3209","7 扩展全新体系\UA破译奥秘\2职业\变体"
"7 扩展全新体系\UA破译奥秘\2职业\变体\神术诗人.htm","神术诗人.htm",".htm","2832","7 扩展全新体系\UA破译奥秘\2职业\变体"
"7 扩展全新体系\UA破译奥秘\2职业\变体\自由圣武士.htm","自由圣武士.htm",".htm","3660","7 扩展全新体系\UA破译奥秘\2职业\变体"
"7 扩展全新体系\UA破译奥秘\2职业\变体\野蛮人变体.htm","野蛮人变体.htm",".htm","5814","7 扩展全新体系\UA破译奥秘\2职业\变体"
"7 扩展全新体系\UA破译奥秘\2职业\变体\野蛮诗人.htm","野蛮诗人.htm",".htm","2873","7 扩展全新体系\UA破译奥秘\2职业\变体"
"7 扩展全新体系\UA破译奥秘\2职业\变体\无名变体\吟游诗人.htm","吟游诗人.htm",".htm","1854","7 扩展全新体系\UA破译奥秘\2职业\变体\无名变体"
"7 扩展全新体系\UA破译奥秘\2职业\变体\无名变体\圣武士.htm","圣武士.htm",".htm","1783","7 扩展全新体系\UA破译奥秘\2职业\变体\无名变体"
"7 扩展全新体系\UA破译奥秘\2职业\变体\无名变体\巡林客.htm","巡林客.htm",".htm","1810","7 扩展全新体系\UA破译奥秘\2职业\变体\无名变体"
"7 扩展全新体系\UA破译奥秘\2职业\变体\无名变体\德鲁伊.htm","德鲁伊.htm",".htm","1838","7 扩展全新体系\UA破译奥秘\2职业\变体\无名变体"
"7 扩展全新体系\UA破译奥秘\2职业\变体\无名变体\战士.htm","战士.htm",".htm","1902","7 扩展全新体系\UA破译奥秘\2职业\变体\无名变体"
"7 扩展全新体系\UA破译奥秘\2职业\变体\无名变体\无名变体.htm","无名变体.htm",".htm","1729","7 扩展全新体系\UA破译奥秘\2职业\变体\无名变体"
"7 扩展全新体系\UA破译奥秘\2职业\变体\无名变体\术士法师.htm","术士法师.htm",".htm","1737","7 扩展全新体系\UA破译奥秘\2职业\变体\无名变体"
"7 扩展全新体系\UA破译奥秘\2职业\变体\无名变体\武僧.htm","武僧.htm",".htm","1675","7 扩展全新体系\UA破译奥秘\2职业\变体\无名变体"
"7 扩展全新体系\UA破译奥秘\2职业\变体\无名变体\法师.htm","法师.htm",".htm","1741","7 扩展全新体系\UA破译奥秘\2职业\变体\无名变体"
"7 扩展全新体系\UA破译奥秘\2职业\变体\无名变体\牧师.htm","牧师.htm",".htm","1747","7 扩展全新体系\UA破译奥秘\2职业\变体\无名变体"
"7 扩展全新体系\UA破译奥秘\2职业\变体\无名变体\盗贼.htm","盗贼.htm",".htm","1865","7 扩展全新体系\UA破译奥秘\2职业\变体\无名变体"
"7 扩展全新体系\UA破译奥秘\2职业\变体\无名变体\野蛮人.htm","野蛮人.htm",".htm","1820","7 扩展全新体系\UA破译奥秘\2职业\变体\无名变体"
"7 扩展全新体系\UA破译奥秘\2职业\泛用职业\专家.htm","专家.htm",".htm","73142","7 扩展全新体系\UA破译奥秘\2职业\泛用职业"
"7 扩展全新体系\UA破译奥秘\2职业\泛用职业\施法者.htm","施法者.htm",".htm","334217","7 扩展全新体系\UA破译奥秘\2职业\泛用职业"
"7 扩展全新体系\UA破译奥秘\2职业\泛用职业\武者.htm","武者.htm",".htm","67546","7 扩展全新体系\UA破译奥秘\2职业\泛用职业"
"7 扩展全新体系\UA破译奥秘\2职业\泛用职业\泛用职业.htm","泛用职业.htm",".htm","15188","7 扩展全新体系\UA破译奥秘\2职业\泛用职业"
"7 扩展全新体系\UA破译奥秘\2职业\职业特性变体\UA-种族环境变体补完.htm","UA-种族环境变体补完.htm",".htm","9539","7 扩展全新体系\UA破译奥秘\2职业\职业特性变体"
"7 扩展全新体系\UA破译奥秘\2职业\职业特性变体\宿敌变体：偏好自然环境.htm","宿敌变体：偏好自然环境.htm",".htm","14755","7 扩展全新体系\UA破译奥秘\2职业\职业特性变体"
"7 扩展全新体系\UA破译奥秘\2职业\职业特性变体\狂暴变体：旋风狂暴.htm","狂暴变体：旋风狂暴.htm",".htm","8790","7 扩展全新体系\UA破译奥秘\2职业\职业特性变体"
"7 扩展全新体系\UA破译奥秘\2职业\职业特性变体\自发神术变体.htm","自发神术变体.htm",".htm","8896","7 扩展全新体系\UA破译奥秘\2职业\职业特性变体"
"7 扩展全新体系\UA破译奥秘\2职业\职业特性变体\荒野形态变体：自然特征.htm","荒野形态变体：自然特征.htm",".htm","20161","7 扩展全新体系\UA破译奥秘\2职业\职业特性变体"
"7 扩展全新体系\UA破译奥秘\2职业\进阶\职业进阶.htm","职业进阶.htm",".htm","10189","7 扩展全新体系\UA破译奥秘\2职业\进阶"
"7 扩展全新体系\UA破译奥秘\2职业\进阶\进阶圣武士.htm","进阶圣武士.htm",".htm","4073","7 扩展全新体系\UA破译奥秘\2职业\进阶"
"7 扩展全新体系\UA破译奥秘\2职业\进阶\进阶巡林客.htm","进阶巡林客.htm",".htm","26438","7 扩展全新体系\UA破译奥秘\2职业\进阶"
"7 扩展全新体系\UA破译奥秘\2职业\进阶\进阶诗人.htm","进阶诗人.htm",".htm","20025","7 扩展全新体系\UA破译奥秘\2职业\进阶"
"7 扩展全新体系\UA破译奥秘\3角色\构建角色.htm","构建角色.htm",".htm","27174","7 扩展全新体系\UA破译奥秘\3角色"
"7 扩展全新体系\UA破译奥秘\3角色\法触专长.htm","法触专长.htm",".htm","55351","7 扩展全新体系\UA破译奥秘\3角色"
"7 扩展全新体系\UA破译奥秘\3角色\缺陷.htm","缺陷.htm",".htm","4888","7 扩展全新体系\UA破译奥秘\3角色"
"7 扩展全新体系\UA破译奥秘\3角色\角色特性.htm","角色特性.htm",".htm","109330","7 扩展全新体系\UA破译奥秘\3角色"
"7 扩展全新体系\UA破译奥秘\4冒险\AoOFig1.png","AoOFig1.png",".png","18980","7 扩展全新体系\UA破译奥秘\4冒险"
"7 扩展全新体系\UA破译奥秘\4冒险\AoOFig2.png","AoOFig2.png",".png","18932","7 扩展全新体系\UA破译奥秘\4冒险"
"7 扩展全新体系\UA破译奥秘\4冒险\AoOFig3.png","AoOFig3.png",".png","20199","7 扩展全新体系\UA破译奥秘\4冒险"
"7 扩展全新体系\UA破译奥秘\4冒险\colossal.png","colossal.png",".png","14597","7 扩展全新体系\UA破译奥秘\4冒险"
"7 扩展全新体系\UA破译奥秘\4冒险\colossalDiagonal.png","colossalDiagonal.png",".png","15576","7 扩展全新体系\UA破译奥秘\4冒险"
"7 扩展全新体系\UA破译奥秘\4冒险\dragonAttacks.png","dragonAttacks.png",".png","27763","7 扩展全新体系\UA破译奥秘\4冒险"
"7 扩展全新体系\UA破译奥秘\4冒险\gargantuan.png","gargantuan.png",".png","13606","7 扩展全新体系\UA破译奥秘\4冒险"
"7 扩展全新体系\UA破译奥秘\4冒险\gargantuanDiagonal.png","gargantuanDiagonal.png",".png","14930","7 扩展全新体系\UA破译奥秘\4冒险"
"7 扩展全新体系\UA破译奥秘\4冒险\hexBasedCreatureSize.png","hexBasedCreatureSize.png",".png","41355","7 扩展全新体系\UA破译奥秘\4冒险"
"7 扩展全新体系\UA破译奥秘\4冒险\hexBasedSpellAreas.png","hexBasedSpellAreas.png",".png","94336","7 扩展全新体系\UA破译奥秘\4冒险"
"7 扩展全新体系\UA破译奥秘\4冒险\hexesAndFacing.png","hexesAndFacing.png",".png","101707","7 扩展全新体系\UA破译奥秘\4冒险"
"7 扩展全新体系\UA破译奥秘\4冒险\huge.png","huge.png",".png","10784","7 扩展全新体系\UA破译奥秘\4冒险"
"7 扩展全新体系\UA破译奥秘\4冒险\hugeDiagonal.png","hugeDiagonal.png",".png","14080","7 扩展全新体系\UA破译奥秘\4冒险"
"7 扩展全新体系\UA破译奥秘\4冒险\large.png","large.png",".png","9347","7 扩展全新体系\UA破译奥秘\4冒险"
"7 扩展全新体系\UA破译奥秘\4冒险\largeDiagonal.png","largeDiagonal.png",".png","12130","7 扩展全新体系\UA破译奥秘\4冒险"
"7 扩展全新体系\UA破译奥秘\4冒险\shieldProtectionFig1.png","shieldProtectionFig1.png",".png","32601","7 扩展全新体系\UA破译奥秘\4冒险"
"7 扩展全新体系\UA破译奥秘\4冒险\shieldProtectionFig2.png","shieldProtectionFig2.png",".png","33157","7 扩展全新体系\UA破译奥秘\4冒险"
"7 扩展全新体系\UA破译奥秘\4冒险\smallAndMedium.png","smallAndMedium.png",".png","10255","7 扩展全新体系\UA破译奥秘\4冒险"
"7 扩展全新体系\UA破译奥秘\4冒险\smallAndMediumDiagonal.png","smallAndMediumDiagonal.png",".png","12358","7 扩展全新体系\UA破译奥秘\4冒险"
"7 扩展全新体系\UA破译奥秘\4冒险\sneakAttacks.png","sneakAttacks.png",".png","46307","7 扩展全新体系\UA破译奥秘\4冒险"
"7 扩展全新体系\UA破译奥秘\4冒险\UA94 武器组专长.htm","UA94 武器组专长.htm",".htm","33034","7 扩展全新体系\UA破译奥秘\4冒险"
"7 扩展全新体系\UA破译奥秘\4冒险\伤残点系统.htm","伤残点系统.htm",".htm","82645","7 扩展全新体系\UA破译奥秘\4冒险"
"7 扩展全新体系\UA破译奥秘\4冒险\六角格.htm","六角格.htm",".htm","18450","7 扩展全新体系\UA破译奥秘\4冒险"
"7 扩展全新体系\UA破译奥秘\4冒险\战斗面向.htm","战斗面向.htm",".htm","72384","7 扩展全新体系\UA破译奥秘\4冒险"
"7 扩展全新体系\UA破译奥秘\5魔法\仪式.htm","仪式.htm",".htm","95154","7 扩展全新体系\UA破译奥秘\5魔法"
"7 扩展全新体系\UA破译奥秘\5魔法\再充能法术.htm","再充能法术.htm",".htm","26356","7 扩展全新体系\UA破译奥秘\5魔法"
"7 扩展全新体系\UA破译奥秘\5魔法\物品魔宠.htm","物品魔宠.htm",".htm","60753","7 扩展全新体系\UA破译奥秘\5魔法"
"7 扩展全新体系\UA破译奥秘\5魔法\自发超魔.htm","自发超魔.htm",".htm","16578","7 扩展全新体系\UA破译奥秘\5魔法"
"7 扩展全新体系\UA破译奥秘\5魔法\魔力值系统.htm","魔力值系统.htm",".htm","58742","7 扩展全新体系\UA破译奥秘\5魔法"
"7 扩展全新体系\UA破译奥秘\5魔法\魔法等级.htm","魔法等级.htm",".htm","91033","7 扩展全新体系\UA破译奥秘\5魔法"
"7 扩展全新体系\UA破译奥秘\6战役\减少等级调整.htm","减少等级调整.htm",".htm","4330","7 扩展全新体系\UA破译奥秘\6战役"
"7 扩展全新体系\UA破译奥秘\6战役\污化术士.htm","污化术士.htm",".htm","15825","7 扩展全新体系\UA破译奥秘\6战役"
"7 扩展全新体系\UA破译奥秘\6战役\污化武者.htm","污化武者.htm",".htm","58084","7 扩展全新体系\UA破译奥秘\6战役"
"7 扩展全新体系\UA破译奥秘\6战役\理智值.htm","理智值.htm",".htm","32036","7 扩展全新体系\UA破译奥秘\6战役"
"8 战役引钩\EE上古邪物\上古邪物（EE）.htm","上古邪物（EE）.htm",".htm","2002","8 战役引钩\EE上古邪物"
"8 战役引钩\EE上古邪物\利维坦.htm","利维坦.htm",".htm","240644","8 战役引钩\EE上古邪物"
"8 战役引钩\EE上古邪物\屠神者.htm","屠神者.htm",".htm","165080","8 战役引钩\EE上古邪物"
"8 战役引钩\EE上古邪物\巨神兵.htm","巨神兵.htm",".htm","204412","8 战役引钩\EE上古邪物"
"8 战役引钩\EE上古邪物\归来者扎贡.htm","归来者扎贡.htm",".htm","175787","8 战役引钩\EE上古邪物"
"8 战役引钩\EE上古邪物\情歌教父.htm","情歌教父.htm",".htm","304340","8 战役引钩\EE上古邪物"
"8 战役引钩\EE上古邪物\憎恶蛇魔.htm","憎恶蛇魔.htm",".htm","204976","8 战役引钩\EE上古邪物"
"8 战役引钩\EE上古邪物\灭世死星.htm","灭世死星.htm",".htm","215215","8 战役引钩\EE上古邪物"
"8 战役引钩\EE上古邪物\腐败母树.htm","腐败母树.htm",".htm","230258","8 战役引钩\EE上古邪物"
"8 战役引钩\EE上古邪物\蠕虫行者.htm","蠕虫行者.htm",".htm","236499","8 战役引钩\EE上古邪物"
"8 战役引钩\EE上古邪物\0插图\封面.png","封面.png",".png","1105129","8 战役引钩\EE上古邪物\0插图"
"8 战役引钩\EE上古邪物\1介绍\上古邪物特征.htm","上古邪物特征.htm",".htm","43866","8 战役引钩\EE上古邪物\1介绍"
"8 战役引钩\EE上古邪物\1介绍\上古邪物的侍者.htm","上古邪物的侍者.htm",".htm","7451","8 战役引钩\EE上古邪物\1介绍"
"8 战役引钩\EE上古邪物\1介绍\专长描述.htm","专长描述.htm",".htm","80368","8 战役引钩\EE上古邪物\1介绍"
"8 战役引钩\EE上古邪物\1介绍\扩展邪兆.htm","扩展邪兆.htm",".htm","26552","8 战役引钩\EE上古邪物\1介绍"
"8 战役引钩\EE上古邪物\1介绍\活腐症.htm","活腐症.htm",".htm","8845","8 战役引钩\EE上古邪物\1介绍"
"8 战役引钩\EoE邪恶典范\EoEfengmian.jpg","EoEfengmian.jpg",".jpg","257829","8 战役引钩\EoE邪恶典范"
"8 战役引钩\EoE邪恶典范\封面.htm","封面.htm",".htm","2145","8 战役引钩\EoE邪恶典范"
"8 战役引钩\EoE邪恶典范\新建项目.htm","新建项目.htm",".htm","42411","8 战役引钩\EoE邪恶典范"
"8 战役引钩\EoE邪恶典范\法术描述.htm","法术描述.htm",".htm","54078","8 战役引钩\EoE邪恶典范"
"8 战役引钩\EoE邪恶典范\职业替换能力.htm","职业替换能力.htm",".htm","41671","8 战役引钩\EoE邪恶典范"
"8 战役引钩\EoE邪恶典范\Calais Archwinter\Calais_Archwinter.htm","Calais_Archwinter.htm",".htm","7099","8 战役引钩\EoE邪恶典范\Calais Archwinter"
"8 战役引钩\EoE邪恶典范\Calais Archwinter\DARZEMAAN.htm","DARZEMAAN.htm",".htm","56198","8 战役引钩\EoE邪恶典范\Calais Archwinter"
"8 战役引钩\EoE邪恶典范\Calais Archwinter\KJARLO_THE_UNSEEN_.htm","KJARLO_THE_UNSEEN_.htm",".htm","65046","8 战役引钩\EoE邪恶典范\Calais Archwinter"
"8 战役引钩\EoE邪恶典范\Calais Archwinter\使用这些反派.htm","使用这些反派.htm",".htm","23817","8 战役引钩\EoE邪恶典范\Calais Archwinter"
"8 战役引钩\EoE邪恶典范\Calais Archwinter\目的.htm","目的.htm",".htm","9636","8 战役引钩\EoE邪恶典范\Calais Archwinter"
"8 战役引钩\EoE邪恶典范\Calais Archwinter\背景.htm","背景.htm",".htm","67897","8 战役引钩\EoE邪恶典范\Calais Archwinter"
"8 战役引钩\EoE邪恶典范\Tolstoff姐弟\DRAEN_RALGAEL.htm","DRAEN_RALGAEL.htm",".htm","18413","8 战役引钩\EoE邪恶典范\Tolstoff姐弟"
"8 战役引钩\EoE邪恶典范\Tolstoff姐弟\Tolstoff城楼.htm","Tolstoff城楼.htm",".htm","118179","8 战役引钩\EoE邪恶典范\Tolstoff姐弟"
"8 战役引钩\EoE邪恶典范\Tolstoff姐弟\Tolstoff姐弟.htm","Tolstoff姐弟.htm",".htm","7668","8 战役引钩\EoE邪恶典范\Tolstoff姐弟"
"8 战役引钩\EoE邪恶典范\Tolstoff姐弟\使用这些反派.htm","使用这些反派.htm",".htm","52979","8 战役引钩\EoE邪恶典范\Tolstoff姐弟"
"8 战役引钩\EoE邪恶典范\Tolstoff姐弟\目的.htm","目的.htm",".htm","6539","8 战役引钩\EoE邪恶典范\Tolstoff姐弟"
"8 战役引钩\EoE邪恶典范\Tolstoff姐弟\背景.htm","背景.htm",".htm","52200","8 战役引钩\EoE邪恶典范\Tolstoff姐弟"
"8 战役引钩\EoE邪恶典范\重要反派\介绍反派.htm","介绍反派.htm",".htm","18606","8 战役引钩\EoE邪恶典范\重要反派"
"8 战役引钩\EoE邪恶典范\重要反派\反派原型.htm","反派原型.htm",".htm","60336","8 战役引钩\EoE邪恶典范\重要反派"
"8 战役引钩\EoE邪恶典范\重要反派\反派情节.htm","反派情节.htm",".htm","15943","8 战役引钩\EoE邪恶典范\重要反派"
"8 战役引钩\EoE邪恶典范\重要反派\反派的故事.htm","反派的故事.htm",".htm","54870","8 战役引钩\EoE邪恶典范\重要反派"
"8 战役引钩\EoE邪恶典范\重要反派\反派组织.htm","反派组织.htm",".htm","143142","8 战役引钩\EoE邪恶典范\重要反派"
"8 战役引钩\EoE邪恶典范\重要反派\新建项目.htm","新建项目.htm",".htm","104356","8 战役引钩\EoE邪恶典范\重要反派"
"8 战役引钩\EoE邪恶典范\重要反派\重要反派.htm","重要反派.htm",".htm","38528","8 战役引钩\EoE邪恶典范\重要反派"
"8 战役引钩\WoL传古武器\0插图\传古武器（WoL）.htm","传古武器（WoL）.htm",".htm","1804","8 战役引钩\WoL传古武器\0插图"
"8 战役引钩\WoL传古武器\0插图\封面.jpg","封面.jpg",".jpg","136659","8 战役引钩\WoL传古武器\0插图"
"8 战役引钩\WoL传古武器\1传古武器\装备传古物品.htm","装备传古物品.htm",".htm","23856","8 战役引钩\WoL传古武器\1传古武器"
"8 战役引钩\WoL传古武器\2传古英雄\传古专长.htm","传古专长.htm",".htm","30209","8 战役引钩\WoL传古武器\2传古英雄"
"8 战役引钩\WoL传古武器\2传古英雄\进阶：传古斗士.htm","进阶：传古斗士.htm",".htm","84262","8 战役引钩\WoL传古武器\2传古英雄"
"8 战役引钩\WoL传古武器\3传古道具\Aradros圣甲虫.htm","Aradros圣甲虫.htm",".htm","29431","8 战役引钩\WoL传古武器\3传古道具"
"8 战役引钩\WoL传古武器\3传古道具\Devious_and_Vicious.htm","Devious_and_Vicious.htm",".htm","36525","8 战役引钩\WoL传古武器\3传古道具"
"8 战役引钩\WoL传古武器\3传古道具\tempsnip.jpg","tempsnip.jpg",".jpg","16554","8 战役引钩\WoL传古武器\3传古道具"
"8 战役引钩\WoL传古武器\3传古道具\tempsnip2.jpg","tempsnip2.jpg",".jpg","14939","8 战役引钩\WoL传古武器\3传古道具"
"8 战役引钩\WoL传古武器\3传古道具\乌尔.jpg","乌尔.jpg",".jpg","24753","8 战役引钩\WoL传古武器\3传古道具"
"8 战役引钩\WoL传古武器\3传古道具\乌尔手斧.htm","乌尔手斧.htm",".htm","31582","8 战役引钩\WoL传古武器\3传古道具"
"8 战役引钩\WoL传古武器\3传古道具\位面行者.jpg","位面行者.jpg",".jpg","25111","8 战役引钩\WoL传古武器\3传古道具"
"8 战役引钩\WoL传古武器\3传古道具\位面行者之刃.htm","位面行者之刃.htm",".htm","30321","8 战役引钩\WoL传古武器\3传古道具"
"8 战役引钩\WoL传古武器\3传古道具\圣甲虫.jpg","圣甲虫.jpg",".jpg","22543","8 战役引钩\WoL传古武器\3传古道具"
"8 战役引钩\WoL传古武器\3传古道具\密林挚友.htm","密林挚友.htm",".htm","29435","8 战役引钩\WoL传古武器\3传古道具"
"8 战役引钩\WoL传古武器\3传古道具\悲惨之风.jpg","悲惨之风.jpg",".jpg","20237","8 战役引钩\WoL传古武器\3传古道具"
"8 战役引钩\WoL传古武器\3传古道具\悲惨之风投石索.htm","悲惨之风投石索.htm",".htm","34100","8 战役引钩\WoL传古武器\3传古道具"
"8 战役引钩\WoL传古武器\3传古道具\打手臂铠.htm","打手臂铠.htm",".htm","40054","8 战役引钩\WoL传古武器\3传古道具"
"8 战役引钩\WoL传古武器\3传古道具\打手臂铠.jpg","打手臂铠.jpg",".jpg","84664","8 战役引钩\WoL传古武器\3传古道具"
"8 战役引钩\WoL传古武器\3传古道具\挚林密友.jpg","挚林密友.jpg",".jpg","34634","8 战役引钩\WoL传古武器\3传古道具"
"8 战役引钩\WoL传古武器\3传古道具\李鹏的臂骨.htm","李鹏的臂骨.htm",".htm","8220","8 战役引钩\WoL传古武器\3传古道具"
"8 战役引钩\WoL传古武器\3传古道具\李鹏臂骨.jpg","李鹏臂骨.jpg",".jpg","22509","8 战役引钩\WoL传古武器\3传古道具"
"8 战役引钩\WoL传古武器\3传古道具\杜兰达尔.htm","杜兰达尔.htm",".htm","37703","8 战役引钩\WoL传古武器\3传古道具"
"8 战役引钩\WoL传古武器\3传古道具\武僧院.jpg","武僧院.jpg",".jpg","204176","8 战役引钩\WoL传古武器\3传古道具"
"8 战役引钩\WoL传古武器\3传古道具\残骸.htm","残骸.htm",".htm","33707","8 战役引钩\WoL传古武器\3传古道具"
"8 战役引钩\WoL传古武器\3传古道具\残骸.jpg","残骸.jpg",".jpg","28358","8 战役引钩\WoL传古武器\3传古道具"
"8 战役引钩\WoL传古武器\3传古道具\渗透者.htm","渗透者.htm",".htm","40995","8 战役引钩\WoL传古武器\3传古道具"
"8 战役引钩\WoL传古武器\3传古道具\渗透者.jpg","渗透者.jpg",".jpg","44119","8 战役引钩\WoL传古武器\3传古道具"
"8 战役引钩\WoL传古武器\3传古道具\火焰投掷者.jpg","火焰投掷者.jpg",".jpg","35728","8 战役引钩\WoL传古武器\3传古道具"
"8 战役引钩\WoL传古武器\3传古道具\火焰投掷者的弩箭.htm","火焰投掷者的弩箭.htm",".htm","34487","8 战役引钩\WoL传古武器\3传古道具"
"8 战役引钩\WoL传古武器\3传古道具\灿烂晚星.htm","灿烂晚星.htm",".htm","181566","8 战役引钩\WoL传古武器\3传古道具"
"8 战役引钩\WoL传古武器\3传古道具\灿烂晚星.jpg","灿烂晚星.jpg",".jpg","42176","8 战役引钩\WoL传古武器\3传古道具"
"8 战役引钩\WoL传古武器\3传古道具\狮子丸.htm","狮子丸.htm",".htm","36272","8 战役引钩\WoL传古武器\3传古道具"
"8 战役引钩\WoL传古武器\3传古道具\狮子丸.jpg","狮子丸.jpg",".jpg","18613","8 战役引钩\WoL传古武器\3传古道具"
"8 战役引钩\WoL传古武器\3传古道具\神圣星火.htm","神圣星火.htm",".htm","31659","8 战役引钩\WoL传古武器\3传古道具"
"8 战役引钩\WoL传古武器\3传古道具\神圣星火.jpg","神圣星火.jpg",".jpg","15431","8 战役引钩\WoL传古武器\3传古道具"
"8 战役引钩\WoL传古武器\3传古道具\血泣者之锤.htm","血泣者之锤.htm",".htm","39285","8 战役引钩\WoL传古武器\3传古道具"
"8 战役引钩\WoL传古武器\3传古道具\血泣者之锤.jpg","血泣者之锤.jpg",".jpg","13657","8 战役引钩\WoL传古武器\3传古道具"
"8 战役引钩\WoL传古武器\3传古道具\逃亡.htm","逃亡.htm",".htm","35694","8 战役引钩\WoL传古武器\3传古道具"
"8 战役引钩\WoL传古武器\3传古道具\逃亡.jpg","逃亡.jpg",".jpg","38621","8 战役引钩\WoL传古武器\3传古道具"
"8 战役引钩\WoL传古武器\3传古道具\霜燃之怒.jpg","霜燃之怒.jpg",".jpg","17113","8 战役引钩\WoL传古武器\3传古道具"
"8 战役引钩\WoL传古武器\3传古道具\霜燃狂怒.htm","霜燃狂怒.htm",".htm","32048","8 战役引钩\WoL传古武器\3传古道具"
"8 战役引钩\WoL传古武器\3传古道具\鞭笞.htm","鞭笞.htm",".htm","22245","8 战役引钩\WoL传古武器\3传古道具"
"8 战役引钩\WoL传古武器\3传古道具\鞭笞.jpg","鞭笞.jpg",".jpg","23497","8 战役引钩\WoL传古武器\3传古道具"
"8 战役引钩\WoL传古武器\3传古道具\魔杰哈.jpg","魔杰哈.jpg",".jpg","16333","8 战役引钩\WoL传古武器\3传古道具"
"8 战役引钩\WoL传古武器\3传古道具\魔杰哈1.htm","魔杰哈1.htm",".htm","21858","8 战役引钩\WoL传古武器\3传古道具"
"8 战役引钩\WoL传古武器\3传古道具\Ｄｕｒｉｎｄａｎａ.jpg","Ｄｕｒｉｎｄａｎａ.jpg",".jpg","2594","8 战役引钩\WoL传古武器\3传古道具"
"8 战役引钩\WoL传古武器\4发掘传古\个人代价.htm","个人代价.htm",".htm","131856","8 战役引钩\WoL传古武器\4发掘传古"
"8 战役引钩\WoL传古武器\4发掘传古\创造传古物品.htm","创造传古物品.htm",".htm","7482","8 战役引钩\WoL传古武器\4发掘传古"
"8 战役引钩\WoL传古武器\4发掘传古\能力列表A.htm","能力列表A.htm",".htm","171803","8 战役引钩\WoL传古武器\4发掘传古"
"8 战役引钩\WoL传古武器\4发掘传古\能力列表B.htm","能力列表B.htm",".htm","27610","8 战役引钩\WoL传古武器\4发掘传古"
"8 战役引钩\WoL传古武器\4发掘传古\能力列表C.htm","能力列表C.htm",".htm","29711","8 战役引钩\WoL传古武器\4发掘传古"
"8 战役引钩\WoL传古武器\4发掘传古\能力列表D.htm","能力列表D.htm",".htm","38273","8 战役引钩\WoL传古武器\4发掘传古"
"8 战役引钩\WoL传古武器\4发掘传古\能力列表E.htm","能力列表E.htm",".htm","34229","8 战役引钩\WoL传古武器\4发掘传古"
"8 战役引钩\WoL传古武器\4发掘传古\能力列表F.htm","能力列表F.htm",".htm","36692","8 战役引钩\WoL传古武器\4发掘传古"
"8 战役引钩\WoL传古武器\4发掘传古\能力列表G.htm","能力列表G.htm",".htm","47075","8 战役引钩\WoL传古武器\4发掘传古"
"8 战役引钩\WoL传古武器\4发掘传古\能力列表H.htm","能力列表H.htm",".htm","37061","8 战役引钩\WoL传古武器\4发掘传古"
"8 战役引钩\WoL传古武器\4发掘传古\能力列表I.htm","能力列表I.htm",".htm","37682","8 战役引钩\WoL传古武器\4发掘传古"
"9 世设\FR\编者注.html","编者注.html",".html","1571","9 世设\FR"
"9 世设\FR\CoR毁灭斗士\专长.htm","专长.htm",".htm","60510","9 世设\FR\CoR毁灭斗士"
"9 世设\FR\CoR毁灭斗士\伊尔神思因的不肖之徒.htm","伊尔神思因的不肖之徒.htm",".htm","13433","9 世设\FR\CoR毁灭斗士"
"9 世设\FR\CoR毁灭斗士\众彩陷坑.htm","众彩陷坑.htm",".htm","13387","9 世设\FR\CoR毁灭斗士"
"9 世设\FR\CoR毁灭斗士\传奇法术.htm","传奇法术.htm",".htm","33948","9 世设\FR\CoR毁灭斗士"
"9 世设\FR\CoR毁灭斗士\低语之谷.htm","低语之谷.htm",".htm","12478","9 世设\FR\CoR毁灭斗士"
"9 世设\FR\CoR毁灭斗士\克林斯.htm","克林斯.htm",".htm","17810","9 世设\FR\CoR毁灭斗士"
"9 世设\FR\CoR毁灭斗士\入信者专长.htm","入信者专长.htm",".htm","49530","9 世设\FR\CoR毁灭斗士"
"9 世设\FR\CoR毁灭斗士\刺痛.htm","刺痛.htm",".htm","11311","9 世设\FR\CoR毁灭斗士"
"9 世设\FR\CoR毁灭斗士\半蛇人.htm","半蛇人.htm",".htm","17712","9 世设\FR\CoR毁灭斗士"
"9 世设\FR\CoR毁灭斗士\圣祠.htm","圣祠.htm",".htm","9825","9 世设\FR\CoR毁灭斗士"
"9 世设\FR\CoR毁灭斗士\埃尔塔伯的仆役.htm","埃尔塔伯的仆役.htm",".htm","16976","9 世设\FR\CoR毁灭斗士"
"9 世设\FR\CoR毁灭斗士\塞尔角斗士.htm","塞尔角斗士.htm",".htm","17686","9 世设\FR\CoR毁灭斗士"
"9 世设\FR\CoR毁灭斗士\复仇骑士.htm","复仇骑士.htm",".htm","11666","9 世设\FR\CoR毁灭斗士"
"9 世设\FR\CoR毁灭斗士\引言.htm","引言.htm",".htm","29153","9 世设\FR\CoR毁灭斗士"
"9 世设\FR\CoR毁灭斗士\影魔网节点.htm","影魔网节点.htm",".htm","6989","9 世设\FR\CoR毁灭斗士"
"9 世设\FR\CoR毁灭斗士\拜月教.htm","拜月教.htm",".htm","13675","9 世设\FR\CoR毁灭斗士"
"9 世设\FR\CoR毁灭斗士\拜龙教.htm","拜龙教.htm",".htm","16802","9 世设\FR\CoR毁灭斗士"
"9 世设\FR\CoR毁灭斗士\散塔林会.htm","散塔林会.htm",".htm","12845","9 世设\FR\CoR毁灭斗士"
"9 世设\FR\CoR毁灭斗士\暗夜面具的死亡使者.htm","暗夜面具的死亡使者.htm",".htm","16968","9 世设\FR\CoR毁灭斗士"
"9 世设\FR\CoR毁灭斗士\暗影猎手.htm","暗影猎手.htm",".htm","21562","9 世设\FR\CoR毁灭斗士"
"9 世设\FR\CoR毁灭斗士\暗月武僧.htm","暗月武僧.htm",".htm","13217","9 世设\FR\CoR毁灭斗士"
"9 世设\FR\CoR毁灭斗士\林灾审判者.htm","林灾审判者.htm",".htm","24195","9 世设\FR\CoR毁灭斗士"
"9 世设\FR\CoR毁灭斗士\法术详述.htm","法术详述.htm",".htm","95950","9 世设\FR\CoR毁灭斗士"
"9 世设\FR\CoR毁灭斗士\种族.htm","种族.htm",".htm","2840","9 世设\FR\CoR毁灭斗士"
"9 世设\FR\CoR毁灭斗士\胜利之刃.htm","胜利之刃.htm",".htm","68628","9 世设\FR\CoR毁灭斗士"
"9 世设\FR\CoR毁灭斗士\莎尔信徒小组.htm","莎尔信徒小组.htm",".htm","13833","9 世设\FR\CoR毁灭斗士"
"9 世设\FR\CoR毁灭斗士\血岩.htm","血岩.htm",".htm","6980","9 世设\FR\CoR毁灭斗士"
"9 世设\FR\CoR毁灭斗士\邪恶之地.htm","邪恶之地.htm",".htm","3122","9 世设\FR\CoR毁灭斗士"
"9 世设\FR\CoR毁灭斗士\邪恶组织.htm","邪恶组织.htm",".htm","2689","9 世设\FR\CoR毁灭斗士"
"9 世设\FR\CoR毁灭斗士\邪恶节点.htm","邪恶节点.htm",".htm","20198","9 世设\FR\CoR毁灭斗士"
"9 世设\FR\CoR毁灭斗士\雷鸣之室.htm","雷鸣之室.htm",".htm","7027","9 世设\FR\CoR毁灭斗士"
"9 世设\FR\CoR毁灭斗士\魔法物品.htm","魔法物品.htm",".htm","37945","9 世设\FR\CoR毁灭斗士"
"9 世设\FR\CoR毁灭斗士\魔裔卓尔.htm","魔裔卓尔.htm",".htm","24956","9 世设\FR\CoR毁灭斗士"
"9 世设\FR\CoR毁灭斗士\黑血信徒.htm","黑血信徒.htm",".htm","12030","9 世设\FR\CoR毁灭斗士"
"9 世设\FR\COSW深水城\专长.htm","专长.htm",".htm","15394","9 世设\FR\COSW深水城"
"9 世设\FR\COSW深水城\克拉肯结社.htm","克拉肯结社.htm",".htm","3678","9 世设\FR\COSW深水城"
"9 世设\FR\COSW深水城\公会与商人.html","公会与商人.html",".html","69691","9 世设\FR\COSW深水城"
"9 世设\FR\COSW深水城\其余奥术实践者.htm","其余奥术实践者.htm",".htm","28426","9 世设\FR\COSW深水城"
"9 世设\FR\COSW深水城\内部社区.html","内部社区.html",".html","54951","9 世设\FR\COSW深水城"
"9 世设\FR\COSW深水城\劳薇塔教会.htm","劳薇塔教会.htm",".htm","10039","9 世设\FR\COSW深水城"
"9 世设\FR\COSW深水城\北区.html","北区.html",".html","108787","9 世设\FR\COSW深水城"
"9 世设\FR\COSW深水城\南区.html","南区.html",".html","101843","9 世设\FR\COSW深水城"
"9 世设\FR\COSW深水城\吸血鬼.htm","吸血鬼.htm",".htm","3282","9 世设\FR\COSW深水城"
"9 世设\FR\COSW深水城\咒文吞食者Dweomervore.htm","咒文吞食者Dweomervore.htm",".htm","16686","9 世设\FR\COSW深水城"
"9 世设\FR\COSW深水城\坚盾骑士团.htm","坚盾骑士团.htm",".htm","5449","9 世设\FR\COSW深水城"
"9 世设\FR\COSW深水城\坦恩家族.htm","坦恩家族.htm",".htm","8783","9 世设\FR\COSW深水城"
"9 世设\FR\COSW深水城\城堡区.html","城堡区.html",".html","134291","9 世设\FR\COSW深水城"
"9 世设\FR\COSW深水城\城市卫队.htm","城市卫队.htm",".htm","15129","9 世设\FR\COSW深水城"
"9 世设\FR\COSW深水城\城市守望者.htm","城市守望者.htm",".htm","32809","9 世设\FR\COSW深水城"
"9 世设\FR\COSW深水城\城市海军.htm","城市海军.htm",".htm","7034","9 世设\FR\COSW深水城"
"9 世设\FR\COSW深水城\塔洛斯教会.htm","塔洛斯教会.htm",".htm","4214","9 世设\FR\COSW深水城"
"9 世设\FR\COSW深水城\塞伦涅教会.htm","塞伦涅教会.htm",".htm","15797","9 世设\FR\COSW深水城"
"9 世设\FR\COSW深水城\太阳魂武僧.htm","太阳魂武僧.htm",".htm","37610","9 世设\FR\COSW深水城"
"9 世设\FR\COSW深水城\奇物.htm","奇物.htm",".htm","22365","9 世设\FR\COSW深水城"
"9 世设\FR\COSW深水城\守卫石像鬼Guardgoyle.htm","守卫石像鬼Guardgoyle.htm",".htm","15934","9 世设\FR\COSW深水城"
"9 世设\FR\COSW深水城\守望蜘蛛Watchspider.htm","守望蜘蛛Watchspider.htm",".htm","13273","9 世设\FR\COSW深水城"
"9 世设\FR\COSW深水城\安博里教会.htm","安博里教会.htm",".htm","7611","9 世设\FR\COSW深水城"
"9 世设\FR\COSW深水城\安姆卡斯拉.html","安姆卡斯拉.html",".html","16280","9 世设\FR\COSW深水城"
"9 世设\FR\COSW深水城\希瑞克教会.htm","希瑞克教会.htm",".htm","6199","9 世设\FR\COSW深水城"
"9 世设\FR\COSW深水城\引言.htm","引言.htm",".htm","5164","9 世设\FR\COSW深水城"
"9 世设\FR\COSW深水城\影贼.htm","影贼.htm",".htm","28409","9 世设\FR\COSW深水城"
"9 世设\FR\COSW深水城\怪物.htm","怪物.htm",".htm","2977","9 世设\FR\COSW深水城"
"9 世设\FR\COSW深水城\戒指.htm","戒指.htm",".htm","5239","9 世设\FR\COSW深水城"
"9 世设\FR\COSW深水城\拟声尖牙兽Leucrotta.htm","拟声尖牙兽Leucrotta.htm",".htm","24103","9 世设\FR\COSW深水城"
"9 世设\FR\COSW深水城\提尔教会.htm","提尔教会.htm",".htm","33912","9 世设\FR\COSW深水城"
"9 世设\FR\COSW深水城\教会与宗教修会.htm","教会与宗教修会.htm",".htm","3994","9 世设\FR\COSW深水城"
"9 世设\FR\COSW深水城\斯卡拉达蝎.htm","斯卡拉达蝎.htm",".htm","14629","9 世设\FR\COSW深水城"
"9 世设\FR\COSW深水城\新奥莱姆.htm","新奥莱姆.htm",".htm","7878","9 世设\FR\COSW深水城"
"9 世设\FR\COSW深水城\无形者.htm","无形者.htm",".htm","16372","9 世设\FR\COSW深水城"
"9 世设\FR\COSW深水城\星月密探.htm","星月密探.htm",".htm","25333","9 世设\FR\COSW深水城"
"9 世设\FR\COSW深水城\暗潮学者.htm","暗潮学者.htm",".htm","6863","9 世设\FR\COSW深水城"
"9 世设\FR\COSW深水城\月星.htm","月星.htm",".htm","14017","9 世设\FR\COSW深水城"
"9 世设\FR\COSW深水城\月星家族.htm","月星家族.htm",".htm","8970","9 世设\FR\COSW深水城"
"9 世设\FR\COSW深水城\次等神器.htm","次等神器.htm",".htm","8514","9 世设\FR\COSW深水城"
"9 世设\FR\COSW深水城\欧格玛教会.htm","欧格玛教会.htm",".htm","9585","9 世设\FR\COSW深水城"
"9 世设\FR\COSW深水城\武装力量.htm","武装力量.htm",".htm","2727","9 世设\FR\COSW深水城"
"9 世设\FR\COSW深水城\死者之城.html","死者之城.html",".html","48781","9 世设\FR\COSW深水城"
"9 世设\FR\COSW深水城\毒药.htm","毒药.htm",".htm","3688","9 世设\FR\COSW深水城"
"9 世设\FR\COSW深水城\法师与守护者守望会.htm","法师与守护者守望会.htm",".htm","9254","9 世设\FR\COSW深水城"
"9 世设\FR\COSW深水城\法术详述.htm","法术详述.htm",".htm","65593","9 世设\FR\COSW深水城"
"9 世设\FR\COSW深水城\法杖.htm","法杖.htm",".htm","6932","9 世设\FR\COSW深水城"
"9 世设\FR\COSW深水城\泰摩拉教会.htm","泰摩拉教会.htm",".htm","8771","9 世设\FR\COSW深水城"
"9 世设\FR\COSW深水城\洛山达教会.htm","洛山达教会.htm",".htm","26413","9 世设\FR\COSW深水城"
"9 世设\FR\COSW深水城\海拉斯特之裔.htm","海拉斯特之裔.htm",".htm","29501","9 世设\FR\COSW深水城"
"9 世设\FR\COSW深水城\海滨区.html","海滨区.html",".html","107492","9 世设\FR\COSW深水城"
"9 世设\FR\COSW深水城\海缚灵Wraith，Sea.htm","海缚灵Wraith，Sea.htm",".htm","15452","9 世设\FR\COSW深水城"
"9 世设\FR\COSW深水城\深水城_地点缩写.htm","深水城_地点缩写.htm",".htm","5318","9 世设\FR\COSW深水城"
"9 世设\FR\COSW深水城\深水城_奥术学校与实践者.htm","深水城_奥术学校与实践者.htm",".htm","3253","9 世设\FR\COSW深水城"
"9 世设\FR\COSW深水城\深水城_工会和组织.htm","深水城_工会和组织.htm",".htm","15418","9 世设\FR\COSW深水城"
"9 世设\FR\COSW深水城\深水城_深水城的人民.htm","深水城_深水城的人民.htm",".htm","2984","9 世设\FR\COSW深水城"
"9 世设\FR\COSW深水城\深水城地点.html","深水城地点.html",".html","20702","9 世设\FR\COSW深水城"
"9 世设\FR\COSW深水城\深水城的历史.htm","深水城的历史.htm",".htm","49710","9 世设\FR\COSW深水城"
"9 世设\FR\COSW深水城\深水城自走雕像Walking Statue of Waterdeep.htm","深水城自走雕像Walking Statue of Waterdeep.htm",".htm","15683","9 世设\FR\COSW深水城"
"9 世设\FR\COSW深水城\深水城诸领主.htm","深水城诸领主.htm",".htm","28213","9 世设\FR\COSW深水城"
"9 世设\FR\COSW深水城\深水港.html","深水港.html",".html","21146","9 世设\FR\COSW深水城"
"9 世设\FR\COSW深水城\灰掌.htm","灰掌.htm",".htm","11330","9 世设\FR\COSW深水城"
"9 世设\FR\COSW深水城\灰掌执法者.htm","灰掌执法者.htm",".htm","17499","9 世设\FR\COSW深水城"
"9 世设\FR\COSW深水城\牛鹿部落.htm","牛鹿部落.htm",".htm","16413","9 世设\FR\COSW深水城"
"9 世设\FR\COSW深水城\特殊魔法武器.htm","特殊魔法武器.htm",".htm","20157","9 世设\FR\COSW深水城"
"9 世设\FR\COSW深水城\独立代理人.htm","独立代理人.htm",".htm","19006","9 世设\FR\COSW深水城"
"9 世设\FR\COSW深水城\狮鹫骑兵.htm","狮鹫骑兵.htm",".htm","13182","9 世设\FR\COSW深水城"
"9 世设\FR\COSW深水城\疫病之鼠.htm","疫病之鼠.htm",".htm","6843","9 世设\FR\COSW深水城"
"9 世设\FR\COSW深水城\盗思鸟.htm","盗思鸟.htm",".htm","14779","9 世设\FR\COSW深水城"
"9 世设\FR\COSW深水城\盗贼和恶徒.htm","盗贼和恶徒.htm",".htm","2996","9 世设\FR\COSW深水城"
"9 世设\FR\COSW深水城\眼之代理人.htm","眼之代理人.htm",".htm","15253","9 世设\FR\COSW深水城"
"9 世设\FR\COSW深水城\码头区.html","码头区.html",".html","103584","9 世设\FR\COSW深水城"
"9 世设\FR\COSW深水城\秘密结社.htm","秘密结社.htm",".htm","2811","9 世设\FR\COSW深水城"
"9 世设\FR\COSW深水城\竖琴手.htm","竖琴手.htm",".htm","17279","9 世设\FR\COSW深水城"
"9 世设\FR\COSW深水城\红色饰带.htm","红色饰带.htm",".htm","11820","9 世设\FR\COSW深水城"
"9 世设\FR\COSW深水城\红魔法飞地.htm","红魔法飞地.htm",".htm","11130","9 世设\FR\COSW深水城"
"9 世设\FR\COSW深水城\艾尔托察学院.htm","艾尔托察学院.htm",".htm","6774","9 世设\FR\COSW深水城"
"9 世设\FR\COSW深水城\莎尔教会.htm","莎尔教会.htm",".htm","11153","9 世设\FR\COSW深水城"
"9 世设\FR\COSW深水城\蓝月骑士.htm","蓝月骑士.htm",".htm","25370","9 世设\FR\COSW深水城"
"9 世设\FR\COSW深水城\蜜丝特拉教会.htm","蜜丝特拉教会.htm",".htm","10573","9 世设\FR\COSW深水城"
"9 世设\FR\COSW深水城\贡德教会.htm","贡德教会.htm",".htm","8607","9 世设\FR\COSW深水城"
"9 世设\FR\COSW深水城\贤者与博学家.htm","贤者与博学家.htm",".htm","13021","9 世设\FR\COSW深水城"
"9 世设\FR\COSW深水城\贵族.htm","贵族.htm",".htm","10885","9 世设\FR\COSW深水城"
"9 世设\FR\COSW深水城\贸易区.html","贸易区.html",".html","75074","9 世设\FR\COSW深水城"
"9 世设\FR\COSW深水城\边栏：其他家族”.htm","边栏：其他家族”.htm",".htm","5543","9 世设\FR\COSW深水城"
"9 世设\FR\COSW深水城\销赃犯和走私者.htm","销赃犯和走私者.htm",".htm","8691","9 世设\FR\COSW深水城"
"9 世设\FR\COSW深水城\阿达布伦特.htm","阿达布伦特.htm",".htm","12174","9 世设\FR\COSW深水城"
"9 世设\FR\COSW深水城\雇佣兵与向导.htm","雇佣兵与向导.htm",".htm","7988","9 世设\FR\COSW深水城"
"9 世设\FR\COSW深水城\魔杖家族.htm","魔杖家族.htm",".htm","12930","9 世设\FR\COSW深水城"
"9 世设\FR\COSW深水城\魔法武器.htm","魔法武器.htm",".htm","8135","9 世设\FR\COSW深水城"
"9 世设\FR\COSW深水城\魔法物品.htm","魔法物品.htm",".htm","3372","9 世设\FR\COSW深水城"
"9 世设\FR\COSW深水城\黑杖塔.htm","黑杖塔.htm",".htm","30426","9 世设\FR\COSW深水城"
"9 世设\FR\COSW深水城\黑野猪部落.htm","黑野猪部落.htm",".htm","8193","9 世设\FR\COSW深水城"
"9 世设\FR\COSW深水城\龙.htm","龙.htm",".htm","10491","9 世设\FR\COSW深水城"
"9 世设\FR\COV英勇斗士\DM的工作.htm","DM的工作.htm",".htm","5879","9 世设\FR\COV英勇斗士"
"9 世设\FR\COV英勇斗士\NPC.html","NPC.html",".html","3181","9 世设\FR\COV英勇斗士"
"9 世设\FR\COV英勇斗士\三圣骑士.html","三圣骑士.html",".html","159969","9 世设\FR\COV英勇斗士"
"9 世设\FR\COV英勇斗士\不完美的善良斗士.htm","不完美的善良斗士.htm",".htm","23626","9 世设\FR\COV英勇斗士"
"9 世设\FR\COV英勇斗士\专长.htm","专长.htm",".htm","55359","9 世设\FR\COV英勇斗士"
"9 世设\FR\COV英勇斗士\信仰令牌.html","信仰令牌.html",".html","38937","9 世设\FR\COV英勇斗士"
"9 世设\FR\COV英勇斗士\其它扩展种族.htm","其它扩展种族.htm",".htm","6872","9 世设\FR\COV英勇斗士"
"9 世设\FR\COV英勇斗士\凯莉·塔林德拉斯.html","凯莉·塔林德拉斯.html",".html","36880","9 世设\FR\COV英勇斗士"
"9 世设\FR\COV英勇斗士\创造英勇挑战.htm","创造英勇挑战.htm",".htm","6051","9 世设\FR\COV英勇斗士"
"9 世设\FR\COV英勇斗士\北地骑士团.html","北地骑士团.html",".html","14165","9 世设\FR\COV英勇斗士"
"9 世设\FR\COV英勇斗士\卡尔林战场.html","卡尔林战场.html",".html","24262","9 世设\FR\COV英勇斗士"
"9 世设\FR\COV英勇斗士\哈德利斯.html","哈德利斯.html",".html","36064","9 世设\FR\COV英勇斗士"
"9 世设\FR\COV英勇斗士\响彻正义礼拜堂.html","响彻正义礼拜堂.html",".html","45127","9 世设\FR\COV英勇斗士"
"9 世设\FR\COV英勇斗士\善良对善良.htm","善良对善良.htm",".htm","7987","9 世设\FR\COV英勇斗士"
"9 世设\FR\COV英勇斗士\善良探员.html","善良探员.html",".html","3496","9 世设\FR\COV英勇斗士"
"9 世设\FR\COV英勇斗士\因菲拉斯二世骑士团.html","因菲拉斯二世骑士团.html",".html","78217","9 世设\FR\COV英勇斗士"
"9 世设\FR\COV英勇斗士\地区背景.htm","地区背景.htm",".htm","56012","9 世设\FR\COV英勇斗士"
"9 世设\FR\COV英勇斗士\埃尔布鲁因.html","埃尔布鲁因.html",".html","30372","9 世设\FR\COV英勇斗士"
"9 世设\FR\COV英勇斗士\多格法尔·颤岩.html","多格法尔·颤岩.html",".html","38452","9 世设\FR\COV英勇斗士"
"9 世设\FR\COV英勇斗士\多纳沃尔.html","多纳沃尔.html",".html","27320","9 世设\FR\COV英勇斗士"
"9 世设\FR\COV英勇斗士\奖励英勇行为.htm","奖励英勇行为.htm",".htm","4563","9 世设\FR\COV英勇斗士"
"9 世设\FR\COV英勇斗士\宁布罗传令官大衣.html","宁布罗传令官大衣.html",".html","20232","9 世设\FR\COV英勇斗士"
"9 世设\FR\COV英勇斗士\官网增补替代等级.htm","官网增补替代等级.htm",".htm","33983","9 世设\FR\COV英勇斗士"
"9 世设\FR\COV英勇斗士\小型组织.html","小型组织.html",".html","145369","9 世设\FR\COV英勇斗士"
"9 世设\FR\COV英勇斗士\尖牙之盾.html","尖牙之盾.html",".html","39837","9 世设\FR\COV英勇斗士"
"9 世设\FR\COV英勇斗士\巴克拉·希斯普尔.html","巴克拉·希斯普尔.html",".html","85031","9 世设\FR\COV英勇斗士"
"9 世设\FR\COV英勇斗士\布伦沃尔·白额.html","布伦沃尔·白额.html",".html","91756","9 世设\FR\COV英勇斗士"
"9 世设\FR\COV英勇斗士\布雷扬·破石者.html","布雷扬·破石者.html",".html","42275","9 世设\FR\COV英勇斗士"
"9 世设\FR\COV英勇斗士\幽暗少女之跃.html","幽暗少女之跃.html",".html","47983","9 世设\FR\COV英勇斗士"
"9 世设\FR\COV英勇斗士\引言.htm","引言.htm",".htm","13646","9 世设\FR\COV英勇斗士"
"9 世设\FR\COV英勇斗士\德卡手珊瑚.html","德卡手珊瑚.html",".html","22150","9 世设\FR\COV英勇斗士"
"9 世设\FR\COV英勇斗士\怪物.html","怪物.html",".html","2707","9 世设\FR\COV英勇斗士"
"9 世设\FR\COV英勇斗士\战斗雕像.html","战斗雕像.html",".html","35631","9 世设\FR\COV英勇斗士"
"9 世设\FR\COV英勇斗士\拉玛斯-泰斯·安克.html","拉玛斯-泰斯·安克.html",".html","37137","9 世设\FR\COV英勇斗士"
"9 世设\FR\COV英勇斗士\救赎物品.html","救赎物品.html",".html","33326","9 世设\FR\COV英勇斗士"
"9 世设\FR\COV英勇斗士\月之海天空哨卫.htm","月之海天空哨卫.htm",".htm","55348","9 世设\FR\COV英勇斗士"
"9 世设\FR\COV英勇斗士\林登·瓦索托.html","林登·瓦索托.html",".html","49812","9 世设\FR\COV英勇斗士"
"9 世设\FR\COV英勇斗士\柔和之爪.html","柔和之爪.html",".html","12498","9 世设\FR\COV英勇斗士"
"9 世设\FR\COV英勇斗士\查森拜尔之心.html","查森拜尔之心.html",".html","30068","9 世设\FR\COV英勇斗士"
"9 世设\FR\COV英勇斗士\次级神器.html","次级神器.html",".html","27931","9 世设\FR\COV英勇斗士"
"9 世设\FR\COV英勇斗士\法术详述.htm","法术详述.htm",".htm","98082","9 世设\FR\COV英勇斗士"
"9 世设\FR\COV英勇斗士\特米沙里尔.html","特米沙里尔.html",".html","36860","9 世设\FR\COV英勇斗士"
"9 世设\FR\COV英勇斗士\犹豫四剑.html","犹豫四剑.html",".html","41607","9 世设\FR\COV英勇斗士"
"9 世设\FR\COV英勇斗士\真言之戒.html","真言之戒.html",".html","12780","9 世设\FR\COV英勇斗士"
"9 世设\FR\COV英勇斗士\竖琴手信物.html","竖琴手信物.html",".html","17457","9 世设\FR\COV英勇斗士"
"9 世设\FR\COV英勇斗士\紫杖同盟会.html","紫杖同盟会.html",".html","50831","9 世设\FR\COV英勇斗士"
"9 世设\FR\COV英勇斗士\给英勇英雄的50件事.htm","给英勇英雄的50件事.htm",".htm","16915","9 世设\FR\COV英勇斗士"
"9 世设\FR\COV英勇斗士\职业替换等级.htm","职业替换等级.htm",".htm","93774","9 世设\FR\COV英勇斗士"
"9 世设\FR\COV英勇斗士\英勇地点.html","英勇地点.html",".html","3449","9 世设\FR\COV英勇斗士"
"9 世设\FR\COV英勇斗士\英勇组织.html","英勇组织.html",".html","71023","9 世设\FR\COV英勇斗士"
"9 世设\FR\COV英勇斗士\英勇英雄.htm","英勇英雄.htm",".htm","2487","9 世设\FR\COV英勇斗士"
"9 世设\FR\COV英勇斗士\英勇英雄原型.htm","英勇英雄原型.htm",".htm","11318","9 世设\FR\COV英勇斗士"
"9 世设\FR\COV英勇斗士\英雄种族原型.htm","英雄种族原型.htm",".htm","9241","9 世设\FR\COV英勇斗士"
"9 世设\FR\COV英勇斗士\莫洛·杜林哈尔.html","莫洛·杜林哈尔.html",".html","37486","9 世设\FR\COV英勇斗士"
"9 世设\FR\COV英勇斗士\萨拉德·格德雷格斯特.html","萨拉德·格德雷格斯特.html",".html","40515","9 世设\FR\COV英勇斗士"
"9 世设\FR\COV英勇斗士\角色对角色.htm","角色对角色.htm",".htm","5047","9 世设\FR\COV英勇斗士"
"9 世设\FR\COV英勇斗士\誓言战锤.html","誓言战锤.html",".html","27158","9 世设\FR\COV英勇斗士"
"9 世设\FR\COV英勇斗士\费伦的善与恶.htm","费伦的善与恶.htm",".htm","4628","9 世设\FR\COV英勇斗士"
"9 世设\FR\COV英勇斗士\赞达耶瑞莉姆的永恒信物.html","赞达耶瑞莉姆的永恒信物.html",".html","21447","9 世设\FR\COV英勇斗士"
"9 世设\FR\COV英勇斗士\路易曼修士洞穴.html","路易曼修士洞穴.html",".html","33179","9 世设\FR\COV英勇斗士"
"9 世设\FR\COV英勇斗士\达尔西里亚.html","达尔西里亚.html",".html","31331","9 世设\FR\COV英勇斗士"
"9 世设\FR\COV英勇斗士\风暴之翼.html","风暴之翼.html",".html","34984","9 世设\FR\COV英勇斗士"
"9 世设\FR\COV英勇斗士\风暴盔甲.html","风暴盔甲.html",".html","20864","9 世设\FR\COV英勇斗士"
"9 世设\FR\COV英勇斗士\飞猎盔甲.html","飞猎盔甲.html",".html","29638","9 世设\FR\COV英勇斗士"
"9 世设\FR\COV英勇斗士\飞猎骑士.htm","飞猎骑士.htm",".htm","42500","9 世设\FR\COV英勇斗士"
"9 世设\FR\COV英勇斗士\飞猎骑士团.html","飞猎骑士团.html",".html","47481","9 世设\FR\COV英勇斗士"
"9 世设\FR\COV英勇斗士\马类.html","马类.html",".html","100679","9 世设\FR\COV英勇斗士"
"9 世设\FR\COV英勇斗士\高树德鲁伊.html","高树德鲁伊.html",".html","51987","9 世设\FR\COV英勇斗士"
"9 世设\FR\COV英勇斗士\魔法武器特殊能力.html","魔法武器特殊能力.html",".html","12498","9 世设\FR\COV英勇斗士"
"9 世设\FR\COV英勇斗士\魔法物品.html","魔法物品.html",".html","2777","9 世设\FR\COV英勇斗士"
"9 世设\FR\COV英勇斗士\魔网卫士.html","魔网卫士.html",".html","44703","9 世设\FR\COV英勇斗士"
"9 世设\FR\COV英勇斗士\魔网骑士.htm","魔网骑士.htm",".htm","54241","9 世设\FR\COV英勇斗士"
"9 世设\FR\COV英勇斗士\鸣泣花园.html","鸣泣花园.html",".html","33468","9 世设\FR\COV英勇斗士"
"9 世设\FR\DrF费伦的龙\附录_Roll_Call_of_Dragons.html","附录_Roll_Call_of_Dragons.html",".html","126907","9 世设\FR\DrF费伦的龙"
"9 世设\FR\DrF费伦的龙\与龙有关的魔法\与龙有关的法术.html","与龙有关的法术.html",".html","2511","9 世设\FR\DrF费伦的龙\与龙有关的魔法"
"9 世设\FR\DrF费伦的龙\与龙有关的魔法\传奇法术.html","传奇法术.html",".html","18040","9 世设\FR\DrF费伦的龙\与龙有关的魔法"
"9 世设\FR\DrF费伦的龙\与龙有关的魔法\快速查询.html","快速查询.html",".html","6109","9 世设\FR\DrF费伦的龙\与龙有关的魔法"
"9 世设\FR\DrF费伦的龙\与龙有关的魔法\新法术.html","新法术.html",".html","30917","9 世设\FR\DrF费伦的龙\与龙有关的魔法"
"9 世设\FR\DrF费伦的龙\世界上的龙\世界上的真龙.html","世界上的真龙.html",".html","2297","9 世设\FR\DrF费伦的龙\世界上的龙"
"9 世设\FR\DrF费伦的龙\世界上的龙\北地的龙.html","北地的龙.html",".html","6495","9 世设\FR\DrF费伦的龙\世界上的龙"
"9 世设\FR\DrF费伦的龙\世界上的龙\龙的角色.html","龙的角色.html",".html","9520","9 世设\FR\DrF费伦的龙\世界上的龙"
"9 世设\FR\DrF费伦的龙\世界上的龙\龙类的历史.html","龙类的历史.html",".html","16107","9 世设\FR\DrF费伦的龙\世界上的龙"
"9 世设\FR\DrF费伦的龙\世界上的龙\亡灵真龙\Alasklerbanbastos.html","Alasklerbanbastos.html",".html","10508","9 世设\FR\DrF费伦的龙\世界上的龙\亡灵真龙"
"9 世设\FR\DrF费伦的龙\世界上的龙\亡灵真龙\Dretchroyaster,“The Monarch Reborn”.html","Dretchroyaster,“The Monarch Reborn”.html",".html","6957","9 世设\FR\DrF费伦的龙\世界上的龙\亡灵真龙"
"9 世设\FR\DrF费伦的龙\世界上的龙\亡灵真龙\Ghaulantatra, “Old Mother Wyrm”.html","Ghaulantatra, “Old Mother Wyrm”.html",".html","7610","9 世设\FR\DrF费伦的龙\世界上的龙\亡灵真龙"
"9 世设\FR\DrF费伦的龙\世界上的龙\亡灵真龙\Iltharagh,“Golden Night”.html","Iltharagh,“Golden Night”.html",".html","13172","9 世设\FR\DrF费伦的龙\世界上的龙\亡灵真龙"
"9 世设\FR\DrF费伦的龙\世界上的龙\亡灵真龙\亡灵真龙.htm","亡灵真龙.htm",".htm","2790","9 世设\FR\DrF费伦的龙\世界上的龙\亡灵真龙"
"9 世设\FR\DrF费伦的龙\世界上的龙\真龙\Arsekaslyx，“Guardian of the well”.html","Arsekaslyx，“Guardian of the well”.html",".html","6040","9 世设\FR\DrF费伦的龙\世界上的龙\真龙"
"9 世设\FR\DrF费伦的龙\世界上的龙\真龙\Buchembrallor“The Terror of Velen”.html","Buchembrallor“The Terror of Velen”.html",".html","4982","9 世设\FR\DrF费伦的龙\世界上的龙\真龙"
"9 世设\FR\DrF费伦的龙\世界上的龙\真龙\Nartheling，“master of the mountain”.html","Nartheling，“master of the mountain”.html",".html","10370","9 世设\FR\DrF费伦的龙\世界上的龙\真龙"
"9 世设\FR\DrF费伦的龙\世界上的龙\真龙\Protanther，“King of the Ice”.html","Protanther，“King of the Ice”.html",".html","7601","9 世设\FR\DrF费伦的龙\世界上的龙\真龙"
"9 世设\FR\DrF费伦的龙\世界上的龙\真龙\Taraunramorlamurla，“Serenescales”.html","Taraunramorlamurla，“Serenescales”.html",".html","8001","9 世设\FR\DrF费伦的龙\世界上的龙\真龙"
"9 世设\FR\DrF费伦的龙\世界上的龙\真龙\“银焰”塔斯庭·雅洛斯劳夫(Tostyn Alaerthmaugh).html","“银焰”塔斯庭·雅洛斯劳夫(Tostyn Alaerthmaugh).html",".html","11870","9 世设\FR\DrF费伦的龙\世界上的龙\真龙"
"9 世设\FR\DrF费伦的龙\世界上的龙\真龙\“锐齿(sharpfangs)”艾薇柯拉萨格兰.html","“锐齿(sharpfangs)”艾薇柯拉萨格兰.html",".html","27282","9 世设\FR\DrF费伦的龙\世界上的龙\真龙"
"9 世设\FR\DrF费伦的龙\世界上的龙\真龙\克劳吉丽娅玛塔(Claugiyliamatar)“Old Gnawbone”.html","克劳吉丽娅玛塔(Claugiyliamatar)“Old Gnawbone”.html",".html","10549","9 世设\FR\DrF费伦的龙\世界上的龙\真龙"
"9 世设\FR\DrF费伦的龙\世界上的龙\真龙\夏兰薇珞丝(Jalanvaloss)，“千法之龙”.html","夏兰薇珞丝(Jalanvaloss)，“千法之龙”.html",".html","11116","9 世设\FR\DrF费伦的龙\世界上的龙\真龙"
"9 世设\FR\DrF费伦的龙\世界上的龙\真龙\奥罗森特(Olothontor)，“The Minstrel Wyrm”.html","奥罗森特(Olothontor)，“The Minstrel Wyrm”.html",".html","8304","9 世设\FR\DrF费伦的龙\世界上的龙\真龙"
"9 世设\FR\DrF费伦的龙\世界上的龙\真龙\察斯萨(Tchazzar)，提亚马特的选民.html","察斯萨(Tchazzar)，提亚马特的选民.html",".html","16263","9 世设\FR\DrF费伦的龙\世界上的龙\真龙"
"9 世设\FR\DrF费伦的龙\世界上的龙\真龙\深渊守卫安塔西李克斯.html","深渊守卫安塔西李克斯.html",".html","4045","9 世设\FR\DrF费伦的龙\世界上的龙\真龙"
"9 世设\FR\DrF费伦的龙\世界上的龙\真龙\真龙.html","真龙.html",".html","2642","9 世设\FR\DrF费伦的龙\世界上的龙\真龙"
"9 世设\FR\DrF费伦的龙\世界上的龙\真龙\艾尔维娅图莱丝（Arveiaturace）“The white worm”.html","艾尔维娅图莱丝（Arveiaturace）“The white worm”.html",".html","6500","9 世设\FR\DrF费伦的龙\世界上的龙\真龙"
"9 世设\FR\DrF费伦的龙\世界上的龙\真龙\赛琳黛拉格罗斯托(Saryndalaghlothtor)，“Lady Gemcloak”.html","赛琳黛拉格罗斯托(Saryndalaghlothtor)，“Lady Gemcloak”.html",".html","15321","9 世设\FR\DrF费伦的龙\世界上的龙\真龙"
"9 世设\FR\DrF费伦的龙\世界上的龙\真龙\金焰阿洛斯克劳巴拉.html","金焰阿洛斯克劳巴拉.html",".html","14879","9 世设\FR\DrF费伦的龙\世界上的龙\真龙"
"9 世设\FR\DrF费伦的龙\前言\以龙为中心的战役.html","以龙为中心的战役.html",".html","7419","9 世设\FR\DrF费伦的龙\前言"
"9 世设\FR\DrF费伦的龙\前言\你需要什么来进行游戏.html","你需要什么来进行游戏.html",".html","3706","9 世设\FR\DrF费伦的龙\前言"
"9 世设\FR\DrF费伦的龙\前言\使用本书.html","使用本书.html",".html","5062","9 世设\FR\DrF费伦的龙\前言"
"9 世设\FR\DrF费伦的龙\前言\引言.htm","引言.htm",".htm","6266","9 世设\FR\DrF费伦的龙\前言"
"9 世设\FR\DrF费伦的龙\拜龙教\Karthaut的悬崖.html","Karthaut的悬崖.html",".html","7828","9 世设\FR\DrF费伦的龙\拜龙教"
"9 世设\FR\DrF费伦的龙\拜龙教\Wyrmsmoke.html","Wyrmsmoke.html",".html","4267","9 世设\FR\DrF费伦的龙\拜龙教"
"9 世设\FR\DrF费伦的龙\拜龙教\冒险提要.html","冒险提要.html",".html","49586","9 世设\FR\DrF费伦的龙\拜龙教"
"9 世设\FR\DrF费伦的龙\拜龙教\拜龙教.html","拜龙教.html",".html","16615","9 世设\FR\DrF费伦的龙\拜龙教"
"9 世设\FR\DrF费伦的龙\拜龙教\拜龙教基层组织.html","拜龙教基层组织.html",".html","3378","9 世设\FR\DrF费伦的龙\拜龙教"
"9 世设\FR\DrF费伦的龙\拜龙教\拜龙教的历史.html","拜龙教的历史.html",".html","4949","9 世设\FR\DrF费伦的龙\拜龙教"
"9 世设\FR\DrF费伦的龙\拜龙教\拜龙教的魔法.html","拜龙教的魔法.html",".html","3021","9 世设\FR\DrF费伦的龙\拜龙教"
"9 世设\FR\DrF费伦的龙\拜龙教\桑比亚.html","桑比亚.html",".html","4424","9 世设\FR\DrF费伦的龙\拜龙教"
"9 世设\FR\DrF费伦的龙\拜龙教\组织.html","组织.html",".html","7354","9 世设\FR\DrF费伦的龙\拜龙教"
"9 世设\FR\DrF费伦的龙\拜龙教\莫尔克塔.html","莫尔克塔.html",".html","4407","9 世设\FR\DrF费伦的龙\拜龙教"
"9 世设\FR\DrF费伦的龙\拜龙教\鳞之道的追随者.html","鳞之道的追随者.html",".html","6329","9 世设\FR\DrF费伦的龙\拜龙教"
"9 世设\FR\DrF费伦的龙\拜龙教\龙之井.html","龙之井.html",".html","4470","9 世设\FR\DrF费伦的龙\拜龙教"
"9 世设\FR\DrF费伦的龙\新的龙\新的龙.html","新的龙.html",".html","2398","9 世设\FR\DrF费伦的龙\新的龙"
"9 世设\FR\DrF费伦的龙\新的龙\水银龙.html","水银龙.html",".html","11578","9 世设\FR\DrF费伦的龙\新的龙"
"9 世设\FR\DrF费伦的龙\新的龙\钢龙.html","钢龙.html",".html","10980","9 世设\FR\DrF费伦的龙\新的龙"
"9 世设\FR\DrF费伦的龙\新的龙\雾龙.html","雾龙.html",".html","14894","9 世设\FR\DrF费伦的龙\新的龙"
"9 世设\FR\DrF费伦的龙\魔法物品\其它魔法物品.html","其它魔法物品.html",".html","28217","9 世设\FR\DrF费伦的龙\魔法物品"
"9 世设\FR\DrF费伦的龙\魔法物品\次等神器.html","次等神器.html",".html","10155","9 世设\FR\DrF费伦的龙\魔法物品"
"9 世设\FR\DrF费伦的龙\魔法物品\高等神器.html","高等神器.html",".html","35527","9 世设\FR\DrF费伦的龙\魔法物品"
"9 世设\FR\DrF费伦的龙\魔法物品\魔法武器.html","魔法武器.html",".html","8937","9 世设\FR\DrF费伦的龙\魔法物品"
"9 世设\FR\DrF费伦的龙\魔法物品\魔法物品.html","魔法物品.html",".html","2329","9 世设\FR\DrF费伦的龙\魔法物品"
"9 世设\FR\DrF费伦的龙\龙后的暴政\恩瑟：龙后的国度.html","恩瑟：龙后的国度.html",".html","6695","9 世设\FR\DrF费伦的龙\龙后的暴政"
"9 世设\FR\DrF费伦的龙\龙后的暴政\提亚马特的教会.html","提亚马特的教会.html",".html","4740","9 世设\FR\DrF费伦的龙\龙后的暴政"
"9 世设\FR\DrF费伦的龙\龙后的暴政\色雷斯凯：骨龙之地.html","色雷斯凯：骨龙之地.html",".html","4998","9 世设\FR\DrF费伦的龙\龙后的暴政"
"9 世设\FR\DrF费伦的龙\龙后的暴政\鳞之祭坛.html","鳞之祭坛.html",".html","59212","9 世设\FR\DrF费伦的龙\龙后的暴政"
"9 世设\FR\DrF费伦的龙\龙后的暴政\龙后的暴政.html","龙后的暴政.html",".html","2609","9 世设\FR\DrF费伦的龙\龙后的暴政"
"9 世设\FR\DrF费伦的龙\龙巢\与龙有关的生物.html","与龙有关的生物.html",".html","26437","9 世设\FR\DrF费伦的龙\龙巢"
"9 世设\FR\DrF费伦的龙\龙巢\巢穴的危险.html","巢穴的危险.html",".html","11177","9 世设\FR\DrF费伦的龙\龙巢"
"9 世设\FR\DrF费伦的龙\龙巢\巢穴陷阱.html","巢穴陷阱.html",".html","12355","9 世设\FR\DrF费伦的龙\龙巢"
"9 世设\FR\DrF费伦的龙\龙巢\龙巢.html","龙巢.html",".html","2369","9 世设\FR\DrF费伦的龙\龙巢"
"9 世设\FR\DrF费伦的龙\龙的组织\Orogoth家族.html","Orogoth家族.html",".html","16884","9 世设\FR\DrF费伦的龙\龙的组织"
"9 世设\FR\DrF费伦的龙\龙的组织\埃森布拉姐妹会.html","埃森布拉姐妹会.html",".html","12985","9 世设\FR\DrF费伦的龙\龙的组织"
"9 世设\FR\DrF费伦的龙\龙的组织\察斯萨教会.html","察斯萨教会.html",".html","12384","9 世设\FR\DrF费伦的龙\龙的组织"
"9 世设\FR\DrF费伦的龙\龙的组织\正义之爪.html","正义之爪.html",".html","8063","9 世设\FR\DrF费伦的龙\龙的组织"
"9 世设\FR\DrF费伦的龙\龙的组织\莫雷米之血.html","莫雷米之血.html",".html","12693","9 世设\FR\DrF费伦的龙\龙的组织"
"9 世设\FR\DrF费伦的龙\龙的组织\集会.html","集会.html",".html","9892","9 世设\FR\DrF费伦的龙\龙的组织"
"9 世设\FR\DrF费伦的龙\龙的组织\龙的组织.html","龙的组织.html",".html","2085","9 世设\FR\DrF费伦的龙\龙的组织"
"9 世设\FR\LEoF费伦的失落帝国\三头龙.htm","三头龙.htm",".htm","14130","9 世设\FR\LEoF费伦的失落帝国"
"9 世设\FR\LEoF费伦的失落帝国\专长.htm","专长.htm",".htm","27664","9 世设\FR\LEoF费伦的失落帝国"
"9 世设\FR\LEoF费伦的失落帝国\仪杖.htm","仪杖.htm",".htm","6845","9 世设\FR\LEoF费伦的失落帝国"
"9 世设\FR\LEoF费伦的失落帝国\伊克赞.htm","伊克赞.htm",".htm","12555","9 世设\FR\LEoF费伦的失落帝国"
"9 世设\FR\LEoF费伦的失落帝国\传奇法术.htm","传奇法术.htm",".htm","8427","9 世设\FR\LEoF费伦的失落帝国"
"9 世设\FR\LEoF费伦的失落帝国\传奇法术种子.htm","传奇法术种子.htm",".htm","12412","9 世设\FR\LEoF费伦的失落帝国"
"9 世设\FR\LEoF费伦的失落帝国\兽化人.htm","兽化人.htm",".htm","5144","9 世设\FR\LEoF费伦的失落帝国"
"9 世设\FR\LEoF费伦的失落帝国\卓尔蝙蝠人.htm","卓尔蝙蝠人.htm",".htm","27915","9 世设\FR\LEoF费伦的失落帝国"
"9 世设\FR\LEoF费伦的失落帝国\古老北地.htm","古老北地.htm",".htm","82375","9 世设\FR\LEoF费伦的失落帝国"
"9 世设\FR\LEoF费伦的失落帝国\地栖卵.htm","地栖卵.htm",".htm","16295","9 世设\FR\LEoF费伦的失落帝国"
"9 世设\FR\LEoF费伦的失落帝国\墓穴敲击者.htm","墓穴敲击者.htm",".htm","16715","9 世设\FR\LEoF费伦的失落帝国"
"9 世设\FR\LEoF费伦的失落帝国\夜魔.htm","夜魔.htm",".htm","15779","9 世设\FR\LEoF费伦的失落帝国"
"9 世设\FR\LEoF费伦的失落帝国\太阳主宰.htm","太阳主宰.htm",".htm","17124","9 世设\FR\LEoF费伦的失落帝国"
"9 世设\FR\LEoF费伦的失落帝国\奇物.htm","奇物.htm",".htm","17329","9 世设\FR\LEoF费伦的失落帝国"
"9 世设\FR\LEoF费伦的失落帝国\守密者.htm","守密者.htm",".htm","19133","9 世设\FR\LEoF费伦的失落帝国"
"9 世设\FR\LEoF费伦的失落帝国\巨型天鹅绒虫.htm","巨型天鹅绒虫.htm",".htm","13394","9 世设\FR\LEoF费伦的失落帝国"
"9 世设\FR\LEoF费伦的失落帝国\巨型蛛形生物.htm","巨型蛛形生物.htm",".htm","29927","9 世设\FR\LEoF费伦的失落帝国"
"9 世设\FR\LEoF费伦的失落帝国\恐怖铠甲.html","恐怖铠甲.html",".html","59492","9 世设\FR\LEoF费伦的失落帝国"
"9 世设\FR\LEoF费伦的失落帝国\惊惧之臂.htm","惊惧之臂.htm",".htm","12803","9 世设\FR\LEoF费伦的失落帝国"
"9 世设\FR\LEoF费伦的失落帝国\惧栗武者.htm","惧栗武者.htm",".htm","16395","9 世设\FR\LEoF费伦的失落帝国"
"9 世设\FR\LEoF费伦的失落帝国\戒指.htm","戒指.htm",".htm","6242","9 世设\FR\LEoF费伦的失落帝国"
"9 世设\FR\LEoF费伦的失落帝国\暗月武僧.htm","暗月武僧.htm",".htm","13052","9 世设\FR\LEoF费伦的失落帝国"
"9 世设\FR\LEoF费伦的失落帝国\武器.htm","武器.htm",".htm","12952","9 世设\FR\LEoF费伦的失落帝国"
"9 世设\FR\LEoF费伦的失落帝国\法师领主.htm","法师领主.htm",".htm","18354","9 世设\FR\LEoF费伦的失落帝国"
"9 世设\FR\LEoF费伦的失落帝国\法术详述.htm","法术详述.htm",".htm","82549","9 世设\FR\LEoF费伦的失落帝国"
"9 世设\FR\LEoF费伦的失落帝国\法杖.htm","法杖.htm",".htm","9006","9 世设\FR\LEoF费伦的失落帝国"
"9 世设\FR\LEoF费伦的失落帝国\灾祸守卫.htm","灾祸守卫.htm",".htm","22897","9 世设\FR\LEoF费伦的失落帝国"
"9 世设\FR\LEoF费伦的失落帝国\燃烧头骨.htm","燃烧头骨.htm",".htm","13353","9 世设\FR\LEoF费伦的失落帝国"
"9 世设\FR\LEoF费伦的失落帝国\牛魔.htm","牛魔.htm",".htm","13539","9 世设\FR\LEoF费伦的失落帝国"
"9 世设\FR\LEoF费伦的失落帝国\猫人.htm","猫人.htm",".htm","27486","9 世设\FR\LEoF费伦的失落帝国"
"9 世设\FR\LEoF费伦的失落帝国\皇冠战争.htm","皇冠战争.htm",".htm","54472","9 世设\FR\LEoF费伦的失落帝国"
"9 世设\FR\LEoF费伦的失落帝国\破碎之峰信徒.htm","破碎之峰信徒.htm",".htm","15480","9 世设\FR\LEoF费伦的失落帝国"
"9 世设\FR\LEoF费伦的失落帝国\绿缚生物.htm","绿缚生物.htm",".htm","23633","9 世设\FR\LEoF费伦的失落帝国"
"9 世设\FR\LEoF费伦的失落帝国\翼猫.htm","翼猫.htm",".htm","10702","9 世设\FR\LEoF费伦的失落帝国"
"9 世设\FR\LEoF费伦的失落帝国\至高森林的国度.htm","至高森林的国度.htm",".htm","83222","9 世设\FR\LEoF费伦的失落帝国"
"9 世设\FR\LEoF费伦的失落帝国\荣光侍者.htm","荣光侍者.htm",".htm","26124","9 世设\FR\LEoF费伦的失落帝国"
"9 世设\FR\LEoF费伦的失落帝国\蠕行之爪.htm","蠕行之爪.htm",".htm","14016","9 世设\FR\LEoF费伦的失落帝国"
"9 世设\FR\LEoF费伦的失落帝国\被诅咒者.htm","被诅咒者.htm",".htm","21977","9 世设\FR\LEoF费伦的失落帝国"
"9 世设\FR\LEoF费伦的失落帝国\费林魔葵.htm","费林魔葵.htm",".htm","32337","9 世设\FR\LEoF费伦的失落帝国"
"9 世设\FR\LEoF费伦的失落帝国\迷锁.htm","迷锁.htm",".htm","57110","9 世设\FR\LEoF费伦的失落帝国"
"9 世设\FR\LEoF费伦的失落帝国\邪翼怪.htm","邪翼怪.htm",".htm","12738","9 世设\FR\LEoF费伦的失落帝国"
"9 世设\FR\LEoF费伦的失落帝国\金属之主.htm","金属之主.htm",".htm","14807","9 世设\FR\LEoF费伦的失落帝国"
"9 世设\FR\LEoF费伦的失落帝国\霓吸雾.htm","霓吸雾.htm",".htm","16746","9 世设\FR\LEoF费伦的失落帝国"
"9 世设\FR\LEoF费伦的失落帝国\高等神器.htm","高等神器.htm",".htm","14674","9 世设\FR\LEoF费伦的失落帝国"
"9 世设\FR\LEoF费伦的失落帝国\魔法物品.htm","魔法物品.htm",".htm","44029","9 世设\FR\LEoF费伦的失落帝国"
"9 世设\FR\LEoF费伦的失落帝国\鲨鱼人.htm","鲨鱼人.htm",".htm","26077","9 世设\FR\LEoF费伦的失落帝国"
"9 世设\FR\LEoF费伦的失落帝国\鳄鱼人.htm","鳄鱼人.htm",".htm","26819","9 世设\FR\LEoF费伦的失落帝国"
"9 世设\FR\MotM月海秘辛\引言.htm","引言.htm",".htm","20812","9 世设\FR\MotM月海秘辛"
"9 世设\FR\MotM月海秘辛\散提尔堡.htm","散提尔堡.htm",".htm","40345","9 世设\FR\MotM月海秘辛"
"9 世设\FR\MotM月海秘辛\散提尔堡与西部.htm","散提尔堡与西部.htm",".htm","8856","9 世设\FR\MotM月海秘辛"
"9 世设\FR\MotM月海秘辛\梅尔沃特与北部.htm","梅尔沃特与北部.htm",".htm","8833","9 世设\FR\MotM月海秘辛"
"9 世设\FR\MotM月海秘辛\梅尔沃特中的敌人.htm","梅尔沃特中的敌人.htm",".htm","44154","9 世设\FR\MotM月海秘辛"
"9 世设\FR\MotM月海秘辛\梅尔沃特的谣言.htm","梅尔沃特的谣言.htm",".htm","11869","9 世设\FR\MotM月海秘辛"
"9 世设\FR\MotM月海秘辛\梅尔沃特，众剑之城.htm","梅尔沃特，众剑之城.htm",".htm","29034","9 世设\FR\MotM月海秘辛"
"9 世设\FR\MotM月海秘辛\穆尔玛斯特与东部.htm","穆尔玛斯特与东部.htm",".htm","8915","9 世设\FR\MotM月海秘辛"
"9 世设\FR\MotM月海秘辛\穆尔玛斯特，危机之城.htm","穆尔玛斯特，危机之城.htm",".htm","34994","9 世设\FR\MotM月海秘辛"
"9 世设\FR\MotM月海秘辛\远山镇与南部.htm","远山镇与南部.htm",".htm","9978","9 世设\FR\MotM月海秘辛"
"9 世设\FR\MotM月海秘辛\远山镇，贸易之城.htm","远山镇，贸易之城.htm",".htm","41954","9 世设\FR\MotM月海秘辛"
"9 世设\FR\PoF费伦的势力\专长.htm","专长.htm",".htm","15790","9 世设\FR\PoF费伦的势力"
"9 世设\FR\PoF费伦的势力\众河镇.htm","众河镇.htm",".htm","7788","9 世设\FR\PoF费伦的势力"
"9 世设\FR\PoF费伦的势力\侵略军队与部落.htm","侵略军队与部落.htm",".htm","36981","9 世设\FR\PoF费伦的势力"
"9 世设\FR\PoF费伦的势力\信仰冲突.htm","信仰冲突.htm",".htm","13759","9 世设\FR\PoF费伦的势力"
"9 世设\FR\PoF费伦的势力\军事冲突.htm","军事冲突.htm",".htm","10477","9 世设\FR\PoF费伦的势力"
"9 世设\FR\PoF费伦的势力\军事堡垒.htm","军事堡垒.htm",".htm","25328","9 世设\FR\PoF费伦的势力"
"9 世设\FR\PoF费伦的势力\创建贸易联盟.htm","创建贸易联盟.htm",".htm","8488","9 世设\FR\PoF费伦的势力"
"9 世设\FR\PoF费伦的势力\卢斯贝恩.htm","卢斯贝恩.htm",".htm","7569","9 世设\FR\PoF费伦的势力"
"9 世设\FR\PoF费伦的势力\双王子之地.htm","双王子之地.htm",".htm","16340","9 世设\FR\PoF费伦的势力"
"9 世设\FR\PoF费伦的势力\商业领袖.htm","商业领袖.htm",".htm","12655","9 世设\FR\PoF费伦的势力"
"9 世设\FR\PoF费伦的势力\均达林.htm","均达林.htm",".htm","7376","9 世设\FR\PoF费伦的势力"
"9 世设\FR\PoF费伦的势力\奎斯森林.htm","奎斯森林.htm",".htm","3929","9 世设\FR\PoF费伦的势力"
"9 世设\FR\PoF费伦的势力\奖赏（信仰）.htm","奖赏（信仰）.htm",".htm","3974","9 世设\FR\PoF费伦的势力"
"9 世设\FR\PoF费伦的势力\奖赏（军事）.htm","奖赏（军事）.htm",".htm","10329","9 世设\FR\PoF费伦的势力"
"9 世设\FR\PoF费伦的势力\奖赏（宫廷）.htm","奖赏（宫廷）.htm",".htm","3628","9 世设\FR\PoF费伦的势力"
"9 世设\FR\PoF费伦的势力\奖赏（经济）.htm","奖赏（经济）.htm",".htm","17650","9 世设\FR\PoF费伦的势力"
"9 世设\FR\PoF费伦的势力\奖赏（边境）.htm","奖赏（边境）.htm",".htm","3040","9 世设\FR\PoF费伦的势力"
"9 世设\FR\PoF费伦的势力\奥布尔.htm","奥布尔.htm",".htm","13895","9 世设\FR\PoF费伦的势力"
"9 世设\FR\PoF费伦的势力\如何统治.htm","如何统治.htm",".htm","4776","9 世设\FR\PoF费伦的势力"
"9 世设\FR\PoF费伦的势力\宗教堡垒.htm","宗教堡垒.htm",".htm","18593","9 世设\FR\PoF费伦的势力"
"9 世设\FR\PoF费伦的势力\宫廷冲突.htm","宫廷冲突.htm",".htm","21157","9 世设\FR\PoF费伦的势力"
"9 世设\FR\PoF费伦的势力\宫廷堡垒.htm","宫廷堡垒.htm",".htm","9081","9 世设\FR\PoF费伦的势力"
"9 世设\FR\PoF费伦的势力\宫廷秩序.htm","宫廷秩序.htm",".htm","6631","9 世设\FR\PoF费伦的势力"
"9 世设\FR\PoF费伦的势力\峰峦王国.htm","峰峦王国.htm",".htm","14456","9 世设\FR\PoF费伦的势力"
"9 世设\FR\PoF费伦的势力\市场冲突.htm","市场冲突.htm",".htm","21396","9 世设\FR\PoF费伦的势力"
"9 世设\FR\PoF费伦的势力\引导羊群.htm","引导羊群.htm",".htm","13037","9 世设\FR\PoF费伦的势力"
"9 世设\FR\PoF费伦的势力\引言.htm","引言.htm",".htm","18049","9 世设\FR\PoF费伦的势力"
"9 世设\FR\PoF费伦的势力\影响力.htm","影响力.htm",".htm","9625","9 世设\FR\PoF费伦的势力"
"9 世设\FR\PoF费伦的势力\德拉斯克.htm","德拉斯克.htm",".htm","7513","9 世设\FR\PoF费伦的势力"
"9 世设\FR\PoF费伦的势力\指挥的负担.htm","指挥的负担.htm",".htm","9651","9 世设\FR\PoF费伦的势力"
"9 世设\FR\PoF费伦的势力\控制市场.htm","控制市场.htm",".htm","9026","9 世设\FR\PoF费伦的势力"
"9 世设\FR\PoF费伦的势力\提升等阶.htm","提升等阶.htm",".htm","6712","9 世设\FR\PoF费伦的势力"
"9 世设\FR\PoF费伦的势力\敌对冒险者.htm","敌对冒险者.htm",".htm","63688","9 世设\FR\PoF费伦的势力"
"9 世设\FR\PoF费伦的势力\昂迪姆.htm","昂迪姆.htm",".htm","12724","9 世设\FR\PoF费伦的势力"
"9 世设\FR\PoF费伦的势力\枕戈之地.htm","枕戈之地.htm",".htm","6728","9 世设\FR\PoF费伦的势力"
"9 世设\FR\PoF费伦的势力\枭堡.htm","枭堡.htm",".htm","6534","9 世设\FR\PoF费伦的势力"
"9 世设\FR\PoF费伦的势力\法律的长臂.htm","法律的长臂.htm",".htm","43643","9 世设\FR\PoF费伦的势力"
"9 世设\FR\PoF费伦的势力\游玩军事游戏.htm","游玩军事游戏.htm",".htm","7021","9 世设\FR\PoF费伦的势力"
"9 世设\FR\PoF费伦的势力\游玩宗教游戏.htm","游玩宗教游戏.htm",".htm","9809","9 世设\FR\PoF费伦的势力"
"9 世设\FR\PoF费伦的势力\游玩政治游戏.htm","游玩政治游戏.htm",".htm","7651","9 世设\FR\PoF费伦的势力"
"9 世设\FR\PoF费伦的势力\游玩游荡游戏.htm","游玩游荡游戏.htm",".htm","21976","9 世设\FR\PoF费伦的势力"
"9 世设\FR\PoF费伦的势力\游玩经济游戏.htm","游玩经济游戏.htm",".htm","39763","9 世设\FR\PoF费伦的势力"
"9 世设\FR\PoF费伦的势力\游玩边境游戏.htm","游玩边境游戏.htm",".htm","19979","9 世设\FR\PoF费伦的势力"
"9 世设\FR\PoF费伦的势力\玩转市场.htm","玩转市场.htm",".htm","3779","9 世设\FR\PoF费伦的势力"
"9 世设\FR\PoF费伦的势力\现世领袖.htm","现世领袖.htm",".htm","7585","9 世设\FR\PoF费伦的势力"
"9 世设\FR\PoF费伦的势力\神祇.htm","神祇.htm",".htm","19000","9 世设\FR\PoF费伦的势力"
"9 世设\FR\PoF费伦的势力\精神领袖.htm","精神领袖.htm",".htm","21544","9 世设\FR\PoF费伦的势力"
"9 世设\FR\PoF费伦的势力\经济堡垒.htm","经济堡垒.htm",".htm","11342","9 世设\FR\PoF费伦的势力"
"9 世设\FR\PoF费伦的势力\统治国度.htm","统治国度.htm",".htm","5133","9 世设\FR\PoF费伦的势力"
"9 世设\FR\PoF费伦的势力\统治封地.htm","统治封地.htm",".htm","8387","9 世设\FR\PoF费伦的势力"
"9 世设\FR\PoF费伦的势力\统治本身即为奖励.htm","统治本身即为奖励.htm",".htm","4714","9 世设\FR\PoF费伦的势力"
"9 世设\FR\PoF费伦的势力\维持信仰.htm","维持信仰.htm",".htm","6226","9 世设\FR\PoF费伦的势力"
"9 世设\FR\PoF费伦的势力\耐斯立足森林.htm","耐斯立足森林.htm",".htm","4723","9 世设\FR\PoF费伦的势力"
"9 世设\FR\PoF费伦的势力\艾尔.htm","艾尔.htm",".htm","7991","9 世设\FR\PoF费伦的势力"
"9 世设\FR\PoF费伦的势力\范例：星影男爵领.htm","范例：星影男爵领.htm",".htm","29395","9 世设\FR\PoF费伦的势力"
"9 世设\FR\PoF费伦的势力\范例：碎裂王座.htm","范例：碎裂王座.htm",".htm","24188","9 世设\FR\PoF费伦的势力"
"9 世设\FR\PoF费伦的势力\范例：索斯利珊帝国.htm","范例：索斯利珊帝国.htm",".htm","35700","9 世设\FR\PoF费伦的势力"
"9 世设\FR\PoF费伦的势力\范例：阿曼纳塔之上升.htm","范例：阿曼纳塔之上升.htm",".htm","47482","9 世设\FR\PoF费伦的势力"
"9 世设\FR\PoF费伦的势力\范例：高塔王庭.htm","范例：高塔王庭.htm",".htm","17615","9 世设\FR\PoF费伦的势力"
"9 世设\FR\PoF费伦的势力\草药与疾病.htm","草药与疾病.htm",".htm","13217","9 世设\FR\PoF费伦的势力"
"9 世设\FR\PoF费伦的势力\获得军衔.htm","获得军衔.htm",".htm","17627","9 世设\FR\PoF费伦的势力"
"9 世设\FR\PoF费伦的势力\获得头衔.htm","获得头衔.htm",".htm","44739","9 世设\FR\PoF费伦的势力"
"9 世设\FR\PoF费伦的势力\获得头衔（边境）.htm","获得头衔（边境）.htm",".htm","7018","9 世设\FR\PoF费伦的势力"
"9 世设\FR\PoF费伦的势力\薄暮森林.htm","薄暮森林.htm",".htm","8749","9 世设\FR\PoF费伦的势力"
"9 世设\FR\PoF费伦的势力\贝多恩.htm","贝多恩.htm",".htm","15202","9 世设\FR\PoF费伦的势力"
"9 世设\FR\PoF费伦的势力\赢得战场.htm","赢得战场.htm",".htm","4634","9 世设\FR\PoF费伦的势力"
"9 世设\FR\PoF费伦的势力\边境冲突.htm","边境冲突.htm",".htm","16487","9 世设\FR\PoF费伦的势力"
"9 世设\FR\PoF费伦的势力\边境堡垒.htm","边境堡垒.htm",".htm","23711","9 世设\FR\PoF费伦的势力"
"9 世设\FR\PoF费伦的势力\边境王国.htm","边境王国.htm",".htm","9847","9 世设\FR\PoF费伦的势力"
"9 世设\FR\PoF费伦的势力\边境领袖.htm","边境领袖.htm",".htm","11777","9 世设\FR\PoF费伦的势力"
"9 世设\FR\PoF费伦的势力\进阶：商贾君王.htm","进阶：商贾君王.htm",".htm","29115","9 世设\FR\PoF费伦的势力"
"9 世设\FR\PoF费伦的势力\进阶：宫廷纹章官.htm","进阶：宫廷纹章官.htm",".htm","29492","9 世设\FR\PoF费伦的势力"
"9 世设\FR\PoF费伦的势力\道路之王.htm","道路之王.htm",".htm","3752","9 世设\FR\PoF费伦的势力"
"9 世设\FR\PoF费伦的势力\阿达格拉斯特.htm","阿达格拉斯特.htm",".htm","12088","9 世设\FR\PoF费伦的势力"
"9 世设\FR\PoF费伦的势力\领导军队.htm","领导军队.htm",".htm","19475","9 世设\FR\PoF费伦的势力"
"9 世设\FR\PoF费伦的势力\领导力.htm","领导力.htm",".htm","27258","9 世设\FR\PoF费伦的势力"
"9 世设\FR\PoF费伦的势力\香塔尔大公国.htm","香塔尔大公国.htm",".htm","11856","9 世设\FR\PoF费伦的势力"
"9 世设\FR\PoF费伦的势力\驯服边疆.html","驯服边疆.html",".html","6240","9 世设\FR\PoF费伦的势力"
"9 世设\FR\PoF费伦的势力\高等巨龙.htm","高等巨龙.htm",".htm","37396","9 世设\FR\PoF费伦的势力"
"9 世设\FR\PoF费伦的势力\高级挑战.htm","高级挑战.htm",".htm","4024","9 世设\FR\PoF费伦的势力"
"9 世设\FR\PoF费伦的势力\黑鞍男爵领.htm","黑鞍男爵领.htm",".htm","12335","9 世设\FR\PoF费伦的势力"
"9 世设\FR\SK巨蛇王国\专长.htm","专长.htm",".htm","43578","9 世设\FR\SK巨蛇王国"
"9 世设\FR\SK巨蛇王国\亚蛇人.htm","亚蛇人.htm",".htm","11776","9 世设\FR\SK巨蛇王国"
"9 世设\FR\SK巨蛇王国\伊斯托赛菲弗.htm","伊斯托赛菲弗.htm",".htm","25997","9 世设\FR\SK巨蛇王国"
"9 世设\FR\SK巨蛇王国\其他领地.htm","其他领地.htm",".htm","24721","9 世设\FR\SK巨蛇王国"
"9 世设\FR\SK巨蛇王国\冰川蛇.htm","冰川蛇.htm",".htm","11860","9 世设\FR\SK巨蛇王国"
"9 世设\FR\SK巨蛇王国\剑龙.htm","剑龙.htm",".htm","11670","9 世设\FR\SK巨蛇王国"
"9 世设\FR\SK巨蛇王国\双头蛇.htm","双头蛇.htm",".htm","13092","9 世设\FR\SK巨蛇王国"
"9 世设\FR\SK巨蛇王国\古老大师.htm","古老大师.htm",".htm","15066","9 世设\FR\SK巨蛇王国"
"9 世设\FR\SK巨蛇王国\喀斯塔.htm","喀斯塔.htm",".htm","20794","9 世设\FR\SK巨蛇王国"
"9 世设\FR\SK巨蛇王国\埃塞比蜥人.htm","埃塞比蜥人.htm",".htm","18261","9 世设\FR\SK巨蛇王国"
"9 世设\FR\SK巨蛇王国\塔沙拉尔.htm","塔沙拉尔.htm",".htm","34246","9 世设\FR\SK巨蛇王国"
"9 世设\FR\SK巨蛇王国\多头纳迦.htm","多头纳迦.htm",".htm","19181","9 世设\FR\SK巨蛇王国"
"9 世设\FR\SK巨蛇王国\奥寇斯帝国.htm","奥寇斯帝国.htm",".htm","24687","9 世设\FR\SK巨蛇王国"
"9 世设\FR\SK巨蛇王国\姆拉劳恩蛇.htm","姆拉劳恩蛇.htm",".htm","14401","9 世设\FR\SK巨蛇王国"
"9 世设\FR\SK巨蛇王国\娜迦种族.htm","娜迦种族.htm",".htm","35403","9 世设\FR\SK巨蛇王国"
"9 世设\FR\SK巨蛇王国\娜迦简述.htm","娜迦简述.htm",".htm","3921","9 世设\FR\SK巨蛇王国"
"9 世设\FR\SK巨蛇王国\娜迦霸主.htm","娜迦霸主.htm",".htm","12862","9 世设\FR\SK巨蛇王国"
"9 世设\FR\SK巨蛇王国\官方勘误.htm","官方勘误.htm",".htm","6271","9 世设\FR\SK巨蛇王国"
"9 世设\FR\SK巨蛇王国\尼芬犬.htm","尼芬犬.htm",".htm","13063","9 世设\FR\SK巨蛇王国"
"9 世设\FR\SK巨蛇王国\屠蛇者.htm","屠蛇者.htm",".htm","13283","9 世设\FR\SK巨蛇王国"
"9 世设\FR\SK巨蛇王国\巫虺族怪物.htm","巫虺族怪物.htm",".htm","20514","9 世设\FR\SK巨蛇王国"
"9 世设\FR\SK巨蛇王国\巫虺族种族.htm","巫虺族种族.htm",".htm","73054","9 世设\FR\SK巨蛇王国"
"9 世设\FR\SK巨蛇王国\幻色蛇.htm","幻色蛇.htm",".htm","15709","9 世设\FR\SK巨蛇王国"
"9 世设\FR\SK巨蛇王国\廷朵尔.htm","廷朵尔.htm",".htm","36774","9 世设\FR\SK巨蛇王国"
"9 世设\FR\SK巨蛇王国\恐龙.htm","恐龙.htm",".htm","3120","9 世设\FR\SK巨蛇王国"
"9 世设\FR\SK巨蛇王国\战蜥人和特伦蜥人.htm","战蜥人和特伦蜥人.htm",".htm","18999","9 世设\FR\SK巨蛇王国"
"9 世设\FR\SK巨蛇王国\拉帕利亚.htm","拉帕利亚.htm",".htm","53911","9 世设\FR\SK巨蛇王国"
"9 世设\FR\SK巨蛇王国\树蟒.htm","树蟒.htm",".htm","13366","9 世设\FR\SK巨蛇王国"
"9 世设\FR\SK巨蛇王国\武器.htm","武器.htm",".htm","4666","9 世设\FR\SK巨蛇王国"
"9 世设\FR\SK巨蛇王国\死亡缠绕.htm","死亡缠绕.htm",".htm","14890","9 世设\FR\SK巨蛇王国"
"9 世设\FR\SK巨蛇王国\毒药.htm","毒药.htm",".htm","24712","9 世设\FR\SK巨蛇王国"
"9 世设\FR\SK巨蛇王国\毒蛇大师.htm","毒蛇大师.htm",".htm","17118","9 世设\FR\SK巨蛇王国"
"9 世设\FR\SK巨蛇王国\污沟蛇.htm","污沟蛇.htm",".htm","14026","9 世设\FR\SK巨蛇王国"
"9 世设\FR\SK巨蛇王国\法术详述.htm","法术详述.htm",".htm","48362","9 世设\FR\SK巨蛇王国"
"9 世设\FR\SK巨蛇王国\泥居蛇人.htm","泥居蛇人.htm",".htm","13661","9 世设\FR\SK巨蛇王国"
"9 世设\FR\SK巨蛇王国\火蝾螈人.htm","火蝾螈人.htm",".htm","20871","9 世设\FR\SK巨蛇王国"
"9 世设\FR\SK巨蛇王国\灾祸娜迦.htm","灾祸娜迦.htm",".htm","18055","9 世设\FR\SK巨蛇王国"
"9 世设\FR\SK巨蛇王国\特伦蜥人.htm","特伦蜥人.htm",".htm","13140","9 世设\FR\SK巨蛇王国"
"9 世设\FR\SK巨蛇王国\特殊物质.htm","特殊物质.htm",".htm","3871","9 世设\FR\SK巨蛇王国"
"9 世设\FR\SK巨蛇王国\瑟彭提斯帝国.htm","瑟彭提斯帝国.htm",".htm","34787","9 世设\FR\SK巨蛇王国"
"9 世设\FR\SK巨蛇王国\盔甲.htm","盔甲.htm",".htm","7572","9 世设\FR\SK巨蛇王国"
"9 世设\FR\SK巨蛇王国\粪蛇.htm","粪蛇.htm",".htm","12603","9 世设\FR\SK巨蛇王国"
"9 世设\FR\SK巨蛇王国\纳迦拉.htm","纳迦拉.htm",".htm","81171","9 世设\FR\SK巨蛇王国"
"9 世设\FR\SK巨蛇王国\翼龙.htm","翼龙.htm",".htm","11400","9 世设\FR\SK巨蛇王国"
"9 世设\FR\SK巨蛇王国\翼龙人.htm","翼龙人.htm",".htm","13903","9 世设\FR\SK巨蛇王国"
"9 世设\FR\SK巨蛇王国\芦苇蛇.htm","芦苇蛇.htm",".htm","11203","9 世设\FR\SK巨蛇王国"
"9 世设\FR\SK巨蛇王国\苏克王国.htm","苏克王国.htm",".htm","17548","9 世设\FR\SK巨蛇王国"
"9 世设\FR\SK巨蛇王国\萨玛拉克.htm","萨玛拉克.htm",".htm","25045","9 世设\FR\SK巨蛇王国"
"9 世设\FR\SK巨蛇王国\虹彩纳迦.html","虹彩纳迦.html",".html","56671","9 世设\FR\SK巨蛇王国"
"9 世设\FR\SK巨蛇王国\蛇.htm","蛇.htm",".htm","3203","9 世设\FR\SK巨蛇王国"
"9 世设\FR\SK巨蛇王国\蛇人.htm","蛇人.htm",".htm","23352","9 世设\FR\SK巨蛇王国"
"9 世设\FR\SK巨蛇王国\蛇人巫师杀手.htm","蛇人巫师杀手.htm",".htm","20640","9 世设\FR\SK巨蛇王国"
"9 世设\FR\SK巨蛇王国\蛇人神圣卫士.htm","蛇人神圣卫士.htm",".htm","18021","9 世设\FR\SK巨蛇王国"
"9 世设\FR\SK巨蛇王国\蛇人移植体.htm","蛇人移植体.htm",".htm","8187","9 世设\FR\SK巨蛇王国"
"9 世设\FR\SK巨蛇王国\蛇化人.htm","蛇化人.htm",".htm","28228","9 世设\FR\SK巨蛇王国"
"9 世设\FR\SK巨蛇王国\蛇肉魔像.htm","蛇肉魔像.htm",".htm","14311","9 世设\FR\SK巨蛇王国"
"9 世设\FR\SK巨蛇王国\蜥蜴之王.htm","蜥蜴之王.htm",".htm","16677","9 世设\FR\SK巨蛇王国"
"9 世设\FR\SK巨蛇王国\蜥蜴之王或女王.htm","蜥蜴之王或女王.htm",".htm","15112","9 世设\FR\SK巨蛇王国"
"9 世设\FR\SK巨蛇王国\蜥蜴族.htm","蜥蜴族.htm",".htm","2953","9 世设\FR\SK巨蛇王国"
"9 世设\FR\SK巨蛇王国\螺旋秘法师.htm","螺旋秘法师.htm",".htm","15473","9 世设\FR\SK巨蛇王国"
"9 世设\FR\SK巨蛇王国\装备.htm","装备.htm",".htm","2758","9 世设\FR\SK巨蛇王国"
"9 世设\FR\SK巨蛇王国\角鼻龙.htm","角鼻龙.htm",".htm","11435","9 世设\FR\SK巨蛇王国"
"9 世设\FR\SK巨蛇王国\诸国度.htm","诸国度.htm",".htm","5066","9 世设\FR\SK巨蛇王国"
"9 世设\FR\SK巨蛇王国\费伦纳迦领主.htm","费伦纳迦领主.htm",".htm","19867","9 世设\FR\SK巨蛇王国"
"9 世设\FR\SK巨蛇王国\赛斯之牙.htm","赛斯之牙.htm",".htm","13378","9 世设\FR\SK巨蛇王国"
"9 世设\FR\SK巨蛇王国\隆德斯.htm","隆德斯.htm",".htm","28990","9 世设\FR\SK巨蛇王国"
"9 世设\FR\SK巨蛇王国\隐民.htm","隐民.htm",".htm","2727","9 世设\FR\SK巨蛇王国"
"9 世设\FR\SK巨蛇王国\鞭蛇.htm","鞭蛇.htm",".htm","12749","9 世设\FR\SK巨蛇王国"
"9 世设\FR\SK巨蛇王国\骨娜迦.htm","骨娜迦.htm",".htm","24331","9 世设\FR\SK巨蛇王国"
"9 世设\FR\SK巨蛇王国\高等神器.htm","高等神器.htm",".htm","7415","9 世设\FR\SK巨蛇王国"
"9 世设\FR\SK巨蛇王国\魔法物品.htm","魔法物品.htm",".htm","22570","9 世设\FR\SK巨蛇王国"
"9 世设\FR\SS光辉南方\法术详述.htm","法术详述.htm",".htm","109900","9 世设\FR\SS光辉南方"
"9 世设\FR\SS光辉南方\魔法物品.htm","魔法物品.htm",".htm","80178","9 世设\FR\SS光辉南方"
"9 世设\FR\SS光辉南方\南方的怪物\剌雅肯.htm","剌雅肯.htm",".htm","19571","9 世设\FR\SS光辉南方\南方的怪物"
"9 世设\FR\SS光辉南方\南方的怪物\哈鲁阿青足龙蛇.htm","哈鲁阿青足龙蛇.htm",".htm","17974","9 世设\FR\SS光辉南方\南方的怪物"
"9 世设\FR\SS光辉南方\南方的怪物\响尾龙.htm","响尾龙.htm",".htm","111268","9 世设\FR\SS光辉南方\南方的怪物"
"9 世设\FR\SS光辉南方\南方的怪物\星蛇.htm","星蛇.htm",".htm","19728","9 世设\FR\SS光辉南方\南方的怪物"
"9 世设\FR\SS光辉南方\南方的怪物\暗木.htm","暗木.htm",".htm","17056","9 世设\FR\SS光辉南方\南方的怪物"
"9 世设\FR\SS光辉南方\南方的怪物\曼提梅拉.htm","曼提梅拉.htm",".htm","24885","9 世设\FR\SS光辉南方\南方的怪物"
"9 世设\FR\SS光辉南方\南方的怪物\洛索象人.htm","洛索象人.htm",".htm","26805","9 世设\FR\SS光辉南方\南方的怪物"
"9 世设\FR\SS光辉南方\南方的怪物\独眼巨人.htm","独眼巨人.htm",".htm","24928","9 世设\FR\SS光辉南方\南方的怪物"
"9 世设\FR\SS光辉南方\南方的怪物\螳螂人.htm","螳螂人.htm",".htm","26083","9 世设\FR\SS光辉南方\南方的怪物"
"9 世设\FR\SS光辉南方\南方的怪物\贝尔鼠.htm","贝尔鼠.htm",".htm","16345","9 世设\FR\SS光辉南方\南方的怪物"
"9 世设\FR\SS光辉南方\南方的怪物\长人.htm","长人.htm",".htm","20458","9 世设\FR\SS光辉南方\南方的怪物"
"9 世设\FR\SS光辉南方\南方的怪物\阔嘴怪.htm","阔嘴怪.htm",".htm","16394","9 世设\FR\SS光辉南方\南方的怪物"
"9 世设\FR\SS光辉南方\种族与地区\专长.htm","专长.htm",".htm","28807","9 世设\FR\SS光辉南方\种族与地区"
"9 世设\FR\SS光辉南方\种族与地区\角色地区.htm","角色地区.htm",".htm","20447","9 世设\FR\SS光辉南方\种族与地区"
"9 世设\FR\SS光辉南方\种族与地区\种族\哈鲁阿人.htm","哈鲁阿人.htm",".htm","21697","9 世设\FR\SS光辉南方\种族与地区\种族"
"9 世设\FR\SS光辉南方\种族与地区\种族\夏亚人.htm","夏亚人.htm",".htm","16636","9 世设\FR\SS光辉南方\种族与地区\种族"
"9 世设\FR\SS光辉南方\种族与地区\种族\年龄、身高、体重.htm","年龄、身高、体重.htm",".htm","24928","9 世设\FR\SS光辉南方\种族与地区\种族"
"9 世设\FR\SS光辉南方\种族与地区\种族\斯理克林人(螳螂人).htm","斯理克林人(螳螂人).htm",".htm","18178","9 世设\FR\SS光辉南方\种族与地区\种族"
"9 世设\FR\SS光辉南方\种族与地区\种族\洛索象人.htm","洛索象人.htm",".htm","14831","9 世设\FR\SS光辉南方\种族与地区\种族"
"9 世设\FR\SS光辉南方\种族与地区\种族\都帕人.htm","都帕人.htm",".htm","17208","9 世设\FR\SS光辉南方\种族与地区\种族"
"9 世设\FR\SS光辉南方\种族与地区\种族\阿凯恩人.htm","阿凯恩人.htm",".htm","17597","9 世设\FR\SS光辉南方\种族与地区\种族"
"9 世设\FR\SS光辉南方\进阶职业\乔丹·维齐.htm","乔丹·维齐.htm",".htm","40227","9 世设\FR\SS光辉南方\进阶职业"
"9 世设\FR\SS光辉南方\进阶职业\克伶提阴影劫掠者.htm","克伶提阴影劫掠者.htm",".htm","28135","9 世设\FR\SS光辉南方\进阶职业"
"9 世设\FR\SS光辉南方\进阶职业\卢伊伦哨卫.htm","卢伊伦哨卫.htm",".htm","31267","9 世设\FR\SS光辉南方\进阶职业"
"9 世设\FR\SS光辉南方\进阶职业\哈鲁阿猎巫者.htm","哈鲁阿猎巫者.htm",".htm","40770","9 世设\FR\SS光辉南方\进阶职业"
"9 世设\FR\SS光辉南方\进阶职业\哈鲁阿长老.htm","哈鲁阿长老.htm",".htm","41101","9 世设\FR\SS光辉南方\进阶职业"
"9 世设\FR\SS光辉南方\进阶职业\大裂谷深域卫士.htm","大裂谷深域卫士.htm",".htm","28702","9 世设\FR\SS光辉南方\进阶职业"
"9 世设\FR\SS光辉南方\进阶职业\灾祸少女.htm","灾祸少女.htm",".htm","32569","9 世设\FR\SS光辉南方\进阶职业"
"9 世设\FR\SS光辉南方\进阶职业\阿达玛之手.htm","阿达玛之手.htm",".htm","30859","9 世设\FR\SS光辉南方\进阶职业"
"9 世设\FR\SS光辉南方\进阶职业\马奎尔圣战军.htm","马奎尔圣战军.htm",".htm","40511","9 世设\FR\SS光辉南方\进阶职业"
"9 世设\FR\UND幽暗地域\万物皆食.htm","万物皆食.htm",".htm","13894","9 世设\FR\UND幽暗地域"
"9 世设\FR\UND幽暗地域\专长.htm","专长.htm",".htm","34109","9 世设\FR\UND幽暗地域"
"9 世设\FR\UND幽暗地域\亚斯科尔蛛网骑手.htm","亚斯科尔蛛网骑手.htm",".htm","15352","9 世设\FR\UND幽暗地域"
"9 世设\FR\UND幽暗地域\伊马斯卡复仇者.htm","伊马斯卡复仇者.htm",".htm","20362","9 世设\FR\UND幽暗地域"
"9 世设\FR\UND幽暗地域\传送门.htm","传送门.htm",".htm","7213","9 世设\FR\UND幽暗地域"
"9 世设\FR\UND幽暗地域\光灵.htm","光灵.htm",".htm","16835","9 世设\FR\UND幽暗地域"
"9 世设\FR\UND幽暗地域\其他玩家种族.htm","其他玩家种族.htm",".htm","13908","9 世设\FR\UND幽暗地域"
"9 世设\FR\UND幽暗地域\冒险用具、武器、盔甲、其他、毒药.htm","冒险用具、武器、盔甲、其他、毒药.htm",".htm","50357","9 世设\FR\UND幽暗地域"
"9 世设\FR\UND幽暗地域\凯恩海姆，多空之领地.htm","凯恩海姆，多空之领地.htm",".htm","9103","9 世设\FR\UND幽暗地域"
"9 世设\FR\UND幽暗地域\半灵吸怪.htm","半灵吸怪.htm",".htm","27591","9 世设\FR\UND幽暗地域"
"9 世设\FR\UND幽暗地域\半蛛人.htm","半蛛人.htm",".htm","12227","9 世设\FR\UND幽暗地域"
"9 世设\FR\UND幽暗地域\卓尔.htm","卓尔.htm",".htm","14231","9 世设\FR\UND幽暗地域"
"9 世设\FR\UND幽暗地域\受祝海湾.htm","受祝海湾.htm",".htm","17469","9 世设\FR\UND幽暗地域"
"9 世设\FR\UND幽暗地域\变色生物.htm","变色生物.htm",".htm","14973","9 世设\FR\UND幽暗地域"
"9 世设\FR\UND幽暗地域\四睛蜥人.htm","四睛蜥人.htm",".htm","12466","9 世设\FR\UND幽暗地域"
"9 世设\FR\UND幽暗地域\地区.htm","地区.htm",".htm","18141","9 世设\FR\UND幽暗地域"
"9 世设\FR\UND幽暗地域\地底侏儒.htm","地底侏儒.htm",".htm","13626","9 世设\FR\UND幽暗地域"
"9 世设\FR\UND幽暗地域\地渊伊玛斯卡人.htm","地渊伊玛斯卡人.htm",".htm","12115","9 世设\FR\UND幽暗地域"
"9 世设\FR\UND幽暗地域\地渊伊马斯卡，伟大封印之城.htm","地渊伊马斯卡，伟大封印之城.htm",".htm","16890","9 世设\FR\UND幽暗地域"
"9 世设\FR\UND幽暗地域\地翔.htm","地翔.htm",".htm","12180","9 世设\FR\UND幽暗地域"
"9 世设\FR\UND幽暗地域\地脉辐射.htm","地脉辐射.htm",".htm","10235","9 世设\FR\UND幽暗地域"
"9 世设\FR\UND幽暗地域\埃罗麦寇斯.htm","埃罗麦寇斯.htm",".htm","5046","9 世设\FR\UND幽暗地域"
"9 世设\FR\UND幽暗地域\塑影师.htm","塑影师.htm",".htm","16773","9 世设\FR\UND幽暗地域"
"9 世设\FR\UND幽暗地域\奇奇特尔，地下王国.htm","奇奇特尔，地下王国.htm",".htm","31610","9 世设\FR\UND幽暗地域"
"9 世设\FR\UND幽暗地域\奇物.htm","奇物.htm",".htm","34747","9 世设\FR\UND幽暗地域"
"9 世设\FR\UND幽暗地域\契德·纳撒.htm","契德·纳撒.htm",".htm","11537","9 世设\FR\UND幽暗地域"
"9 世设\FR\UND幽暗地域\寇涛水怪.htm","寇涛水怪.htm",".htm","17432","9 世设\FR\UND幽暗地域"
"9 世设\FR\UND幽暗地域\寇涛鱼人.htm","寇涛鱼人.htm",".htm","22274","9 世设\FR\UND幽暗地域"
"9 世设\FR\UND幽暗地域\巨蛆.htm","巨蛆.htm",".htm","10352","9 世设\FR\UND幽暗地域"
"9 世设\FR\UND幽暗地域\巨蟑螂.htm","巨蟑螂.htm",".htm","11774","9 世设\FR\UND幽暗地域"
"9 世设\FR\UND幽暗地域\巴菲角魔人.htm","巴菲角魔人.htm",".htm","13346","9 世设\FR\UND幽暗地域"
"9 世设\FR\UND幽暗地域\布灵登石城.htm","布灵登石城.htm",".htm","8445","9 世设\FR\UND幽暗地域"
"9 世设\FR\UND幽暗地域\布里克莱斯特.htm","布里克莱斯特.htm",".htm","9620","9 世设\FR\UND幽暗地域"
"9 世设\FR\UND幽暗地域\幽暗地域入门.htm","幽暗地域入门.htm",".htm","39355","9 世设\FR\UND幽暗地域"
"9 世设\FR\UND幽暗地域\幽暗地域区域.htm","幽暗地域区域.htm",".htm","13357","9 世设\FR\UND幽暗地域"
"9 世设\FR\UND幽暗地域\幽暗地域向导专家.html","幽暗地域向导专家.html",".html","58067","9 世设\FR\UND幽暗地域"
"9 世设\FR\UND幽暗地域\幽暗地域地理.htm","幽暗地域地理.htm",".htm","3046","9 世设\FR\UND幽暗地域"
"9 世设\FR\UND幽暗地域\幽暗地域的自然环境.htm","幽暗地域的自然环境.htm",".htm","77109","9 世设\FR\UND幽暗地域"
"9 世设\FR\UND幽暗地域\戒指.htm","戒指.htm",".htm","8426","9 世设\FR\UND幽暗地域"
"9 世设\FR\UND幽暗地域\斯莱斯人.htm","斯莱斯人.htm",".htm","14277","9 世设\FR\UND幽暗地域"
"9 世设\FR\UND幽暗地域\新领域.htm","新领域.htm",".htm","16613","9 世设\FR\UND幽暗地域"
"9 世设\FR\UND幽暗地域\暗湖.htm","暗湖.htm",".htm","4476","9 世设\FR\UND幽暗地域"
"9 世设\FR\UND幽暗地域\有趣的地方.htm","有趣的地方.htm",".htm","3398","9 世设\FR\UND幽暗地域"
"9 世设\FR\UND幽暗地域\权杖.htm","权杖.htm",".htm","9533","9 世设\FR\UND幽暗地域"
"9 世设\FR\UND幽暗地域\杜加矮人.htm","杜加矮人.htm",".htm","14433","9 世设\FR\UND幽暗地域"
"9 世设\FR\UND幽暗地域\枯骨之庭.htm","枯骨之庭.htm",".htm","11141","9 世设\FR\UND幽暗地域"
"9 世设\FR\UND幽暗地域\查尔森.html","查尔森.html",".html","7289","9 世设\FR\UND幽暗地域"
"9 世设\FR\UND幽暗地域\次等神器.htm","次等神器.htm",".htm","9582","9 世设\FR\UND幽暗地域"
"9 世设\FR\UND幽暗地域\武器.htm","武器.htm",".htm","27659","9 世设\FR\UND幽暗地域"
"9 世设\FR\UND幽暗地域\歼灭.htm","歼灭.htm",".htm","11026","9 世设\FR\UND幽暗地域"
"9 世设\FR\UND幽暗地域\毛尔巨人.htm","毛尔巨人.htm",".htm","16354","9 世设\FR\UND幽暗地域"
"9 世设\FR\UND幽暗地域\法术详述.htm","法术详述.htm",".htm","145524","9 世设\FR\UND幽暗地域"
"9 世设\FR\UND幽暗地域\法杖.htm","法杖.htm",".htm","18600","9 世设\FR\UND幽暗地域"
"9 世设\FR\UND幽暗地域\注能生物.htm","注能生物.htm",".htm","17301","9 世设\FR\UND幽暗地域"
"9 世设\FR\UND幽暗地域\洞穴探险.htm","洞穴探险.htm",".htm","18313","9 世设\FR\UND幽暗地域"
"9 世设\FR\UND幽暗地域\洞窟之主.htm","洞窟之主.htm",".htm","14806","9 世设\FR\UND幽暗地域"
"9 世设\FR\UND幽暗地域\海母之鞭.htm","海母之鞭.htm",".htm","13424","9 世设\FR\UND幽暗地域"
"9 世设\FR\UND幽暗地域\深土预言师.htm","深土预言师.htm",".htm","19785","9 世设\FR\UND幽暗地域"
"9 世设\FR\UND幽暗地域\淹溺女神的执法长老.htm","淹溺女神的执法长老.htm",".htm","13452","9 世设\FR\UND幽暗地域"
"9 世设\FR\UND幽暗地域\潜伏怪.htm","潜伏怪.htm",".htm","11749","9 世设\FR\UND幽暗地域"
"9 世设\FR\UND幽暗地域\灵吸怪强制者.htm","灵吸怪强制者.htm",".htm","17525","9 世设\FR\UND幽暗地域"
"9 世设\FR\UND幽暗地域\灵石兽.htm","灵石兽.htm",".htm","12530","9 世设\FR\UND幽暗地域"
"9 世设\FR\UND幽暗地域\石盲蛮族.htm","石盲蛮族.htm",".htm","16798","9 世设\FR\UND幽暗地域"
"9 世设\FR\UND幽暗地域\矿化勇士.htm","矿化勇士.htm",".htm","20058","9 世设\FR\UND幽暗地域"
"9 世设\FR\UND幽暗地域\神器.htm","神器.htm",".htm","14205","9 世设\FR\UND幽暗地域"
"9 世设\FR\UND幽暗地域\种族的年龄身高体重.htm","种族的年龄身高体重.htm",".htm","10755","9 世设\FR\UND幽暗地域"
"9 世设\FR\UND幽暗地域\穿石兽.htm","穿石兽.htm",".htm","12586","9 世设\FR\UND幽暗地域"
"9 世设\FR\UND幽暗地域\节点魔法.htm","节点魔法.htm",".htm","30028","9 世设\FR\UND幽暗地域"
"9 世设\FR\UND幽暗地域\蛛形生物.htm","蛛形生物.htm",".htm","22153","9 世设\FR\UND幽暗地域"
"9 世设\FR\UND幽暗地域\蛰伏伪怪之所.htm","蛰伏伪怪之所.htm",".htm","4601","9 世设\FR\UND幽暗地域"
"9 世设\FR\UND幽暗地域\蛾伶.htm","蛾伶.htm",".htm","15450","9 世设\FR\UND幽暗地域"
"9 世设\FR\UND幽暗地域\蜘蛛法师.htm","蜘蛛法师.htm",".htm","36252","9 世设\FR\UND幽暗地域"
"9 世设\FR\UND幽暗地域\边栏.htm","边栏.htm",".htm","3246","9 世设\FR\UND幽暗地域"
"9 世设\FR\UND幽暗地域\长脑.htm","长脑.htm",".htm","19434","9 世设\FR\UND幽暗地域"
"9 世设\FR\UND幽暗地域\门龙兽.htm","门龙兽.htm",".htm","25127","9 世设\FR\UND幽暗地域"
"9 世设\FR\UND幽暗地域\防具.htm","防具.htm",".htm","15561","9 世设\FR\UND幽暗地域"
"9 世设\FR\UND幽暗地域\阿玛林达.htm","阿玛林达.htm",".htm","3861","9 世设\FR\UND幽暗地域"
"9 世设\FR\UND幽暗地域\难喻恐怖.htm","难喻恐怖.htm",".htm","11705","9 世设\FR\UND幽暗地域"
"9 世设\FR\UND幽暗地域\饲虫师.htm","饲虫师.htm",".htm","24730","9 世设\FR\UND幽暗地域"
"9 世设\FR\UND幽暗地域\魔法.htm","魔法.htm",".htm","3316","9 世设\FR\UND幽暗地域"
"9 世设\FR\UND幽暗地域\黑暗精灵审判者.htm","黑暗精灵审判者.htm",".htm","30206","9 世设\FR\UND幽暗地域"
"9 世设\其他世设\OA-L5R\麓燕战役设定集\封面.html","封面.html",".html","1582","9 世设\其他世设\OA-L5R\麓燕战役设定集"
"9 世设\其他世设\OA-L5R\麓燕战役设定集\封面.jpeg","封面.jpeg",".jpeg","127533","9 世设\其他世设\OA-L5R\麓燕战役设定集"
"9 世设\其他世设\OA-L5R\麓燕战役设定集\编译者序.html","编译者序.html",".html","2198","9 世设\其他世设\OA-L5R\麓燕战役设定集"
"9 世设\其他世设\OA-L5R\麓燕战役设定集\引言和扉页\引言.html","引言.html",".html","4436","9 世设\其他世设\OA-L5R\麓燕战役设定集\引言和扉页"
"9 世设\其他世设\OA-L5R\麓燕战役设定集\引言和扉页\扉页.html","扉页.html",".html","2308","9 世设\其他世设\OA-L5R\麓燕战役设定集\引言和扉页"
"9 世设\其他世设\OA-L5R\麓燕战役设定集\引言和扉页\欢迎来到麓燕.html","欢迎来到麓燕.html",".html","4322","9 世设\其他世设\OA-L5R\麓燕战役设定集\引言和扉页"
"9 世设\其他世设\OA-L5R\麓燕战役设定集\生活在麓燕\冒险者.html","冒险者.html",".html","5022","9 世设\其他世设\OA-L5R\麓燕战役设定集\生活在麓燕"
"9 世设\其他世设\OA-L5R\麓燕战役设定集\生活在麓燕\劳动.html","劳动.html",".html","2932","9 世设\其他世设\OA-L5R\麓燕战役设定集\生活在麓燕"
"9 世设\其他世设\OA-L5R\麓燕战役设定集\生活在麓燕\学习.html","学习.html",".html","3364","9 世设\其他世设\OA-L5R\麓燕战役设定集\生活在麓燕"
"9 世设\其他世设\OA-L5R\麓燕战役设定集\生活在麓燕\工艺与工程.html","工艺与工程.html",".html","10147","9 世设\其他世设\OA-L5R\麓燕战役设定集\生活在麓燕"
"9 世设\其他世设\OA-L5R\麓燕战役设定集\生活在麓燕\异乡人的第一位武士.html","异乡人的第一位武士.html",".html","3400","9 世设\其他世设\OA-L5R\麓燕战役设定集\生活在麓燕"
"9 世设\其他世设\OA-L5R\麓燕战役设定集\生活在麓燕\战争.html","战争.html",".html","5544","9 世设\其他世设\OA-L5R\麓燕战役设定集\生活在麓燕"
"9 世设\其他世设\OA-L5R\麓燕战役设定集\生活在麓燕\氏族、家族与天皇.html","氏族、家族与天皇.html",".html","2636","9 世设\其他世设\OA-L5R\麓燕战役设定集\生活在麓燕"
"9 世设\其他世设\OA-L5R\麓燕战役设定集\生活在麓燕\生活在麓燕.html","生活在麓燕.html",".html","2047","9 世设\其他世设\OA-L5R\麓燕战役设定集\生活在麓燕"
"9 世设\其他世设\OA-L5R\麓燕战役设定集\生活在麓燕\第一支冒险队伍.html","第一支冒险队伍.html",".html","6819","9 世设\其他世设\OA-L5R\麓燕战役设定集\生活在麓燕"
"9 世设\其他世设\OA-L5R\麓燕战役设定集\生活在麓燕\语言.html","语言.html",".html","4235","9 世设\其他世设\OA-L5R\麓燕战役设定集\生活在麓燕"
"9 世设\其他世设\OA-L5R\麓燕战役设定集\生活在麓燕\货币.html","货币.html",".html","2083","9 世设\其他世设\OA-L5R\麓燕战役设定集\生活在麓燕"
"9 世设\其他世设\OA-L5R\麓燕战役设定集\生活在麓燕\货币与贸易.html","货币与贸易.html",".html","1584","9 世设\其他世设\OA-L5R\麓燕战役设定集\生活在麓燕"
"9 世设\其他世设\OA-L5R\麓燕战役设定集\生活在麓燕\阴影之地的污染.html","阴影之地的污染.html",".html","12114","9 世设\其他世设\OA-L5R\麓燕战役设定集\生活在麓燕"
"9 世设\其他世设\OA-L5R\麓燕战役设定集\生活在麓燕\魔法在社会中的地位.html","魔法在社会中的地位.html",".html","10838","9 世设\其他世设\OA-L5R\麓燕战役设定集\生活在麓燕"
"9 世设\其他世设\OA-L5R\麓燕战役设定集\生活在麓燕\习俗与文化\习俗与文化.html","习俗与文化.html",".html","1758","9 世设\其他世设\OA-L5R\麓燕战役设定集\生活在麓燕\习俗与文化"
"9 世设\其他世设\OA-L5R\麓燕战役设定集\生活在麓燕\习俗与文化\僧侣.html","僧侣.html",".html","1496","9 世设\其他世设\OA-L5R\麓燕战役设定集\生活在麓燕\习俗与文化"
"9 世设\其他世设\OA-L5R\麓燕战役设定集\生活在麓燕\习俗与文化\公家.html","公家.html",".html","2207","9 世设\其他世设\OA-L5R\麓燕战役设定集\生活在麓燕\习俗与文化"
"9 世设\其他世设\OA-L5R\麓燕战役设定集\生活在麓燕\习俗与文化\军事等级.html","军事等级.html",".html","3157","9 世设\其他世设\OA-L5R\麓燕战役设定集\生活在麓燕\习俗与文化"
"9 世设\其他世设\OA-L5R\麓燕战役设定集\生活在麓燕\习俗与文化\凡愚.html","凡愚.html",".html","1859","9 世设\其他世设\OA-L5R\麓燕战役设定集\生活在麓燕\习俗与文化"
"9 世设\其他世设\OA-L5R\麓燕战役设定集\生活在麓燕\习俗与文化\天皇.html","天皇.html",".html","1754","9 世设\其他世设\OA-L5R\麓燕战役设定集\生活在麓燕\习俗与文化"
"9 世设\其他世设\OA-L5R\麓燕战役设定集\生活在麓燕\习俗与文化\武士.html","武士.html",".html","1604","9 世设\其他世设\OA-L5R\麓燕战役设定集\生活在麓燕\习俗与文化"
"9 世设\其他世设\OA-L5R\麓燕战役设定集\生活在麓燕\习俗与文化\武家.html","武家.html",".html","3026","9 世设\其他世设\OA-L5R\麓燕战役设定集\生活在麓燕\习俗与文化"
"9 世设\其他世设\OA-L5R\麓燕战役设定集\生活在麓燕\习俗与文化\秽多.html","秽多.html",".html","1622","9 世设\其他世设\OA-L5R\麓燕战役设定集\生活在麓燕\习俗与文化"
"9 世设\其他世设\OA-L5R\麓燕战役设定集\生活在麓燕\习俗与文化\艺伎.html","艺伎.html",".html","1598","9 世设\其他世设\OA-L5R\麓燕战役设定集\生活在麓燕\习俗与文化"
"9 世设\其他世设\OA-L5R\麓燕战役设定集\生活在麓燕\习俗与文化\时辰与季节\冬.html","冬.html",".html","4858","9 世设\其他世设\OA-L5R\麓燕战役设定集\生活在麓燕\习俗与文化\时辰与季节"
"9 世设\其他世设\OA-L5R\麓燕战役设定集\生活在麓燕\习俗与文化\时辰与季节\夏.html","夏.html",".html","4955","9 世设\其他世设\OA-L5R\麓燕战役设定集\生活在麓燕\习俗与文化\时辰与季节"
"9 世设\其他世设\OA-L5R\麓燕战役设定集\生活在麓燕\习俗与文化\时辰与季节\时辰与季节.html","时辰与季节.html",".html","7610","9 世设\其他世设\OA-L5R\麓燕战役设定集\生活在麓燕\习俗与文化\时辰与季节"
"9 世设\其他世设\OA-L5R\麓燕战役设定集\生活在麓燕\习俗与文化\时辰与季节\春.html","春.html",".html","4233","9 世设\其他世设\OA-L5R\麓燕战役设定集\生活在麓燕\习俗与文化\时辰与季节"
"9 世设\其他世设\OA-L5R\麓燕战役设定集\生活在麓燕\习俗与文化\时辰与季节\秋.html","秋.html",".html","4694","9 世设\其他世设\OA-L5R\麓燕战役设定集\生活在麓燕\习俗与文化\时辰与季节"
"9 世设\其他世设\OA-L5R\麓燕战役设定集\生活在麓燕\地理知识\动物群.html","动物群.html",".html","2813","9 世设\其他世设\OA-L5R\麓燕战役设定集\生活在麓燕\地理知识"
"9 世设\其他世设\OA-L5R\麓燕战役设定集\生活在麓燕\地理知识\台风（飓风）.html","台风（飓风）.html",".html","1616","9 世设\其他世设\OA-L5R\麓燕战役设定集\生活在麓燕\地理知识"
"9 世设\其他世设\OA-L5R\麓燕战役设定集\生活在麓燕\地理知识\地理知识.html","地理知识.html",".html","1547","9 世设\其他世设\OA-L5R\麓燕战役设定集\生活在麓燕\地理知识"
"9 世设\其他世设\OA-L5R\麓燕战役设定集\生活在麓燕\地理知识\地震.html","地震.html",".html","1637","9 世设\其他世设\OA-L5R\麓燕战役设定集\生活在麓燕\地理知识"
"9 世设\其他世设\OA-L5R\麓燕战役设定集\生活在麓燕\地理知识\植物群.html","植物群.html",".html","2608","9 世设\其他世设\OA-L5R\麓燕战役设定集\生活在麓燕\地理知识"
"9 世设\其他世设\OA-L5R\麓燕战役设定集\生活在麓燕\地理知识\气候.html","气候.html",".html","1652","9 世设\其他世设\OA-L5R\麓燕战役设定集\生活在麓燕\地理知识"
"9 世设\其他世设\OA-L5R\麓燕战役设定集\生活在麓燕\地理知识\洪水.html","洪水.html",".html","1625","9 世设\其他世设\OA-L5R\麓燕战役设定集\生活在麓燕\地理知识"
"9 世设\其他世设\OA-L5R\麓燕战役设定集\生活在麓燕\地理知识\海啸.html","海啸.html",".html","1706","9 世设\其他世设\OA-L5R\麓燕战役设定集\生活在麓燕\地理知识"
"9 世设\其他世设\OA-L5R\麓燕战役设定集\生活在麓燕\战役的维持\其他差异.html","其他差异.html",".html","6703","9 世设\其他世设\OA-L5R\麓燕战役设定集\生活在麓燕\战役的维持"
"9 世设\其他世设\OA-L5R\麓燕战役设定集\生活在麓燕\战役的维持\战役的维持.html","战役的维持.html",".html","1800","9 世设\其他世设\OA-L5R\麓燕战役设定集\生活在麓燕\战役的维持"
"9 世设\其他世设\OA-L5R\麓燕战役设定集\生活在麓燕\战役的维持\礼仪.html","礼仪.html",".html","2683","9 世设\其他世设\OA-L5R\麓燕战役设定集\生活在麓燕\战役的维持"
"9 世设\其他世设\OA-L5R\麓燕战役设定集\生活在麓燕\战役的维持\荣誉与职责.html","荣誉与职责.html",".html","2845","9 世设\其他世设\OA-L5R\麓燕战役设定集\生活在麓燕\战役的维持"
"9 世设\其他世设\OA-L5R\麓燕战役设定集\生活在麓燕\战役的维持\阴谋.html","阴谋.html",".html","2716","9 世设\其他世设\OA-L5R\麓燕战役设定集\生活在麓燕\战役的维持"
"9 世设\其他世设\OA-L5R\麓燕战役设定集\生活在麓燕\礼仪\礼仪.html","礼仪.html",".html","1811","9 世设\其他世设\OA-L5R\麓燕战役设定集\生活在麓燕\礼仪"
"9 世设\其他世设\OA-L5R\麓燕战役设定集\生活在麓燕\礼仪\称呼方式.html","称呼方式.html",".html","2690","9 世设\其他世设\OA-L5R\麓燕战役设定集\生活在麓燕\礼仪"
"9 世设\其他世设\OA-L5R\麓燕战役设定集\生活在麓燕\礼仪\赠礼.html","赠礼.html",".html","2156","9 世设\其他世设\OA-L5R\麓燕战役设定集\生活在麓燕\礼仪"
"9 世设\其他世设\OA-L5R\麓燕战役设定集\生活在麓燕\礼仪\鞠躬与下跪.html","鞠躬与下跪.html",".html","2387","9 世设\其他世设\OA-L5R\麓燕战役设定集\生活在麓燕\礼仪"
"9 世设\其他世设\OA-L5R\麓燕战役设定集\生活在麓燕\风俗与法律\关于“颜面”.html","关于“颜面”.html",".html","2472","9 世设\其他世设\OA-L5R\麓燕战役设定集\生活在麓燕\风俗与法律"
"9 世设\其他世设\OA-L5R\麓燕战役设定集\生活在麓燕\风俗与法律\政体.html","政体.html",".html","3979","9 世设\其他世设\OA-L5R\麓燕战役设定集\生活在麓燕\风俗与法律"
"9 世设\其他世设\OA-L5R\麓燕战役设定集\生活在麓燕\风俗与法律\旅行.html","旅行.html",".html","3853","9 世设\其他世设\OA-L5R\麓燕战役设定集\生活在麓燕\风俗与法律"
"9 世设\其他世设\OA-L5R\麓燕战役设定集\生活在麓燕\风俗与法律\游戏.html","游戏.html",".html","6536","9 世设\其他世设\OA-L5R\麓燕战役设定集\生活在麓燕\风俗与法律"
"9 世设\其他世设\OA-L5R\麓燕战役设定集\生活在麓燕\风俗与法律\罪与罚.html","罪与罚.html",".html","4150","9 世设\其他世设\OA-L5R\麓燕战役设定集\生活在麓燕\风俗与法律"
"9 世设\其他世设\OA-L5R\麓燕战役设定集\生活在麓燕\风俗与法律\荣誉.html","荣誉.html",".html","4242","9 世设\其他世设\OA-L5R\麓燕战役设定集\生活在麓燕\风俗与法律"
"9 世设\其他世设\OA-L5R\麓燕战役设定集\神祇和宇宙\先祖.html","先祖.html",".html","3361","9 世设\其他世设\OA-L5R\麓燕战役设定集\神祇和宇宙"
"9 世设\其他世设\OA-L5R\麓燕战役设定集\神祇和宇宙\命神.html","命神.html",".html","6880","9 世设\其他世设\OA-L5R\麓燕战役设定集\神祇和宇宙"
"9 世设\其他世设\OA-L5R\麓燕战役设定集\神祇和宇宙\神明、日后与月主.html","神明、日后与月主.html",".html","5038","9 世设\其他世设\OA-L5R\麓燕战役设定集\神祇和宇宙"
"9 世设\其他世设\OA-L5R\麓燕战役设定集\神祇和宇宙\神龙.html","神龙.html",".html","3427","9 世设\其他世设\OA-L5R\麓燕战役设定集\神祇和宇宙"
"9 世设\其他世设\OA-L5R\麓燕战役设定集\神祇和宇宙\符冷.html","符冷.html",".html","2875","9 世设\其他世设\OA-L5R\麓燕战役设定集\神祇和宇宙"
"9 世设\其他世设\OA-L5R\麓燕战役设定集\神祇和宇宙\罪孽与赎罪.html","罪孽与赎罪.html",".html","6167","9 世设\其他世设\OA-L5R\麓燕战役设定集\神祇和宇宙"
"9 世设\其他世设\OA-L5R\麓燕战役设定集\神祇和宇宙\魂域.html","魂域.html",".html","11520","9 世设\其他世设\OA-L5R\麓燕战役设定集\神祇和宇宙"
"9 世设\其他世设\OA-L5R\麓燕战役设定集\角色\角色创建.html","角色创建.html",".html","3074","9 世设\其他世设\OA-L5R\麓燕战役设定集\角色"
"9 世设\其他世设\OA-L5R\麓燕战役设定集\角色\人鼠\人鼠.html","人鼠.html",".html","5129","9 世设\其他世设\OA-L5R\麓燕战役设定集\角色\人鼠"
"9 世设\其他世设\OA-L5R\麓燕战役设定集\角色\人鼠\人鼠种族特性-变体.html","人鼠种族特性-变体.html",".html","3905","9 世设\其他世设\OA-L5R\麓燕战役设定集\角色\人鼠"
"9 世设\其他世设\OA-L5R\麓燕战役设定集\角色\人鼠\人鼠部落\三须人鼠.html","三须人鼠.html",".html","1759","9 世设\其他世设\OA-L5R\麓燕战役设定集\角色\人鼠\人鼠部落"
"9 世设\其他世设\OA-L5R\麓燕战役设定集\角色\人鼠\人鼠部落\残骨人鼠.html","残骨人鼠.html",".html","2648","9 世设\其他世设\OA-L5R\麓燕战役设定集\角色\人鼠\人鼠部落"
"9 世设\其他世设\OA-L5R\麓燕战役设定集\角色\人鼠\人鼠部落\破耳人鼠.html","破耳人鼠.html",".html","1832","9 世设\其他世设\OA-L5R\麓燕战役设定集\角色\人鼠\人鼠部落"
"9 世设\其他世设\OA-L5R\麓燕战役设定集\角色\人鼠\人鼠部落\贪爪人鼠.html","贪爪人鼠.html",".html","1567","9 世设\其他世设\OA-L5R\麓燕战役设定集\角色\人鼠\人鼠部落"
"9 世设\其他世设\OA-L5R\麓燕战役设定集\角色\仙鹤氏族\仙鹤氏族.html","仙鹤氏族.html",".html","4161","9 世设\其他世设\OA-L5R\麓燕战役设定集\角色\仙鹤氏族"
"9 世设\其他世设\OA-L5R\麓燕战役设定集\角色\仙鹤氏族\仙鹤诸家\垣田家.html","垣田家.html",".html","2173","9 世设\其他世设\OA-L5R\麓燕战役设定集\角色\仙鹤氏族\仙鹤诸家"
"9 世设\其他世设\OA-L5R\麓燕战役设定集\角色\仙鹤氏族\仙鹤诸家\大道寺家.html","大道寺家.html",".html","2484","9 世设\其他世设\OA-L5R\麓燕战役设定集\角色\仙鹤氏族\仙鹤诸家"
"9 世设\其他世设\OA-L5R\麓燕战役设定集\角色\仙鹤氏族\仙鹤诸家\安城家.html","安城家.html",".html","2101","9 世设\其他世设\OA-L5R\麓燕战役设定集\角色\仙鹤氏族\仙鹤诸家"
"9 世设\其他世设\OA-L5R\麓燕战役设定集\角色\仙鹤氏族\仙鹤诸家\朝比奈家.html","朝比奈家.html",".html","2872","9 世设\其他世设\OA-L5R\麓燕战役设定集\角色\仙鹤氏族\仙鹤诸家"
"9 世设\其他世设\OA-L5R\麓燕战役设定集\角色\仙鹤氏族\仙鹤诸家\道寺家.html","道寺家.html",".html","1997","9 世设\其他世设\OA-L5R\麓燕战役设定集\角色\仙鹤氏族\仙鹤诸家"
"9 世设\其他世设\OA-L5R\麓燕战役设定集\角色\公家\公家.html","公家.html",".html","5112","9 世设\其他世设\OA-L5R\麓燕战役设定集\角色\公家"
"9 世设\其他世设\OA-L5R\麓燕战役设定集\角色\公家\诸公家\宫家.html","宫家.html",".html","2688","9 世设\其他世设\OA-L5R\麓燕战役设定集\角色\公家\诸公家"
"9 世设\其他世设\OA-L5R\麓燕战役设定集\角色\公家\诸公家\尾朝家.html","尾朝家.html",".html","2251","9 世设\其他世设\OA-L5R\麓燕战役设定集\角色\公家\诸公家"
"9 世设\其他世设\OA-L5R\麓燕战役设定集\角色\公家\诸公家\濑分家.html","濑分家.html",".html","2206","9 世设\其他世设\OA-L5R\麓燕战役设定集\角色\公家\诸公家"
"9 世设\其他世设\OA-L5R\麓燕战役设定集\角色\凤凰氏族\凤凰氏族.html","凤凰氏族.html",".html","5168","9 世设\其他世设\OA-L5R\麓燕战役设定集\角色\凤凰氏族"
"9 世设\其他世设\OA-L5R\麓燕战役设定集\角色\凤凰氏族\凤凰诸家\伊泽家.html","伊泽家.html",".html","2648","9 世设\其他世设\OA-L5R\麓燕战役设定集\角色\凤凰氏族\凤凰诸家"
"9 世设\其他世设\OA-L5R\麓燕战役设定集\角色\凤凰氏族\凤凰诸家\朝子家.html","朝子家.html",".html","2256","9 世设\其他世设\OA-L5R\麓燕战役设定集\角色\凤凰氏族\凤凰诸家"
"9 世设\其他世设\OA-L5R\麓燕战役设定集\角色\凤凰氏族\凤凰诸家\柴家.html","柴家.html",".html","2225","9 世设\其他世设\OA-L5R\麓燕战役设定集\角色\凤凰氏族\凤凰诸家"
"9 世设\其他世设\OA-L5R\麓燕战役设定集\角色\凤凰氏族\凤凰诸家\阿贺娑家.html","阿贺娑家.html",".html","2485","9 世设\其他世设\OA-L5R\麓燕战役设定集\角色\凤凰氏族\凤凰诸家"
"9 世设\其他世设\OA-L5R\麓燕战役设定集\角色\失落氏族\失落氏族.html","失落氏族.html",".html","1399","9 世设\其他世设\OA-L5R\麓燕战役设定集\角色\失落氏族"
"9 世设\其他世设\OA-L5R\麓燕战役设定集\角色\失落氏族\毒蛇氏族 — 楚达家族.html","毒蛇氏族 — 楚达家族.html",".html","2117","9 世设\其他世设\OA-L5R\麓燕战役设定集\角色\失落氏族"
"9 世设\其他世设\OA-L5R\麓燕战役设定集\角色\失落氏族\野猪氏族 — 平志家.html","野猪氏族 — 平志家.html",".html","1914","9 世设\其他世设\OA-L5R\麓燕战役设定集\角色\失落氏族"
"9 世设\其他世设\OA-L5R\麓燕战役设定集\角色\奇麟氏族\奇麟氏族.html","奇麟氏族.html",".html","5367","9 世设\其他世设\OA-L5R\麓燕战役设定集\角色\奇麟氏族"
"9 世设\其他世设\OA-L5R\麓燕战役设定集\角色\奇麟氏族\奇麟诸家\井内家.html","井内家.html",".html","2121","9 世设\其他世设\OA-L5R\麓燕战役设定集\角色\奇麟氏族\奇麟诸家"
"9 世设\其他世设\OA-L5R\麓燕战役设定集\角色\奇麟氏族\奇麟诸家\伊达家.html","伊达家.html",".html","2379","9 世设\其他世设\OA-L5R\麓燕战役设定集\角色\奇麟氏族\奇麟诸家"
"9 世设\其他世设\OA-L5R\麓燕战役设定集\角色\奇麟氏族\奇麟诸家\元家.html","元家.html",".html","2862","9 世设\其他世设\OA-L5R\麓燕战役设定集\角色\奇麟氏族\奇麟诸家"
"9 世设\其他世设\OA-L5R\麓燕战役设定集\角色\奇麟氏族\奇麟诸家\堀内家.html","堀内家.html",".html","1965","9 世设\其他世设\OA-L5R\麓燕战役设定集\角色\奇麟氏族\奇麟诸家"
"9 世设\其他世设\OA-L5R\麓燕战役设定集\角色\奇麟氏族\奇麟诸家\新条家.html","新条家.html",".html","2431","9 世设\其他世设\OA-L5R\麓燕战役设定集\角色\奇麟氏族\奇麟诸家"
"9 世设\其他世设\OA-L5R\麓燕战役设定集\角色\奇麟氏族\奇麟诸家\歌国家.html","歌国家.html",".html","2700","9 世设\其他世设\OA-L5R\麓燕战役设定集\角色\奇麟氏族\奇麟诸家"
"9 世设\其他世设\OA-L5R\麓燕战役设定集\角色\娜迦\娜迦.html","娜迦.html",".html","5798","9 世设\其他世设\OA-L5R\麓燕战役设定集\角色\娜迦"
"9 世设\其他世设\OA-L5R\麓燕战役设定集\角色\娜迦\娜迦种族特性.html","娜迦种族特性.html",".html","2760","9 世设\其他世设\OA-L5R\麓燕战役设定集\角色\娜迦"
"9 世设\其他世设\OA-L5R\麓燕战役设定集\角色\娜迦\娜迦血脉\变色龙.html","变色龙.html",".html","2281","9 世设\其他世设\OA-L5R\麓燕战役设定集\角色\娜迦\娜迦血脉"
"9 世设\其他世设\OA-L5R\麓燕战役设定集\角色\娜迦\娜迦血脉\巨蟒.html","巨蟒.html",".html","2809","9 世设\其他世设\OA-L5R\麓燕战役设定集\角色\娜迦\娜迦血脉"
"9 世设\其他世设\OA-L5R\麓燕战役设定集\角色\娜迦\娜迦血脉\眼镜蛇.html","眼镜蛇.html",".html","2354","9 世设\其他世设\OA-L5R\麓燕战役设定集\角色\娜迦\娜迦血脉"
"9 世设\其他世设\OA-L5R\麓燕战役设定集\角色\娜迦\娜迦血脉\角蝰.html","角蝰.html",".html","2502","9 世设\其他世设\OA-L5R\麓燕战役设定集\角色\娜迦\娜迦血脉"
"9 世设\其他世设\OA-L5R\麓燕战役设定集\角色\娜迦\娜迦血脉\青蛇.html","青蛇.html",".html","2329","9 世设\其他世设\OA-L5R\麓燕战役设定集\角色\娜迦\娜迦血脉"
"9 世设\其他世设\OA-L5R\麓燕战役设定集\角色\宗教\先祖.html","先祖.html",".html","1883","9 世设\其他世设\OA-L5R\麓燕战役设定集\角色\宗教"
"9 世设\其他世设\OA-L5R\麓燕战役设定集\角色\宗教\命神.html","命神.html",".html","1529","9 世设\其他世设\OA-L5R\麓燕战役设定集\角色\宗教"
"9 世设\其他世设\OA-L5R\麓燕战役设定集\角色\宗教\宗教概述.html","宗教概述.html",".html","2571","9 世设\其他世设\OA-L5R\麓燕战役设定集\角色\宗教"
"9 世设\其他世设\OA-L5R\麓燕战役设定集\角色\宗教\新生之道.html","新生之道.html",".html","1580","9 世设\其他世设\OA-L5R\麓燕战役设定集\角色\宗教"
"9 世设\其他世设\OA-L5R\麓燕战役设定集\角色\巨蟹氏族\巨蟹氏族.html","巨蟹氏族.html",".html","4928","9 世设\其他世设\OA-L5R\麓燕战役设定集\角色\巨蟹氏族"
"9 世设\其他世设\OA-L5R\麓燕战役设定集\角色\巨蟹氏族\巨蟹诸家\国余家.html","国余家.html",".html","2325","9 世设\其他世设\OA-L5R\麓燕战役设定集\角色\巨蟹氏族\巨蟹诸家"
"9 世设\其他世设\OA-L5R\麓燕战役设定集\角色\巨蟹氏族\巨蟹诸家\堺雨家.html","堺雨家.html",".html","2201","9 世设\其他世设\OA-L5R\麓燕战役设定集\角色\巨蟹氏族\巨蟹诸家"
"9 世设\其他世设\OA-L5R\麓燕战役设定集\角色\巨蟹氏族\巨蟹诸家\安城家.html","安城家.html",".html","3211","9 世设\其他世设\OA-L5R\麓燕战役设定集\角色\巨蟹氏族\巨蟹诸家"
"9 世设\其他世设\OA-L5R\麓燕战役设定集\角色\巨蟹氏族\巨蟹诸家\昼马家.html","昼马家.html",".html","2443","9 世设\其他世设\OA-L5R\麓燕战役设定集\角色\巨蟹氏族\巨蟹诸家"
"9 世设\其他世设\OA-L5R\麓燕战役设定集\角色\巨蟹氏族\巨蟹诸家\樋田家.html","樋田家.html",".html","1970","9 世设\其他世设\OA-L5R\麓燕战役设定集\角色\巨蟹氏族\巨蟹诸家"
"9 世设\其他世设\OA-L5R\麓燕战役设定集\角色\巨蟹氏族\巨蟹诸家\鸟高家.html","鸟高家.html",".html","2378","9 世设\其他世设\OA-L5R\麓燕战役设定集\角色\巨蟹氏族\巨蟹诸家"
"9 世设\其他世设\OA-L5R\麓燕战役设定集\角色\新专长\专长详述.html","专长详述.html",".html","53179","9 世设\其他世设\OA-L5R\麓燕战役设定集\角色\新专长"
"9 世设\其他世设\OA-L5R\麓燕战役设定集\角色\新专长\概述.html","概述.html",".html","19848","9 世设\其他世设\OA-L5R\麓燕战役设定集\角色\新专长"
"9 世设\其他世设\OA-L5R\麓燕战役设定集\角色\新技能\低贱技能.html","低贱技能.html",".html","1611","9 世设\其他世设\OA-L5R\麓燕战役设定集\角色\新技能"
"9 世设\其他世设\OA-L5R\麓燕战役设定集\角色\新技能\制毒.html","制毒.html",".html","6354","9 世设\其他世设\OA-L5R\麓燕战役设定集\角色\新技能"
"9 世设\其他世设\OA-L5R\麓燕战役设定集\角色\新技能\口技.html","口技.html",".html","2134","9 世设\其他世设\OA-L5R\麓燕战役设定集\角色\新技能"
"9 世设\其他世设\OA-L5R\麓燕战役设定集\角色\新技能\战斗.html","战斗.html",".html","3603","9 世设\其他世设\OA-L5R\麓燕战役设定集\角色\新技能"
"9 世设\其他世设\OA-L5R\麓燕战役设定集\角色\新技能\游戏.html","游戏.html",".html","2471","9 世设\其他世设\OA-L5R\麓燕战役设定集\角色\新技能"
"9 世设\其他世设\OA-L5R\麓燕战役设定集\角色\新技能\知识.html","知识.html",".html","2544","9 世设\其他世设\OA-L5R\麓燕战役设定集\角色\新技能"
"9 世设\其他世设\OA-L5R\麓燕战役设定集\角色\新技能\知识（研究RESEARCH）.html","知识（研究RESEARCH）.html",".html","2261","9 世设\其他世设\OA-L5R\麓燕战役设定集\角色\新技能"
"9 世设\其他世设\OA-L5R\麓燕战役设定集\角色\新技能\茶道.html","茶道.html",".html","1872","9 世设\其他世设\OA-L5R\麓燕战役设定集\角色\新技能"
"9 世设\其他世设\OA-L5R\麓燕战役设定集\角色\新技能\语言.html","语言.html",".html","3303","9 世设\其他世设\OA-L5R\麓燕战役设定集\角色\新技能"
"9 世设\其他世设\OA-L5R\麓燕战役设定集\角色\次级氏族\公牛氏族.html","公牛氏族.html",".html","2112","9 世设\其他世设\OA-L5R\麓燕战役设定集\角色\次级氏族"
"9 世设\其他世设\OA-L5R\麓燕战役设定集\角色\次级氏族\寿龟氏族 — 加贺家.html","寿龟氏族 — 加贺家.html",".html","2641","9 世设\其他世设\OA-L5R\麓燕战役设定集\角色\次级氏族"
"9 世设\其他世设\OA-L5R\麓燕战役设定集\角色\次级氏族\敏雀氏族 — 雀家.html","敏雀氏族 — 雀家.html",".html","2671","9 世设\其他世设\OA-L5R\麓燕战役设定集\角色\次级氏族"
"9 世设\其他世设\OA-L5R\麓燕战役设定集\角色\次级氏族\次级氏族.html","次级氏族.html",".html","1899","9 世设\其他世设\OA-L5R\麓燕战役设定集\角色\次级氏族"
"9 世设\其他世设\OA-L5R\麓燕战役设定集\角色\次级氏族\灵狐氏族 — 狐家.html","灵狐氏族 — 狐家.html",".html","2315","9 世设\其他世设\OA-L5R\麓燕战役设定集\角色\次级氏族"
"9 世设\其他世设\OA-L5R\麓燕战役设定集\角色\次级氏族\烈獾氏族 — 市郎家.html","烈獾氏族 — 市郎家.html",".html","2612","9 世设\其他世设\OA-L5R\麓燕战役设定集\角色\次级氏族"
"9 世设\其他世设\OA-L5R\麓燕战役设定集\角色\次级氏族\猿猴氏族.html","猿猴氏族.html",".html","2030","9 世设\其他世设\OA-L5R\麓燕战役设定集\角色\次级氏族"
"9 世设\其他世设\OA-L5R\麓燕战役设定集\角色\次级氏族\翠蜓氏族 — 蜻蛉家.html","翠蜓氏族 — 蜻蛉家.html",".html","2338","9 世设\其他世设\OA-L5R\麓燕战役设定集\角色\次级氏族"
"9 世设\其他世设\OA-L5R\麓燕战役设定集\角色\次级氏族\跃兔氏族 — 兔家，宇治奈家.html","跃兔氏族 — 兔家，宇治奈家.html",".html","2314","9 世设\其他世设\OA-L5R\麓燕战役设定集\角色\次级氏族"
"9 世设\其他世设\OA-L5R\麓燕战役设定集\角色\毒蝎氏族\毒蝎氏族.html","毒蝎氏族.html",".html","6658","9 世设\其他世设\OA-L5R\麓燕战役设定集\角色\毒蝎氏族"
"9 世设\其他世设\OA-L5R\麓燕战役设定集\角色\毒蝎氏族\毒蝎诸家\余吴家.html","余吴家.html",".html","2737","9 世设\其他世设\OA-L5R\麓燕战役设定集\角色\毒蝎氏族\毒蝎诸家"
"9 世设\其他世设\OA-L5R\麓燕战役设定集\角色\毒蝎氏族\毒蝎诸家\渚寿路家.html","渚寿路家.html",".html","2781","9 世设\其他世设\OA-L5R\麓燕战役设定集\角色\毒蝎氏族\毒蝎诸家"
"9 世设\其他世设\OA-L5R\麓燕战役设定集\角色\毒蝎氏族\毒蝎诸家\苍士家.html","苍士家.html",".html","2466","9 世设\其他世设\OA-L5R\麓燕战役设定集\角色\毒蝎氏族\毒蝎诸家"
"9 世设\其他世设\OA-L5R\麓燕战役设定集\角色\毒蝎氏族\毒蝎诸家\间由史家.html","间由史家.html",".html","2131","9 世设\其他世设\OA-L5R\麓燕战役设定集\角色\毒蝎氏族\毒蝎诸家"
"9 世设\其他世设\OA-L5R\麓燕战役设定集\角色\浪人\浪人.html","浪人.html",".html","3041","9 世设\其他世设\OA-L5R\麓燕战役设定集\角色\浪人"
"9 世设\其他世设\OA-L5R\麓燕战役设定集\角色\浪人\浪人诸家\四津家.html","四津家.html",".html","2171","9 世设\其他世设\OA-L5R\麓燕战役设定集\角色\浪人\浪人诸家"
"9 世设\其他世设\OA-L5R\麓燕战役设定集\角色\浪人\浪人诸家\星家.html","星家.html",".html","2052","9 世设\其他世设\OA-L5R\麓燕战役设定集\角色\浪人\浪人诸家"
"9 世设\其他世设\OA-L5R\麓燕战役设定集\角色\浪人\浪人诸家\浪人诸家.html","浪人诸家.html",".html","1481","9 世设\其他世设\OA-L5R\麓燕战役设定集\角色\浪人\浪人诸家"
"9 世设\其他世设\OA-L5R\麓燕战役设定集\角色\浪人\浪人诸家\蛙家.html","蛙家.html",".html","2163","9 世设\其他世设\OA-L5R\麓燕战役设定集\角色\浪人\浪人诸家"
"9 世设\其他世设\OA-L5R\麓燕战役设定集\角色\潜龙氏族\潜龙氏族.html","潜龙氏族.html",".html","5291","9 世设\其他世设\OA-L5R\麓燕战役设定集\角色\潜龙氏族"
"9 世设\其他世设\OA-L5R\麓燕战役设定集\角色\潜龙氏族\仙鹤诸家\富樫家.html","富樫家.html",".html","2726","9 世设\其他世设\OA-L5R\麓燕战役设定集\角色\潜龙氏族\仙鹤诸家"
"9 世设\其他世设\OA-L5R\麓燕战役设定集\角色\潜龙氏族\仙鹤诸家\木津纪家.html","木津纪家.html",".html","2640","9 世设\其他世设\OA-L5R\麓燕战役设定集\角色\潜龙氏族\仙鹤诸家"
"9 世设\其他世设\OA-L5R\麓燕战役设定集\角色\潜龙氏族\仙鹤诸家\森田家.html","森田家.html",".html","2661","9 世设\其他世设\OA-L5R\麓燕战役设定集\角色\潜龙氏族\仙鹤诸家"
"9 世设\其他世设\OA-L5R\麓燕战役设定集\角色\潜龙氏族\仙鹤诸家\瞳家.html","瞳家.html",".html","2581","9 世设\其他世设\OA-L5R\麓燕战役设定集\角色\潜龙氏族\仙鹤诸家"
"9 世设\其他世设\OA-L5R\麓燕战役设定集\角色\潜龙氏族\仙鹤诸家\见元家.html","见元家.html",".html","2718","9 世设\其他世设\OA-L5R\麓燕战役设定集\角色\潜龙氏族\仙鹤诸家"
"9 世设\其他世设\OA-L5R\麓燕战役设定集\角色\螳螂氏族\螳螂氏族.html","螳螂氏族.html",".html","5790","9 世设\其他世设\OA-L5R\麓燕战役设定集\角色\螳螂氏族"
"9 世设\其他世设\OA-L5R\麓燕战役设定集\角色\螳螂氏族\螳螂诸家\莫诗家.html","莫诗家.html",".html","3271","9 世设\其他世设\OA-L5R\麓燕战役设定集\角色\螳螂氏族\螳螂诸家"
"9 世设\其他世设\OA-L5R\麓燕战役设定集\角色\螳螂氏族\螳螂诸家\赖朝家.html","赖朝家.html",".html","2894","9 世设\其他世设\OA-L5R\麓燕战役设定集\角色\螳螂氏族\螳螂诸家"
"9 世设\其他世设\OA-L5R\麓燕战役设定集\角色\螳螂氏族\螳螂诸家\鹫筑家.html","鹫筑家.html",".html","2763","9 世设\其他世设\OA-L5R\麓燕战役设定集\角色\螳螂氏族\螳螂诸家"
"9 世设\其他世设\OA-L5R\麓燕战役设定集\角色\雄狮氏族\雄狮氏族.html","雄狮氏族.html",".html","4795","9 世设\其他世设\OA-L5R\麓燕战役设定集\角色\雄狮氏族"
"9 世设\其他世设\OA-L5R\麓燕战役设定集\角色\雄狮氏族\雄狮诸家\木津家.html","木津家.html",".html","3163","9 世设\其他世设\OA-L5R\麓燕战役设定集\角色\雄狮氏族\雄狮诸家"
"9 世设\其他世设\OA-L5R\麓燕战役设定集\角色\雄狮氏族\雄狮诸家\松家.html","松家.html",".html","2514","9 世设\其他世设\OA-L5R\麓燕战役设定集\角色\雄狮氏族\雄狮诸家"
"9 世设\其他世设\OA-L5R\麓燕战役设定集\角色\雄狮氏族\雄狮诸家\生驹家.html","生驹家.html",".html","2477","9 世设\其他世设\OA-L5R\麓燕战役设定集\角色\雄狮氏族\雄狮诸家"
"9 世设\其他世设\OA-L5R\麓燕战役设定集\角色\雄狮氏族\雄狮诸家\阿古渡家.html","阿古渡家.html",".html","2424","9 世设\其他世设\OA-L5R\麓燕战役设定集\角色\雄狮氏族\雄狮诸家"
"9 世设\其他世设\OA-L5R\麓燕战役设定集\角色\麓燕新增基础职业\修验者.html","修验者.html",".html","26252","9 世设\其他世设\OA-L5R\麓燕战役设定集\角色\麓燕新增基础职业"
"9 世设\其他世设\OA-L5R\麓燕战役设定集\角色\麓燕新增基础职业\忍者.html","忍者.html",".html","15828","9 世设\其他世设\OA-L5R\麓燕战役设定集\角色\麓燕新增基础职业"
"9 世设\其他世设\OA-L5R\麓燕战役设定集\角色\麓燕新增基础职业\朝臣.html","朝臣.html",".html","25749","9 世设\其他世设\OA-L5R\麓燕战役设定集\角色\麓燕新增基础职业"
"9 世设\其他世设\OA-L5R\麓燕战役设定集\角色\麓燕新增基础职业\武士.html","武士.html",".html","22146","9 世设\其他世设\OA-L5R\麓燕战役设定集\角色\麓燕新增基础职业"
"9 世设\其他世设\OA-L5R\麓燕战役设定集\角色\麓燕新增基础职业\隐僧.html","隐僧.html",".html","15395","9 世设\其他世设\OA-L5R\麓燕战役设定集\角色\麓燕新增基础职业"
"9 世设\其他世设\OA-L5R\麓燕战役设定集\角色\麓燕的NPC角色\专家.html","专家.html",".html","1448","9 世设\其他世设\OA-L5R\麓燕战役设定集\角色\麓燕的NPC角色"
"9 世设\其他世设\OA-L5R\麓燕战役设定集\角色\麓燕的NPC角色\导师.html","导师.html",".html","1319","9 世设\其他世设\OA-L5R\麓燕战役设定集\角色\麓燕的NPC角色"
"9 世设\其他世设\OA-L5R\麓燕战役设定集\角色\麓燕的NPC角色\望族.html","望族.html",".html","1558","9 世设\其他世设\OA-L5R\麓燕战役设定集\角色\麓燕的NPC角色"
"9 世设\其他世设\OA-L5R\麓燕战役设定集\角色\麓燕的NPC角色\术士.html","术士.html",".html","1581","9 世设\其他世设\OA-L5R\麓燕战役设定集\角色\麓燕的NPC角色"
"9 世设\其他世设\OA-L5R\麓燕战役设定集\角色\麓燕的NPC角色\武者.html","武者.html",".html","1713","9 世设\其他世设\OA-L5R\麓燕战役设定集\角色\麓燕的NPC角色"
"9 世设\其他世设\OA-L5R\麓燕战役设定集\角色\麓燕的玩家角色\吟游诗人.html","吟游诗人.html",".html","1564","9 世设\其他世设\OA-L5R\麓燕战役设定集\角色\麓燕的玩家角色"
"9 世设\其他世设\OA-L5R\麓燕战役设定集\角色\麓燕的玩家角色\圣武士.html","圣武士.html",".html","1770","9 世设\其他世设\OA-L5R\麓燕战役设定集\角色\麓燕的玩家角色"
"9 世设\其他世设\OA-L5R\麓燕战役设定集\角色\麓燕的玩家角色\德鲁伊.html","德鲁伊.html",".html","1769","9 世设\其他世设\OA-L5R\麓燕战役设定集\角色\麓燕的玩家角色"
"9 世设\其他世设\OA-L5R\麓燕战役设定集\角色\麓燕的玩家角色\战士.html","战士.html",".html","1554","9 世设\其他世设\OA-L5R\麓燕战役设定集\角色\麓燕的玩家角色"
"9 世设\其他世设\OA-L5R\麓燕战役设定集\角色\麓燕的玩家角色\武僧.html","武僧.html",".html","1425","9 世设\其他世设\OA-L5R\麓燕战役设定集\角色\麓燕的玩家角色"
"9 世设\其他世设\OA-L5R\麓燕战役设定集\角色\麓燕的玩家角色\法师.html","法师.html",".html","1661","9 世设\其他世设\OA-L5R\麓燕战役设定集\角色\麓燕的玩家角色"
"9 世设\其他世设\OA-L5R\麓燕战役设定集\角色\麓燕的玩家角色\游荡者.html","游荡者.html",".html","1885","9 世设\其他世设\OA-L5R\麓燕战役设定集\角色\麓燕的玩家角色"
"9 世设\其他世设\OA-L5R\麓燕战役设定集\角色\麓燕的玩家角色\牧师.html","牧师.html",".html","1705","9 世设\其他世设\OA-L5R\麓燕战役设定集\角色\麓燕的玩家角色"
"9 世设\其他世设\OA-L5R\麓燕战役设定集\角色\麓燕的玩家角色\野蛮人.html","野蛮人.html",".html","1795","9 世设\其他世设\OA-L5R\麓燕战役设定集\角色\麓燕的玩家角色"
"9 世设\其他世设\OA-L5R\麓燕战役设定集\角色\麓燕的玩家角色\麓燕的玩家角色.html","麓燕的玩家角色.html",".html","1485","9 世设\其他世设\OA-L5R\麓燕战役设定集\角色\麓燕的玩家角色"
"9 世设\其他世设\OA-L5R\麓燕战役设定集\角色\麓燕的荣誉与阵营\荣誉.html","荣誉.html",".html","6174","9 世设\其他世设\OA-L5R\麓燕战役设定集\角色\麓燕的荣誉与阵营"
"9 世设\其他世设\OA-L5R\麓燕战役设定集\角色\麓燕的荣誉与阵营\阵营.html","阵营.html",".html","12188","9 世设\其他世设\OA-L5R\麓燕战役设定集\角色\麓燕的荣誉与阵营"
"9 世设\其他世设\OA-L5R\麓燕战役设定集\角色\麓燕的荣誉与阵营\麓燕的荣誉与阵营.html","麓燕的荣誉与阵营.html",".html","1929","9 世设\其他世设\OA-L5R\麓燕战役设定集\角色\麓燕的荣誉与阵营"
"9 世设\其他世设\OA-L5R\麓燕战役设定集\角色\麓燕的装备\商品与服务.html","商品与服务.html",".html","2304","9 世设\其他世设\OA-L5R\麓燕战役设定集\角色\麓燕的装备"
"9 世设\其他世设\OA-L5R\麓燕战役设定集\角色\麓燕的装备\新物品.html","新物品.html",".html","5163","9 世设\其他世设\OA-L5R\麓燕战役设定集\角色\麓燕的装备"
"9 世设\其他世设\OA-L5R\麓燕战役设定集\角色\麓燕的装备\武器.html","武器.html",".html","14293","9 世设\其他世设\OA-L5R\麓燕战役设定集\角色\麓燕的装备"
"9 世设\其他世设\OA-L5R\麓燕战役设定集\角色\麓燕的装备\防具.html","防具.html",".html","6604","9 世设\其他世设\OA-L5R\麓燕战役设定集\角色\麓燕的装备"
"9 世设\其他世设\OA-L5R\麓燕战役设定集\角色\麓燕的进阶职业\元素卫士.html","元素卫士.html",".html","9462","9 世设\其他世设\OA-L5R\麓燕战役设定集\角色\麓燕的进阶职业"
"9 世设\其他世设\OA-L5R\麓燕战役设定集\角色\麓燕的进阶职业\关于进阶职业的说明.html","关于进阶职业的说明.html",".html","1920","9 世设\其他世设\OA-L5R\麓燕战役设定集\角色\麓燕的进阶职业"
"9 世设\其他世设\OA-L5R\麓燕战役设定集\角色\麓燕的进阶职业\四津之剑.html","四津之剑.html",".html","9643","9 世设\其他世设\OA-L5R\麓燕战役设定集\角色\麓燕的进阶职业"
"9 世设\其他世设\OA-L5R\麓燕战役设定集\角色\麓燕的进阶职业\攻城大师.html","攻城大师.html",".html","6352","9 世设\其他世设\OA-L5R\麓燕战役设定集\角色\麓燕的进阶职业"
"9 世设\其他世设\OA-L5R\麓燕战役设定集\角色\麓燕的进阶职业\新条开拓者.html","新条开拓者.html",".html","9145","9 世设\其他世设\OA-L5R\麓燕战役设定集\角色\麓燕的进阶职业"
"9 世设\其他世设\OA-L5R\麓燕战役设定集\角色\麓燕的进阶职业\武优.html","武优.html",".html","10704","9 世设\其他世设\OA-L5R\麓燕战役设定集\角色\麓燕的进阶职业"
"9 世设\其他世设\OA-L5R\麓燕战役设定集\角色\麓燕的进阶职业\潜龙剑豪.html","潜龙剑豪.html",".html","7276","9 世设\其他世设\OA-L5R\麓燕战役设定集\角色\麓燕的进阶职业"
"9 世设\其他世设\OA-L5R\麓燕战役设定集\角色\麓燕的进阶职业\疑世密探.html","疑世密探.html",".html","10935","9 世设\其他世设\OA-L5R\麓燕战役设定集\角色\麓燕的进阶职业"
"9 世设\其他世设\OA-L5R\麓燕战役设定集\角色\麓燕的进阶职业\翡翠奉行.html","翡翠奉行.html",".html","6949","9 世设\其他世设\OA-L5R\麓燕战役设定集\角色\麓燕的进阶职业"
"9 世设\其他世设\OA-L5R\麓燕战役设定集\角色\麓燕的进阶职业\艺匠.html","艺匠.html",".html","9316","9 世设\其他世设\OA-L5R\麓燕战役设定集\角色\麓燕的进阶职业"
"9 世设\其他世设\OA-L5R\麓燕战役设定集\角色\麓燕的进阶职业\谋臣.html","谋臣.html",".html","13361","9 世设\其他世设\OA-L5R\麓燕战役设定集\角色\麓燕的进阶职业"
"9 世设\其他世设\OA-L5R\麓燕战役设定集\角色\麓燕的进阶职业\阴影之地历战者.html","阴影之地历战者.html",".html","9644","9 世设\其他世设\OA-L5R\麓燕战役设定集\角色\麓燕的进阶职业"
"9 世设\其他世设\OA-L5R\麓燕战役设定集\角色\麓燕的进阶职业\阿克夏宗师.html","阿克夏宗师.html",".html","7177","9 世设\其他世设\OA-L5R\麓燕战役设定集\角色\麓燕的进阶职业"
"9 世设\其他世设\OA-L5R\麓燕战役设定集\角色\麓燕的进阶职业\雄狮之傲.html","雄狮之傲.html",".html","7662","9 世设\其他世设\OA-L5R\麓燕战役设定集\角色\麓燕的进阶职业"
"9 世设\其他世设\OA-L5R\麓燕战役设定集\角色\麓燕的进阶职业\风暴军团.html","风暴军团.html",".html","9403","9 世设\其他世设\OA-L5R\麓燕战役设定集\角色\麓燕的进阶职业"
"9 世设\其他世设\OA-L5R\麓燕战役设定集\角色\麓燕的进阶职业\黄蜂赏金猎人.html","黄蜂赏金猎人.html",".html","7641","9 世设\其他世设\OA-L5R\麓燕战役设定集\角色\麓燕的进阶职业"
"9 世设\其他世设\OA-L5R\麓燕战役设定集\角色\麓燕的进阶职业\鼠人萨满.html","鼠人萨满.html",".html","14228","9 世设\其他世设\OA-L5R\麓燕战役设定集\角色\麓燕的进阶职业"
"9 世设\其他世设\OA-L5R\麓燕战役设定集\边栏集合\东方冒险中的娜迦.html","东方冒险中的娜迦.html",".html","1761","9 世设\其他世设\OA-L5R\麓燕战役设定集\边栏集合"
"9 世设\其他世设\OA-L5R\麓燕战役设定集\边栏集合\低贱技能.html","低贱技能.html",".html","1694","9 世设\其他世设\OA-L5R\麓燕战役设定集\边栏集合"
"9 世设\其他世设\OA-L5R\麓燕战役设定集\边栏集合\共通法术.html","共通法术.html",".html","2475","9 世设\其他世设\OA-L5R\麓燕战役设定集\边栏集合"
"9 世设\其他世设\OA-L5R\麓燕战役设定集\边栏集合\关于持续时间的说明.html","关于持续时间的说明.html",".html","1545","9 世设\其他世设\OA-L5R\麓燕战役设定集\边栏集合"
"9 世设\其他世设\OA-L5R\麓燕战役设定集\边栏集合\关于数据面板的注释.html","关于数据面板的注释.html",".html","1996","9 世设\其他世设\OA-L5R\麓燕战役设定集\边栏集合"
"9 世设\其他世设\OA-L5R\麓燕战役设定集\边栏集合\关于武士刀的说明.html","关于武士刀的说明.html",".html","1754","9 世设\其他世设\OA-L5R\麓燕战役设定集\边栏集合"
"9 世设\其他世设\OA-L5R\麓燕战役设定集\边栏集合\关于进阶职业的说明.html","关于进阶职业的说明.html",".html","1916","9 世设\其他世设\OA-L5R\麓燕战役设定集\边栏集合"
"9 世设\其他世设\OA-L5R\麓燕战役设定集\边栏集合\其他法术.html","其他法术.html",".html","1817","9 世设\其他世设\OA-L5R\麓燕战役设定集\边栏集合"
"9 世设\其他世设\OA-L5R\麓燕战役设定集\边栏集合\军事等级.html","军事等级.html",".html","2394","9 世设\其他世设\OA-L5R\麓燕战役设定集\边栏集合"
"9 世设\其他世设\OA-L5R\麓燕战役设定集\边栏集合\常见命神.html","常见命神.html",".html","2927","9 世设\其他世设\OA-L5R\麓燕战役设定集\边栏集合"
"9 世设\其他世设\OA-L5R\麓燕战役设定集\边栏集合\异客在异乡.html","异客在异乡.html",".html","1679","9 世设\其他世设\OA-L5R\麓燕战役设定集\边栏集合"
"9 世设\其他世设\OA-L5R\麓燕战役设定集\边栏集合\异种与军用武器.html","异种与军用武器.html",".html","1628","9 世设\其他世设\OA-L5R\麓燕战役设定集\边栏集合"
"9 世设\其他世设\OA-L5R\麓燕战役设定集\边栏集合\武士道的准则.html","武士道的准则.html",".html","1717","9 世设\其他世设\OA-L5R\麓燕战役设定集\边栏集合"
"9 世设\其他世设\OA-L5R\麓燕战役设定集\边栏集合\氏族阵营.html","氏族阵营.html",".html","1870","9 世设\其他世设\OA-L5R\麓燕战役设定集\边栏集合"
"9 世设\其他世设\OA-L5R\麓燕战役设定集\边栏集合\真名.html","真名.html",".html","2037","9 世设\其他世设\OA-L5R\麓燕战役设定集\边栏集合"
"9 世设\其他世设\OA-L5R\麓燕战役设定集\边栏集合\神示者名录.html","神示者名录.html",".html","2207","9 世设\其他世设\OA-L5R\麓燕战役设定集\边栏集合"
"9 世设\其他世设\OA-L5R\麓燕战役设定集\边栏集合\绝技专长.html","绝技专长.html",".html","1792","9 世设\其他世设\OA-L5R\麓燕战役设定集\边栏集合"
"9 世设\其他世设\OA-L5R\麓燕战役设定集\边栏集合\荣誉与毁誉.html","荣誉与毁誉.html",".html","1664","9 世设\其他世设\OA-L5R\麓燕战役设定集\边栏集合"
"9 世设\其他世设\OA-L5R\麓燕战役设定集\边栏集合\虚空加值.html","虚空加值.html",".html","1571","9 世设\其他世设\OA-L5R\麓燕战役设定集\边栏集合"
"9 世设\其他世设\OA-L5R\麓燕战役设定集\边栏集合\金币与石.html","金币与石.html",".html","1629","9 世设\其他世设\OA-L5R\麓燕战役设定集\边栏集合"
"9 世设\其他世设\OA-L5R\麓燕战役设定集\边栏集合\陪臣家.html","陪臣家.html",".html","1384","9 世设\其他世设\OA-L5R\麓燕战役设定集\边栏集合"
"9 世设\其他世设\OA-L5R\麓燕战役设定集\边栏集合\额外语言.html","额外语言.html",".html","2049","9 世设\其他世设\OA-L5R\麓燕战役设定集\边栏集合"
"9 世设\其他世设\OA-L5R\麓燕战役设定集\附录\附录一：魔法物品.html","附录一：魔法物品.html",".html","10144","9 世设\其他世设\OA-L5R\麓燕战役设定集\附录"
"9 世设\其他世设\OA-L5R\麓燕战役设定集\附录\附录二：麓雁的怪物.html","附录二：麓雁的怪物.html",".html","12203","9 世设\其他世设\OA-L5R\麓燕战役设定集\附录"
"9 世设\其他世设\OA-L5R\麓燕战役设定集\麓燕的历史\十二世纪.html","十二世纪.html",".html","41154","9 世设\其他世设\OA-L5R\麓燕战役设定集\麓燕的历史"
"9 世设\其他世设\OA-L5R\麓燕战役设定集\麓燕的历史\史前时期.html","史前时期.html",".html","3013","9 世设\其他世设\OA-L5R\麓燕战役设定集\麓燕的历史"
"9 世设\其他世设\OA-L5R\麓燕战役设定集\麓燕的历史\引言.html","引言.html",".html","1650","9 世设\其他世设\OA-L5R\麓燕战役设定集\麓燕的历史"
"9 世设\其他世设\OA-L5R\麓燕战役设定集\麓燕的历史\第一世纪.html","第一世纪.html",".html","10047","9 世设\其他世设\OA-L5R\麓燕战役设定集\麓燕的历史"
"9 世设\其他世设\OA-L5R\麓燕战役设定集\麓燕的历史\第七世纪.html","第七世纪.html",".html","3412","9 世设\其他世设\OA-L5R\麓燕战役设定集\麓燕的历史"
"9 世设\其他世设\OA-L5R\麓燕战役设定集\麓燕的历史\第三世纪.html","第三世纪.html",".html","2704","9 世设\其他世设\OA-L5R\麓燕战役设定集\麓燕的历史"
"9 世设\其他世设\OA-L5R\麓燕战役设定集\麓燕的历史\第九世纪.html","第九世纪.html",".html","5864","9 世设\其他世设\OA-L5R\麓燕战役设定集\麓燕的历史"
"9 世设\其他世设\OA-L5R\麓燕战役设定集\麓燕的历史\第二世纪.html","第二世纪.html",".html","3259","9 世设\其他世设\OA-L5R\麓燕战役设定集\麓燕的历史"
"9 世设\其他世设\OA-L5R\麓燕战役设定集\麓燕的历史\第五世纪.html","第五世纪.html",".html","8376","9 世设\其他世设\OA-L5R\麓燕战役设定集\麓燕的历史"
"9 世设\其他世设\OA-L5R\麓燕战役设定集\麓燕的历史\第八世纪.html","第八世纪.html",".html","6375","9 世设\其他世设\OA-L5R\麓燕战役设定集\麓燕的历史"
"9 世设\其他世设\OA-L5R\麓燕战役设定集\麓燕的历史\第六世纪.html","第六世纪.html",".html","5520","9 世设\其他世设\OA-L5R\麓燕战役设定集\麓燕的历史"
"9 世设\其他世设\OA-L5R\麓燕战役设定集\麓燕的历史\第十一世纪.html","第十一世纪.html",".html","2779","9 世设\其他世设\OA-L5R\麓燕战役设定集\麓燕的历史"
"9 世设\其他世设\OA-L5R\麓燕战役设定集\麓燕的历史\第十世纪.html","第十世纪.html",".html","2125","9 世设\其他世设\OA-L5R\麓燕战役设定集\麓燕的历史"
"9 世设\其他世设\OA-L5R\麓燕战役设定集\麓燕的历史\第四世纪.html","第四世纪.html",".html","4811","9 世设\其他世设\OA-L5R\麓燕战役设定集\麓燕的历史"
"9 世设\其他世设\OA-L5R\麓燕战役设定集\麓燕的地理\仙鹤之地.html","仙鹤之地.html",".html","16001","9 世设\其他世设\OA-L5R\麓燕战役设定集\麓燕的地理"
"9 世设\其他世设\OA-L5R\麓燕战役设定集\麓燕的地理\凤凰之地.html","凤凰之地.html",".html","18106","9 世设\其他世设\OA-L5R\麓燕战役设定集\麓燕的地理"
"9 世设\其他世设\OA-L5R\麓燕战役设定集\麓燕的地理\奇麟之地.html","奇麟之地.html",".html","21032","9 世设\其他世设\OA-L5R\麓燕战役设定集\麓燕的地理"
"9 世设\其他世设\OA-L5R\麓燕战役设定集\麓燕的地理\巨蟹之地.html","巨蟹之地.html",".html","17527","9 世设\其他世设\OA-L5R\麓燕战役设定集\麓燕的地理"
"9 世设\其他世设\OA-L5R\麓燕战役设定集\麓燕的地理\次级氏族与中立之地.html","次级氏族与中立之地.html",".html","84111","9 世设\其他世设\OA-L5R\麓燕战役设定集\麓燕的地理"
"9 世设\其他世设\OA-L5R\麓燕战役设定集\麓燕的地理\毒蝎之地.html","毒蝎之地.html",".html","15386","9 世设\其他世设\OA-L5R\麓燕战役设定集\麓燕的地理"
"9 世设\其他世设\OA-L5R\麓燕战役设定集\麓燕的地理\潜龙之地.html","潜龙之地.html",".html","14527","9 世设\其他世设\OA-L5R\麓燕战役设定集\麓燕的地理"
"9 世设\其他世设\OA-L5R\麓燕战役设定集\麓燕的地理\纳迦之地.html","纳迦之地.html",".html","11777","9 世设\其他世设\OA-L5R\麓燕战役设定集\麓燕的地理"
"9 世设\其他世设\OA-L5R\麓燕战役设定集\麓燕的地理\螳螂之地.html","螳螂之地.html",".html","10717","9 世设\其他世设\OA-L5R\麓燕战役设定集\麓燕的地理"
"9 世设\其他世设\OA-L5R\麓燕战役设定集\麓燕的地理\雄狮之地.html","雄狮之地.html",".html","16300","9 世设\其他世设\OA-L5R\麓燕战役设定集\麓燕的地理"
"9 世设\其他世设\OA-L5R\麓燕战役设定集\麓燕的地理\麓燕的地理.html","麓燕的地理.html",".html","3658","9 世设\其他世设\OA-L5R\麓燕战役设定集\麓燕的地理"
"9 世设\其他世设\OA-L5R\麓燕战役设定集\麓燕的组织\帝国奉行与翡翠军团.html","帝国奉行与翡翠军团.html",".html","4716","9 世设\其他世设\OA-L5R\麓燕战役设定集\麓燕的组织"
"9 世设\其他世设\OA-L5R\麓燕战役设定集\麓燕的组织\引言.html","引言.html",".html","2493","9 世设\其他世设\OA-L5R\麓燕战役设定集\麓燕的组织"
"9 世设\其他世设\OA-L5R\麓燕战役设定集\麓燕的组织\忍者.html","忍者.html",".html","3777","9 世设\其他世设\OA-L5R\麓燕战役设定集\麓燕的组织"
"9 世设\其他世设\OA-L5R\麓燕战役设定集\麓燕的组织\新生宗.html","新生宗.html",".html","3949","9 世设\其他世设\OA-L5R\麓燕战役设定集\麓燕的组织"
"9 世设\其他世设\OA-L5R\麓燕战役设定集\麓燕的组织\浪人众.html","浪人众.html",".html","6798","9 世设\其他世设\OA-L5R\麓燕战役设定集\麓燕的组织"
"9 世设\其他世设\OA-L5R\麓燕战役设定集\麓燕的组织\疑世会.html","疑世会.html",".html","4239","9 世设\其他世设\OA-L5R\麓燕战役设定集\麓燕的组织"
"9 世设\其他世设\OA-L5R\麓燕战役设定集\麓燕的组织\血言者.html","血言者.html",".html","5226","9 世设\其他世设\OA-L5R\麓燕战役设定集\麓燕的组织"
"9 世设\其他世设\OA-L5R\麓燕战役设定集\麓燕的魔法\《东方冒险》的新法术\《东方冒险》的新法术.html","《东方冒险》的新法术.html",".html","5959","9 世设\其他世设\OA-L5R\麓燕战役设定集\麓燕的魔法\《东方冒险》的新法术"
"9 世设\其他世设\OA-L5R\麓燕战役设定集\麓燕的魔法\《东方冒险》的新法术\修验者学派法术.html","修验者学派法术.html",".html","7863","9 世设\其他世设\OA-L5R\麓燕战役设定集\麓燕的魔法\《东方冒险》的新法术"
"9 世设\其他世设\OA-L5R\麓燕战役设定集\麓燕的魔法\《东方冒险》的新法术\新法术详述.html","新法术详述.html",".html","141455","9 世设\其他世设\OA-L5R\麓燕战役设定集\麓燕的魔法\《东方冒险》的新法术"
"9 世设\其他世设\OA-L5R\麓燕战役设定集\麓燕的魔法\修验者法术\修验者法术.html","修验者法术.html",".html","30034","9 世设\其他世设\OA-L5R\麓燕战役设定集\麓燕的魔法\修验者法术"
"9 世设\其他世设\OA-L5R\麓燕战役设定集\麓燕的魔法\修验者法术\元素学派.html","元素学派.html",".html","7494","9 世设\其他世设\OA-L5R\麓燕战役设定集\麓燕的魔法\修验者法术"
"9 世设\其他世设\OA-L5R\麓燕战役设定集\麓燕的魔法\修验者法术\新修验者法术.html","新修验者法术.html",".html","53567","9 世设\其他世设\OA-L5R\麓燕战役设定集\麓燕的魔法\修验者法术"
"9 世设\其他世设\OA-L5R\麓燕战役设定集\麓燕的魔法\虚空魔法\新虚空法术.html","新虚空法术.html",".html","8144","9 世设\其他世设\OA-L5R\麓燕战役设定集\麓燕的魔法\虚空魔法"
"9 世设\其他世设\OA-L5R\麓燕战役设定集\麓燕的魔法\虚空魔法\虚空魔法.html","虚空魔法.html",".html","2291","9 世设\其他世设\OA-L5R\麓燕战役设定集\麓燕的魔法\虚空魔法"
"9 世设\其他世设\OA-L5R\麓燕战役设定集\麓燕的魔法\邪术\新邪术法术.html","新邪术法术.html",".html","19313","9 世设\其他世设\OA-L5R\麓燕战役设定集\麓燕的魔法\邪术"
"9 世设\其他世设\OA-L5R\麓燕战役设定集\麓燕的魔法\邪术\邪术.html","邪术.html",".html","15051","9 世设\其他世设\OA-L5R\麓燕战役设定集\麓燕的魔法\邪术"
"9 世设\其他世设\OA-L5R\麓燕战役设定集\麓燕的魔法\麓燕的魔法\精魂位序.html","精魂位序.html",".html","10037","9 世设\其他世设\OA-L5R\麓燕战役设定集\麓燕的魔法\麓燕的魔法"
"9 世设\其他世设\OA-L5R\麓燕战役设定集\麓燕的魔法\麓燕的魔法\麓燕的魔法.html","麓燕的魔法.html",".html","3007","9 世设\其他世设\OA-L5R\麓燕战役设定集\麓燕的魔法\麓燕的魔法"
"9 世设\其他世设\OA-L5R\麓燕战役设定集\麓燕的魔法\麓燕的魔法\法术与魔法\仪式魔法.html","仪式魔法.html",".html","4488","9 世设\其他世设\OA-L5R\麓燕战役设定集\麓燕的魔法\麓燕的魔法\法术与魔法"
"9 世设\其他世设\OA-L5R\麓燕战役设定集\麓燕的魔法\麓燕的魔法\法术与魔法\法术与魔法.html","法术与魔法.html",".html","3284","9 世设\其他世设\OA-L5R\麓燕战役设定集\麓燕的魔法\麓燕的魔法\法术与魔法"
"9 世设\其他世设\OA-L5R\麓燕战役设定集\麓燕的魔法\麓燕的魔法\法术与魔法\秘传法术.html","秘传法术.html",".html","18789","9 世设\其他世设\OA-L5R\麓燕战役设定集\麓燕的魔法\麓燕的魔法\法术与魔法"
"9 世设\其他世设\PS\1引言.htm","1引言.htm",".htm","3323","9 世设\其他世设\PS"
"9 世设\其他世设\PS\4技能专长.htm","4技能专长.htm",".htm","4819","9 世设\其他世设\PS"
"9 世设\其他世设\PS\PSCS封面.htm","PSCS封面.htm",".htm","4337","9 世设\其他世设\PS"
"9 世设\其他世设\PS\1引言\你还需要什么.htm","你还需要什么.htm",".htm","2541","9 世设\其他世设\PS\1引言"
"9 世设\其他世设\PS\1引言\冒险与阴谋.htm","冒险与阴谋.htm",".htm","2342","9 世设\其他世设\PS\1引言"
"9 世设\其他世设\PS\1引言\印记城.htm","印记城.htm",".htm","2641","9 世设\其他世设\PS\1引言"
"9 世设\其他世设\PS\1引言\基准位面.htm","基准位面.htm",".htm","7071","9 世设\其他世设\PS\1引言"
"9 世设\其他世设\PS\1引言\多元宇宙与位面居民.htm","多元宇宙与位面居民.htm",".htm","4047","9 世设\其他世设\PS\1引言"
"9 世设\其他世设\PS\1引言\如何使用本书.htm","如何使用本书.htm",".htm","3553","9 世设\其他世设\PS\1引言"
"9 世设\其他世设\PS\1引言\定义现实.htm","定义现实.htm",".htm","2697","9 世设\其他世设\PS\1引言"
"9 世设\其他世设\PS\1引言\巨环.htm","巨环.htm",".htm","4175","9 世设\其他世设\PS\1引言"
"9 世设\其他世设\PS\1引言\设定集历史.htm","设定集历史.htm",".htm","4761","9 世设\其他世设\PS\1引言"
"9 世设\其他世设\PS\1引言\过渡和虚假位面.htm","过渡和虚假位面.htm",".htm","4692","9 世设\其他世设\PS\1引言"
"9 世设\其他世设\PS\1引言\阵营的区别.htm","阵营的区别.htm",".htm","2907","9 世设\其他世设\PS\1引言"
"9 世设\其他世设\PS\4技能专长\一般专长.htm","一般专长.htm",".htm","12998","9 世设\其他世设\PS\4技能专长"
"9 世设\其他世设\PS\4技能专长\专长简表.htm","专长简表.htm",".htm","2197","9 世设\其他世设\PS\4技能专长"
"9 世设\其他世设\PS\4技能专长\地域专长.htm","地域专长.htm",".htm","25727","9 世设\其他世设\PS\4技能专长"
"9 世设\其他世设\PS\4技能专长\技能部分.htm","技能部分.htm",".htm","14805","9 世设\其他世设\PS\4技能专长"
"9 世设\其他世设\PS\4技能专长\派系专长-A.htm","派系专长-A.htm",".htm","6390","9 世设\其他世设\PS\4技能专长"
"9 世设\其他世设\PS\4技能专长\派系专长-B.htm","派系专长-B.htm",".htm","8358","9 世设\其他世设\PS\4技能专长"
"9 世设\其他世设\PS\4技能专长\派系专长简表.htm","派系专长简表.htm",".htm","29749","9 世设\其他世设\PS\4技能专长"
"9 世设\其他世设\PS\附录\附录总述.htm","附录总述.htm",".htm","1688","9 世设\其他世设\PS\附录"
"9 世设\灰鹰\灰鹰学院.html","灰鹰学院.html",".html","3090","9 世设\灰鹰"
"9 世设\灰鹰\灰鹰的树.html","灰鹰的树.html",".html","5958","9 世设\灰鹰"
"9 世设\灰鹰\灰鹰综述.html","灰鹰综述.html",".html","3366","9 世设\灰鹰"
"9 世设\灰鹰\绿龙酒馆.html","绿龙酒馆.html",".html","15827","9 世设\灰鹰"
"9 世设\灰鹰\灰鹰的诸神\灰鹰的诸神.html","灰鹰的诸神.html",".html","4702","9 世设\灰鹰\灰鹰的诸神"
"9 世设\灰鹰\灰鹰的诸神\灰鹰诸神A-E.html","灰鹰诸神A-E.html",".html","18185","9 世设\灰鹰\灰鹰的诸神"
"9 世设\艾伯伦\DoE艾伯伦的龙\封面.htm","封面.htm",".htm","1494","9 世设\艾伯伦\DoE艾伯伦的龙"
"9 世设\艾伯伦\DoE艾伯伦的龙\序言.htm","序言.htm",".htm","101823","9 世设\艾伯伦\DoE艾伯伦的龙"
"9 世设\艾伯伦\DoE艾伯伦的龙\第一章 阿贡尼森的龙.htm","第一章 阿贡尼森的龙.htm",".htm","478823","9 世设\艾伯伦\DoE艾伯伦的龙"
"9 世设\艾伯伦\DoE艾伯伦的龙\第三章 索隆娜的龙.htm","第三章 索隆娜的龙.htm",".htm","194761","9 世设\艾伯伦\DoE艾伯伦的龙"
"9 世设\艾伯伦\DoE艾伯伦的龙\第二章 科瓦雷的龙.htm","第二章 科瓦雷的龙.htm",".htm","217406","9 世设\艾伯伦\DoE艾伯伦的龙"
"9 世设\艾伯伦\DoE艾伯伦的龙\第四章 希恩德瑞克的龙.htm","第四章 希恩德瑞克的龙.htm",".htm","216159","9 世设\艾伯伦\DoE艾伯伦的龙"
"9 世设\艾伯伦\Dragonmarked龙纹之书\乔拉斯克家族.htm","乔拉斯克家族.htm",".htm","29715","9 世设\艾伯伦\Dragonmarked龙纹之书"
"9 世设\艾伯伦\Dragonmarked龙纹之书\伽兰达家族.htm","伽兰达家族.htm",".htm","31913","9 世设\艾伯伦\Dragonmarked龙纹之书"
"9 世设\艾伯伦\Dragonmarked龙纹之书\卡尼斯家族.htm","卡尼斯家族.htm",".htm","48934","9 世设\艾伯伦\Dragonmarked龙纹之书"
"9 世设\艾伯伦\Dragonmarked龙纹之书\变异龙纹.htm","变异龙纹.htm",".htm","21182","9 世设\艾伯伦\Dragonmarked龙纹之书"
"9 世设\艾伯伦\Dragonmarked龙纹之书\封面.htm","封面.htm",".htm","1485","9 世设\艾伯伦\Dragonmarked龙纹之书"
"9 世设\艾伯伦\Dragonmarked龙纹之书\无拘卷轴.htm","无拘卷轴.htm",".htm","29198","9 世设\艾伯伦\Dragonmarked龙纹之书"
"9 世设\艾伯伦\Dragonmarked龙纹之书\昆达拉克家族.htm","昆达拉克家族.htm",".htm","36890","9 世设\艾伯伦\Dragonmarked龙纹之书"
"9 世设\艾伯伦\Dragonmarked龙纹之书\暴风前哨.htm","暴风前哨.htm",".htm","25378","9 世设\艾伯伦\Dragonmarked龙纹之书"
"9 世设\艾伯伦\Dragonmarked龙纹之书\杜拉卡-阿什.htm","杜拉卡-阿什.htm",".htm","27739","9 世设\艾伯伦\Dragonmarked龙纹之书"
"9 世设\艾伯伦\Dragonmarked龙纹之书\林兰德家族.htm","林兰德家族.htm",".htm","33383","9 世设\艾伯伦\Dragonmarked龙纹之书"
"9 世设\艾伯伦\Dragonmarked龙纹之书\梅丹尼家族.htm","梅丹尼家族.htm",".htm","34808","9 世设\艾伯伦\Dragonmarked龙纹之书"
"9 世设\艾伯伦\Dragonmarked龙纹之书\梅丹尼预言者.htm","梅丹尼预言者.htm",".htm","28289","9 世设\艾伯伦\Dragonmarked龙纹之书"
"9 世设\艾伯伦\Dragonmarked龙纹之书\概述.htm","概述.htm",".htm","34423","9 世设\艾伯伦\Dragonmarked龙纹之书"
"9 世设\艾伯伦\Dragonmarked龙纹之书\欧瑞恩之刃.htm","欧瑞恩之刃.htm",".htm","24935","9 世设\艾伯伦\Dragonmarked龙纹之书"
"9 世设\艾伯伦\Dragonmarked龙纹之书\欧瑞恩家族.htm","欧瑞恩家族.htm",".htm","35595","9 世设\艾伯伦\Dragonmarked龙纹之书"
"9 世设\艾伯伦\Dragonmarked龙纹之书\法术.htm","法术.htm",".htm","94800","9 世设\艾伯伦\Dragonmarked龙纹之书"
"9 世设\艾伯伦\Dragonmarked龙纹之书\瓦塔利斯家族.htm","瓦塔利斯家族.htm",".htm","31380","9 世设\艾伯伦\Dragonmarked龙纹之书"
"9 世设\艾伯伦\Dragonmarked龙纹之书\瓦塔利斯驯兽者.htm","瓦塔利斯驯兽者.htm",".htm","32345","9 世设\艾伯伦\Dragonmarked龙纹之书"
"9 世设\艾伯伦\Dragonmarked龙纹之书\疫病医者.htm","疫病医者.htm",".htm","27704","9 世设\艾伯伦\Dragonmarked龙纹之书"
"9 世设\艾伯伦\Dragonmarked龙纹之书\第一章 龙纹家族.htm","第一章 龙纹家族.htm",".htm","3595","9 世设\艾伯伦\Dragonmarked龙纹之书"
"9 世设\艾伯伦\Dragonmarked龙纹之书\第三章 新专长.htm","第三章 新专长.htm",".htm","84251","9 世设\艾伯伦\Dragonmarked龙纹之书"
"9 世设\艾伯伦\Dragonmarked龙纹之书\第二章 进阶职业.htm","第二章 进阶职业.htm",".htm","4007","9 世设\艾伯伦\Dragonmarked龙纹之书"
"9 世设\艾伯伦\Dragonmarked龙纹之书\索兰尼家族.htm","索兰尼家族.htm",".htm","40044","9 世设\艾伯伦\Dragonmarked龙纹之书"
"9 世设\艾伯伦\Dragonmarked龙纹之书\萨拉释克家族.htm","萨拉释克家族.htm",".htm","37965","9 世设\艾伯伦\Dragonmarked龙纹之书"
"9 世设\艾伯伦\Dragonmarked龙纹之书\西维斯家族.htm","西维斯家族.htm",".htm","36683","9 世设\艾伯伦\Dragonmarked龙纹之书"
"9 世设\艾伯伦\Dragonmarked龙纹之书\费奥兰家族.htm","费奥兰家族.htm",".htm","44669","9 世设\艾伯伦\Dragonmarked龙纹之书"
"9 世设\艾伯伦\Dragonmarked龙纹之书\赛尔斥候.htm","赛尔斥候.htm",".htm","37439","9 世设\艾伯伦\Dragonmarked龙纹之书"
"9 世设\艾伯伦\Dragonmarked龙纹之书\邓奈斯家族.htm","邓奈斯家族.htm",".htm","41529","9 世设\艾伯伦\Dragonmarked龙纹之书"
"9 世设\艾伯伦\Dragonmarked龙纹之书\邓奈斯忠卫.htm","邓奈斯忠卫.htm",".htm","25656","9 世设\艾伯伦\Dragonmarked龙纹之书"
"9 世设\艾伯伦\Dragonmarked龙纹之书\银键.htm","银键.htm",".htm","31358","9 世设\艾伯伦\Dragonmarked龙纹之书"
"9 世设\艾伯伦\Dragonmarked龙纹之书\阴影猎手.htm","阴影猎手.htm",".htm","27867","9 世设\艾伯伦\Dragonmarked龙纹之书"
"9 世设\艾伯伦\Dragonmarked龙纹之书\黑狗.htm","黑狗.htm",".htm","28864","9 世设\艾伯伦\Dragonmarked龙纹之书"
"9 世设\艾伯伦\Dragonmarked龙纹之书\龙纹物品.htm","龙纹物品.htm",".htm","10456","9 世设\艾伯伦\Dragonmarked龙纹之书"
"9 世设\艾伯伦\ECS艾伯伦战役设定集\封面.htm","封面.htm",".htm","1557","9 世设\艾伯伦\ECS艾伯伦战役设定集"
"9 世设\艾伯伦\ECS艾伯伦战役设定集\0概述\制作人名单（中译）.htm","制作人名单（中译）.htm",".htm","13022","9 世设\艾伯伦\ECS艾伯伦战役设定集\0概述"
"9 世设\艾伯伦\ECS艾伯伦战役设定集\0概述\制作人名单（英）.htm","制作人名单（英）.htm",".htm","14115","9 世设\艾伯伦\ECS艾伯伦战役设定集\0概述"
"9 世设\艾伯伦\ECS艾伯伦战役设定集\0概述\十大要点.htm","十大要点.htm",".htm","5813","9 世设\艾伯伦\ECS艾伯伦战役设定集\0概述"
"9 世设\艾伯伦\ECS艾伯伦战役设定集\0概述\概述.htm","概述.htm",".htm","2528","9 世设\艾伯伦\ECS艾伯伦战役设定集\0概述"
"9 世设\艾伯伦\ECS艾伯伦战役设定集\0概述\编者的话.htm","编者的话.htm",".htm","5982","9 世设\艾伯伦\ECS艾伯伦战役设定集\0概述"
"9 世设\艾伯伦\ECS艾伯伦战役设定集\0概述\能够启发你的电影.htm","能够启发你的电影.htm",".htm","3308","9 世设\艾伯伦\ECS艾伯伦战役设定集\0概述"
"9 世设\艾伯伦\ECS艾伯伦战役设定集\0概述\艾伯伦的特色.htm","艾伯伦的特色.htm",".htm","4555","9 世设\艾伯伦\ECS艾伯伦战役设定集\0概述"
"9 世设\艾伯伦\ECS艾伯伦战役设定集\10第十章 魔法物品\传统物品\传统物品.htm","传统物品.htm",".htm","2765","9 世设\艾伯伦\ECS艾伯伦战役设定集\10第十章 魔法物品\传统物品"
"9 世设\艾伯伦\ECS艾伯伦战役设定集\10第十章 魔法物品\传统物品\传统物品详述.htm","传统物品详述.htm",".htm","7296","9 世设\艾伯伦\ECS艾伯伦战役设定集\10第十章 魔法物品\传统物品"
"9 世设\艾伯伦\ECS艾伯伦战役设定集\10第十章 魔法物品\机关附件\战俑附件.htm","战俑附件.htm",".htm","11372","9 世设\艾伯伦\ECS艾伯伦战役设定集\10第十章 魔法物品\机关附件"
"9 世设\艾伯伦\ECS艾伯伦战役设定集\10第十章 魔法物品\机关附件\指导附件.htm","指导附件.htm",".htm","7261","9 世设\艾伯伦\ECS艾伯伦战役设定集\10第十章 魔法物品\机关附件"
"9 世设\艾伯伦\ECS艾伯伦战役设定集\10第十章 魔法物品\机关附件\神器附件.htm","神器附件.htm",".htm","6243","9 世设\艾伯伦\ECS艾伯伦战役设定集\10第十章 魔法物品\机关附件"
"9 世设\艾伯伦\ECS艾伯伦战役设定集\10第十章 魔法物品\神器\神器.htm","神器.htm",".htm","8094","9 世设\艾伯伦\ECS艾伯伦战役设定集\10第十章 魔法物品\神器"
"9 世设\艾伯伦\ECS艾伯伦战役设定集\10第十章 魔法物品\神器地点\神奇地点.htm","神奇地点.htm",".htm","9963","9 世设\艾伯伦\ECS艾伯伦战役设定集\10第十章 魔法物品\神器地点"
"9 世设\艾伯伦\ECS艾伯伦战役设定集\10第十章 魔法物品\龙晶物品\元素载具.htm","元素载具.htm",".htm","5070","9 世设\艾伯伦\ECS艾伯伦战役设定集\10第十章 魔法物品\龙晶物品"
"9 世设\艾伯伦\ECS艾伯伦战役设定集\10第十章 魔法物品\龙晶物品\凯博尔龙晶物品.htm","凯博尔龙晶物品.htm",".htm","3373","9 世设\艾伯伦\ECS艾伯伦战役设定集\10第十章 魔法物品\龙晶物品"
"9 世设\艾伯伦\ECS艾伯伦战役设定集\10第十章 魔法物品\龙晶物品\制造艾伯伦龙晶物品.htm","制造艾伯伦龙晶物品.htm",".htm","3536","9 世设\艾伯伦\ECS艾伯伦战役设定集\10第十章 魔法物品\龙晶物品"
"9 世设\艾伯伦\ECS艾伯伦战役设定集\10第十章 魔法物品\龙晶物品\制造西伯瑞斯龙晶物品.htm","制造西伯瑞斯龙晶物品.htm",".htm","3511","9 世设\艾伯伦\ECS艾伯伦战役设定集\10第十章 魔法物品\龙晶物品"
"9 世设\艾伯伦\ECS艾伯伦战役设定集\10第十章 魔法物品\龙晶物品\导能权杖.htm","导能权杖.htm",".htm","6020","9 世设\艾伯伦\ECS艾伯伦战役设定集\10第十章 魔法物品\龙晶物品"
"9 世设\艾伯伦\ECS艾伯伦战役设定集\10第十章 魔法物品\龙晶物品\梦族植入龙晶.htm","梦族植入龙晶.htm",".htm","8480","9 世设\艾伯伦\ECS艾伯伦战役设定集\10第十章 魔法物品\龙晶物品"
"9 世设\艾伯伦\ECS艾伯伦战役设定集\10第十章 魔法物品\龙晶物品\植入梦族龙晶.htm","植入梦族龙晶.htm",".htm","3908","9 世设\艾伯伦\ECS艾伯伦战役设定集\10第十章 魔法物品\龙晶物品"
"9 世设\艾伯伦\ECS艾伯伦战役设定集\10第十章 魔法物品\龙晶物品\武器属性.htm","武器属性.htm",".htm","6239","9 世设\艾伯伦\ECS艾伯伦战役设定集\10第十章 魔法物品\龙晶物品"
"9 世设\艾伯伦\ECS艾伯伦战役设定集\10第十章 魔法物品\龙晶物品\盔甲属性.htm","盔甲属性.htm",".htm","4657","9 世设\艾伯伦\ECS艾伯伦战役设定集\10第十章 魔法物品\龙晶物品"
"9 世设\艾伯伦\ECS艾伯伦战役设定集\10第十章 魔法物品\龙晶物品\艾伯伦龙晶物品.htm","艾伯伦龙晶物品.htm",".htm","7295","9 世设\艾伯伦\ECS艾伯伦战役设定集\10第十章 魔法物品\龙晶物品"
"9 世设\艾伯伦\ECS艾伯伦战役设定集\10第十章 魔法物品\龙晶物品\驾驶元素载具.htm","驾驶元素载具.htm",".htm","3625","9 世设\艾伯伦\ECS艾伯伦战役设定集\10第十章 魔法物品\龙晶物品"
"9 世设\艾伯伦\ECS艾伯伦战役设定集\10第十章 魔法物品\龙晶物品\高级龙纹法器.htm","高级龙纹法器.htm",".htm","12404","9 世设\艾伯伦\ECS艾伯伦战役设定集\10第十章 魔法物品\龙晶物品"
"9 世设\艾伯伦\ECS艾伯伦战役设定集\10第十章 魔法物品\龙晶物品\高级龙纹法器续.htm","高级龙纹法器续.htm",".htm","7721","9 世设\艾伯伦\ECS艾伯伦战役设定集\10第十章 魔法物品\龙晶物品"
"9 世设\艾伯伦\ECS艾伯伦战役设定集\10第十章 魔法物品\龙晶物品\魔法物品概述.htm","魔法物品概述.htm",".htm","4390","9 世设\艾伯伦\ECS艾伯伦战役设定集\10第十章 魔法物品\龙晶物品"
"9 世设\艾伯伦\ECS艾伯伦战役设定集\10第十章 魔法物品\龙晶物品\龙晶物品.htm","龙晶物品.htm",".htm","6496","9 世设\艾伯伦\ECS艾伯伦战役设定集\10第十章 魔法物品\龙晶物品"
"9 世设\艾伯伦\ECS艾伯伦战役设定集\11第十一章 怪物\不朽战士.htm","不朽战士.htm",".htm","10541","9 世设\艾伯伦\ECS艾伯伦战役设定集\11第十一章 怪物"
"9 世设\艾伯伦\ECS艾伯伦战役设定集\11第十一章 怪物\不朽生物种类.htm","不朽生物种类.htm",".htm","5573","9 世设\艾伯伦\ECS艾伯伦战役设定集\11第十一章 怪物"
"9 世设\艾伯伦\ECS艾伯伦战役设定集\11第十一章 怪物\不朽评议员.htm","不朽评议员.htm",".htm","11881","9 世设\艾伯伦\ECS艾伯伦战役设定集\11第十一章 怪物"
"9 世设\艾伯伦\ECS艾伯伦战役设定集\11第十一章 怪物\人工生命.htm","人工生命.htm",".htm","18274","9 世设\艾伯伦\ECS艾伯伦战役设定集\11第十一章 怪物"
"9 世设\艾伯伦\ECS艾伯伦战役设定集\11第十一章 怪物\共生体.htm","共生体.htm",".htm","38907","9 世设\艾伯伦\ECS艾伯伦战役设定集\11第十一章 怪物"
"9 世设\艾伯伦\ECS艾伯伦战役设定集\11第十一章 怪物\半魔灵.htm","半魔灵.htm",".htm","14375","9 世设\艾伯伦\ECS艾伯伦战役设定集\11第十一章 怪物"
"9 世设\艾伯伦\ECS艾伯伦战役设定集\11第十一章 怪物\坎纳斯僵尸.htm","坎纳斯僵尸.htm",".htm","9927","9 世设\艾伯伦\ECS艾伯伦战役设定集\11第十一章 怪物"
"9 世设\艾伯伦\ECS艾伯伦战役设定集\11第十一章 怪物\坎纳斯骷髅.htm","坎纳斯骷髅.htm",".htm","10132","9 世设\艾伯伦\ECS艾伯伦战役设定集\11第十一章 怪物"
"9 世设\艾伯伦\ECS艾伯伦战役设定集\11第十一章 怪物\尸骸巨蟹.htm","尸骸巨蟹.htm",".htm","10028","9 世设\艾伯伦\ECS艾伯伦战役设定集\11第十一章 怪物"
"9 世设\艾伯伦\ECS艾伯伦战役设定集\11第十一章 怪物\嶙峋异变怪.htm","嶙峋异变怪.htm",".htm","14403","9 世设\艾伯伦\ECS艾伯伦战役设定集\11第十一章 怪物"
"9 世设\艾伯伦\ECS艾伯伦战役设定集\11第十一章 怪物\异变魔.htm","异变魔.htm",".htm","13636","9 世设\艾伯伦\ECS艾伯伦战役设定集\11第十一章 怪物"
"9 世设\艾伯伦\ECS艾伯伦战役设定集\11第十一章 怪物\恐龙.htm","恐龙.htm",".htm","17263","9 世设\艾伯伦\ECS艾伯伦战役设定集\11第十一章 怪物"
"9 世设\艾伯伦\ECS艾伯伦战役设定集\11第十一章 怪物\扎吉亚邪兽鬼.htm","扎吉亚邪兽鬼.htm",".htm","14180","9 世设\艾伯伦\ECS艾伯伦战役设定集\11第十一章 怪物"
"9 世设\艾伯伦\ECS艾伯伦战役设定集\11第十一章 怪物\暮鬼婆.htm","暮鬼婆.htm",".htm","9710","9 世设\艾伯伦\ECS艾伯伦战役设定集\11第十一章 怪物"
"9 世设\艾伯伦\ECS艾伯伦战役设定集\11第十一章 怪物\机关泰坦.htm","机关泰坦.htm",".htm","10332","9 世设\艾伯伦\ECS艾伯伦战役设定集\11第十一章 怪物"
"9 世设\艾伯伦\ECS艾伯伦战役设定集\11第十一章 怪物\标志怪物.htm","标志怪物.htm",".htm","39695","9 世设\艾伯伦\ECS艾伯伦战役设定集\11第十一章 怪物"
"9 世设\艾伯伦\ECS艾伯伦战役设定集\11第十一章 怪物\梦族.htm","梦族.htm",".htm","26407","9 世设\艾伯伦\ECS艾伯伦战役设定集\11第十一章 怪物"
"9 世设\艾伯伦\ECS艾伯伦战役设定集\11第十一章 怪物\残暴动物.htm","残暴动物.htm",".htm","16674","9 世设\艾伯伦\ECS艾伯伦战役设定集\11第十一章 怪物"
"9 世设\艾伯伦\ECS艾伯伦战役设定集\11第十一章 怪物\活化咒语.htm","活化咒语.htm",".htm","30206","9 世设\艾伯伦\ECS艾伯伦战役设定集\11第十一章 怪物"
"9 世设\艾伯伦\ECS艾伯伦战役设定集\11第十一章 怪物\潜能点与伤害减免规则.htm","潜能点与伤害减免规则.htm",".htm","2912","9 世设\艾伯伦\ECS艾伯伦战役设定集\11第十一章 怪物"
"9 世设\艾伯伦\ECS艾伯伦战役设定集\11第十一章 怪物\狰狞异变怪.htm","狰狞异变怪.htm",".htm","10345","9 世设\艾伯伦\ECS艾伯伦战役设定集\11第十一章 怪物"
"9 世设\艾伯伦\ECS艾伯伦战役设定集\11第十一章 怪物\至尊评议员.htm","至尊评议员.htm",".htm","10342","9 世设\艾伯伦\ECS艾伯伦战役设定集\11第十一章 怪物"
"9 世设\艾伯伦\ECS艾伯伦战役设定集\11第十一章 怪物\魔育动物.htm","魔育动物.htm",".htm","11967","9 世设\艾伯伦\ECS艾伯伦战役设定集\11第十一章 怪物"
"9 世设\艾伯伦\ECS艾伯伦战役设定集\12第十二章 失落的铸造厂\失落的铸造厂.htm","失落的铸造厂.htm",".htm","4741","9 世设\艾伯伦\ECS艾伯伦战役设定集\12第十二章 失落的铸造厂"
"9 世设\艾伯伦\ECS艾伯伦战役设定集\12第十二章 失落的铸造厂\第一节：上层区的尸体.htm","第一节：上层区的尸体.htm",".htm","20097","9 世设\艾伯伦\ECS艾伯伦战役设定集\12第十二章 失落的铸造厂"
"9 世设\艾伯伦\ECS艾伯伦战役设定集\12第十二章 失落的铸造厂\第三节：多拉萨恩的废墟.htm","第三节：多拉萨恩的废墟.htm",".htm","16885","9 世设\艾伯伦\ECS艾伯伦战役设定集\12第十二章 失落的铸造厂"
"9 世设\艾伯伦\ECS艾伯伦战役设定集\12第十二章 失落的铸造厂\第二节：深入地下.htm","第二节：深入地下.htm",".htm","14376","9 世设\艾伯伦\ECS艾伯伦战役设定集\12第十二章 失落的铸造厂"
"9 世设\艾伯伦\ECS艾伯伦战役设定集\12第十二章 失落的铸造厂\第四节：终局.htm","第四节：终局.htm",".htm","8273","9 世设\艾伯伦\ECS艾伯伦战役设定集\12第十二章 失落的铸造厂"
"9 世设\艾伯伦\ECS艾伯伦战役设定集\1第一章 种族\世界构成.htm","世界构成.htm",".htm","8751","9 世设\艾伯伦\ECS艾伯伦战役设定集\1第一章 种族"
"9 世设\艾伯伦\ECS艾伯伦战役设定集\1第一章 种族\人类.htm","人类.htm",".htm","3146","9 世设\艾伯伦\ECS艾伯伦战役设定集\1第一章 种族"
"9 世设\艾伯伦\ECS艾伯伦战役设定集\1第一章 种族\侏儒.htm","侏儒.htm",".htm","3241","9 世设\艾伯伦\ECS艾伯伦战役设定集\1第一章 种族"
"9 世设\艾伯伦\ECS艾伯伦战役设定集\1第一章 种族\其他种族.htm","其他种族.htm",".htm","3028","9 世设\艾伯伦\ECS艾伯伦战役设定集\1第一章 种族"
"9 世设\艾伯伦\ECS艾伯伦战役设定集\1第一章 种族\半兽人.htm","半兽人.htm",".htm","2989","9 世设\艾伯伦\ECS艾伯伦战役设定集\1第一章 种族"
"9 世设\艾伯伦\ECS艾伯伦战役设定集\1第一章 种族\半兽化人.htm","半兽化人.htm",".htm","8640","9 世设\艾伯伦\ECS艾伯伦战役设定集\1第一章 种族"
"9 世设\艾伯伦\ECS艾伯伦战役设定集\1第一章 种族\半变形怪种族特性.htm","半变形怪种族特性.htm",".htm","3909","9 世设\艾伯伦\ECS艾伯伦战役设定集\1第一章 种族"
"9 世设\艾伯伦\ECS艾伯伦战役设定集\1第一章 种族\半梦灵.htm","半梦灵.htm",".htm","7330","9 世设\艾伯伦\ECS艾伯伦战役设定集\1第一章 种族"
"9 世设\艾伯伦\ECS艾伯伦战役设定集\1第一章 种族\半精灵.htm","半精灵.htm",".htm","3199","9 世设\艾伯伦\ECS艾伯伦战役设定集\1第一章 种族"
"9 世设\艾伯伦\ECS艾伯伦战役设定集\1第一章 种族\半身人.htm","半身人.htm",".htm","3180","9 世设\艾伯伦\ECS艾伯伦战役设定集\1第一章 种族"
"9 世设\艾伯伦\ECS艾伯伦战役设定集\1第一章 种族\战俑.htm","战俑.htm",".htm","9173","9 世设\艾伯伦\ECS艾伯伦战役设定集\1第一章 种族"
"9 世设\艾伯伦\ECS艾伯伦战役设定集\1第一章 种族\战俑简史.htm","战俑简史.htm",".htm","4816","9 世设\艾伯伦\ECS艾伯伦战役设定集\1第一章 种族"
"9 世设\艾伯伦\ECS艾伯伦战役设定集\1第一章 种族\矮人.htm","矮人.htm",".htm","3194","9 世设\艾伯伦\ECS艾伯伦战役设定集\1第一章 种族"
"9 世设\艾伯伦\ECS艾伯伦战役设定集\1第一章 种族\种族.htm","种族.htm",".htm","4521","9 世设\艾伯伦\ECS艾伯伦战役设定集\1第一章 种族"
"9 世设\艾伯伦\ECS艾伯伦战役设定集\1第一章 种族\籍贯.htm","籍贯.htm",".htm","3487","9 世设\艾伯伦\ECS艾伯伦战役设定集\1第一章 种族"
"9 世设\艾伯伦\ECS艾伯伦战役设定集\1第一章 种族\精灵.htm","精灵.htm",".htm","3607","9 世设\艾伯伦\ECS艾伯伦战役设定集\1第一章 种族"
"9 世设\艾伯伦\ECS艾伯伦战役设定集\1第一章 种族\艾伯伦籍贯全览.htm","艾伯伦籍贯全览.htm",".htm","14864","9 世设\艾伯伦\ECS艾伯伦战役设定集\1第一章 种族"
"9 世设\艾伯伦\ECS艾伯伦战役设定集\2第二章 职业\吟游诗人.htm","吟游诗人.htm",".htm","4818","9 世设\艾伯伦\ECS艾伯伦战役设定集\2第二章 职业"
"9 世设\艾伯伦\ECS艾伯伦战役设定集\2第二章 职业\圣武士.htm","圣武士.htm",".htm","5338","9 世设\艾伯伦\ECS艾伯伦战役设定集\2第二章 职业"
"9 世设\艾伯伦\ECS艾伯伦战役设定集\2第二章 职业\巡林客.htm","巡林客.htm",".htm","4660","9 世设\艾伯伦\ECS艾伯伦战役设定集\2第二章 职业"
"9 世设\艾伯伦\ECS艾伯伦战役设定集\2第二章 职业\德鲁伊.htm","德鲁伊.htm",".htm","9602","9 世设\艾伯伦\ECS艾伯伦战役设定集\2第二章 职业"
"9 世设\艾伯伦\ECS艾伯伦战役设定集\2第二章 职业\术士.htm","术士.htm",".htm","4929","9 世设\艾伯伦\ECS艾伯伦战役设定集\2第二章 职业"
"9 世设\艾伯伦\ECS艾伯伦战役设定集\2第二章 职业\机关术士1.htm","机关术士1.htm",".htm","17001","9 世设\艾伯伦\ECS艾伯伦战役设定集\2第二章 职业"
"9 世设\艾伯伦\ECS艾伯伦战役设定集\2第二章 职业\机关术士表格.htm","机关术士表格.htm",".htm","9035","9 世设\艾伯伦\ECS艾伯伦战役设定集\2第二章 职业"
"9 世设\艾伯伦\ECS艾伯伦战役设定集\2第二章 职业\机关术士进阶数据.htm","机关术士进阶数据.htm",".htm","7305","9 世设\艾伯伦\ECS艾伯伦战役设定集\2第二章 职业"
"9 世设\艾伯伦\ECS艾伯伦战役设定集\2第二章 职业\武僧.htm","武僧.htm",".htm","5624","9 世设\艾伯伦\ECS艾伯伦战役设定集\2第二章 职业"
"9 世设\艾伯伦\ECS艾伯伦战役设定集\2第二章 职业\法师.htm","法师.htm",".htm","4998","9 世设\艾伯伦\ECS艾伯伦战役设定集\2第二章 职业"
"9 世设\艾伯伦\ECS艾伯伦战役设定集\2第二章 职业\游荡者.htm","游荡者.htm",".htm","5351","9 世设\艾伯伦\ECS艾伯伦战役设定集\2第二章 职业"
"9 世设\艾伯伦\ECS艾伯伦战役设定集\2第二章 职业\灵能职业.htm","灵能职业.htm",".htm","4667","9 世设\艾伯伦\ECS艾伯伦战役设定集\2第二章 职业"
"9 世设\艾伯伦\ECS艾伯伦战役设定集\2第二章 职业\牧师.htm","牧师.htm",".htm","9735","9 世设\艾伯伦\ECS艾伯伦战役设定集\2第二章 职业"
"9 世设\艾伯伦\ECS艾伯伦战役设定集\2第二章 职业\第二章.htm","第二章.htm",".htm","3318","9 世设\艾伯伦\ECS艾伯伦战役设定集\2第二章 职业"
"9 世设\艾伯伦\ECS艾伯伦战役设定集\2第二章 职业\野蛮人.htm","野蛮人.htm",".htm","4963","9 世设\艾伯伦\ECS艾伯伦战役设定集\2第二章 职业"
"9 世设\艾伯伦\ECS艾伯伦战役设定集\3第三章 英雄的特性\不朽评议会.htm","不朽评议会.htm",".htm","2844","9 世设\艾伯伦\ECS艾伯伦战役设定集\3第三章 英雄的特性"
"9 世设\艾伯伦\ECS艾伯伦战役设定集\3第三章 英雄的特性\专长.htm","专长.htm",".htm","49994","9 世设\艾伯伦\ECS艾伯伦战役设定集\3第三章 英雄的特性"
"9 世设\艾伯伦\ECS艾伯伦战役设定集\3第三章 英雄的特性\专长总览.htm","专长总览.htm",".htm","12438","9 世设\艾伯伦\ECS艾伯伦战役设定集\3第三章 英雄的特性"
"9 世设\艾伯伦\ECS艾伯伦战役设定集\3第三章 英雄的特性\使用潜能点.htm","使用潜能点.htm",".htm","2895","9 世设\艾伯伦\ECS艾伯伦战役设定集\3第三章 英雄的特性"
"9 世设\艾伯伦\ECS艾伯伦战役设定集\3第三章 英雄的特性\侦测龙纹.htm","侦测龙纹.htm",".htm","3406","9 世设\艾伯伦\ECS艾伯伦战役设定集\3第三章 英雄的特性"
"9 世设\艾伯伦\ECS艾伯伦战役设定集\3第三章 英雄的特性\光芒大道.htm","光芒大道.htm",".htm","2985","9 世设\艾伯伦\ECS艾伯伦战役设定集\3第三章 英雄的特性"
"9 世设\艾伯伦\ECS艾伯伦战役设定集\3第三章 英雄的特性\创造龙纹.htm","创造龙纹.htm",".htm","3403","9 世设\艾伯伦\ECS艾伯伦战役设定集\3第三章 英雄的特性"
"9 世设\艾伯伦\ECS艾伯伦战役设定集\3第三章 英雄的特性\医疗龙纹.htm","医疗龙纹.htm",".htm","3380","9 世设\艾伯伦\ECS艾伯伦战役设定集\3第三章 英雄的特性"
"9 世设\艾伯伦\ECS艾伯伦战役设定集\3第三章 英雄的特性\博得雷.htm","博得雷.htm",".htm","2788","9 世设\艾伯伦\ECS艾伯伦战役设定集\3第三章 英雄的特性"
"9 世设\艾伯伦\ECS艾伯伦战役设定集\3第三章 英雄的特性\吞噬.htm","吞噬.htm",".htm","2909","9 世设\艾伯伦\ECS艾伯伦战役设定集\3第三章 英雄的特性"
"9 世设\艾伯伦\ECS艾伯伦战役设定集\3第三章 英雄的特性\嘲弄.htm","嘲弄.htm",".htm","2888","9 世设\艾伯伦\ECS艾伯伦战役设定集\3第三章 英雄的特性"
"9 世设\艾伯伦\ECS艾伯伦战役设定集\3第三章 英雄的特性\天命诸神.htm","天命诸神.htm",".htm","2865","9 世设\艾伯伦\ECS艾伯伦战役设定集\3第三章 英雄的特性"
"9 世设\艾伯伦\ECS艾伯伦战役设定集\3第三章 英雄的特性\奥林.htm","奥林.htm",".htm","2809","9 世设\艾伯伦\ECS艾伯伦战役设定集\3第三章 英雄的特性"
"9 世设\艾伯伦\ECS艾伯伦战役设定集\3第三章 英雄的特性\守护龙纹.htm","守护龙纹.htm",".htm","3290","9 世设\艾伯伦\ECS艾伯伦战役设定集\3第三章 英雄的特性"
"9 世设\艾伯伦\ECS艾伯伦战役设定集\3第三章 英雄的特性\宗教.htm","宗教.htm",".htm","6514","9 世设\艾伯伦\ECS艾伯伦战役设定集\3第三章 英雄的特性"
"9 世设\艾伯伦\ECS艾伯伦战役设定集\3第三章 英雄的特性\寇·柯兰.htm","寇·柯兰.htm",".htm","2919","9 世设\艾伯伦\ECS艾伯伦战役设定集\3第三章 英雄的特性"
"9 世设\艾伯伦\ECS艾伯伦战役设定集\3第三章 英雄的特性\愤恨.htm","愤恨.htm",".htm","2737","9 世设\艾伯伦\ECS艾伯伦战役设定集\3第三章 英雄的特性"
"9 世设\艾伯伦\ECS艾伯伦战役设定集\3第三章 英雄的特性\技能.htm","技能.htm",".htm","9595","9 世设\艾伯伦\ECS艾伯伦战役设定集\3第三章 英雄的特性"
"9 世设\艾伯伦\ECS艾伯伦战役设定集\3第三章 英雄的特性\抄录龙纹.htm","抄录龙纹.htm",".htm","3527","9 世设\艾伯伦\ECS艾伯伦战役设定集\3第三章 英雄的特性"
"9 世设\艾伯伦\ECS艾伯伦战役设定集\3第三章 英雄的特性\招待龙纹.htm","招待龙纹.htm",".htm","3359","9 世设\艾伯伦\ECS艾伯伦战役设定集\3第三章 英雄的特性"
"9 世设\艾伯伦\ECS艾伯伦战役设定集\3第三章 英雄的特性\探索龙纹.htm","探索龙纹.htm",".htm","3458","9 世设\艾伯伦\ECS艾伯伦战役设定集\3第三章 英雄的特性"
"9 世设\艾伯伦\ECS艾伯伦战役设定集\3第三章 英雄的特性\旅者.htm","旅者.htm",".htm","2889","9 世设\艾伯伦\ECS艾伯伦战役设定集\3第三章 英雄的特性"
"9 世设\艾伯伦\ECS艾伯伦战役设定集\3第三章 英雄的特性\昂那塔.htm","昂那塔.htm",".htm","2885","9 世设\艾伯伦\ECS艾伯伦战役设定集\3第三章 英雄的特性"
"9 世设\艾伯伦\ECS艾伯伦战役设定集\3第三章 英雄的特性\暴风龙纹.htm","暴风龙纹.htm",".htm","3618","9 世设\艾伯伦\ECS艾伯伦战役设定集\3第三章 英雄的特性"
"9 世设\艾伯伦\ECS艾伯伦战役设定集\3第三章 英雄的特性\杜·哈拉(DolArrah).htm","杜·哈拉(DolArrah).htm",".htm","2972","9 世设\艾伯伦\ECS艾伯伦战役设定集\3第三章 英雄的特性"
"9 世设\艾伯伦\ECS艾伯伦战役设定集\3第三章 英雄的特性\杜·顿恩.htm","杜·顿恩.htm",".htm","2855","9 世设\艾伯伦\ECS艾伯伦战役设定集\3第三章 英雄的特性"
"9 世设\艾伯伦\ECS艾伯伦战役设定集\3第三章 英雄的特性\欧拉卓.htm","欧拉卓.htm",".htm","2852","9 世设\艾伯伦\ECS艾伯伦战役设定集\3第三章 英雄的特性"
"9 世设\艾伯伦\ECS艾伯伦战役设定集\3第三章 英雄的特性\沃尔之血.htm","沃尔之血.htm",".htm","3155","9 世设\艾伯伦\ECS艾伯伦战役设定集\3第三章 英雄的特性"
"9 世设\艾伯伦\ECS艾伯伦战役设定集\3第三章 英雄的特性\潜能点.htm","潜能点.htm",".htm","5669","9 世设\艾伯伦\ECS艾伯伦战役设定集\3第三章 英雄的特性"
"9 世设\艾伯伦\ECS艾伯伦战役设定集\3第三章 英雄的特性\特殊动作.htm","特殊动作.htm",".htm","3369","9 世设\艾伯伦\ECS艾伯伦战役设定集\3第三章 英雄的特性"
"9 世设\艾伯伦\ECS艾伯伦战役设定集\3第三章 英雄的特性\畜牧龙纹.htm","畜牧龙纹.htm",".htm","3355","9 世设\艾伯伦\ECS艾伯伦战役设定集\3第三章 英雄的特性"
"9 世设\艾伯伦\ECS艾伯伦战役设定集\3第三章 英雄的特性\监守.htm","监守.htm",".htm","2879","9 世设\艾伯伦\ECS艾伯伦战役设定集\3第三章 英雄的特性"
"9 世设\艾伯伦\ECS艾伯伦战役设定集\3第三章 英雄的特性\第三章.htm","第三章.htm",".htm","2844","9 世设\艾伯伦\ECS艾伯伦战役设定集\3第三章 英雄的特性"
"9 世设\艾伯伦\ECS艾伯伦战役设定集\3第三章 英雄的特性\警戒龙纹.htm","警戒龙纹.htm",".htm","3297","9 世设\艾伯伦\ECS艾伯伦战役设定集\3第三章 英雄的特性"
"9 世设\艾伯伦\ECS艾伯伦战役设定集\3第三章 英雄的特性\通行龙纹.htm","通行龙纹.htm",".htm","3479","9 世设\艾伯伦\ECS艾伯伦战役设定集\3第三章 英雄的特性"
"9 世设\艾伯伦\ECS艾伯伦战役设定集\3第三章 英雄的特性\银焰.htm","银焰.htm",".htm","2882","9 世设\艾伯伦\ECS艾伯伦战役设定集\3第三章 英雄的特性"
"9 世设\艾伯伦\ECS艾伯伦战役设定集\3第三章 英雄的特性\阴影.htm","阴影.htm",".htm","2829","9 世设\艾伯伦\ECS艾伯伦战役设定集\3第三章 英雄的特性"
"9 世设\艾伯伦\ECS艾伯伦战役设定集\3第三章 英雄的特性\阴影龙纹.htm","阴影龙纹.htm",".htm","3710","9 世设\艾伯伦\ECS艾伯伦战役设定集\3第三章 英雄的特性"
"9 世设\艾伯伦\ECS艾伯伦战役设定集\3第三章 英雄的特性\阿拉瓦依.htm","阿拉瓦依.htm",".htm","2961","9 世设\艾伯伦\ECS艾伯伦战役设定集\3第三章 英雄的特性"
"9 世设\艾伯伦\ECS艾伯伦战役设定集\3第三章 英雄的特性\黄泉巨龙会.htm","黄泉巨龙会.htm",".htm","3042","9 世设\艾伯伦\ECS艾伯伦战役设定集\3第三章 英雄的特性"
"9 世设\艾伯伦\ECS艾伯伦战役设定集\3第三章 英雄的特性\黑暗六邪神.htm","黑暗六邪神.htm",".htm","2925","9 世设\艾伯伦\ECS艾伯伦战役设定集\3第三章 英雄的特性"
"9 世设\艾伯伦\ECS艾伯伦战役设定集\3第三章 英雄的特性\龙纹.htm","龙纹.htm",".htm","6094","9 世设\艾伯伦\ECS艾伯伦战役设定集\3第三章 英雄的特性"
"9 世设\艾伯伦\ECS艾伯伦战役设定集\4第四章 进阶职业\兽化师.htm","兽化师.htm",".htm","11665","9 世设\艾伯伦\ECS艾伯伦战役设定集\4第四章 进阶职业"
"9 世设\艾伯伦\ECS艾伯伦战役设定集\4第四章 进阶职业\埃鲁登游侠.htm","埃鲁登游侠.htm",".htm","13684","9 世设\艾伯伦\ECS艾伯伦战役设定集\4第四章 进阶职业"
"9 世设\艾伯伦\ECS艾伯伦战役设定集\4第四章 进阶职业\极限探险家.htm","极限探险家.htm",".htm","9936","9 世设\艾伯伦\ECS艾伯伦战役设定集\4第四章 进阶职业"
"9 世设\艾伯伦\ECS艾伯伦战役设定集\4第四章 进阶职业\西伯瑞斯后裔.htm","西伯瑞斯后裔.htm",".htm","8099","9 世设\艾伯伦\ECS艾伯伦战役设定集\4第四章 进阶职业"
"9 世设\艾伯伦\ECS艾伯伦战役设定集\4第四章 进阶职业\调查专员.htm","调查专员.htm",".htm","8780","9 世设\艾伯伦\ECS艾伯伦战役设定集\4第四章 进阶职业"
"9 世设\艾伯伦\ECS艾伯伦战役设定集\4第四章 进阶职业\进阶职业.htm","进阶职业.htm",".htm","5324","9 世设\艾伯伦\ECS艾伯伦战役设定集\4第四章 进阶职业"
"9 世设\艾伯伦\ECS艾伯伦战役设定集\4第四章 进阶职业\金刚战俑.htm","金刚战俑.htm",".htm","8632","9 世设\艾伯伦\ECS艾伯伦战役设定集\4第四章 进阶职业"
"9 世设\艾伯伦\ECS艾伯伦战役设定集\4第四章 进阶职业\银焰驱魔使.htm","银焰驱魔使.htm",".htm","11638","9 世设\艾伯伦\ECS艾伯伦战役设定集\4第四章 进阶职业"
"9 世设\艾伯伦\ECS艾伯伦战役设定集\4第四章 进阶职业\龙纹后裔.htm","龙纹后裔.htm",".htm","6946","9 世设\艾伯伦\ECS艾伯伦战役设定集\4第四章 进阶职业"
"9 世设\艾伯伦\ECS艾伯伦战役设定集\5第五章 魔法\世界中的魔法.htm","世界中的魔法.htm",".htm","10447","9 世设\艾伯伦\ECS艾伯伦战役设定集\5第五章 魔法"
"9 世设\艾伯伦\ECS艾伯伦战役设定集\5第五章 魔法\新德鲁伊.htm","新德鲁伊.htm",".htm","5440","9 世设\艾伯伦\ECS艾伯伦战役设定集\5第五章 魔法"
"9 世设\艾伯伦\ECS艾伯伦战役设定集\5第五章 魔法\新术士法师法术列表.htm","新术士法师法术列表.htm",".htm","7049","9 世设\艾伯伦\ECS艾伯伦战役设定集\5第五章 魔法"
"9 世设\艾伯伦\ECS艾伯伦战役设定集\5第五章 魔法\本章介绍.htm","本章介绍.htm",".htm","2743","9 世设\艾伯伦\ECS艾伯伦战役设定集\5第五章 魔法"
"9 世设\艾伯伦\ECS艾伯伦战役设定集\5第五章 魔法\辅助施法材料.htm","辅助施法材料.htm",".htm","7774","9 世设\艾伯伦\ECS艾伯伦战役设定集\5第五章 魔法"
"9 世设\艾伯伦\ECS艾伯伦战役设定集\5第五章 魔法\魔法概述.htm","魔法概述.htm",".htm","2779","9 世设\艾伯伦\ECS艾伯伦战役设定集\5第五章 魔法"
"9 世设\艾伯伦\ECS艾伯伦战役设定集\5第五章 魔法\龙晶.htm","龙晶.htm",".htm","3452","9 世设\艾伯伦\ECS艾伯伦战役设定集\5第五章 魔法"
"9 世设\艾伯伦\ECS艾伯伦战役设定集\5第五章 魔法\A-Z\A-D.htm","A-D.htm",".htm","15832","9 世设\艾伯伦\ECS艾伯伦战役设定集\5第五章 魔法\A-Z"
"9 世设\艾伯伦\ECS艾伯伦战役设定集\5第五章 魔法\A-Z\E-H.htm","E-H.htm",".htm","11524","9 世设\艾伯伦\ECS艾伯伦战役设定集\5第五章 魔法\A-Z"
"9 世设\艾伯伦\ECS艾伯伦战役设定集\5第五章 魔法\A-Z\I-M.htm","I-M.htm",".htm","11828","9 世设\艾伯伦\ECS艾伯伦战役设定集\5第五章 魔法\A-Z"
"9 世设\艾伯伦\ECS艾伯伦战役设定集\5第五章 魔法\A-Z\N-S.htm","N-S.htm",".htm","15936","9 世设\艾伯伦\ECS艾伯伦战役设定集\5第五章 魔法\A-Z"
"9 世设\艾伯伦\ECS艾伯伦战役设定集\5第五章 魔法\A-Z\S补充.htm","S补充.htm",".htm","10144","9 世设\艾伯伦\ECS艾伯伦战役设定集\5第五章 魔法\A-Z"
"9 世设\艾伯伦\ECS艾伯伦战役设定集\5第五章 魔法\A-Z\T-Z.htm","T-Z.htm",".htm","12079","9 世设\艾伯伦\ECS艾伯伦战役设定集\5第五章 魔法\A-Z"
"9 世设\艾伯伦\ECS艾伯伦战役设定集\5第五章 魔法\法术\机关术士机关术.htm","机关术士机关术.htm",".htm","8411","9 世设\艾伯伦\ECS艾伯伦战役设定集\5第五章 魔法\法术"
"9 世设\艾伯伦\ECS艾伯伦战役设定集\5第五章 魔法\法术\法术.htm","法术.htm",".htm","3469","9 世设\艾伯伦\ECS艾伯伦战役设定集\5第五章 魔法\法术"
"9 世设\艾伯伦\ECS艾伯伦战役设定集\5第五章 魔法\法术\神术与领域\天气领域.htm","天气领域.htm",".htm","6863","9 世设\艾伯伦\ECS艾伯伦战役设定集\5第五章 魔法\法术\神术与领域"
"9 世设\艾伯伦\ECS艾伯伦战役设定集\5第五章 魔法\法术\神术与领域\工匠领域.htm","工匠领域.htm",".htm","5378","9 世设\艾伯伦\ECS艾伯伦战役设定集\5第五章 魔法\法术\神术与领域"
"9 世设\艾伯伦\ECS艾伯伦战役设定集\5第五章 魔法\法术\神术与领域\混乱领域.htm","混乱领域.htm",".htm","4944","9 世设\艾伯伦\ECS艾伯伦战役设定集\5第五章 魔法\法术\神术与领域"
"9 世设\艾伯伦\ECS艾伯伦战役设定集\5第五章 魔法\法术\神术与领域\牧师领域.htm","牧师领域.htm",".htm","3461","9 世设\艾伯伦\ECS艾伯伦战役设定集\5第五章 魔法\法术\神术与领域"
"9 世设\艾伯伦\ECS艾伯伦战役设定集\5第五章 魔法\法术\神术与领域\神祇领域.htm","神祇领域.htm",".htm","14641","9 世设\艾伯伦\ECS艾伯伦战役设定集\5第五章 魔法\法术\神术与领域"
"9 世设\艾伯伦\ECS艾伯伦战役设定集\5第五章 魔法\法术\神术与领域\筵席领域.htm","筵席领域.htm",".htm","15056","9 世设\艾伯伦\ECS艾伯伦战役设定集\5第五章 魔法\法术\神术与领域"
"9 世设\艾伯伦\ECS艾伯伦战役设定集\5第五章 魔法\艾伯伦的异界生物\同调天族.htm","同调天族.htm",".htm","4544","9 世设\艾伯伦\ECS艾伯伦战役设定集\5第五章 魔法\艾伯伦的异界生物"
"9 世设\艾伯伦\ECS艾伯伦战役设定集\5第五章 魔法\艾伯伦的异界生物\艾伯伦的异界生物.htm","艾伯伦的异界生物.htm",".htm","4139","9 世设\艾伯伦\ECS艾伯伦战役设定集\5第五章 魔法\艾伯伦的异界生物"
"9 世设\艾伯伦\ECS艾伯伦战役设定集\5第五章 魔法\艾伯伦的异界生物\附身物品.htm","附身物品.htm",".htm","7258","9 世设\艾伯伦\ECS艾伯伦战役设定集\5第五章 魔法\艾伯伦的异界生物"
"9 世设\艾伯伦\ECS艾伯伦战役设定集\5第五章 魔法\艾伯伦的异界生物\附身生物.htm","附身生物.htm",".htm","7804","9 世设\艾伯伦\ECS艾伯伦战役设定集\5第五章 魔法\艾伯伦的异界生物"
"9 世设\艾伯伦\ECS艾伯伦战役设定集\5第五章 魔法\艾伯伦的异界生物\魔物附身.htm","魔物附身.htm",".htm","3832","9 世设\艾伯伦\ECS艾伯伦战役设定集\5第五章 魔法\艾伯伦的异界生物"
"9 世设\艾伯伦\ECS艾伯伦战役设定集\5第五章 魔法\诸位面\伊瑞安.htm","伊瑞安.htm",".htm","3922","9 世设\艾伯伦\ECS艾伯伦战役设定集\5第五章 魔法\诸位面"
"9 世设\艾伯伦\ECS艾伯伦战役设定集\5第五章 魔法\诸位面\奇斯瑞.htm","奇斯瑞.htm",".htm","4233","9 世设\艾伯伦\ECS艾伯伦战役设定集\5第五章 魔法\诸位面"
"9 世设\艾伯伦\ECS艾伯伦战役设定集\5第五章 魔法\诸位面\拉玛尼亚.htm","拉玛尼亚.htm",".htm","4888","9 世设\艾伯伦\ECS艾伯伦战役设定集\5第五章 魔法\诸位面"
"9 世设\艾伯伦\ECS艾伯伦战役设定集\5第五章 魔法\诸位面\撒法拉斯.htm","撒法拉斯.htm",".htm","5881","9 世设\艾伯伦\ECS艾伯伦战役设定集\5第五章 魔法\诸位面"
"9 世设\艾伯伦\ECS艾伯伦战役设定集\5第五章 魔法\诸位面\显能区域.htm","显能区域.htm",".htm","3987","9 世设\艾伯伦\ECS艾伯伦战役设定集\5第五章 魔法\诸位面"
"9 世设\艾伯伦\ECS艾伯伦战役设定集\5第五章 魔法\诸位面\杜鲁尔.htm","杜鲁尔.htm",".htm","5873","9 世设\艾伯伦\ECS艾伯伦战役设定集\5第五章 魔法\诸位面"
"9 世设\艾伯伦\ECS艾伯伦战役设定集\5第五章 魔法\诸位面\玛伯尔.htm","玛伯尔.htm",".htm","4544","9 世设\艾伯伦\ECS艾伯伦战役设定集\5第五章 魔法\诸位面"
"9 世设\艾伯伦\ECS艾伯伦战役设定集\5第五章 魔法\诸位面\瑞西亚.htm","瑞西亚.htm",".htm","5166","9 世设\艾伯伦\ECS艾伯伦战役设定集\5第五章 魔法\诸位面"
"9 世设\艾伯伦\ECS艾伯伦战役设定集\5第五章 魔法\诸位面\瑟兰尼斯.htm","瑟兰尼斯.htm",".htm","5175","9 世设\艾伯伦\ECS艾伯伦战役设定集\5第五章 魔法\诸位面"
"9 世设\艾伯伦\ECS艾伯伦战役设定集\5第五章 魔法\诸位面\瑟瑞奥特.htm","瑟瑞奥特.htm",".htm","5208","9 世设\艾伯伦\ECS艾伯伦战役设定集\5第五章 魔法\诸位面"
"9 世设\艾伯伦\ECS艾伯伦战役设定集\5第五章 魔法\诸位面\西拉尼亚.htm","西拉尼亚.htm",".htm","4513","9 世设\艾伯伦\ECS艾伯伦战役设定集\5第五章 魔法\诸位面"
"9 世设\艾伯伦\ECS艾伯伦战役设定集\5第五章 魔法\诸位面\诸位面.htm","诸位面.htm",".htm","6941","9 世设\艾伯伦\ECS艾伯伦战役设定集\5第五章 魔法\诸位面"
"9 世设\艾伯伦\ECS艾伯伦战役设定集\5第五章 魔法\诸位面\费尼亚.htm","费尼亚.htm",".htm","5167","9 世设\艾伯伦\ECS艾伯伦战役设定集\5第五章 魔法\诸位面"
"9 世设\艾伯伦\ECS艾伯伦战役设定集\5第五章 魔法\诸位面\达·库尔.htm","达·库尔.htm",".htm","4328","9 世设\艾伯伦\ECS艾伯伦战役设定集\5第五章 魔法\诸位面"
"9 世设\艾伯伦\ECS艾伯伦战役设定集\5第五章 魔法\诸位面\达安维.htm","达安维.htm",".htm","4305","9 世设\艾伯伦\ECS艾伯伦战役设定集\5第五章 魔法\诸位面"
"9 世设\艾伯伦\ECS艾伯伦战役设定集\6第六章 冒险装备\施法和服务.htm","施法和服务.htm",".htm","8142","9 世设\艾伯伦\ECS艾伯伦战役设定集\6第六章 冒险装备"
"9 世设\艾伯伦\ECS艾伯伦战役设定集\6第六章 冒险装备\武器.htm","武器.htm",".htm","9049","9 世设\艾伯伦\ECS艾伯伦战役设定集\6第六章 冒险装备"
"9 世设\艾伯伦\ECS艾伯伦战役设定集\6第六章 冒险装备\特殊材料.htm","特殊材料.htm",".htm","12452","9 世设\艾伯伦\ECS艾伯伦战役设定集\6第六章 冒险装备"
"9 世设\艾伯伦\ECS艾伯伦战役设定集\6第六章 冒险装备\盔甲.htm","盔甲.htm",".htm","6901","9 世设\艾伯伦\ECS艾伯伦战役设定集\6第六章 冒险装备"
"9 世设\艾伯伦\ECS艾伯伦战役设定集\6第六章 冒险装备\艾伯伦商品与服务.htm","艾伯伦商品与服务.htm",".htm","13684","9 世设\艾伯伦\ECS艾伯伦战役设定集\6第六章 冒险装备"
"9 世设\艾伯伦\ECS艾伯伦战役设定集\6第六章 冒险装备\装备.htm","装备.htm",".htm","3860","9 世设\艾伯伦\ECS艾伯伦战役设定集\6第六章 冒险装备"
"9 世设\艾伯伦\ECS艾伯伦战役设定集\7第七章 世界众生貌\世界历史\世界历史.htm","世界历史.htm",".htm","33588","9 世设\艾伯伦\ECS艾伯伦战役设定集\7第七章 世界众生貌\世界历史"
"9 世设\艾伯伦\ECS艾伯伦战役设定集\7第七章 世界众生貌\前言\世界概览.htm","世界概览.htm",".htm","4240","9 世设\艾伯伦\ECS艾伯伦战役设定集\7第七章 世界众生貌\前言"
"9 世设\艾伯伦\ECS艾伯伦战役设定集\7第七章 世界众生貌\卓姆\主要聚居地.htm","主要聚居地.htm",".htm","5747","9 世设\艾伯伦\ECS艾伯伦战役设定集\7第七章 世界众生貌\卓姆"
"9 世设\艾伯伦\ECS艾伯伦战役设定集\7第七章 世界众生貌\卓姆\产业.htm","产业.htm",".htm","3287","9 世设\艾伯伦\ECS艾伯伦战役设定集\7第七章 世界众生貌\卓姆"
"9 世设\艾伯伦\ECS艾伯伦战役设定集\7第七章 世界众生貌\卓姆\冒险.htm","冒险.htm",".htm","4795","9 世设\艾伯伦\ECS艾伯伦战役设定集\7第七章 世界众生貌\卓姆"
"9 世设\艾伯伦\ECS艾伯伦战役设定集\7第七章 世界众生貌\卓姆\冒险话题.htm","冒险话题.htm",".htm","4184","9 世设\艾伯伦\ECS艾伯伦战役设定集\7第七章 世界众生貌\卓姆"
"9 世设\艾伯伦\ECS艾伯伦战役设定集\7第七章 世界众生貌\卓姆\卓姆.htm","卓姆.htm",".htm","5717","9 世设\艾伯伦\ECS艾伯伦战役设定集\7第七章 世界众生貌\卓姆"
"9 世设\艾伯伦\ECS艾伯伦战役设定集\7第七章 世界众生貌\卓姆\宗教.htm","宗教.htm",".htm","2985","9 世设\艾伯伦\ECS艾伯伦战役设定集\7第七章 世界众生貌\卓姆"
"9 世设\艾伯伦\ECS艾伯伦战役设定集\7第七章 世界众生貌\卓姆\政治.htm","政治.htm",".htm","3499","9 世设\艾伯伦\ECS艾伯伦战役设定集\7第七章 世界众生貌\卓姆"
"9 世设\艾伯伦\ECS艾伯伦战役设定集\7第七章 世界众生貌\卓姆\社会人文.htm","社会人文.htm",".htm","4216","9 世设\艾伯伦\ECS艾伯伦战役设定集\7第七章 世界众生貌\卓姆"
"9 世设\艾伯伦\ECS艾伯伦战役设定集\7第七章 世界众生貌\卓姆\组织.htm","组织.htm",".htm","10744","9 世设\艾伯伦\ECS艾伯伦战役设定集\7第七章 世界众生貌\卓姆"
"9 世设\艾伯伦\ECS艾伯伦战役设定集\7第七章 世界众生貌\卓姆\重要地点.htm","重要地点.htm",".htm","3862","9 世设\艾伯伦\ECS艾伯伦战役设定集\7第七章 世界众生貌\卓姆"
"9 世设\艾伯伦\ECS艾伯伦战役设定集\7第七章 世界众生貌\吉拉哥\主要集聚地.htm","主要集聚地.htm",".htm","8060","9 世设\艾伯伦\ECS艾伯伦战役设定集\7第七章 世界众生貌\吉拉哥"
"9 世设\艾伯伦\ECS艾伯伦战役设定集\7第七章 世界众生貌\吉拉哥\产业.htm","产业.htm",".htm","6230","9 世设\艾伯伦\ECS艾伯伦战役设定集\7第七章 世界众生貌\吉拉哥"
"9 世设\艾伯伦\ECS艾伯伦战役设定集\7第七章 世界众生貌\吉拉哥\冒险.htm","冒险.htm",".htm","5908","9 世设\艾伯伦\ECS艾伯伦战役设定集\7第七章 世界众生貌\吉拉哥"
"9 世设\艾伯伦\ECS艾伯伦战役设定集\7第七章 世界众生貌\吉拉哥\冒险话题.htm","冒险话题.htm",".htm","4485","9 世设\艾伯伦\ECS艾伯伦战役设定集\7第七章 世界众生貌\吉拉哥"
"9 世设\艾伯伦\ECS艾伯伦战役设定集\7第七章 世界众生貌\吉拉哥\吉拉哥.htm","吉拉哥.htm",".htm","6841","9 世设\艾伯伦\ECS艾伯伦战役设定集\7第七章 世界众生貌\吉拉哥"
"9 世设\艾伯伦\ECS艾伯伦战役设定集\7第七章 世界众生貌\吉拉哥\宗教.htm","宗教.htm",".htm","5304","9 世设\艾伯伦\ECS艾伯伦战役设定集\7第七章 世界众生貌\吉拉哥"
"9 世设\艾伯伦\ECS艾伯伦战役设定集\7第七章 世界众生貌\吉拉哥\政治.htm","政治.htm",".htm","5907","9 世设\艾伯伦\ECS艾伯伦战役设定集\7第七章 世界众生貌\吉拉哥"
"9 世设\艾伯伦\ECS艾伯伦战役设定集\7第七章 世界众生貌\吉拉哥\社会人文.htm","社会人文.htm",".htm","6335","9 世设\艾伯伦\ECS艾伯伦战役设定集\7第七章 世界众生貌\吉拉哥"
"9 世设\艾伯伦\ECS艾伯伦战役设定集\7第七章 世界众生貌\吉拉哥\组织.htm","组织.htm",".htm","7827","9 世设\艾伯伦\ECS艾伯伦战役设定集\7第七章 世界众生貌\吉拉哥"
"9 世设\艾伯伦\ECS艾伯伦战役设定集\7第七章 世界众生貌\吉拉哥\重要地点.htm","重要地点.htm",".htm","4778","9 世设\艾伯伦\ECS艾伯伦战役设定集\7第七章 世界众生貌\吉拉哥"
"9 世设\艾伯伦\ECS艾伯伦战役设定集\7第七章 世界众生貌\哀伤故地\主要城市.htm","主要城市.htm",".htm","4416","9 世设\艾伯伦\ECS艾伯伦战役设定集\7第七章 世界众生貌\哀伤故地"
"9 世设\艾伯伦\ECS艾伯伦战役设定集\7第七章 世界众生貌\哀伤故地\产业.htm","产业.htm",".htm","2960","9 世设\艾伯伦\ECS艾伯伦战役设定集\7第七章 世界众生貌\哀伤故地"
"9 世设\艾伯伦\ECS艾伯伦战役设定集\7第七章 世界众生貌\哀伤故地\冒险.htm","冒险.htm",".htm","3320","9 世设\艾伯伦\ECS艾伯伦战役设定集\7第七章 世界众生貌\哀伤故地"
"9 世设\艾伯伦\ECS艾伯伦战役设定集\7第七章 世界众生貌\哀伤故地\冒险话题.htm","冒险话题.htm",".htm","4012","9 世设\艾伯伦\ECS艾伯伦战役设定集\7第七章 世界众生貌\哀伤故地"
"9 世设\艾伯伦\ECS艾伯伦战役设定集\7第七章 世界众生貌\哀伤故地\哀伤故地.htm","哀伤故地.htm",".htm","4606","9 世设\艾伯伦\ECS艾伯伦战役设定集\7第七章 世界众生貌\哀伤故地"
"9 世设\艾伯伦\ECS艾伯伦战役设定集\7第七章 世界众生貌\哀伤故地\宗教.htm","宗教.htm",".htm","2964","9 世设\艾伯伦\ECS艾伯伦战役设定集\7第七章 世界众生貌\哀伤故地"
"9 世设\艾伯伦\ECS艾伯伦战役设定集\7第七章 世界众生貌\哀伤故地\政治.htm","政治.htm",".htm","3582","9 世设\艾伯伦\ECS艾伯伦战役设定集\7第七章 世界众生貌\哀伤故地"
"9 世设\艾伯伦\ECS艾伯伦战役设定集\7第七章 世界众生貌\哀伤故地\社会人文.htm","社会人文.htm",".htm","3934","9 世设\艾伯伦\ECS艾伯伦战役设定集\7第七章 世界众生貌\哀伤故地"
"9 世设\艾伯伦\ECS艾伯伦战役设定集\7第七章 世界众生貌\哀伤故地\组织.htm","组织.htm",".htm","5356","9 世设\艾伯伦\ECS艾伯伦战役设定集\7第七章 世界众生貌\哀伤故地"
"9 世设\艾伯伦\ECS艾伯伦战役设定集\7第七章 世界众生貌\哀伤故地\重要地点.htm","重要地点.htm",".htm","5713","9 世设\艾伯伦\ECS艾伯伦战役设定集\7第七章 世界众生貌\哀伤故地"
"9 世设\艾伯伦\ECS艾伯伦战役设定集\7第七章 世界众生貌\坎纳斯\主要聚集地.htm","主要聚集地.htm",".htm","7580","9 世设\艾伯伦\ECS艾伯伦战役设定集\7第七章 世界众生貌\坎纳斯"
"9 世设\艾伯伦\ECS艾伯伦战役设定集\7第七章 世界众生貌\坎纳斯\产业.htm","产业.htm",".htm","3781","9 世设\艾伯伦\ECS艾伯伦战役设定集\7第七章 世界众生貌\坎纳斯"
"9 世设\艾伯伦\ECS艾伯伦战役设定集\7第七章 世界众生貌\坎纳斯\冒险.htm","冒险.htm",".htm","3921","9 世设\艾伯伦\ECS艾伯伦战役设定集\7第七章 世界众生貌\坎纳斯"
"9 世设\艾伯伦\ECS艾伯伦战役设定集\7第七章 世界众生貌\坎纳斯\冒险话题.htm","冒险话题.htm",".htm","3610","9 世设\艾伯伦\ECS艾伯伦战役设定集\7第七章 世界众生貌\坎纳斯"
"9 世设\艾伯伦\ECS艾伯伦战役设定集\7第七章 世界众生貌\坎纳斯\坎埃斯其人.htm","坎埃斯其人.htm",".htm","4502","9 世设\艾伯伦\ECS艾伯伦战役设定集\7第七章 世界众生貌\坎纳斯"
"9 世设\艾伯伦\ECS艾伯伦战役设定集\7第七章 世界众生貌\坎纳斯\坎纳斯.htm","坎纳斯.htm",".htm","5293","9 世设\艾伯伦\ECS艾伯伦战役设定集\7第七章 世界众生貌\坎纳斯"
"9 世设\艾伯伦\ECS艾伯伦战役设定集\7第七章 世界众生貌\坎纳斯\宗教.htm","宗教.htm",".htm","3204","9 世设\艾伯伦\ECS艾伯伦战役设定集\7第七章 世界众生貌\坎纳斯"
"9 世设\艾伯伦\ECS艾伯伦战役设定集\7第七章 世界众生貌\坎纳斯\政治.htm","政治.htm",".htm","4167","9 世设\艾伯伦\ECS艾伯伦战役设定集\7第七章 世界众生貌\坎纳斯"
"9 世设\艾伯伦\ECS艾伯伦战役设定集\7第七章 世界众生貌\坎纳斯\王座堡.htm","王座堡.htm",".htm","3396","9 世设\艾伯伦\ECS艾伯伦战役设定集\7第七章 世界众生貌\坎纳斯"
"9 世设\艾伯伦\ECS艾伯伦战役设定集\7第七章 世界众生貌\坎纳斯\社会人文.htm","社会人文.htm",".htm","4844","9 世设\艾伯伦\ECS艾伯伦战役设定集\7第七章 世界众生貌\坎纳斯"
"9 世设\艾伯伦\ECS艾伯伦战役设定集\7第七章 世界众生貌\坎纳斯\组织.htm","组织.htm",".htm","8507","9 世设\艾伯伦\ECS艾伯伦战役设定集\7第七章 世界众生貌\坎纳斯"
"9 世设\艾伯伦\ECS艾伯伦战役设定集\7第七章 世界众生貌\坎纳斯\重要地点.htm","重要地点.htm",".htm","5134","9 世设\艾伯伦\ECS艾伯伦战役设定集\7第七章 世界众生貌\坎纳斯"
"9 世设\艾伯伦\ECS艾伯伦战役设定集\7第七章 世界众生貌\埃鲁登平原\主要城市.htm","主要城市.htm",".htm","6547","9 世设\艾伯伦\ECS艾伯伦战役设定集\7第七章 世界众生貌\埃鲁登平原"
"9 世设\艾伯伦\ECS艾伯伦战役设定集\7第七章 世界众生貌\埃鲁登平原\产业.htm","产业.htm",".htm","3839","9 世设\艾伯伦\ECS艾伯伦战役设定集\7第七章 世界众生貌\埃鲁登平原"
"9 世设\艾伯伦\ECS艾伯伦战役设定集\7第七章 世界众生貌\埃鲁登平原\冒险.htm","冒险.htm",".htm","3985","9 世设\艾伯伦\ECS艾伯伦战役设定集\7第七章 世界众生貌\埃鲁登平原"
"9 世设\艾伯伦\ECS艾伯伦战役设定集\7第七章 世界众生貌\埃鲁登平原\冒险话题.htm","冒险话题.htm",".htm","4305","9 世设\艾伯伦\ECS艾伯伦战役设定集\7第七章 世界众生貌\埃鲁登平原"
"9 世设\艾伯伦\ECS艾伯伦战役设定集\7第七章 世界众生貌\埃鲁登平原\埃鲁登原野.htm","埃鲁登原野.htm",".htm","5722","9 世设\艾伯伦\ECS艾伯伦战役设定集\7第七章 世界众生貌\埃鲁登平原"
"9 世设\艾伯伦\ECS艾伯伦战役设定集\7第七章 世界众生貌\埃鲁登平原\宗教.htm","宗教.htm",".htm","3319","9 世设\艾伯伦\ECS艾伯伦战役设定集\7第七章 世界众生貌\埃鲁登平原"
"9 世设\艾伯伦\ECS艾伯伦战役设定集\7第七章 世界众生貌\埃鲁登平原\政治.htm","政治.htm",".htm","3502","9 世设\艾伯伦\ECS艾伯伦战役设定集\7第七章 世界众生貌\埃鲁登平原"
"9 世设\艾伯伦\ECS艾伯伦战役设定集\7第七章 世界众生貌\埃鲁登平原\社会人文.htm","社会人文.htm",".htm","4462","9 世设\艾伯伦\ECS艾伯伦战役设定集\7第七章 世界众生貌\埃鲁登平原"
"9 世设\艾伯伦\ECS艾伯伦战役设定集\7第七章 世界众生貌\埃鲁登平原\组织.htm","组织.htm",".htm","4961","9 世设\艾伯伦\ECS艾伯伦战役设定集\7第七章 世界众生貌\埃鲁登平原"
"9 世设\艾伯伦\ECS艾伯伦战役设定集\7第七章 世界众生貌\埃鲁登平原\重要地点.htm","重要地点.htm",".htm","5707","9 世设\艾伯伦\ECS艾伯伦战役设定集\7第七章 世界众生貌\埃鲁登平原"
"9 世设\艾伯伦\ECS艾伯伦战役设定集\7第七章 世界众生貌\塔拉塔平原\主要集聚地.htm","主要集聚地.htm",".htm","5651","9 世设\艾伯伦\ECS艾伯伦战役设定集\7第七章 世界众生貌\塔拉塔平原"
"9 世设\艾伯伦\ECS艾伯伦战役设定集\7第七章 世界众生貌\塔拉塔平原\产业.htm","产业.htm",".htm","5543","9 世设\艾伯伦\ECS艾伯伦战役设定集\7第七章 世界众生貌\塔拉塔平原"
"9 世设\艾伯伦\ECS艾伯伦战役设定集\7第七章 世界众生貌\塔拉塔平原\冒险.htm","冒险.htm",".htm","4845","9 世设\艾伯伦\ECS艾伯伦战役设定集\7第七章 世界众生貌\塔拉塔平原"
"9 世设\艾伯伦\ECS艾伯伦战役设定集\7第七章 世界众生貌\塔拉塔平原\冒险话题.htm","冒险话题.htm",".htm","5649","9 世设\艾伯伦\ECS艾伯伦战役设定集\7第七章 世界众生貌\塔拉塔平原"
"9 世设\艾伯伦\ECS艾伯伦战役设定集\7第七章 世界众生貌\塔拉塔平原\塔兰塔平原.htm","塔兰塔平原.htm",".htm","18837","9 世设\艾伯伦\ECS艾伯伦战役设定集\7第七章 世界众生貌\塔拉塔平原"
"9 世设\艾伯伦\ECS艾伯伦战役设定集\7第七章 世界众生貌\塔拉塔平原\宗教.htm","宗教.htm",".htm","4156","9 世设\艾伯伦\ECS艾伯伦战役设定集\7第七章 世界众生貌\塔拉塔平原"
"9 世设\艾伯伦\ECS艾伯伦战役设定集\7第七章 世界众生貌\塔拉塔平原\政治.htm","政治.htm",".htm","7410","9 世设\艾伯伦\ECS艾伯伦战役设定集\7第七章 世界众生貌\塔拉塔平原"
"9 世设\艾伯伦\ECS艾伯伦战役设定集\7第七章 世界众生貌\塔拉塔平原\社会人文.htm","社会人文.htm",".htm","7803","9 世设\艾伯伦\ECS艾伯伦战役设定集\7第七章 世界众生貌\塔拉塔平原"
"9 世设\艾伯伦\ECS艾伯伦战役设定集\7第七章 世界众生貌\塔拉塔平原\组织.htm","组织.htm",".htm","12461","9 世设\艾伯伦\ECS艾伯伦战役设定集\7第七章 世界众生貌\塔拉塔平原"
"9 世设\艾伯伦\ECS艾伯伦战役设定集\7第七章 世界众生貌\塔拉塔平原\重要地点.htm","重要地点.htm",".htm","6788","9 世设\艾伯伦\ECS艾伯伦战役设定集\7第七章 世界众生貌\塔拉塔平原"
"9 世设\艾伯伦\ECS艾伯伦战役设定集\7第七章 世界众生貌\夸巴拉\主要集聚地.htm","主要集聚地.htm",".htm","11892","9 世设\艾伯伦\ECS艾伯伦战役设定集\7第七章 世界众生貌\夸巴拉"
"9 世设\艾伯伦\ECS艾伯伦战役设定集\7第七章 世界众生貌\夸巴拉\产业.htm","产业.htm",".htm","4552","9 世设\艾伯伦\ECS艾伯伦战役设定集\7第七章 世界众生貌\夸巴拉"
"9 世设\艾伯伦\ECS艾伯伦战役设定集\7第七章 世界众生貌\夸巴拉\冒险.htm","冒险.htm",".htm","6546","9 世设\艾伯伦\ECS艾伯伦战役设定集\7第七章 世界众生貌\夸巴拉"
"9 世设\艾伯伦\ECS艾伯伦战役设定集\7第七章 世界众生貌\夸巴拉\冒险话题.htm","冒险话题.htm",".htm","7867","9 世设\艾伯伦\ECS艾伯伦战役设定集\7第七章 世界众生貌\夸巴拉"
"9 世设\艾伯伦\ECS艾伯伦战役设定集\7第七章 世界众生貌\夸巴拉\夸巴拉.htm","夸巴拉.htm",".htm","12872","9 世设\艾伯伦\ECS艾伯伦战役设定集\7第七章 世界众生貌\夸巴拉"
"9 世设\艾伯伦\ECS艾伯伦战役设定集\7第七章 世界众生貌\夸巴拉\宗教.htm","宗教.htm",".htm","4392","9 世设\艾伯伦\ECS艾伯伦战役设定集\7第七章 世界众生貌\夸巴拉"
"9 世设\艾伯伦\ECS艾伯伦战役设定集\7第七章 世界众生貌\夸巴拉\政治.htm","政治.htm",".htm","7118","9 世设\艾伯伦\ECS艾伯伦战役设定集\7第七章 世界众生貌\夸巴拉"
"9 世设\艾伯伦\ECS艾伯伦战役设定集\7第七章 世界众生貌\夸巴拉\社会人文.htm","社会人文.htm",".htm","7082","9 世设\艾伯伦\ECS艾伯伦战役设定集\7第七章 世界众生貌\夸巴拉"
"9 世设\艾伯伦\ECS艾伯伦战役设定集\7第七章 世界众生貌\夸巴拉\重要地点.htm","重要地点.htm",".htm","8231","9 世设\艾伯伦\ECS艾伯伦战役设定集\7第七章 世界众生貌\夸巴拉"
"9 世设\艾伯伦\ECS艾伯伦战役设定集\7第七章 世界众生貌\安黛尔\主要集聚地.htm","主要集聚地.htm",".htm","7575","9 世设\艾伯伦\ECS艾伯伦战役设定集\7第七章 世界众生貌\安黛尔"
"9 世设\艾伯伦\ECS艾伯伦战役设定集\7第七章 世界众生貌\安黛尔\冒险与冒险话题.htm","冒险与冒险话题.htm",".htm","6882","9 世设\艾伯伦\ECS艾伯伦战役设定集\7第七章 世界众生貌\安黛尔"
"9 世设\艾伯伦\ECS艾伯伦战役设定集\7第七章 世界众生貌\安黛尔\姓氏.htm","姓氏.htm",".htm","4578","9 世设\艾伯伦\ECS艾伯伦战役设定集\7第七章 世界众生貌\安黛尔"
"9 世设\艾伯伦\ECS艾伯伦战役设定集\7第七章 世界众生貌\安黛尔\安黛尔.htm","安黛尔.htm",".htm","5929","9 世设\艾伯伦\ECS艾伯伦战役设定集\7第七章 世界众生貌\安黛尔"
"9 世设\艾伯伦\ECS艾伯伦战役设定集\7第七章 世界众生貌\安黛尔\宗教.htm","宗教.htm",".htm","3204","9 世设\艾伯伦\ECS艾伯伦战役设定集\7第七章 世界众生貌\安黛尔"
"9 世设\艾伯伦\ECS艾伯伦战役设定集\7第七章 世界众生貌\安黛尔\工业.htm","工业.htm",".htm","3111","9 世设\艾伯伦\ECS艾伯伦战役设定集\7第七章 世界众生貌\安黛尔"
"9 世设\艾伯伦\ECS艾伯伦战役设定集\7第七章 世界众生貌\安黛尔\政治.htm","政治.htm",".htm","3376","9 世设\艾伯伦\ECS艾伯伦战役设定集\7第七章 世界众生貌\安黛尔"
"9 世设\艾伯伦\ECS艾伯伦战役设定集\7第七章 世界众生貌\安黛尔\社会人文.htm","社会人文.htm",".htm","4098","9 世设\艾伯伦\ECS艾伯伦战役设定集\7第七章 世界众生貌\安黛尔"
"9 世设\艾伯伦\ECS艾伯伦战役设定集\7第七章 世界众生貌\安黛尔\组织.htm","组织.htm",".htm","6005","9 世设\艾伯伦\ECS艾伯伦战役设定集\7第七章 世界众生貌\安黛尔"
"9 世设\艾伯伦\ECS艾伯伦战役设定集\7第七章 世界众生貌\安黛尔\重要地点.htm","重要地点.htm",".htm","6136","9 世设\艾伯伦\ECS艾伯伦战役设定集\7第七章 世界众生貌\安黛尔"
"9 世设\艾伯伦\ECS艾伯伦战役设定集\7第七章 世界众生貌\布鲁兰\宗教.htm","宗教.htm",".htm","3870","9 世设\艾伯伦\ECS艾伯伦战役设定集\7第七章 世界众生貌\布鲁兰"
"9 世设\艾伯伦\ECS艾伯伦战役设定集\7第七章 世界众生貌\布鲁兰\布鲁兰.htm","布鲁兰.htm",".htm","6724","9 世设\艾伯伦\ECS艾伯伦战役设定集\7第七章 世界众生貌\布鲁兰"
"9 世设\艾伯伦\ECS艾伯伦战役设定集\7第七章 世界众生貌\布鲁兰\政治.htm","政治.htm",".htm","4097","9 世设\艾伯伦\ECS艾伯伦战役设定集\7第七章 世界众生貌\布鲁兰"
"9 世设\艾伯伦\ECS艾伯伦战役设定集\7第七章 世界众生貌\布鲁兰\社会人文.htm","社会人文.htm",".htm","6057","9 世设\艾伯伦\ECS艾伯伦战役设定集\7第七章 世界众生貌\布鲁兰"
"9 世设\艾伯伦\ECS艾伯伦战役设定集\7第七章 世界众生貌\布鲁兰\组织.htm","组织.htm",".htm","9391","9 世设\艾伯伦\ECS艾伯伦战役设定集\7第七章 世界众生貌\布鲁兰"
"9 世设\艾伯伦\ECS艾伯伦战役设定集\7第七章 世界众生貌\布鲁兰\重要地点.htm","重要地点.htm",".htm","3495","9 世设\艾伯伦\ECS艾伯伦战役设定集\7第七章 世界众生貌\布鲁兰"
"9 世设\艾伯伦\ECS艾伯伦战役设定集\7第七章 世界众生貌\布鲁兰\主要集聚地\主要集聚地.htm","主要集聚地.htm",".htm","3865","9 世设\艾伯伦\ECS艾伯伦战役设定集\7第七章 世界众生貌\布鲁兰\主要集聚地"
"9 世设\艾伯伦\ECS艾伯伦战役设定集\7第七章 世界众生貌\布鲁兰\主要集聚地\亚贡斯(Argonth).htm","亚贡斯(Argonth).htm",".htm","4777","9 世设\艾伯伦\ECS艾伯伦战役设定集\7第七章 世界众生貌\布鲁兰\主要集聚地"
"9 世设\艾伯伦\ECS艾伯伦战役设定集\7第七章 世界众生貌\布鲁兰\主要集聚地\始建塔.htm","始建塔.htm",".htm","4754","9 世设\艾伯伦\ECS艾伯伦战役设定集\7第七章 世界众生貌\布鲁兰\主要集聚地"
"9 世设\艾伯伦\ECS艾伯伦战役设定集\7第七章 世界众生貌\布鲁兰\主要集聚地\新塞尔(NewCyre).htm","新塞尔(NewCyre).htm",".htm","4186","9 世设\艾伯伦\ECS艾伯伦战役设定集\7第七章 世界众生貌\布鲁兰\主要集聚地"
"9 世设\艾伯伦\ECS艾伯伦战役设定集\7第七章 世界众生貌\布鲁兰\主要集聚地\沃奥特.htm","沃奥特.htm",".htm","4141","9 世设\艾伯伦\ECS艾伯伦战役设定集\7第七章 世界众生貌\布鲁兰\主要集聚地"
"9 世设\艾伯伦\ECS艾伯伦战役设定集\7第七章 世界众生貌\布鲁兰\主要集聚地\瓦塞朗(Vathirond).htm","瓦塞朗(Vathirond).htm",".htm","4075","9 世设\艾伯伦\ECS艾伯伦战役设定集\7第七章 世界众生貌\布鲁兰\主要集聚地"
"9 世设\艾伯伦\ECS艾伯伦战役设定集\7第七章 世界众生貌\布鲁兰\主要集聚地\萨恩.htm","萨恩.htm",".htm","8336","9 世设\艾伯伦\ECS艾伯伦战役设定集\7第七章 世界众生貌\布鲁兰\主要集聚地"
"9 世设\艾伯伦\ECS艾伯伦战役设定集\7第七章 世界众生貌\布鲁兰\主要集聚地\进行以萨恩为舞台的战役.htm","进行以萨恩为舞台的战役.htm",".htm","4925","9 世设\艾伯伦\ECS艾伯伦战役设定集\7第七章 世界众生貌\布鲁兰\主要集聚地"
"9 世设\艾伯伦\ECS艾伯伦战役设定集\7第七章 世界众生貌\布鲁兰\重要地点\国王森林.htm","国王森林.htm",".htm","4793","9 世设\艾伯伦\ECS艾伯伦战役设定集\7第七章 世界众生貌\布鲁兰\重要地点"
"9 世设\艾伯伦\ECS艾伯伦战役设定集\7第七章 世界众生貌\布鲁兰\重要地点\巨龙石冠.htm","巨龙石冠.htm",".htm","4063","9 世设\艾伯伦\ECS艾伯伦战役设定集\7第七章 世界众生貌\布鲁兰\重要地点"
"9 世设\艾伯伦\ECS艾伯伦战役设定集\7第七章 世界众生貌\布鲁兰\重要地点\暗黑渊.htm","暗黑渊.htm",".htm","3892","9 世设\艾伯伦\ECS艾伯伦战役设定集\7第七章 世界众生貌\布鲁兰\重要地点"
"9 世设\艾伯伦\ECS艾伯伦战役设定集\7第七章 世界众生貌\布鲁兰\重要地点\铁面关.htm","铁面关.htm",".htm","4167","9 世设\艾伯伦\ECS艾伯伦战役设定集\7第七章 世界众生貌\布鲁兰\重要地点"
"9 世设\艾伯伦\ECS艾伯伦战役设定集\7第七章 世界众生貌\恶魔荒原\主要城市.htm","主要城市.htm",".htm","6686","9 世设\艾伯伦\ECS艾伯伦战役设定集\7第七章 世界众生貌\恶魔荒原"
"9 世设\艾伯伦\ECS艾伯伦战役设定集\7第七章 世界众生貌\恶魔荒原\产业.htm","产业.htm",".htm","3252","9 世设\艾伯伦\ECS艾伯伦战役设定集\7第七章 世界众生貌\恶魔荒原"
"9 世设\艾伯伦\ECS艾伯伦战役设定集\7第七章 世界众生貌\恶魔荒原\冒险.htm","冒险.htm",".htm","3603","9 世设\艾伯伦\ECS艾伯伦战役设定集\7第七章 世界众生貌\恶魔荒原"
"9 世设\艾伯伦\ECS艾伯伦战役设定集\7第七章 世界众生貌\恶魔荒原\冒险话题.htm","冒险话题.htm",".htm","3623","9 世设\艾伯伦\ECS艾伯伦战役设定集\7第七章 世界众生貌\恶魔荒原"
"9 世设\艾伯伦\ECS艾伯伦战役设定集\7第七章 世界众生貌\恶魔荒原\宗教.htm","宗教.htm",".htm","3687","9 世设\艾伯伦\ECS艾伯伦战役设定集\7第七章 世界众生貌\恶魔荒原"
"9 世设\艾伯伦\ECS艾伯伦战役设定集\7第七章 世界众生貌\恶魔荒原\恶魔荒原.htm","恶魔荒原.htm",".htm","6409","9 世设\艾伯伦\ECS艾伯伦战役设定集\7第七章 世界众生貌\恶魔荒原"
"9 世设\艾伯伦\ECS艾伯伦战役设定集\7第七章 世界众生貌\恶魔荒原\政治.htm","政治.htm",".htm","3292","9 世设\艾伯伦\ECS艾伯伦战役设定集\7第七章 世界众生貌\恶魔荒原"
"9 世设\艾伯伦\ECS艾伯伦战役设定集\7第七章 世界众生貌\恶魔荒原\社会人文.htm","社会人文.htm",".htm","4280","9 世设\艾伯伦\ECS艾伯伦战役设定集\7第七章 世界众生貌\恶魔荒原"
"9 世设\艾伯伦\ECS艾伯伦战役设定集\7第七章 世界众生貌\恶魔荒原\组织.htm","组织.htm",".htm","6691","9 世设\艾伯伦\ECS艾伯伦战役设定集\7第七章 世界众生貌\恶魔荒原"
"9 世设\艾伯伦\ECS艾伯伦战役设定集\7第七章 世界众生貌\恶魔荒原\重要地点.htm","重要地点.htm",".htm","6246","9 世设\艾伯伦\ECS艾伯伦战役设定集\7第七章 世界众生貌\恶魔荒原"
"9 世设\艾伯伦\ECS艾伯伦战役设定集\7第七章 世界众生貌\拉扎尔邦联\主要聚集地.htm","主要聚集地.htm",".htm","3769","9 世设\艾伯伦\ECS艾伯伦战役设定集\7第七章 世界众生貌\拉扎尔邦联"
"9 世设\艾伯伦\ECS艾伯伦战役设定集\7第七章 世界众生貌\拉扎尔邦联\产业.htm","产业.htm",".htm","3357","9 世设\艾伯伦\ECS艾伯伦战役设定集\7第七章 世界众生貌\拉扎尔邦联"
"9 世设\艾伯伦\ECS艾伯伦战役设定集\7第七章 世界众生貌\拉扎尔邦联\冒险.htm","冒险.htm",".htm","3166","9 世设\艾伯伦\ECS艾伯伦战役设定集\7第七章 世界众生貌\拉扎尔邦联"
"9 世设\艾伯伦\ECS艾伯伦战役设定集\7第七章 世界众生貌\拉扎尔邦联\冒险话题.htm","冒险话题.htm",".htm","3589","9 世设\艾伯伦\ECS艾伯伦战役设定集\7第七章 世界众生貌\拉扎尔邦联"
"9 世设\艾伯伦\ECS艾伯伦战役设定集\7第七章 世界众生貌\拉扎尔邦联\宗教.htm","宗教.htm",".htm","2918","9 世设\艾伯伦\ECS艾伯伦战役设定集\7第七章 世界众生貌\拉扎尔邦联"
"9 世设\艾伯伦\ECS艾伯伦战役设定集\7第七章 世界众生貌\拉扎尔邦联\拉扎尔邦联.htm","拉扎尔邦联.htm",".htm","5791","9 世设\艾伯伦\ECS艾伯伦战役设定集\7第七章 世界众生貌\拉扎尔邦联"
"9 世设\艾伯伦\ECS艾伯伦战役设定集\7第七章 世界众生貌\拉扎尔邦联\政治.htm","政治.htm",".htm","4023","9 世设\艾伯伦\ECS艾伯伦战役设定集\7第七章 世界众生貌\拉扎尔邦联"
"9 世设\艾伯伦\ECS艾伯伦战役设定集\7第七章 世界众生貌\拉扎尔邦联\社会人文.htm","社会人文.htm",".htm","3748","9 世设\艾伯伦\ECS艾伯伦战役设定集\7第七章 世界众生貌\拉扎尔邦联"
"9 世设\艾伯伦\ECS艾伯伦战役设定集\7第七章 世界众生貌\拉扎尔邦联\组织.htm","组织.htm",".htm","6569","9 世设\艾伯伦\ECS艾伯伦战役设定集\7第七章 世界众生貌\拉扎尔邦联"
"9 世设\艾伯伦\ECS艾伯伦战役设定集\7第七章 世界众生貌\拉扎尔邦联\重要地点.htm","重要地点.htm",".htm","4390","9 世设\艾伯伦\ECS艾伯伦战役设定集\7第七章 世界众生貌\拉扎尔邦联"
"9 世设\艾伯伦\ECS艾伯伦战役设定集\7第七章 世界众生貌\摩洛领\主要聚集地.htm","主要聚集地.htm",".htm","3494","9 世设\艾伯伦\ECS艾伯伦战役设定集\7第七章 世界众生貌\摩洛领"
"9 世设\艾伯伦\ECS艾伯伦战役设定集\7第七章 世界众生貌\摩洛领\产业.htm","产业.htm",".htm","3164","9 世设\艾伯伦\ECS艾伯伦战役设定集\7第七章 世界众生貌\摩洛领"
"9 世设\艾伯伦\ECS艾伯伦战役设定集\7第七章 世界众生貌\摩洛领\冒险.htm","冒险.htm",".htm","3012","9 世设\艾伯伦\ECS艾伯伦战役设定集\7第七章 世界众生貌\摩洛领"
"9 世设\艾伯伦\ECS艾伯伦战役设定集\7第七章 世界众生貌\摩洛领\冒险话题.htm","冒险话题.htm",".htm","3159","9 世设\艾伯伦\ECS艾伯伦战役设定集\7第七章 世界众生貌\摩洛领"
"9 世设\艾伯伦\ECS艾伯伦战役设定集\7第七章 世界众生貌\摩洛领\宗教.htm","宗教.htm",".htm","3077","9 世设\艾伯伦\ECS艾伯伦战役设定集\7第七章 世界众生貌\摩洛领"
"9 世设\艾伯伦\ECS艾伯伦战役设定集\7第七章 世界众生貌\摩洛领\摩洛领.htm","摩洛领.htm",".htm","4473","9 世设\艾伯伦\ECS艾伯伦战役设定集\7第七章 世界众生貌\摩洛领"
"9 世设\艾伯伦\ECS艾伯伦战役设定集\7第七章 世界众生貌\摩洛领\政治.htm","政治.htm",".htm","2969","9 世设\艾伯伦\ECS艾伯伦战役设定集\7第七章 世界众生貌\摩洛领"
"9 世设\艾伯伦\ECS艾伯伦战役设定集\7第七章 世界众生貌\摩洛领\社会人文.htm","社会人文.htm",".htm","3014","9 世设\艾伯伦\ECS艾伯伦战役设定集\7第七章 世界众生貌\摩洛领"
"9 世设\艾伯伦\ECS艾伯伦战役设定集\7第七章 世界众生貌\摩洛领\组织.htm","组织.htm",".htm","4351","9 世设\艾伯伦\ECS艾伯伦战役设定集\7第七章 世界众生貌\摩洛领"
"9 世设\艾伯伦\ECS艾伯伦战役设定集\7第七章 世界众生貌\摩洛领\重要地点.htm","重要地点.htm",".htm","3638","9 世设\艾伯伦\ECS艾伯伦战役设定集\7第七章 世界众生貌\摩洛领"
"9 世设\艾伯伦\ECS艾伯伦战役设定集\7第七章 世界众生貌\瑟雷恩\主要集聚地.htm","主要集聚地.htm",".htm","5267","9 世设\艾伯伦\ECS艾伯伦战役设定集\7第七章 世界众生貌\瑟雷恩"
"9 世设\艾伯伦\ECS艾伯伦战役设定集\7第七章 世界众生貌\瑟雷恩\产业.htm","产业.htm",".htm","5822","9 世设\艾伯伦\ECS艾伯伦战役设定集\7第七章 世界众生貌\瑟雷恩"
"9 世设\艾伯伦\ECS艾伯伦战役设定集\7第七章 世界众生貌\瑟雷恩\冒险.htm","冒险.htm",".htm","5956","9 世设\艾伯伦\ECS艾伯伦战役设定集\7第七章 世界众生貌\瑟雷恩"
"9 世设\艾伯伦\ECS艾伯伦战役设定集\7第七章 世界众生貌\瑟雷恩\冒险话题.htm","冒险话题.htm",".htm","5840","9 世设\艾伯伦\ECS艾伯伦战役设定集\7第七章 世界众生貌\瑟雷恩"
"9 世设\艾伯伦\ECS艾伯伦战役设定集\7第七章 世界众生貌\瑟雷恩\宗教.htm","宗教.htm",".htm","4491","9 世设\艾伯伦\ECS艾伯伦战役设定集\7第七章 世界众生貌\瑟雷恩"
"9 世设\艾伯伦\ECS艾伯伦战役设定集\7第七章 世界众生貌\瑟雷恩\政治.htm","政治.htm",".htm","8511","9 世设\艾伯伦\ECS艾伯伦战役设定集\7第七章 世界众生貌\瑟雷恩"
"9 世设\艾伯伦\ECS艾伯伦战役设定集\7第七章 世界众生貌\瑟雷恩\瑟雷恩.htm","瑟雷恩.htm",".htm","19603","9 世设\艾伯伦\ECS艾伯伦战役设定集\7第七章 世界众生貌\瑟雷恩"
"9 世设\艾伯伦\ECS艾伯伦战役设定集\7第七章 世界众生貌\瑟雷恩\社会人文.htm","社会人文.htm",".htm","12880","9 世设\艾伯伦\ECS艾伯伦战役设定集\7第七章 世界众生貌\瑟雷恩"
"9 世设\艾伯伦\ECS艾伯伦战役设定集\7第七章 世界众生貌\瑟雷恩\组织.htm","组织.htm",".htm","9526","9 世设\艾伯伦\ECS艾伯伦战役设定集\7第七章 世界众生貌\瑟雷恩"
"9 世设\艾伯伦\ECS艾伯伦战役设定集\7第七章 世界众生貌\瑟雷恩\重要地点.htm","重要地点.htm",".htm","8115","9 世设\艾伯伦\ECS艾伯伦战役设定集\7第七章 世界众生貌\瑟雷恩"
"9 世设\艾伯伦\ECS艾伯伦战役设定集\7第七章 世界众生貌\科瓦雷\科瓦雷.htm","科瓦雷.htm",".htm","7645","9 世设\艾伯伦\ECS艾伯伦战役设定集\7第七章 世界众生貌\科瓦雷"
"9 世设\艾伯伦\ECS艾伯伦战役设定集\7第七章 世界众生貌\科瓦雷以外地区\凯博尔.htm","凯博尔.htm",".htm","9409","9 世设\艾伯伦\ECS艾伯伦战役设定集\7第七章 世界众生貌\科瓦雷以外地区"
"9 世设\艾伯伦\ECS艾伯伦战役设定集\7第七章 世界众生貌\科瓦雷以外地区\希恩的瑞克.htm","希恩的瑞克.htm",".htm","10339","9 世设\艾伯伦\ECS艾伯伦战役设定集\7第七章 世界众生貌\科瓦雷以外地区"
"9 世设\艾伯伦\ECS艾伯伦战役设定集\7第七章 世界众生貌\科瓦雷以外地区\瑞依卓尔.htm","瑞依卓尔.htm",".htm","13778","9 世设\艾伯伦\ECS艾伯伦战役设定集\7第七章 世界众生貌\科瓦雷以外地区"
"9 世设\艾伯伦\ECS艾伯伦战役设定集\7第七章 世界众生貌\科瓦雷以外地区\科瓦雷以外地区.htm","科瓦雷以外地区.htm",".htm","4181","9 世设\艾伯伦\ECS艾伯伦战役设定集\7第七章 世界众生貌\科瓦雷以外地区"
"9 世设\艾伯伦\ECS艾伯伦战役设定集\7第七章 世界众生貌\科瓦雷以外地区\索伦娜.htm","索伦娜.htm",".htm","5662","9 世设\艾伯伦\ECS艾伯伦战役设定集\7第七章 世界众生貌\科瓦雷以外地区"
"9 世设\艾伯伦\ECS艾伯伦战役设定集\7第七章 世界众生貌\科瓦雷以外地区\艾伦诺.htm","艾伦诺.htm",".htm","8636","9 世设\艾伯伦\ECS艾伯伦战役设定集\7第七章 世界众生貌\科瓦雷以外地区"
"9 世设\艾伯伦\ECS艾伯伦战役设定集\7第七章 世界众生貌\科瓦雷以外地区\艾伦诺主要集聚地.htm","艾伦诺主要集聚地.htm",".htm","15151","9 世设\艾伯伦\ECS艾伯伦战役设定集\7第七章 世界众生貌\科瓦雷以外地区"
"9 世设\艾伯伦\ECS艾伯伦战役设定集\7第七章 世界众生貌\科瓦雷以外地区\艾伦诺产业.htm","艾伦诺产业.htm",".htm","6097","9 世设\艾伯伦\ECS艾伯伦战役设定集\7第七章 世界众生貌\科瓦雷以外地区"
"9 世设\艾伯伦\ECS艾伯伦战役设定集\7第七章 世界众生貌\科瓦雷以外地区\艾伦诺宗教.htm","艾伦诺宗教.htm",".htm","10306","9 世设\艾伯伦\ECS艾伯伦战役设定集\7第七章 世界众生貌\科瓦雷以外地区"
"9 世设\艾伯伦\ECS艾伯伦战役设定集\7第七章 世界众生貌\科瓦雷以外地区\艾伦诺政治.htm","艾伦诺政治.htm",".htm","7677","9 世设\艾伯伦\ECS艾伯伦战役设定集\7第七章 世界众生貌\科瓦雷以外地区"
"9 世设\艾伯伦\ECS艾伯伦战役设定集\7第七章 世界众生貌\科瓦雷以外地区\艾伦诺社会人文.htm","艾伦诺社会人文.htm",".htm","12790","9 世设\艾伯伦\ECS艾伯伦战役设定集\7第七章 世界众生貌\科瓦雷以外地区"
"9 世设\艾伯伦\ECS艾伯伦战役设定集\7第七章 世界众生貌\科瓦雷以外地区\艾伦诺组织.htm","艾伦诺组织.htm",".htm","15672","9 世设\艾伯伦\ECS艾伯伦战役设定集\7第七章 世界众生貌\科瓦雷以外地区"
"9 世设\艾伯伦\ECS艾伯伦战役设定集\7第七章 世界众生貌\科瓦雷以外地区\艾达尔.htm","艾达尔.htm",".htm","16069","9 世设\艾伯伦\ECS艾伯伦战役设定集\7第七章 世界众生貌\科瓦雷以外地区"
"9 世设\艾伯伦\ECS艾伯伦战役设定集\7第七章 世界众生貌\科瓦雷以外地区\阿贡尼森.htm","阿贡尼森.htm",".htm","8500","9 世设\艾伯伦\ECS艾伯伦战役设定集\7第七章 世界众生貌\科瓦雷以外地区"
"9 世设\艾伯伦\ECS艾伯伦战役设定集\7第七章 世界众生貌\科瓦雷以外地区\霜落之地.htm","霜落之地.htm",".htm","5435","9 世设\艾伯伦\ECS艾伯伦战役设定集\7第七章 世界众生貌\科瓦雷以外地区"
"9 世设\艾伯伦\ECS艾伯伦战役设定集\7第七章 世界众生貌\科瓦雷众生貌\科瓦雷众生貌\乡村生活.htm","乡村生活.htm",".htm","3064","9 世设\艾伯伦\ECS艾伯伦战役设定集\7第七章 世界众生貌\科瓦雷众生貌\科瓦雷众生貌"
"9 世设\艾伯伦\ECS艾伯伦战役设定集\7第七章 世界众生貌\科瓦雷众生貌\科瓦雷众生貌\冒险者.htm","冒险者.htm",".htm","3431","9 世设\艾伯伦\ECS艾伯伦战役设定集\7第七章 世界众生貌\科瓦雷众生貌\科瓦雷众生貌"
"9 世设\艾伯伦\ECS艾伯伦战役设定集\7第七章 世界众生貌\科瓦雷众生貌\科瓦雷众生貌\城市生活.htm","城市生活.htm",".htm","3057","9 世设\艾伯伦\ECS艾伯伦战役设定集\7第七章 世界众生貌\科瓦雷众生貌\科瓦雷众生貌"
"9 世设\艾伯伦\ECS艾伯伦战役设定集\7第七章 世界众生貌\科瓦雷众生貌\科瓦雷众生貌\政府.htm","政府.htm",".htm","2626","9 世设\艾伯伦\ECS艾伯伦战役设定集\7第七章 世界众生貌\科瓦雷众生貌\科瓦雷众生貌"
"9 世设\艾伯伦\ECS艾伯伦战役设定集\7第七章 世界众生貌\科瓦雷众生貌\科瓦雷众生貌\教育.htm","教育.htm",".htm","2837","9 世设\艾伯伦\ECS艾伯伦战役设定集\7第七章 世界众生貌\科瓦雷众生貌\科瓦雷众生貌"
"9 世设\艾伯伦\ECS艾伯伦战役设定集\7第七章 世界众生貌\科瓦雷众生貌\科瓦雷众生貌\科瓦雷众生貌.htm","科瓦雷众生貌.htm",".htm","5483","9 世设\艾伯伦\ECS艾伯伦战役设定集\7第七章 世界众生貌\科瓦雷众生貌\科瓦雷众生貌"
"9 世设\艾伯伦\ECS艾伯伦战役设定集\7第七章 世界众生貌\科瓦雷众生貌\科瓦雷众生貌\经济现状.htm","经济现状.htm",".htm","2995","9 世设\艾伯伦\ECS艾伯伦战役设定集\7第七章 世界众生貌\科瓦雷众生貌\科瓦雷众生貌"
"9 世设\艾伯伦\ECS艾伯伦战役设定集\7第七章 世界众生貌\科瓦雷众生貌\科瓦雷众生貌\语言.htm","语言.htm",".htm","4966","9 世设\艾伯伦\ECS艾伯伦战役设定集\7第七章 世界众生貌\科瓦雷众生貌\科瓦雷众生貌"
"9 世设\艾伯伦\ECS艾伯伦战役设定集\7第七章 世界众生貌\科瓦雷众生貌\科瓦雷众生貌\龙纹家族.htm","龙纹家族.htm",".htm","2670","9 世设\艾伯伦\ECS艾伯伦战役设定集\7第七章 世界众生貌\科瓦雷众生貌\科瓦雷众生貌"
"9 世设\艾伯伦\ECS艾伯伦战役设定集\7第七章 世界众生貌\维纶娜\主要集聚地.htm","主要集聚地.htm",".htm","6176","9 世设\艾伯伦\ECS艾伯伦战役设定集\7第七章 世界众生貌\维纶娜"
"9 世设\艾伯伦\ECS艾伯伦战役设定集\7第七章 世界众生貌\维纶娜\产业.htm","产业.htm",".htm","5248","9 世设\艾伯伦\ECS艾伯伦战役设定集\7第七章 世界众生貌\维纶娜"
"9 世设\艾伯伦\ECS艾伯伦战役设定集\7第七章 世界众生貌\维纶娜\冒险.htm","冒险.htm",".htm","5636","9 世设\艾伯伦\ECS艾伯伦战役设定集\7第七章 世界众生貌\维纶娜"
"9 世设\艾伯伦\ECS艾伯伦战役设定集\7第七章 世界众生貌\维纶娜\冒险话题.htm","冒险话题.htm",".htm","5170","9 世设\艾伯伦\ECS艾伯伦战役设定集\7第七章 世界众生貌\维纶娜"
"9 世设\艾伯伦\ECS艾伯伦战役设定集\7第七章 世界众生貌\维纶娜\宗教.htm","宗教.htm",".htm","5115","9 世设\艾伯伦\ECS艾伯伦战役设定集\7第七章 世界众生貌\维纶娜"
"9 世设\艾伯伦\ECS艾伯伦战役设定集\7第七章 世界众生貌\维纶娜\政治.htm","政治.htm",".htm","5878","9 世设\艾伯伦\ECS艾伯伦战役设定集\7第七章 世界众生貌\维纶娜"
"9 世设\艾伯伦\ECS艾伯伦战役设定集\7第七章 世界众生貌\维纶娜\社会人文.htm","社会人文.htm",".htm","8330","9 世设\艾伯伦\ECS艾伯伦战役设定集\7第七章 世界众生貌\维纶娜"
"9 世设\艾伯伦\ECS艾伯伦战役设定集\7第七章 世界众生貌\维纶娜\组织.htm","组织.htm",".htm","6706","9 世设\艾伯伦\ECS艾伯伦战役设定集\7第七章 世界众生貌\维纶娜"
"9 世设\艾伯伦\ECS艾伯伦战役设定集\7第七章 世界众生貌\维纶娜\维纶娜.htm","维纶娜.htm",".htm","9736","9 世设\艾伯伦\ECS艾伯伦战役设定集\7第七章 世界众生貌\维纶娜"
"9 世设\艾伯伦\ECS艾伯伦战役设定集\7第七章 世界众生貌\维纶娜\重要地点.htm","重要地点.htm",".htm","5321","9 世设\艾伯伦\ECS艾伯伦战役设定集\7第七章 世界众生貌\维纶娜"
"9 世设\艾伯伦\ECS艾伯伦战役设定集\7第七章 世界众生貌\艾伯伦世界\巨龙预言.htm","巨龙预言.htm",".htm","4867","9 世设\艾伯伦\ECS艾伯伦战役设定集\7第七章 世界众生貌\艾伯伦世界"
"9 世设\艾伯伦\ECS艾伯伦战役设定集\7第七章 世界众生貌\艾伯伦世界\时间与计时历法.htm","时间与计时历法.htm",".htm","6985","9 世设\艾伯伦\ECS艾伯伦战役设定集\7第七章 世界众生貌\艾伯伦世界"
"9 世设\艾伯伦\ECS艾伯伦战役设定集\7第七章 世界众生貌\艾伯伦世界\艾伯伦世界.htm","艾伯伦世界.htm",".htm","4754","9 世设\艾伯伦\ECS艾伯伦战役设定集\7第七章 世界众生貌\艾伯伦世界"
"9 世设\艾伯伦\ECS艾伯伦战役设定集\7第七章 世界众生貌\达贡\主要集聚地.htm","主要集聚地.htm",".htm","10751","9 世设\艾伯伦\ECS艾伯伦战役设定集\7第七章 世界众生貌\达贡"
"9 世设\艾伯伦\ECS艾伯伦战役设定集\7第七章 世界众生貌\达贡\产业.htm","产业.htm",".htm","4303","9 世设\艾伯伦\ECS艾伯伦战役设定集\7第七章 世界众生貌\达贡"
"9 世设\艾伯伦\ECS艾伯伦战役设定集\7第七章 世界众生貌\达贡\冒险.htm","冒险.htm",".htm","11533","9 世设\艾伯伦\ECS艾伯伦战役设定集\7第七章 世界众生貌\达贡"
"9 世设\艾伯伦\ECS艾伯伦战役设定集\7第七章 世界众生貌\达贡\冒险话题.htm","冒险话题.htm",".htm","6365","9 世设\艾伯伦\ECS艾伯伦战役设定集\7第七章 世界众生貌\达贡"
"9 世设\艾伯伦\ECS艾伯伦战役设定集\7第七章 世界众生貌\达贡\宗教.htm","宗教.htm",".htm","3544","9 世设\艾伯伦\ECS艾伯伦战役设定集\7第七章 世界众生貌\达贡"
"9 世设\艾伯伦\ECS艾伯伦战役设定集\7第七章 世界众生貌\达贡\政治.htm","政治.htm",".htm","5331","9 世设\艾伯伦\ECS艾伯伦战役设定集\7第七章 世界众生貌\达贡"
"9 世设\艾伯伦\ECS艾伯伦战役设定集\7第七章 世界众生貌\达贡\社会人文.htm","社会人文.htm",".htm","8306","9 世设\艾伯伦\ECS艾伯伦战役设定集\7第七章 世界众生貌\达贡"
"9 世设\艾伯伦\ECS艾伯伦战役设定集\7第七章 世界众生貌\达贡\组织.htm","组织.htm",".htm","20434","9 世设\艾伯伦\ECS艾伯伦战役设定集\7第七章 世界众生貌\达贡"
"9 世设\艾伯伦\ECS艾伯伦战役设定集\7第七章 世界众生貌\达贡\达贡.htm","达贡.htm",".htm","14718","9 世设\艾伯伦\ECS艾伯伦战役设定集\7第七章 世界众生貌\达贡"
"9 世设\艾伯伦\ECS艾伯伦战役设定集\7第七章 世界众生貌\达贡\重要地点.htm","重要地点.htm",".htm","10359","9 世设\艾伯伦\ECS艾伯伦战役设定集\7第七章 世界众生貌\达贡"
"9 世设\艾伯伦\ECS艾伯伦战役设定集\7第七章 世界众生貌\阴影湿地\主要集聚地.htm","主要集聚地.htm",".htm","6378","9 世设\艾伯伦\ECS艾伯伦战役设定集\7第七章 世界众生貌\阴影湿地"
"9 世设\艾伯伦\ECS艾伯伦战役设定集\7第七章 世界众生貌\阴影湿地\产业.htm","产业.htm",".htm","5375","9 世设\艾伯伦\ECS艾伯伦战役设定集\7第七章 世界众生貌\阴影湿地"
"9 世设\艾伯伦\ECS艾伯伦战役设定集\7第七章 世界众生貌\阴影湿地\冒险.htm","冒险.htm",".htm","13638","9 世设\艾伯伦\ECS艾伯伦战役设定集\7第七章 世界众生貌\阴影湿地"
"9 世设\艾伯伦\ECS艾伯伦战役设定集\7第七章 世界众生貌\阴影湿地\冒险话题.htm","冒险话题.htm",".htm","8365","9 世设\艾伯伦\ECS艾伯伦战役设定集\7第七章 世界众生貌\阴影湿地"
"9 世设\艾伯伦\ECS艾伯伦战役设定集\7第七章 世界众生貌\阴影湿地\宗教.htm","宗教.htm",".htm","5690","9 世设\艾伯伦\ECS艾伯伦战役设定集\7第七章 世界众生貌\阴影湿地"
"9 世设\艾伯伦\ECS艾伯伦战役设定集\7第七章 世界众生貌\阴影湿地\政治.htm","政治.htm",".htm","5098","9 世设\艾伯伦\ECS艾伯伦战役设定集\7第七章 世界众生貌\阴影湿地"
"9 世设\艾伯伦\ECS艾伯伦战役设定集\7第七章 世界众生貌\阴影湿地\社会人文.htm","社会人文.htm",".htm","10079","9 世设\艾伯伦\ECS艾伯伦战役设定集\7第七章 世界众生貌\阴影湿地"
"9 世设\艾伯伦\ECS艾伯伦战役设定集\7第七章 世界众生貌\阴影湿地\组织.htm","组织.htm",".htm","6309","9 世设\艾伯伦\ECS艾伯伦战役设定集\7第七章 世界众生貌\阴影湿地"
"9 世设\艾伯伦\ECS艾伯伦战役设定集\7第七章 世界众生貌\阴影湿地\重要地点.htm","重要地点.htm",".htm","6358","9 世设\艾伯伦\ECS艾伯伦战役设定集\7第七章 世界众生貌\阴影湿地"
"9 世设\艾伯伦\ECS艾伯伦战役设定集\7第七章 世界众生貌\阴影湿地\阴影湿地.htm","阴影湿地.htm",".htm","10458","9 世设\艾伯伦\ECS艾伯伦战役设定集\7第七章 世界众生貌\阴影湿地"
"9 世设\艾伯伦\ECS艾伯伦战役设定集\8第八章 组织\十二学会.htm","十二学会.htm",".htm","7888","9 世设\艾伯伦\ECS艾伯伦战役设定集\8第八章 组织"
"9 世设\艾伯伦\ECS艾伯伦战役设定集\8第八章 组织\密阁.htm","密阁.htm",".htm","7764","9 世设\艾伯伦\ECS艾伯伦战役设定集\8第八章 组织"
"9 世设\艾伯伦\ECS艾伯伦战役设定集\8第八章 组织\寻路者基金会.htm","寻路者基金会.htm",".htm","7027","9 世设\艾伯伦\ECS艾伯伦战役设定集\8第八章 组织"
"9 世设\艾伯伦\ECS艾伯伦战役设定集\8第八章 组织\护门者.htm","护门者.htm",".htm","7936","9 世设\艾伯伦\ECS艾伯伦战役设定集\8第八章 组织"
"9 世设\艾伯伦\ECS艾伯伦战役设定集\8第八章 组织\柯兰堡图书馆.htm","柯兰堡图书馆.htm",".htm","7599","9 世设\艾伯伦\ECS艾伯伦战役设定集\8第八章 组织"
"9 世设\艾伯伦\ECS艾伯伦战役设定集\8第八章 组织\森林守望者.htm","森林守望者.htm",".htm","8146","9 世设\艾伯伦\ECS艾伯伦战役设定集\8第八章 组织"
"9 世设\艾伯伦\ECS艾伯伦战役设定集\8第八章 组织\沃尔之血.htm","沃尔之血.htm",".htm","9816","9 世设\艾伯伦\ECS艾伯伦战役设定集\8第八章 组织"
"9 世设\艾伯伦\ECS艾伯伦战役设定集\8第八章 组织\王室家族.htm","王室家族.htm",".htm","6537","9 世设\艾伯伦\ECS艾伯伦战役设定集\8第八章 组织"
"9 世设\艾伯伦\ECS艾伯伦战役设定集\8第八章 组织\砂主.htm","砂主.htm",".htm","8004","9 世设\艾伯伦\ECS艾伯伦战役设定集\8第八章 组织"
"9 世设\艾伯伦\ECS艾伯伦战役设定集\8第八章 组织\第八章组织.htm","第八章组织.htm",".htm","3418","9 世设\艾伯伦\ECS艾伯伦战役设定集\8第八章 组织"
"9 世设\艾伯伦\ECS艾伯伦战役设定集\8第八章 组织\翡翠利爪骑士团.htm","翡翠利爪骑士团.htm",".htm","6491","9 世设\艾伯伦\ECS艾伯伦战役设定集\8第八章 组织"
"9 世设\艾伯伦\ECS艾伯伦战役设定集\8第八章 组织\莫格雷夫大学.htm","莫格雷夫大学.htm",".htm","6696","9 世设\艾伯伦\ECS艾伯伦战役设定集\8第八章 组织"
"9 世设\艾伯伦\ECS艾伯伦战役设定集\8第八章 组织\金权会.htm","金权会.htm",".htm","7418","9 世设\艾伯伦\ECS艾伯伦战役设定集\8第八章 组织"
"9 世设\艾伯伦\ECS艾伯伦战役设定集\8第八章 组织\银焰教会.htm","银焰教会.htm",".htm","8417","9 世设\艾伯伦\ECS艾伯伦战役设定集\8第八章 组织"
"9 世设\艾伯伦\ECS艾伯伦战役设定集\8第八章 组织\黄泉巨龙会.htm","黄泉巨龙会.htm",".htm","8437","9 世设\艾伯伦\ECS艾伯伦战役设定集\8第八章 组织"
"9 世设\艾伯伦\ECS艾伯伦战役设定集\8第八章 组织\黑暗梦境.htm","黑暗梦境.htm",".htm","10058","9 世设\艾伯伦\ECS艾伯伦战役设定集\8第八章 组织"
"9 世设\艾伯伦\ECS艾伯伦战役设定集\8第八章 组织\龙纹家族\乔拉斯克家族.htm","乔拉斯克家族.htm",".htm","7714","9 世设\艾伯伦\ECS艾伯伦战役设定集\8第八章 组织\龙纹家族"
"9 世设\艾伯伦\ECS艾伯伦战役设定集\8第八章 组织\龙纹家族\伽兰达家族.htm","伽兰达家族.htm",".htm","7198","9 世设\艾伯伦\ECS艾伯伦战役设定集\8第八章 组织\龙纹家族"
"9 世设\艾伯伦\ECS艾伯伦战役设定集\8第八章 组织\龙纹家族\卡尼斯家族.htm","卡尼斯家族.htm",".htm","6641","9 世设\艾伯伦\ECS艾伯伦战役设定集\8第八章 组织\龙纹家族"
"9 世设\艾伯伦\ECS艾伯伦战役设定集\8第八章 组织\龙纹家族\昆达拉克家族.htm","昆达拉克家族.htm",".htm","7594","9 世设\艾伯伦\ECS艾伯伦战役设定集\8第八章 组织\龙纹家族"
"9 世设\艾伯伦\ECS艾伯伦战役设定集\8第八章 组织\龙纹家族\林兰德家族.htm","林兰德家族.htm",".htm","6007","9 世设\艾伯伦\ECS艾伯伦战役设定集\8第八章 组织\龙纹家族"
"9 世设\艾伯伦\ECS艾伯伦战役设定集\8第八章 组织\龙纹家族\梅丹尼家族.htm","梅丹尼家族.htm",".htm","6409","9 世设\艾伯伦\ECS艾伯伦战役设定集\8第八章 组织\龙纹家族"
"9 世设\艾伯伦\ECS艾伯伦战役设定集\8第八章 组织\龙纹家族\欧瑞恩家族与费奥兰家族.htm","欧瑞恩家族与费奥兰家族.htm",".htm","8893","9 世设\艾伯伦\ECS艾伯伦战役设定集\8第八章 组织\龙纹家族"
"9 世设\艾伯伦\ECS艾伯伦战役设定集\8第八章 组织\龙纹家族\索兰尼家族.htm","索兰尼家族.htm",".htm","6490","9 世设\艾伯伦\ECS艾伯伦战役设定集\8第八章 组织\龙纹家族"
"9 世设\艾伯伦\ECS艾伯伦战役设定集\8第八章 组织\龙纹家族\萨拉释克家族.htm","萨拉释克家族.htm",".htm","7915","9 世设\艾伯伦\ECS艾伯伦战役设定集\8第八章 组织\龙纹家族"
"9 世设\艾伯伦\ECS艾伯伦战役设定集\8第八章 组织\龙纹家族\西维斯家族.htm","西维斯家族.htm",".htm","7504","9 世设\艾伯伦\ECS艾伯伦战役设定集\8第八章 组织\龙纹家族"
"9 世设\艾伯伦\ECS艾伯伦战役设定集\8第八章 组织\龙纹家族\邓奈斯家族.htm","邓奈斯家族.htm",".htm","6594","9 世设\艾伯伦\ECS艾伯伦战役设定集\8第八章 组织\龙纹家族"
"9 世设\艾伯伦\ECS艾伯伦战役设定集\8第八章 组织\龙纹家族\龙纹家族.htm","龙纹家族.htm",".htm","5141","9 世设\艾伯伦\ECS艾伯伦战役设定集\8第八章 组织\龙纹家族"
"9 世设\艾伯伦\ECS艾伯伦战役设定集\9第九章 艾伯伦战役\艾伯伦世界引言.htm","艾伯伦世界引言.htm",".htm","5085","9 世设\艾伯伦\ECS艾伯伦战役设定集\9第九章 艾伯伦战役"
"9 世设\艾伯伦\ECS艾伯伦战役设定集\9第九章 艾伯伦战役\情节主题\情节主题.htm","情节主题.htm",".htm","2755","9 世设\艾伯伦\ECS艾伯伦战役设定集\9第九章 艾伯伦战役\情节主题"
"9 世设\艾伯伦\ECS艾伯伦战役设定集\9第九章 艾伯伦战役\情节主题\探索.htm","探索.htm",".htm","3855","9 世设\艾伯伦\ECS艾伯伦战役设定集\9第九章 艾伯伦战役\情节主题"
"9 世设\艾伯伦\ECS艾伯伦战役设定集\9第九章 艾伯伦战役\情节主题\神秘事件.htm","神秘事件.htm",".htm","3825","9 世设\艾伯伦\ECS艾伯伦战役设定集\9第九章 艾伯伦战役\情节主题"
"9 世设\艾伯伦\ECS艾伯伦战役设定集\9第九章 艾伯伦战役\情节主题\阴谋、寻宝与极恶魔王.htm","阴谋、寻宝与极恶魔王.htm",".htm","6267","9 世设\艾伯伦\ECS艾伯伦战役设定集\9第九章 艾伯伦战役\情节主题"
"9 世设\艾伯伦\ECS艾伯伦战役设定集\9第九章 艾伯伦战役\故事和节奏\故事和节奏.htm","故事和节奏.htm",".htm","2845","9 世设\艾伯伦\ECS艾伯伦战役设定集\9第九章 艾伯伦战役\故事和节奏"
"9 世设\艾伯伦\ECS艾伯伦战役设定集\9第九章 艾伯伦战役\故事和节奏\结局未必美好.htm","结局未必美好.htm",".htm","3215","9 世设\艾伯伦\ECS艾伯伦战役设定集\9第九章 艾伯伦战役\故事和节奏"
"9 世设\艾伯伦\ECS艾伯伦战役设定集\9第九章 艾伯伦战役\故事和节奏\英雄需要基地.htm","英雄需要基地.htm",".htm","3066","9 世设\艾伯伦\ECS艾伯伦战役设定集\9第九章 艾伯伦战役\故事和节奏"
"9 世设\艾伯伦\ECS艾伯伦战役设定集\9第九章 艾伯伦战役\故事和节奏\谨慎探索.htm","谨慎探索.htm",".htm","2784","9 世设\艾伯伦\ECS艾伯伦战役设定集\9第九章 艾伯伦战役\故事和节奏"
"9 世设\艾伯伦\ECS艾伯伦战役设定集\9第九章 艾伯伦战役\故事和节奏\运用恩主.htm","运用恩主.htm",".htm","2824","9 世设\艾伯伦\ECS艾伯伦战役设定集\9第九章 艾伯伦战役\故事和节奏"
"9 世设\艾伯伦\ECS艾伯伦战役设定集\9第九章 艾伯伦战役\游戏风格\冒险要素.htm","冒险要素.htm",".htm","4480","9 世设\艾伯伦\ECS艾伯伦战役设定集\9第九章 艾伯伦战役\游戏风格"
"9 世设\艾伯伦\ECS艾伯伦战役设定集\9第九章 艾伯伦战役\游戏风格\创建团队.htm","创建团队.htm",".htm","5680","9 世设\艾伯伦\ECS艾伯伦战役设定集\9第九章 艾伯伦战役\游戏风格"
"9 世设\艾伯伦\ECS艾伯伦战役设定集\9第九章 艾伯伦战役\游戏风格\游戏风格.htm","游戏风格.htm",".htm","3143","9 世设\艾伯伦\ECS艾伯伦战役设定集\9第九章 艾伯伦战役\游戏风格"
"9 世设\艾伯伦\ECS艾伯伦战役设定集\9第九章 艾伯伦战役\游戏风格\表里两面.htm","表里两面.htm",".htm","4862","9 世设\艾伯伦\ECS艾伯伦战役设定集\9第九章 艾伯伦战役\游戏风格"
"9 世设\艾伯伦\ECS艾伯伦战役设定集\9第九章 艾伯伦战役\游戏风格\阵营难测.htm","阵营难测.htm",".htm","3306","9 世设\艾伯伦\ECS艾伯伦战役设定集\9第九章 艾伯伦战役\游戏风格"
"9 世设\艾伯伦\ECS艾伯伦战役设定集\9第九章 艾伯伦战役\重复出现的反派\海拉斯玛腾5级.htm","海拉斯玛腾5级.htm",".htm","5123","9 世设\艾伯伦\ECS艾伯伦战役设定集\9第九章 艾伯伦战役\重复出现的反派"
"9 世设\艾伯伦\ECS艾伯伦战役设定集\9第九章 艾伯伦战役\重复出现的反派\海拉斯玛腾9级.htm","海拉斯玛腾9级.htm",".htm","4096","9 世设\艾伯伦\ECS艾伯伦战役设定集\9第九章 艾伯伦战役\重复出现的反派"
"9 世设\艾伯伦\ECS艾伯伦战役设定集\9第九章 艾伯伦战役\重复出现的反派\蒂蜜丝4级.htm","蒂蜜丝4级.htm",".htm","5174","9 世设\艾伯伦\ECS艾伯伦战役设定集\9第九章 艾伯伦战役\重复出现的反派"
"9 世设\艾伯伦\ECS艾伯伦战役设定集\9第九章 艾伯伦战役\重复出现的反派\蒂蜜丝8级.htm","蒂蜜丝8级.htm",".htm","4665","9 世设\艾伯伦\ECS艾伯伦战役设定集\9第九章 艾伯伦战役\重复出现的反派"
"9 世设\艾伯伦\ECS艾伯伦战役设定集\9第九章 艾伯伦战役\重复出现的反派\重复出现的反派.htm","重复出现的反派.htm",".htm","3390","9 世设\艾伯伦\ECS艾伯伦战役设定集\9第九章 艾伯伦战役\重复出现的反派"
"9 世设\艾伯伦\ECS艾伯伦战役设定集\9第九章 艾伯伦战役\非玩家职业\专家和导师.htm","专家和导师.htm",".htm","3830","9 世设\艾伯伦\ECS艾伯伦战役设定集\9第九章 艾伯伦战役\非玩家职业"
"9 世设\艾伯伦\ECS艾伯伦战役设定集\9第九章 艾伯伦战役\非玩家职业\非玩家职业.htm","非玩家职业.htm",".htm","2915","9 世设\艾伯伦\ECS艾伯伦战役设定集\9第九章 艾伯伦战役\非玩家职业"
"9 世设\艾伯伦\ECS艾伯伦战役设定集\9第九章 艾伯伦战役\非玩家职业\魔匠师.htm","魔匠师.htm",".htm","10976","9 世设\艾伯伦\ECS艾伯伦战役设定集\9第九章 艾伯伦战役\非玩家职业"
"9 世设\艾伯伦\Explore探险家手册\封面.htm","封面.htm",".htm","1491","9 世设\艾伯伦\Explore探险家手册"
"9 世设\艾伯伦\Explore探险家手册\引言.htm","引言.htm",".htm","10542","9 世设\艾伯伦\Explore探险家手册"
"9 世设\艾伯伦\Explore探险家手册\御风船长.htm","御风船长.htm",".htm","52376","9 世设\艾伯伦\Explore探险家手册"
"9 世设\艾伯伦\Explore探险家手册\灾变法师.htm","灾变法师.htm",".htm","55102","9 世设\艾伯伦\Explore探险家手册"
"9 世设\艾伯伦\Explore探险家手册\第一章 旅行.htm","第一章 旅行.htm",".htm","121586","9 世设\艾伯伦\Explore探险家手册"
"9 世设\艾伯伦\Explore探险家手册\第三章 起始点.htm","第三章 起始点.htm",".htm","123728","9 世设\艾伯伦\Explore探险家手册"
"9 世设\艾伯伦\Explore探险家手册\第二章 旅行工具.htm","第二章 旅行工具.htm",".htm","234765","9 世设\艾伯伦\Explore探险家手册"
"9 世设\艾伯伦\Explore探险家手册\第五章 最终点.htm","第五章 最终点.htm",".htm","264363","9 世设\艾伯伦\Explore探险家手册"
"9 世设\艾伯伦\Explore探险家手册\第四章 过渡点.htm","第四章 过渡点.htm",".htm","142989","9 世设\艾伯伦\Explore探险家手册"
"9 世设\艾伯伦\Explore探险家手册\附录：古代文物.htm","附录：古代文物.htm",".htm","116347","9 世设\艾伯伦\Explore探险家手册"
"9 世设\艾伯伦\Explore探险家手册\雷霆向导.htm","雷霆向导.htm",".htm","48096","9 世设\艾伯伦\Explore探险家手册"
"9 世设\艾伯伦\FN五国\五国.htm","五国.htm",".htm","10398","9 世设\艾伯伦\FN五国"
"9 世设\艾伯伦\FN五国\坎纳斯.htm","坎纳斯.htm",".htm","204727","9 世设\艾伯伦\FN五国"
"9 世设\艾伯伦\FN五国\外交关系-安黛尔.htm","外交关系-安黛尔.htm",".htm","5759","9 世设\艾伯伦\FN五国"
"9 世设\艾伯伦\FN五国\安黛尔.htm","安黛尔.htm",".htm","7059","9 世设\艾伯伦\FN五国"
"9 世设\艾伯伦\FN五国\安黛尔冒险.htm","安黛尔冒险.htm",".htm","43085","9 世设\艾伯伦\FN五国"
"9 世设\艾伯伦\FN五国\安黛尔式潮流.htm","安黛尔式潮流.htm",".htm","5639","9 世设\艾伯伦\FN五国"
"9 世设\艾伯伦\FN五国\安黛尔的王室之眼.htm","安黛尔的王室之眼.htm",".htm","15536","9 世设\艾伯伦\FN五国"
"9 世设\艾伯伦\FN五国\安黛尔著名人物.htm","安黛尔著名人物.htm",".htm","7358","9 世设\艾伯伦\FN五国"
"9 世设\艾伯伦\FN五国\封面.htm","封面.htm",".htm","1525","9 世设\艾伯伦\FN五国"
"9 世设\艾伯伦\FN五国\布鲁兰.htm","布鲁兰.htm",".htm","168332","9 世设\艾伯伦\FN五国"
"9 世设\艾伯伦\FN五国\引言.htm","引言.htm",".htm","3844","9 世设\艾伯伦\FN五国"
"9 世设\艾伯伦\FN五国\扮演安黛尔人.htm","扮演安黛尔人.htm",".htm","4004","9 世设\艾伯伦\FN五国"
"9 世设\艾伯伦\FN五国\瑟雷恩.htm","瑟雷恩.htm",".htm","264185","9 世设\艾伯伦\FN五国"
"9 世设\艾伯伦\FN五国\赛尔和哀伤故地.htm","赛尔和哀伤故地.htm",".htm","121487","9 世设\艾伯伦\FN五国"
"9 世设\艾伯伦\FN五国\进阶职业魅影骑士.htm","进阶职业魅影骑士.htm",".htm","13867","9 世设\艾伯伦\FN五国"
"9 世设\艾伯伦\FN五国\阴谋与派系-安黛尔.htm","阴谋与派系-安黛尔.htm",".htm","8576","9 世设\艾伯伦\FN五国"
"9 世设\艾伯伦\FN五国\龙鹰.htm","龙鹰.htm",".htm","3682","9 世设\艾伯伦\FN五国"
"9 世设\艾伯伦\FoE艾伯伦的信仰\不朽评议会.htm","不朽评议会.htm",".htm","36709","9 世设\艾伯伦\FoE艾伯伦的信仰"
"9 世设\艾伯伦\FoE艾伯伦的信仰\塞里岛的龙信仰.htm","塞里岛的龙信仰.htm",".htm","24774","9 世设\艾伯伦\FoE艾伯伦的信仰"
"9 世设\艾伯伦\FoE艾伯伦的信仰\宗教物品.htm","宗教物品.htm",".htm","10732","9 世设\艾伯伦\FoE艾伯伦的信仰"
"9 世设\艾伯伦\FoE艾伯伦的信仰\封面.htm","封面.htm",".htm","1502","9 世设\艾伯伦\FoE艾伯伦的信仰"
"9 世设\艾伯伦\FoE艾伯伦的信仰\异能.htm","异能.htm",".htm","14405","9 世设\艾伯伦\FoE艾伯伦的信仰"
"9 世设\艾伯伦\FoE艾伯伦的信仰\战俑的奥秘.htm","战俑的奥秘.htm",".htm","61349","9 世设\艾伯伦\FoE艾伯伦的信仰"
"9 世设\艾伯伦\FoE艾伯伦的信仰\新专长.htm","新专长.htm",".htm","36903","9 世设\艾伯伦\FoE艾伯伦的信仰"
"9 世设\艾伯伦\FoE艾伯伦的信仰\构装移植体.htm","构装移植体.htm",".htm","27441","9 世设\艾伯伦\FoE艾伯伦的信仰"
"9 世设\艾伯伦\FoE艾伯伦的信仰\梦族信仰.htm","梦族信仰.htm",".htm","58657","9 世设\艾伯伦\FoE艾伯伦的信仰"
"9 世设\艾伯伦\FoE艾伯伦的信仰\概述.htm","概述.htm",".htm","9206","9 世设\艾伯伦\FoE艾伯伦的信仰"
"9 世设\艾伯伦\FoE艾伯伦的信仰\法术.htm","法术.htm",".htm","43972","9 世设\艾伯伦\FoE艾伯伦的信仰"
"9 世设\艾伯伦\FoE艾伯伦的信仰\第一章：天命诸神.htm","第一章：天命诸神.htm",".htm","175202","9 世设\艾伯伦\FoE艾伯伦的信仰"
"9 世设\艾伯伦\FoE艾伯伦的信仰\第三章：银焰.htm","第三章：银焰.htm",".htm","87113","9 世设\艾伯伦\FoE艾伯伦的信仰"
"9 世设\艾伯伦\FoE艾伯伦的信仰\第二章：黑暗六神.htm","第二章：黑暗六神.htm",".htm","119611","9 世设\艾伯伦\FoE艾伯伦的信仰"
"9 世设\艾伯伦\FoE艾伯伦的信仰\第五章：德鲁伊教派.htm","第五章：德鲁伊教派.htm",".htm","161087","9 世设\艾伯伦\FoE艾伯伦的信仰"
"9 世设\艾伯伦\FoE艾伯伦的信仰\第六章：其他教派.htm","第六章：其他教派.htm",".htm","3588","9 世设\艾伯伦\FoE艾伯伦的信仰"
"9 世设\艾伯伦\FoE艾伯伦的信仰\第四章：沃尔之血.htm","第四章：沃尔之血.htm",".htm","82451","9 世设\艾伯伦\FoE艾伯伦的信仰"
"9 世设\艾伯伦\FoE艾伯伦的信仰\魔法物品.htm","魔法物品.htm",".htm","22710","9 世设\艾伯伦\FoE艾伯伦的信仰"
"9 世设\艾伯伦\FoE艾伯伦的信仰\黄泉巨龙会.htm","黄泉巨龙会.htm",".htm","30901","9 世设\艾伯伦\FoE艾伯伦的信仰"
"9 世设\艾伯伦\FoW战争熔炉\849年 战争伊始.htm","849年 战争伊始.htm",".htm","23416","9 世设\艾伯伦\FoW战争熔炉"
"9 世设\艾伯伦\FoW战争熔炉\896-905 坎纳斯的困境.htm","896-905 坎纳斯的困境.htm",".htm","16512","9 世设\艾伯伦\FoW战争熔炉"
"9 世设\艾伯伦\FoW战争熔炉\906-913 赛尔之围.htm","906-913 赛尔之围.htm",".htm","18064","9 世设\艾伯伦\FoW战争熔炉"
"9 世设\艾伯伦\FoW战争熔炉\914-930 银焰动荡.htm","914-930 银焰动荡.htm",".htm","32867","9 世设\艾伯伦\FoW战争熔炉"
"9 世设\艾伯伦\FoW战争熔炉\928-936 赛尔的平衡策略.htm","928-936 赛尔的平衡策略.htm",".htm","24654","9 世设\艾伯伦\FoW战争熔炉"
"9 世设\艾伯伦\FoW战争熔炉\939-946 报复与修正.htm","939-946 报复与修正.htm",".htm","13787","9 世设\艾伯伦\FoW战争熔炉"
"9 世设\艾伯伦\FoW战争熔炉\947-936 老战场与新战士.htm","947-936 老战场与新战士.htm",".htm","34795","9 世设\艾伯伦\FoW战争熔炉"
"9 世设\艾伯伦\FoW战争熔炉\965-979 战俑崛起.htm","965-979 战俑崛起.htm",".htm","27394","9 世设\艾伯伦\FoW战争熔炉"
"9 世设\艾伯伦\FoW战争熔炉\980-922 布鲁兰的分裂.htm","980-922 布鲁兰的分裂.htm",".htm","33385","9 世设\艾伯伦\FoW战争熔炉"
"9 世设\艾伯伦\FoW战争熔炉\994-996 赛尔灭亡.htm","994-996 赛尔灭亡.htm",".htm","15101","9 世设\艾伯伦\FoW战争熔炉"
"9 世设\艾伯伦\FoW战争熔炉\乔拉斯克家族.htm","乔拉斯克家族.htm",".htm","9530","9 世设\艾伯伦\FoW战争熔炉"
"9 世设\艾伯伦\FoW战争熔炉\亚贡斯.htm","亚贡斯.htm",".htm","14788","9 世设\艾伯伦\FoW战争熔炉"
"9 世设\艾伯伦\FoW战争熔炉\传古物品.htm","传古物品.htm",".htm","59563","9 世设\艾伯伦\FoW战争熔炉"
"9 世设\艾伯伦\FoW战争熔炉\卓姆雇佣兵.htm","卓姆雇佣兵.htm",".htm","20040","9 世设\艾伯伦\FoW战争熔炉"
"9 世设\艾伯伦\FoW战争熔炉\卡尼斯家族.htm","卡尼斯家族.htm",".htm","12228","9 世设\艾伯伦\FoW战争熔炉"
"9 世设\艾伯伦\FoW战争熔炉\历史战役.htm","历史战役.htm",".htm","34508","9 世设\艾伯伦\FoW战争熔炉"
"9 世设\艾伯伦\FoW战争熔炉\后论.htm","后论.htm",".htm","8062","9 世设\艾伯伦\FoW战争熔炉"
"9 世设\艾伯伦\FoW战争熔炉\哀伤故地.htm","哀伤故地.htm",".htm","13230","9 世设\艾伯伦\FoW战争熔炉"
"9 世设\艾伯伦\FoW战争熔炉\团队协作收益.htm","团队协作收益.htm",".htm","17385","9 世设\艾伯伦\FoW战争熔炉"
"9 世设\艾伯伦\FoW战争熔炉\坎纳斯恐惧统帅.htm","坎纳斯恐惧统帅.htm",".htm","23403","9 世设\艾伯伦\FoW战争熔炉"
"9 世设\艾伯伦\FoW战争熔炉\坎纳斯的军队.htm","坎纳斯的军队.htm",".htm","24733","9 世设\艾伯伦\FoW战争熔炉"
"9 世设\艾伯伦\FoW战争熔炉\埃鲁登原野.htm","埃鲁登原野.htm",".htm","12014","9 世设\艾伯伦\FoW战争熔炉"
"9 世设\艾伯伦\FoW战争熔炉\塔兰塔平原.htm","塔兰塔平原.htm",".htm","12438","9 世设\艾伯伦\FoW战争熔炉"
"9 世设\艾伯伦\FoW战争熔炉\奥术弩炮.htm","奥术弩炮.htm",".htm","17228","9 世设\艾伯伦\FoW战争熔炉"
"9 世设\艾伯伦\FoW战争熔炉\安黛尔的军队.htm","安黛尔的军队.htm",".htm","20651","9 世设\艾伯伦\FoW战争熔炉"
"9 世设\艾伯伦\FoW战争熔炉\封面.htm","封面.htm",".htm","1453","9 世设\艾伯伦\FoW战争熔炉"
"9 世设\艾伯伦\FoW战争熔炉\布鲁兰.htm","布鲁兰.htm",".htm","11832","9 世设\艾伯伦\FoW战争熔炉"
"9 世设\艾伯伦\FoW战争熔炉\布鲁兰的军队.htm","布鲁兰的军队.htm",".htm","22747","9 世设\艾伯伦\FoW战争熔炉"
"9 世设\艾伯伦\FoW战争熔炉\序言.htm","序言.htm",".htm","3568","9 世设\艾伯伦\FoW战争熔炉"
"9 世设\艾伯伦\FoW战争熔炉\影子战争.htm","影子战争.htm",".htm","11489","9 世设\艾伯伦\FoW战争熔炉"
"9 世设\艾伯伦\FoW战争熔炉\影子间谍.htm","影子间谍.htm",".htm","67090","9 世设\艾伯伦\FoW战争熔炉"
"9 世设\艾伯伦\FoW战争熔炉\战争之殇.htm","战争之殇.htm",".htm","28982","9 世设\艾伯伦\FoW战争熔炉"
"9 世设\艾伯伦\FoW战争熔炉\战俑.htm","战俑.htm",".htm","14701","9 世设\艾伯伦\FoW战争熔炉"
"9 世设\艾伯伦\FoW战争熔炉\摩洛领.htm","摩洛领.htm",".htm","11339","9 世设\艾伯伦\FoW战争熔炉"
"9 世设\艾伯伦\FoW战争熔炉\新怪物.htm","新怪物.htm",".htm","3230","9 世设\艾伯伦\FoW战争熔炉"
"9 世设\艾伯伦\FoW战争熔炉\时间穿越.htm","时间穿越.htm",".htm","22743","9 世设\艾伯伦\FoW战争熔炉"
"9 世设\艾伯伦\FoW战争熔炉\林兰德家族.htm","林兰德家族.htm",".htm","10066","9 世设\艾伯伦\FoW战争熔炉"
"9 世设\艾伯伦\FoW战争熔炉\概述.htm","概述.htm",".htm","11940","9 世设\艾伯伦\FoW战争熔炉"
"9 世设\艾伯伦\FoW战争熔炉\猛禽战俑.htm","猛禽战俑.htm",".htm","16500","9 世设\艾伯伦\FoW战争熔炉"
"9 世设\艾伯伦\FoW战争熔炉\王座堡特别法庭.htm","王座堡特别法庭.htm",".htm","14797","9 世设\艾伯伦\FoW战争熔炉"
"9 世设\艾伯伦\FoW战争熔炉\王座港.htm","王座港.htm",".htm","8523","9 世设\艾伯伦\FoW战争熔炉"
"9 世设\艾伯伦\FoW战争熔炉\瑟奥利斯特.htm","瑟奥利斯特.htm",".htm","13423","9 世设\艾伯伦\FoW战争熔炉"
"9 世设\艾伯伦\FoW战争熔炉\瑟雷恩的军队.htm","瑟雷恩的军队.htm",".htm","13818","9 世设\艾伯伦\FoW战争熔炉"
"9 世设\艾伯伦\FoW战争熔炉\瓦蓝之地.htm","瓦蓝之地.htm",".htm","13264","9 世设\艾伯伦\FoW战争熔炉"
"9 世设\艾伯伦\FoW战争熔炉\示显军团.htm","示显军团.htm",".htm","13118","9 世设\艾伯伦\FoW战争熔炉"
"9 世设\艾伯伦\FoW战争熔炉\终末战争大百科.htm","终末战争大百科.htm",".htm","2398","9 世设\艾伯伦\FoW战争熔炉"
"9 世设\艾伯伦\FoW战争熔炉\终末战争战役集.htm","终末战争战役集.htm",".htm","11095","9 世设\艾伯伦\FoW战争熔炉"
"9 世设\艾伯伦\FoW战争熔炉\终末战争的法术.htm","终末战争的法术.htm",".htm","81697","9 世设\艾伯伦\FoW战争熔炉"
"9 世设\艾伯伦\FoW战争熔炉\终末战争的起源.htm","终末战争的起源.htm",".htm","9408","9 世设\艾伯伦\FoW战争熔炉"
"9 世设\艾伯伦\FoW战争熔炉\终末战争风云录.htm","终末战争风云录.htm",".htm","4149","9 世设\艾伯伦\FoW战争熔炉"
"9 世设\艾伯伦\FoW战争熔炉\维纶娜雇佣兵.htm","维纶娜雇佣兵.htm",".htm","19112","9 世设\艾伯伦\FoW战争熔炉"
"9 世设\艾伯伦\FoW战争熔炉\背景.htm","背景.htm",".htm","35967","9 世设\艾伯伦\FoW战争熔炉"
"9 世设\艾伯伦\FoW战争熔炉\萨拉释克家族.htm","萨拉释克家族.htm",".htm","11227","9 世设\艾伯伦\FoW战争熔炉"
"9 世设\艾伯伦\FoW战争熔炉\萨法拉斯：无尽之战.htm","萨法拉斯：无尽之战.htm",".htm","13688","9 世设\艾伯伦\FoW战争熔炉"
"9 世设\艾伯伦\FoW战争熔炉\费奥兰和索兰尼家族.htm","费奥兰和索兰尼家族.htm",".htm","11523","9 世设\艾伯伦\FoW战争熔炉"
"9 世设\艾伯伦\FoW战争熔炉\赛尔的军队.htm","赛尔的军队.htm",".htm","21128","9 世设\艾伯伦\FoW战争熔炉"
"9 世设\艾伯伦\FoW战争熔炉\达贡雇佣兵.htm","达贡雇佣兵.htm",".htm","37278","9 世设\艾伯伦\FoW战争熔炉"
"9 世设\艾伯伦\FoW战争熔炉\迷雾数据（含模板）.htm","迷雾数据（含模板）.htm",".htm","39274","9 世设\艾伯伦\FoW战争熔炉"
"9 世设\艾伯伦\FoW战争熔炉\邓奈斯家族.htm","邓奈斯家族.htm",".htm","10399","9 世设\艾伯伦\FoW战争熔炉"
"9 世设\艾伯伦\FoW战争熔炉\闪回战役.htm","闪回战役.htm",".htm","32605","9 世设\艾伯伦\FoW战争熔炉"
"9 世设\艾伯伦\FoW战争熔炉\魔法物品.htm","魔法物品.htm",".htm","28639","9 世设\艾伯伦\FoW战争熔炉"
"9 世设\艾伯伦\FoW战争熔炉\魔法物品套装.htm","魔法物品套装.htm",".htm","32765","9 世设\艾伯伦\FoW战争熔炉"
"9 世设\艾伯伦\FoW战争熔炉\黑色公路.htm","黑色公路.htm",".htm","13390","9 世设\艾伯伦\FoW战争熔炉"
"9 世设\艾伯伦\FoW战争熔炉\龙纹家族.htm","龙纹家族.htm",".htm","13677","9 世设\艾伯伦\FoW战争熔炉"
"9 世设\艾伯伦\MoE艾伯伦的魔法\封面.htm","封面.htm",".htm","1498","9 世设\艾伯伦\MoE艾伯伦的魔法"
"9 世设\艾伯伦\MoE艾伯伦的魔法\概述.htm","概述.htm",".htm","7771","9 世设\艾伯伦\MoE艾伯伦的魔法"
"9 世设\艾伯伦\MoE艾伯伦的魔法\第五章 魔法物品与装备.htm","第五章 魔法物品与装备.htm",".htm","317263","9 世设\艾伯伦\MoE艾伯伦的魔法"
"9 世设\艾伯伦\MoE艾伯伦的魔法\第一章 艾伯伦中的魔法\坎纳斯的魔法.htm","坎纳斯的魔法.htm",".htm","8890","9 世设\艾伯伦\MoE艾伯伦的魔法\第一章 艾伯伦中的魔法"
"9 世设\艾伯伦\MoE艾伯伦的魔法\第一章 艾伯伦中的魔法\异变魔魔法.htm","异变魔魔法.htm",".htm","17754","9 世设\艾伯伦\MoE艾伯伦的魔法\第一章 艾伯伦中的魔法"
"9 世设\艾伯伦\MoE艾伯伦的魔法\第一章 艾伯伦中的魔法\灵能.htm","灵能.htm",".htm","11118","9 世设\艾伯伦\MoE艾伯伦的魔法\第一章 艾伯伦中的魔法"
"9 世设\艾伯伦\MoE艾伯伦的魔法\第一章 艾伯伦中的魔法\第一章 艾伯伦中的魔法.htm","第一章 艾伯伦中的魔法.htm",".htm","37333","9 世设\艾伯伦\MoE艾伯伦的魔法\第一章 艾伯伦中的魔法"
"9 世设\艾伯伦\MoE艾伯伦的魔法\第一章 艾伯伦中的魔法\艾伦诺的魔法.htm","艾伦诺的魔法.htm",".htm","11965","9 世设\艾伯伦\MoE艾伯伦的魔法\第一章 艾伯伦中的魔法"
"9 世设\艾伯伦\MoE艾伯伦的魔法\第一章 艾伯伦中的魔法\艾伯伦的组织.htm","艾伯伦的组织.htm",".htm","19541","9 世设\艾伯伦\MoE艾伯伦的魔法\第一章 艾伯伦中的魔法"
"9 世设\艾伯伦\MoE艾伯伦的魔法\第一章 艾伯伦中的魔法\龙图腾仪式.htm","龙图腾仪式.htm",".htm","5750","9 世设\艾伯伦\MoE艾伯伦的魔法\第一章 艾伯伦中的魔法"
"9 世设\艾伯伦\MoE艾伯伦的魔法\第一章 艾伯伦中的魔法\龙晶.htm","龙晶.htm",".htm","30693","9 世设\艾伯伦\MoE艾伯伦的魔法\第一章 艾伯伦中的魔法"
"9 世设\艾伯伦\MoE艾伯伦的魔法\第一章 艾伯伦中的魔法\龙纹预言.htm","龙纹预言.htm",".htm","10205","9 世设\艾伯伦\MoE艾伯伦的魔法\第一章 艾伯伦中的魔法"
"9 世设\艾伯伦\MoE艾伯伦的魔法\第三章 进阶职业\叛道技师.htm","叛道技师.htm",".htm","16562","9 世设\艾伯伦\MoE艾伯伦的魔法\第三章 进阶职业"
"9 世设\艾伯伦\MoE艾伯伦的魔法\第三章 进阶职业\吉拉哥元素共生者.htm","吉拉哥元素共生者.htm",".htm","43117","9 世设\艾伯伦\MoE艾伯伦的魔法\第三章 进阶职业"
"9 世设\艾伯伦\MoE艾伯伦的魔法\第三章 进阶职业\巨龙预言学家.htm","巨龙预言学家.htm",".htm","23856","9 世设\艾伯伦\MoE艾伯伦的魔法\第三章 进阶职业"
"9 世设\艾伯伦\MoE艾伯伦的魔法\第三章 进阶职业\梦族猎心者.htm","梦族猎心者.htm",".htm","23965","9 世设\艾伯伦\MoE艾伯伦的魔法\第三章 进阶职业"
"9 世设\艾伯伦\MoE艾伯伦的魔法\第三章 进阶职业\炼金大师.htm","炼金大师.htm",".htm","15726","9 世设\艾伯伦\MoE艾伯伦的魔法\第三章 进阶职业"
"9 世设\艾伯伦\MoE艾伯伦的魔法\第三章 进阶职业\秽染公子.htm","秽染公子.htm",".htm","19027","9 世设\艾伯伦\MoE艾伯伦的魔法\第三章 进阶职业"
"9 世设\艾伯伦\MoE艾伯伦的魔法\第三章 进阶职业\艾伦诺警卫兵.htm","艾伦诺警卫兵.htm",".htm","38362","9 世设\艾伯伦\MoE艾伯伦的魔法\第三章 进阶职业"
"9 世设\艾伯伦\MoE艾伯伦的魔法\第三章 进阶职业\逐死者.htm","逐死者.htm",".htm","16854","9 世设\艾伯伦\MoE艾伯伦的魔法\第三章 进阶职业"
"9 世设\艾伯伦\MoE艾伯伦的魔法\第二章 角色选项\专长.htm","专长.htm",".htm","48306","9 世设\艾伯伦\MoE艾伯伦的魔法\第二章 角色选项"
"9 世设\艾伯伦\MoE艾伯伦的魔法\第二章 角色选项\异变魔血裔.htm","异变魔血裔.htm",".htm","28945","9 世设\艾伯伦\MoE艾伯伦的魔法\第二章 角色选项"
"9 世设\艾伯伦\MoE艾伯伦的魔法\第二章 角色选项\灵俑.htm","灵俑.htm",".htm","24737","9 世设\艾伯伦\MoE艾伯伦的魔法\第二章 角色选项"
"9 世设\艾伯伦\MoE艾伯伦的魔法\第二章 角色选项\灵能机关术士.htm","灵能机关术士.htm",".htm","15813","9 世设\艾伯伦\MoE艾伯伦的魔法\第二章 角色选项"
"9 世设\艾伯伦\MoE艾伯伦的魔法\第二章 角色选项\龙图腾仪式具体.htm","龙图腾仪式具体.htm",".htm","27736","9 世设\艾伯伦\MoE艾伯伦的魔法\第二章 角色选项"
"9 世设\艾伯伦\MoE艾伯伦的魔法\第六章 生物\专职工匠.htm","专职工匠.htm",".htm","9709","9 世设\艾伯伦\MoE艾伯伦的魔法\第六章 生物"
"9 世设\艾伯伦\MoE艾伯伦的魔法\第六章 生物\乌尔达克.htm","乌尔达克.htm",".htm","12981","9 世设\艾伯伦\MoE艾伯伦的魔法\第六章 生物"
"9 世设\艾伯伦\MoE艾伯伦的魔法\第六章 生物\共生体.htm","共生体.htm",".htm","70841","9 世设\艾伯伦\MoE艾伯伦的魔法\第六章 生物"
"9 世设\艾伯伦\MoE艾伯伦的魔法\第六章 生物\刺猬-执着的猎兔犬.htm","刺猬-执着的猎兔犬.htm",".htm","9016","9 世设\艾伯伦\MoE艾伯伦的魔法\第六章 生物"
"9 世设\艾伯伦\MoE艾伯伦的魔法\第六章 生物\劲弩手.htm","劲弩手.htm",".htm","10196","9 世设\艾伯伦\MoE艾伯伦的魔法\第六章 生物"
"9 世设\艾伯伦\MoE艾伯伦的魔法\第六章 生物\半魇灵.htm","半魇灵.htm",".htm","16131","9 世设\艾伯伦\MoE艾伯伦的魔法\第六章 生物"
"9 世设\艾伯伦\MoE艾伯伦的魔法\第六章 生物\半魇灵检察官.htm","半魇灵检察官.htm",".htm","15744","9 世设\艾伯伦\MoE艾伯伦的魔法\第六章 生物"
"9 世设\艾伯伦\MoE艾伯伦的魔法\第六章 生物\吞食者.htm","吞食者.htm",".htm","13686","9 世设\艾伯伦\MoE艾伯伦的魔法\第六章 生物"
"9 世设\艾伯伦\MoE艾伯伦的魔法\第六章 生物\多尔加斯特.htm","多尔加斯特.htm",".htm","12905","9 世设\艾伯伦\MoE艾伯伦的魔法\第六章 生物"
"9 世设\艾伯伦\MoE艾伯伦的魔法\第六章 生物\念刃灵.htm","念刃灵.htm",".htm","11948","9 世设\艾伯伦\MoE艾伯伦的魔法\第六章 生物"
"9 世设\艾伯伦\MoE艾伯伦的魔法\第六章 生物\控梦灵.htm","控梦灵.htm",".htm","14094","9 世设\艾伯伦\MoE艾伯伦的魔法\第六章 生物"
"9 世设\艾伯伦\MoE艾伯伦的魔法\第六章 生物\新的怪物.htm","新的怪物.htm",".htm","4107","9 世设\艾伯伦\MoE艾伯伦的魔法\第六章 生物"
"9 世设\艾伯伦\MoE艾伯伦的魔法\第六章 生物\梦族.htm","梦族.htm",".htm","10201","9 世设\艾伯伦\MoE艾伯伦的魔法\第六章 生物"
"9 世设\艾伯伦\MoE艾伯伦的魔法\第六章 生物\百宝箱.htm","百宝箱.htm",".htm","11065","9 世设\艾伯伦\MoE艾伯伦的魔法\第六章 生物"
"9 世设\艾伯伦\MoE艾伯伦的魔法\第六章 生物\迅捷信使.htm","迅捷信使.htm",".htm","9916","9 世设\艾伯伦\MoE艾伯伦的魔法\第六章 生物"
"9 世设\艾伯伦\MoE艾伯伦的魔法\第六章 生物\鬼祟神偷.htm","鬼祟神偷.htm",".htm","9087","9 世设\艾伯伦\MoE艾伯伦的魔法\第六章 生物"
"9 世设\艾伯伦\MoE艾伯伦的魔法\第四章 法术与灵能\法术和机关术列表.htm","法术和机关术列表.htm",".htm","29577","9 世设\艾伯伦\MoE艾伯伦的魔法\第四章 法术与灵能"
"9 世设\艾伯伦\MoE艾伯伦的魔法\第四章 法术与灵能\法术和机关术详述.htm","法术和机关术详述.htm",".htm","136679","9 世设\艾伯伦\MoE艾伯伦的魔法\第四章 法术与灵能"
"9 世设\艾伯伦\MoE艾伯伦的魔法\第四章 法术与灵能\灵能详述.htm","灵能详述.htm",".htm","47469","9 世设\艾伯伦\MoE艾伯伦的魔法\第四章 法术与灵能"
"9 世设\艾伯伦\MoE艾伯伦的魔法\第四章 法术与灵能\神术详述.htm","神术详述.htm",".htm","32553","9 世设\艾伯伦\MoE艾伯伦的魔法\第四章 法术与灵能"
"9 世设\艾伯伦\MoE艾伯伦的魔法\第四章 法术与灵能\高魔社会中的生活.htm","高魔社会中的生活.htm",".htm","6519","9 世设\艾伯伦\MoE艾伯伦的魔法\第四章 法术与灵能"
"9 世设\艾伯伦\PGtE艾伯伦玩家手册\专长整理翻译.htm","专长整理翻译.htm",".htm","49350","9 世设\艾伯伦\PGtE艾伯伦玩家手册"
"9 世设\艾伯伦\PGtE艾伯伦玩家手册\五国.htm","五国.htm",".htm","12606","9 世设\艾伯伦\PGtE艾伯伦玩家手册"
"9 世设\艾伯伦\PGtE艾伯伦玩家手册\人类.htm","人类.htm",".htm","19935","9 世设\艾伯伦\PGtE艾伯伦玩家手册"
"9 世设\艾伯伦\PGtE艾伯伦玩家手册\位面.htm","位面.htm",".htm","57553","9 世设\艾伯伦\PGtE艾伯伦玩家手册"
"9 世设\艾伯伦\PGtE艾伯伦玩家手册\侏儒.htm","侏儒.htm",".htm","18841","9 世设\艾伯伦\PGtE艾伯伦玩家手册"
"9 世设\艾伯伦\PGtE艾伯伦玩家手册\修道院的传统.htm","修道院的传统.htm",".htm","20726","9 世设\艾伯伦\PGtE艾伯伦玩家手册"
"9 世设\艾伯伦\PGtE艾伯伦玩家手册\兽人.htm","兽人.htm",".htm","15856","9 世设\艾伯伦\PGtE艾伯伦玩家手册"
"9 世设\艾伯伦\PGtE艾伯伦玩家手册\冒险ADVENTURE.htm","冒险ADVENTURE.htm",".htm","8622","9 世设\艾伯伦\PGtE艾伯伦玩家手册"
"9 世设\艾伯伦\PGtE艾伯伦玩家手册\凯博尔.htm","凯博尔.htm",".htm","31987","9 世设\艾伯伦\PGtE艾伯伦玩家手册"
"9 世设\艾伯伦\PGtE艾伯伦玩家手册\创世神话CREATTON MYTHS.htm","创世神话CREATTON MYTHS.htm",".htm","16414","9 世设\艾伯伦\PGtE艾伯伦玩家手册"
"9 世设\艾伯伦\PGtE艾伯伦玩家手册\创造一个艾伯伦角色.htm","创造一个艾伯伦角色.htm",".htm","23669","9 世设\艾伯伦\PGtE艾伯伦玩家手册"
"9 世设\艾伯伦\PGtE艾伯伦玩家手册\半兽化人.htm","半兽化人.htm",".htm","15789","9 世设\艾伯伦\PGtE艾伯伦玩家手册"
"9 世设\艾伯伦\PGtE艾伯伦玩家手册\半变形怪.htm","半变形怪.htm",".htm","15821","9 世设\艾伯伦\PGtE艾伯伦玩家手册"
"9 世设\艾伯伦\PGtE艾伯伦玩家手册\半梦灵.htm","半梦灵.htm",".htm","10450","9 世设\艾伯伦\PGtE艾伯伦玩家手册"
"9 世设\艾伯伦\PGtE艾伯伦玩家手册\半身人.htm","半身人.htm",".htm","16409","9 世设\艾伯伦\PGtE艾伯伦玩家手册"
"9 世设\艾伯伦\PGtE艾伯伦玩家手册\卓姆.htm","卓姆.htm",".htm","16616","9 世设\艾伯伦\PGtE艾伯伦玩家手册"
"9 世设\艾伯伦\PGtE艾伯伦玩家手册\历史.htm","历史.htm",".htm","8596","9 世设\艾伯伦\PGtE艾伯伦玩家手册"
"9 世设\艾伯伦\PGtE艾伯伦玩家手册\哀伤故地.htm","哀伤故地.htm",".htm","19577","9 世设\艾伯伦\PGtE艾伯伦玩家手册"
"9 世设\艾伯伦\PGtE艾伯伦玩家手册\地精.htm","地精.htm",".htm","17046","9 世设\艾伯伦\PGtE艾伯伦玩家手册"
"9 世设\艾伯伦\PGtE艾伯伦玩家手册\埃鲁登原野.htm","埃鲁登原野.htm",".htm","57149","9 世设\艾伯伦\PGtE艾伯伦玩家手册"
"9 世设\艾伯伦\PGtE艾伯伦玩家手册\天命诸神.htm","天命诸神.htm",".htm","19037","9 世设\艾伯伦\PGtE艾伯伦玩家手册"
"9 世设\艾伯伦\PGtE艾伯伦玩家手册\夸巴拉.htm","夸巴拉.htm",".htm","15274","9 世设\艾伯伦\PGtE艾伯伦玩家手册"
"9 世设\艾伯伦\PGtE艾伯伦玩家手册\封面.htm","封面.htm",".htm","1538","9 世设\艾伯伦\PGtE艾伯伦玩家手册"
"9 世设\艾伯伦\PGtE艾伯伦玩家手册\希恩德瑞克.htm","希恩德瑞克.htm",".htm","30254","9 世设\艾伯伦\PGtE艾伯伦玩家手册"
"9 世设\艾伯伦\PGtE艾伯伦玩家手册\序言：一份艾伯伦的指南.htm","序言：一份艾伯伦的指南.htm",".htm","3681","9 世设\艾伯伦\PGtE艾伯伦玩家手册"
"9 世设\艾伯伦\PGtE艾伯伦玩家手册\恶魔荒原.htm","恶魔荒原.htm",".htm","30625","9 世设\艾伯伦\PGtE艾伯伦玩家手册"
"9 世设\艾伯伦\PGtE艾伯伦玩家手册\战俑.htm","战俑.htm",".htm","16175","9 世设\艾伯伦\PGtE艾伯伦玩家手册"
"9 世设\艾伯伦\PGtE艾伯伦玩家手册\护门秘法师.htm","护门秘法师.htm",".htm","31154","9 世设\艾伯伦\PGtE艾伯伦玩家手册"
"9 世设\艾伯伦\PGtE艾伯伦玩家手册\拉扎尔联邦.htm","拉扎尔联邦.htm",".htm","13977","9 世设\艾伯伦\PGtE艾伯伦玩家手册"
"9 世设\艾伯伦\PGtE艾伯伦玩家手册\日常的魔法.htm","日常的魔法.htm",".htm","15835","9 世设\艾伯伦\PGtE艾伯伦玩家手册"
"9 世设\艾伯伦\PGtE艾伯伦玩家手册\沃尔之嗣.htm","沃尔之嗣.htm",".htm","19222","9 世设\艾伯伦\PGtE艾伯伦玩家手册"
"9 世设\艾伯伦\PGtE艾伯伦玩家手册\瑞依卓尔.htm","瑞依卓尔.htm",".htm","18297","9 世设\艾伯伦\PGtE艾伯伦玩家手册"
"9 世设\艾伯伦\PGtE艾伯伦玩家手册\矮人.htm","矮人.htm",".htm","13244","9 世设\艾伯伦\PGtE艾伯伦玩家手册"
"9 世设\艾伯伦\PGtE艾伯伦玩家手册\社会与阶级.htm","社会与阶级.htm",".htm","7834","9 世设\艾伯伦\PGtE艾伯伦玩家手册"
"9 世设\艾伯伦\PGtE艾伯伦玩家手册\精灵与半精灵.htm","精灵与半精灵.htm",".htm","17844","9 世设\艾伯伦\PGtE艾伯伦玩家手册"
"9 世设\艾伯伦\PGtE艾伯伦玩家手册\终末战争.htm","终末战争.htm",".htm","24192","9 世设\艾伯伦\PGtE艾伯伦玩家手册"
"9 世设\艾伯伦\PGtE艾伯伦玩家手册\维纶娜.htm","维纶娜.htm",".htm","17764","9 世设\艾伯伦\PGtE艾伯伦玩家手册"
"9 世设\艾伯伦\PGtE艾伯伦玩家手册\艾伦诺AERENAL.htm","艾伦诺AERENAL.htm",".htm","35960","9 世设\艾伯伦\PGtE艾伯伦玩家手册"
"9 世设\艾伯伦\PGtE艾伯伦玩家手册\艾伯伦的海洋.htm","艾伯伦的海洋.htm",".htm","16673","9 世设\艾伯伦\PGtE艾伯伦玩家手册"
"9 世设\艾伯伦\PGtE艾伯伦玩家手册\英魂之刃.htm","英魂之刃.htm",".htm","30353","9 世设\艾伯伦\PGtE艾伯伦玩家手册"
"9 世设\艾伯伦\PGtE艾伯伦玩家手册\莫格雷夫大学.htm","莫格雷夫大学.htm",".htm","14486","9 世设\艾伯伦\PGtE艾伯伦玩家手册"
"9 世设\艾伯伦\PGtE艾伯伦玩家手册\证件.htm","证件.htm",".htm","12767","9 世设\艾伯伦\PGtE艾伯伦玩家手册"
"9 世设\艾伯伦\PGtE艾伯伦玩家手册\邪恶组织.htm","邪恶组织.htm",".htm","13782","9 世设\艾伯伦\PGtE艾伯伦玩家手册"
"9 世设\艾伯伦\PGtE艾伯伦玩家手册\银焰教会.htm","银焰教会.htm",".htm","33863","9 世设\艾伯伦\PGtE艾伯伦玩家手册"
"9 世设\艾伯伦\PGtE艾伯伦玩家手册\阴谋与间谍.htm","阴谋与间谍.htm",".htm","3638","9 世设\艾伯伦\PGtE艾伯伦玩家手册"
"9 世设\艾伯伦\PGtE艾伯伦玩家手册\霜落之地和艾弗里斯.htm","霜落之地和艾弗里斯.htm",".htm","16361","9 世设\艾伯伦\PGtE艾伯伦玩家手册"
"9 世设\艾伯伦\PGtE艾伯伦玩家手册\高等元素束缚师.htm","高等元素束缚师.htm",".htm","16370","9 世设\艾伯伦\PGtE艾伯伦玩家手册"
"9 世设\艾伯伦\PGtE艾伯伦玩家手册\魔法学院.htm","魔法学院.htm",".htm","15030","9 世设\艾伯伦\PGtE艾伯伦玩家手册"
"9 世设\艾伯伦\PGtE艾伯伦玩家手册\魔法的传统.htm","魔法的传统.htm",".htm","16105","9 世设\艾伯伦\PGtE艾伯伦玩家手册"
"9 世设\艾伯伦\PGtE艾伯伦玩家手册\黑暗六神THE DARK SIX.htm","黑暗六神THE DARK SIX.htm",".htm","17603","9 世设\艾伯伦\PGtE艾伯伦玩家手册"
"9 世设\艾伯伦\PGtE艾伯伦玩家手册\龙.htm","龙.htm",".htm","24615","9 世设\艾伯伦\PGtE艾伯伦玩家手册"
"9 世设\艾伯伦\PGtE艾伯伦玩家手册\龙晶.htm","龙晶.htm",".htm","18806","9 世设\艾伯伦\PGtE艾伯伦玩家手册"
"9 世设\艾伯伦\PGtE艾伯伦玩家手册\龙纹家族.htm","龙纹家族.htm",".htm","28544","9 世设\艾伯伦\PGtE艾伯伦玩家手册"
"9 世设\艾伯伦\RoE艾伯伦的种族\ROE专长.htm","ROE专长.htm",".htm","85683","9 世设\艾伯伦\RoE艾伯伦的种族"
"9 世设\艾伯伦\RoE艾伯伦的种族\ROE种族替换等级.htm","ROE种族替换等级.htm",".htm","93495","9 世设\艾伯伦\RoE艾伯伦的种族"
"9 世设\艾伯伦\RoE艾伯伦的种族\ROE魔法与灵能.htm","ROE魔法与灵能.htm",".htm","142801","9 世设\艾伯伦\RoE艾伯伦的种族"
"9 世设\艾伯伦\RoE艾伯伦的种族\传承者.htm","传承者.htm",".htm","22059","9 世设\艾伯伦\RoE艾伯伦的种族"
"9 世设\艾伯伦\RoE艾伯伦的种族\侏儒.htm","侏儒.htm",".htm","14718","9 世设\艾伯伦\RoE艾伯伦的种族"
"9 世设\艾伯伦\RoE艾伯伦的种族\兽人.htm","兽人.htm",".htm","13123","9 世设\艾伯伦\RoE艾伯伦的种族"
"9 世设\艾伯伦\RoE艾伯伦的种族\半兽人.htm","半兽人.htm",".htm","13732","9 世设\艾伯伦\RoE艾伯伦的种族"
"9 世设\艾伯伦\RoE艾伯伦的种族\半精灵.htm","半精灵.htm",".htm","14619","9 世设\艾伯伦\RoE艾伯伦的种族"
"9 世设\艾伯伦\RoE艾伯伦的种族\半魇灵.htm","半魇灵.htm",".htm","24034","9 世设\艾伯伦\RoE艾伯伦的种族"
"9 世设\艾伯伦\RoE艾伯伦的种族\卓尔精灵.htm","卓尔精灵.htm",".htm","13996","9 世设\艾伯伦\RoE艾伯伦的种族"
"9 世设\艾伯伦\RoE艾伯伦的种族\咒刻士兵.htm","咒刻士兵.htm",".htm","12330","9 世设\艾伯伦\RoE艾伯伦的种族"
"9 世设\艾伯伦\RoE艾伯伦的种族\地精.htm","地精.htm",".htm","23414","9 世设\艾伯伦\RoE艾伯伦的种族"
"9 世设\艾伯伦\RoE艾伯伦的种族\塔兰塔半身人.htm","塔兰塔半身人.htm",".htm","12257","9 世设\艾伯伦\RoE艾伯伦的种族"
"9 世设\艾伯伦\RoE艾伯伦的种族\奔掠者.htm","奔掠者.htm",".htm","11531","9 世设\艾伯伦\RoE艾伯伦的种族"
"9 世设\艾伯伦\RoE艾伯伦的种族\密阁间谍.htm","密阁间谍.htm",".htm","17497","9 世设\艾伯伦\RoE艾伯伦的种族"
"9 世设\艾伯伦\RoE艾伯伦的种族\封面.htm","封面.htm",".htm","1501","9 世设\艾伯伦\RoE艾伯伦的种族"
"9 世设\艾伯伦\RoE艾伯伦的种族\月咏者.htm","月咏者.htm",".htm","20638","9 世设\艾伯伦\RoE艾伯伦的种族"
"9 世设\艾伯伦\RoE艾伯伦的种族\梦族之魇.htm","梦族之魇.htm",".htm","13108","9 世设\艾伯伦\RoE艾伯伦的种族"
"9 世设\艾伯伦\RoE艾伯伦的种族\矮人.htm","矮人.htm",".htm","13821","9 世设\艾伯伦\RoE艾伯伦的种族"
"9 世设\艾伯伦\RoE艾伯伦的种族\科瓦雷半身人.htm","科瓦雷半身人.htm",".htm","7722","9 世设\艾伯伦\RoE艾伯伦的种族"
"9 世设\艾伯伦\RoE艾伯伦的种族\科瓦雷精灵.htm","科瓦雷精灵.htm",".htm","6615","9 世设\艾伯伦\RoE艾伯伦的种族"
"9 世设\艾伯伦\RoE艾伯伦的种族\第一章 战俑.htm","第一章 战俑.htm",".htm","107640","9 世设\艾伯伦\RoE艾伯伦的种族"
"9 世设\艾伯伦\RoE艾伯伦的种族\第三章 半变形怪.htm","第三章 半变形怪.htm",".htm","56669","9 世设\艾伯伦\RoE艾伯伦的种族"
"9 世设\艾伯伦\RoE艾伯伦的种族\第二章 半兽化人.htm","第二章 半兽化人.htm",".htm","55299","9 世设\艾伯伦\RoE艾伯伦的种族"
"9 世设\艾伯伦\RoE艾伯伦的种族\第五章 其他种族.htm","第五章 其他种族.htm",".htm","3334","9 世设\艾伯伦\RoE艾伯伦的种族"
"9 世设\艾伯伦\RoE艾伯伦的种族\第八章 装备.htm","第八章 装备.htm",".htm","63405","9 世设\艾伯伦\RoE艾伯伦的种族"
"9 世设\艾伯伦\RoE艾伯伦的种族\第四章 半梦灵.htm","第四章 半梦灵.htm",".htm","52400","9 世设\艾伯伦\RoE艾伯伦的种族"
"9 世设\艾伯伦\RoE艾伯伦的种族\维纶娜精灵.htm","维纶娜精灵.htm",".htm","17411","9 世设\艾伯伦\RoE艾伯伦的种族"
"9 世设\艾伯伦\RoE艾伯伦的种族\艾伦诺精灵.htm","艾伦诺精灵.htm",".htm","12418","9 世设\艾伯伦\RoE艾伯伦的种族"
"9 世设\艾伯伦\RoE艾伯伦的种族\重生者.htm","重生者.htm",".htm","11178","9 世设\艾伯伦\RoE艾伯伦的种族"
"9 世设\艾伯伦\RoE艾伯伦的种族\铸法者.htm","铸法者.htm",".htm","15784","9 世设\艾伯伦\RoE艾伯伦的种族"
"9 世设\艾伯伦\Sharn萨恩万塔都市\专长.htm","专长.htm",".htm","11708","9 世设\艾伯伦\Sharn萨恩万塔都市"
"9 世设\艾伯伦\Sharn萨恩万塔都市\亡鼠集群.htm","亡鼠集群.htm",".htm","13727","9 世设\艾伯伦\Sharn萨恩万塔都市"
"9 世设\艾伯伦\Sharn萨恩万塔都市\使用法律.htm","使用法律.htm",".htm","14866","9 世设\艾伯伦\Sharn萨恩万塔都市"
"9 世设\艾伯伦\Sharn萨恩万塔都市\光辉偶像.htm","光辉偶像.htm",".htm","21466","9 世设\艾伯伦\Sharn萨恩万塔都市"
"9 世设\艾伯伦\Sharn萨恩万塔都市\卡尼斯魔杖专擅者.htm","卡尼斯魔杖专擅者.htm",".htm","14893","9 世设\艾伯伦\Sharn萨恩万塔都市"
"9 世设\艾伯伦\Sharn萨恩万塔都市\城市怪物.htm","城市怪物.htm",".htm","22043","9 世设\艾伯伦\Sharn萨恩万塔都市"
"9 世设\艾伯伦\Sharn萨恩万塔都市\堡垒精英.htm","堡垒精英.htm",".htm","16402","9 世设\艾伯伦\Sharn萨恩万塔都市"
"9 世设\艾伯伦\Sharn萨恩万塔都市\塔卡南家族.htm","塔卡南家族.htm",".htm","7860","9 世设\艾伯伦\Sharn萨恩万塔都市"
"9 世设\艾伯伦\Sharn萨恩万塔都市\外国势力.htm","外国势力.htm",".htm","58016","9 世设\艾伯伦\Sharn萨恩万塔都市"
"9 世设\艾伯伦\Sharn萨恩万塔都市\寄生蟑螂.htm","寄生蟑螂.htm",".htm","12258","9 世设\艾伯伦\Sharn萨恩万塔都市"
"9 世设\艾伯伦\Sharn萨恩万塔都市\封面.htm","封面.htm",".htm","1528","9 世设\艾伯伦\Sharn萨恩万塔都市"
"9 世设\艾伯伦\Sharn萨恩万塔都市\尖顶龙.htm","尖顶龙.htm",".htm","14473","9 世设\艾伯伦\Sharn萨恩万塔都市"
"9 世设\艾伯伦\Sharn萨恩万塔都市\幕后黑手.htm","幕后黑手.htm",".htm","10364","9 世设\艾伯伦\Sharn萨恩万塔都市"
"9 世设\艾伯伦\Sharn萨恩万塔都市\战役设定.htm","战役设定.htm",".htm","37714","9 世设\艾伯伦\Sharn萨恩万塔都市"
"9 世设\艾伯伦\Sharn萨恩万塔都市\执法力量.htm","执法力量.htm",".htm","86845","9 世设\艾伯伦\Sharn萨恩万塔都市"
"9 世设\艾伯伦\Sharn萨恩万塔都市\暴君会.htm","暴君会.htm",".htm","9442","9 世设\艾伯伦\Sharn萨恩万塔都市"
"9 世设\艾伯伦\Sharn萨恩万塔都市\权利与政治.htm","权利与政治.htm",".htm","28161","9 世设\艾伯伦\Sharn萨恩万塔都市"
"9 世设\艾伯伦\Sharn萨恩万塔都市\概述.htm","概述.htm",".htm","17999","9 世设\艾伯伦\Sharn萨恩万塔都市"
"9 世设\艾伯伦\Sharn萨恩万塔都市\法术.htm","法术.htm",".htm","14249","9 世设\艾伯伦\Sharn萨恩万塔都市"
"9 世设\艾伯伦\Sharn萨恩万塔都市\波罗马家族.htm","波罗马家族.htm",".htm","16333","9 世设\艾伯伦\Sharn萨恩万塔都市"
"9 世设\艾伯伦\Sharn萨恩万塔都市\熔炉缚灵.htm","熔炉缚灵.htm",".htm","12512","9 世设\艾伯伦\Sharn萨恩万塔都市"
"9 世设\艾伯伦\Sharn萨恩万塔都市\犯罪集团.htm","犯罪集团.htm",".htm","2392","9 世设\艾伯伦\Sharn萨恩万塔都市"
"9 世设\艾伯伦\Sharn萨恩万塔都市\直面后果.htm","直面后果.htm",".htm","11136","9 世设\艾伯伦\Sharn萨恩万塔都市"
"9 世设\艾伯伦\Sharn萨恩万塔都市\第一二节 城市风格.htm","第一二节 城市风格.htm",".htm","14125","9 世设\艾伯伦\Sharn萨恩万塔都市"
"9 世设\艾伯伦\Sharn萨恩万塔都市\第一节 什么风把你吹来了.htm","第一节 什么风把你吹来了.htm",".htm","95795","9 世设\艾伯伦\Sharn萨恩万塔都市"
"9 世设\艾伯伦\Sharn萨恩万塔都市\第七节 北边区.htm","第七节 北边区.htm",".htm","43627","9 世设\艾伯伦\Sharn萨恩万塔都市"
"9 世设\艾伯伦\Sharn萨恩万塔都市\第三节 中央高地区.htm","第三节 中央高地区.htm",".htm","64062","9 世设\艾伯伦\Sharn萨恩万塔都市"
"9 世设\艾伯伦\Sharn萨恩万塔都市\第三节 人口构成.htm","第三节 人口构成.htm",".htm","13981","9 世设\艾伯伦\Sharn萨恩万塔都市"
"9 世设\艾伯伦\Sharn萨恩万塔都市\第九节 塔维克码头区.htm","第九节 塔维克码头区.htm",".htm","77334","9 世设\艾伯伦\Sharn萨恩万塔都市"
"9 世设\艾伯伦\Sharn萨恩万塔都市\第二节 商业和商铺 .htm","第二节 商业和商铺 .htm",".htm","15197","9 世设\艾伯伦\Sharn萨恩万塔都市"
"9 世设\艾伯伦\Sharn萨恩万塔都市\第五节 杜拉区.htm","第五节 杜拉区.htm",".htm","100150","9 世设\艾伯伦\Sharn萨恩万塔都市"
"9 世设\艾伯伦\Sharn萨恩万塔都市\第五节 节日与娱乐.htm","第五节 节日与娱乐.htm",".htm","25582","9 世设\艾伯伦\Sharn萨恩万塔都市"
"9 世设\艾伯伦\Sharn萨恩万塔都市\第八节 天城区.htm","第八节 天城区.htm",".htm","14532","9 世设\艾伯伦\Sharn萨恩万塔都市"
"9 世设\艾伯伦\Sharn萨恩万塔都市\第六节 孟西斯高地区.htm","第六节 孟西斯高地区.htm",".htm","63656","9 世设\艾伯伦\Sharn萨恩万塔都市"
"9 世设\艾伯伦\Sharn萨恩万塔都市\第十一章 死者之城.htm","第十一章 死者之城.htm",".htm","9736","9 世设\艾伯伦\Sharn萨恩万塔都市"
"9 世设\艾伯伦\Sharn萨恩万塔都市\第十节 齿轮区.htm","第十节 齿轮区.htm",".htm","30853","9 世设\艾伯伦\Sharn萨恩万塔都市"
"9 世设\艾伯伦\Sharn萨恩万塔都市\第四节 崖边区.htm","第四节 崖边区.htm",".htm","11914","9 世设\艾伯伦\Sharn萨恩万塔都市"
"9 世设\艾伯伦\Sharn萨恩万塔都市\第四节 萨恩的历史.htm","第四节 萨恩的历史.htm",".htm","10569","9 世设\艾伯伦\Sharn萨恩万塔都市"
"9 世设\艾伯伦\Sharn萨恩万塔都市\罪行代价.htm","罪行代价.htm",".htm","10949","9 世设\艾伯伦\Sharn萨恩万塔都市"
"9 世设\艾伯伦\Sharn萨恩万塔都市\腐臭甲虫集群.htm","腐臭甲虫集群.htm",".htm","21730","9 世设\艾伯伦\Sharn萨恩万塔都市"
"9 世设\艾伯伦\Sharn萨恩万塔都市\萨恩天法师.htm","萨恩天法师.htm",".htm","19528","9 世设\艾伯伦\Sharn萨恩万塔都市"
"9 世设\艾伯伦\Sharn萨恩万塔都市\行会与组织.htm","行会与组织.htm",".htm","19132","9 世设\艾伯伦\Sharn萨恩万塔都市"
"9 世设\艾伯伦\Sharn萨恩万塔都市\装备与商品.htm","装备与商品.htm",".htm","43919","9 世设\艾伯伦\Sharn萨恩万塔都市"
"9 世设\艾伯伦\Sharn萨恩万塔都市\达斯克.htm","达斯克.htm",".htm","28125","9 世设\艾伯伦\Sharn萨恩万塔都市"
"9 世设\艾伯伦\Sharn萨恩万塔都市\违法行为.htm","违法行为.htm",".htm","27617","9 世设\艾伯伦\Sharn萨恩万塔都市"
"9 世设\艾伯伦\Sharn萨恩万塔都市\逃避制裁.htm","逃避制裁.htm",".htm","8474","9 世设\艾伯伦\Sharn萨恩万塔都市"
"9 世设\艾伯伦\Sharn萨恩万塔都市\附录：边栏.htm","附录：边栏.htm",".htm","97586","9 世设\艾伯伦\Sharn萨恩万塔都市"
"9 世设\艾伯伦\Sharn萨恩万塔都市\雇佣军服务.htm","雇佣军服务.htm",".htm","12397","9 世设\艾伯伦\Sharn萨恩万塔都市"
"9 世设\艾伯伦\Sharn萨恩万塔都市\魔法物品.htm","魔法物品.htm",".htm","31173","9 世设\艾伯伦\Sharn萨恩万塔都市"
"9 世设\艾伯伦\Sharn萨恩万塔都市\龙纹家族.htm","龙纹家族.htm",".htm","30673","9 世设\艾伯伦\Sharn萨恩万塔都市"
"9 世设\艾伯伦\SoS索隆娜的秘辛\三眼灵.htm","三眼灵.htm",".htm","15408","9 世设\艾伯伦\SoS索隆娜的秘辛"
"9 世设\艾伯伦\SoS索隆娜的秘辛\变体职业：灵能刺客.htm","变体职业：灵能刺客.htm",".htm","11433","9 世设\艾伯伦\SoS索隆娜的秘辛"
"9 世设\艾伯伦\SoS索隆娜的秘辛\哈兹塔拉泰.htm","哈兹塔拉泰.htm",".htm","37182","9 世设\艾伯伦\SoS索隆娜的秘辛"
"9 世设\艾伯伦\SoS索隆娜的秘辛\封面.htm","封面.htm",".htm","1503","9 世设\艾伯伦\SoS索隆娜的秘辛"
"9 世设\艾伯伦\SoS索隆娜的秘辛\引言.htm","引言.htm",".htm","9672","9 世设\艾伯伦\SoS索隆娜的秘辛"
"9 世设\艾伯伦\SoS索隆娜的秘辛\念刃灵.htm","念刃灵.htm",".htm","13035","9 世设\艾伯伦\SoS索隆娜的秘辛"
"9 世设\艾伯伦\SoS索隆娜的秘辛\控梦灵.htm","控梦灵.htm",".htm","15082","9 世设\艾伯伦\SoS索隆娜的秘辛"
"9 世设\艾伯伦\SoS索隆娜的秘辛\新专长.htm","新专长.htm",".htm","48162","9 世设\艾伯伦\SoS索隆娜的秘辛"
"9 世设\艾伯伦\SoS索隆娜的秘辛\新异能.htm","新异能.htm",".htm","40449","9 世设\艾伯伦\SoS索隆娜的秘辛"
"9 世设\艾伯伦\SoS索隆娜的秘辛\新法术.htm","新法术.htm",".htm","43631","9 世设\艾伯伦\SoS索隆娜的秘辛"
"9 世设\艾伯伦\SoS索隆娜的秘辛\梦族.htm","梦族.htm",".htm","14897","9 世设\艾伯伦\SoS索隆娜的秘辛"
"9 世设\艾伯伦\SoS索隆娜的秘辛\梦缚生物.htm","梦缚生物.htm",".htm","18286","9 世设\艾伯伦\SoS索隆娜的秘辛"
"9 世设\艾伯伦\SoS索隆娜的秘辛\梦育生物.htm","梦育生物.htm",".htm","25460","9 世设\艾伯伦\SoS索隆娜的秘辛"
"9 世设\艾伯伦\SoS索隆娜的秘辛\梦魇灵.htm","梦魇灵.htm",".htm","19852","9 世设\艾伯伦\SoS索隆娜的秘辛"
"9 世设\艾伯伦\SoS索隆娜的秘辛\概述.htm","概述.htm",".htm","70050","9 世设\艾伯伦\SoS索隆娜的秘辛"
"9 世设\艾伯伦\SoS索隆娜的秘辛\瑞依卓尔.htm","瑞依卓尔.htm",".htm","286264","9 世设\艾伯伦\SoS索隆娜的秘辛"
"9 世设\艾伯伦\SoS索隆娜的秘辛\百变灵.htm","百变灵.htm",".htm","19331","9 世设\艾伯伦\SoS索隆娜的秘辛"
"9 世设\艾伯伦\SoS索隆娜的秘辛\种族.htm","种族.htm",".htm","40772","9 世设\艾伯伦\SoS索隆娜的秘辛"
"9 世设\艾伯伦\SoS索隆娜的秘辛\第三章 索隆娜的珍宝.htm","第三章 索隆娜的珍宝.htm",".htm","97807","9 世设\艾伯伦\SoS索隆娜的秘辛"
"9 世设\艾伯伦\SoS索隆娜的秘辛\第四章 索隆娜的怪物.htm","第四章 索隆娜的怪物.htm",".htm","2712","9 世设\艾伯伦\SoS索隆娜的秘辛"
"9 世设\艾伯伦\SoS索隆娜的秘辛\精华掠夺者.htm","精华掠夺者.htm",".htm","27877","9 世设\艾伯伦\SoS索隆娜的秘辛"
"9 世设\艾伯伦\SoS索隆娜的秘辛\艾达尔.htm","艾达尔.htm",".htm","161668","9 世设\艾伯伦\SoS索隆娜的秘辛"
"9 世设\艾伯伦\SoS索隆娜的秘辛\达·库尔之拳.htm","达·库尔之拳.htm",".htm","28707","9 世设\艾伯伦\SoS索隆娜的秘辛"
"9 世设\艾伯伦\SoS索隆娜的秘辛\锡尔卡.htm","锡尔卡.htm",".htm","73774","9 世设\艾伯伦\SoS索隆娜的秘辛"
"9 世设\艾伯伦\SoX希恩德瑞克的秘辛\封面.htm","封面.htm",".htm","1552","9 世设\艾伯伦\SoX希恩德瑞克的秘辛"
"9 世设\艾伯伦\SoX希恩德瑞克的秘辛\概述.htm","概述.htm",".htm","20095","9 世设\艾伯伦\SoX希恩德瑞克的秘辛"
"9 世设\艾伯伦\SoX希恩德瑞克的秘辛\第一章 欢迎来到希恩德瑞克.htm","第一章 欢迎来到希恩德瑞克.htm",".htm","109117","9 世设\艾伯伦\SoX希恩德瑞克的秘辛"
"9 世设\艾伯伦\SoX希恩德瑞克的秘辛\第三章 新怪物与陷阱.htm","第三章 新怪物与陷阱.htm",".htm","167540","9 世设\艾伯伦\SoX希恩德瑞克的秘辛"
"9 世设\艾伯伦\SoX希恩德瑞克的秘辛\第三章 遭遇 人文与传说.htm","第三章 遭遇 人文与传说.htm",".htm","20429","9 世设\艾伯伦\SoX希恩德瑞克的秘辛"
"9 世设\艾伯伦\SoX希恩德瑞克的秘辛\第三章 遭遇范例与脑洞.htm","第三章 遭遇范例与脑洞.htm",".htm","217048","9 世设\艾伯伦\SoX希恩德瑞克的秘辛"
"9 世设\艾伯伦\SoX希恩德瑞克的秘辛\第二章 冒险地点.htm","第二章 冒险地点.htm",".htm","136005","9 世设\艾伯伦\SoX希恩德瑞克的秘辛"
"9 世设\艾伯伦\SoX希恩德瑞克的秘辛\第五章 揭秘希恩德瑞克.htm","第五章 揭秘希恩德瑞克.htm",".htm","354099","9 世设\艾伯伦\SoX希恩德瑞克的秘辛"
"9 世设\艾伯伦\SoX希恩德瑞克的秘辛\第四章 希恩德瑞克中的冒险.htm","第四章 希恩德瑞克中的冒险.htm",".htm","217601","9 世设\艾伯伦\SoX希恩德瑞克的秘辛"
"9 世设\艾伯伦\Stormreach风暴湾\封面.htm","封面.htm",".htm","1475","9 世设\艾伯伦\Stormreach风暴湾"
"9 世设\艾伯伦\Stormreach风暴湾\引言.htm","引言.htm",".htm","41564","9 世设\艾伯伦\Stormreach风暴湾"
"9 世设\艾伯伦\Stormreach风暴湾\第一章 风暴湾中的生活.htm","第一章 风暴湾中的生活.htm",".htm","226069","9 世设\艾伯伦\Stormreach风暴湾"
"9 世设\艾伯伦\Stormreach风暴湾\第三章 仅限会员.htm","第三章 仅限会员.htm",".htm","262649","9 世设\艾伯伦\Stormreach风暴湾"
"9 世设\艾伯伦\Stormreach风暴湾\第二章 权利与政治.htm","第二章 权利与政治.htm",".htm","237888","9 世设\艾伯伦\Stormreach风暴湾"
"9 世设\艾伯伦\Stormreach风暴湾\第五章 城市冒险.htm","第五章 城市冒险.htm",".htm","180232","9 世设\艾伯伦\Stormreach风暴湾"
"9 世设\艾伯伦\Stormreach风暴湾\第四章 城市之外.htm","第四章 城市之外.htm",".htm","108794","9 世设\艾伯伦\Stormreach风暴湾"
"9 世设\艾伯伦\封面\CoS风暴湾之城.jpg","CoS风暴湾之城.jpg",".jpg","213051","9 世设\艾伯伦\封面"
"9 世设\艾伯伦\封面\DoE艾伯伦的巨龙.jpg","DoE艾伯伦的巨龙.jpg",".jpg","1048286","9 世设\艾伯伦\封面"
"9 世设\艾伯伦\封面\Dragonmarked龙纹之书.jpg","Dragonmarked龙纹之书.jpg",".jpg","582627","9 世设\艾伯伦\封面"
"9 世设\艾伯伦\封面\ECS艾伯伦战役设定集.jpg","ECS艾伯伦战役设定集.jpg",".jpg","233337","9 世设\艾伯伦\封面"
"9 世设\艾伯伦\封面\Explore探险家手册.jpg","Explore探险家手册.jpg",".jpg","279791","9 世设\艾伯伦\封面"
"9 世设\艾伯伦\封面\FN五国.jpg","FN五国.jpg",".jpg","252908","9 世设\艾伯伦\封面"
"9 世设\艾伯伦\封面\FoE艾伯伦的信仰.jpg","FoE艾伯伦的信仰.jpg",".jpg","754156","9 世设\艾伯伦\封面"
"9 世设\艾伯伦\封面\FoW战争熔炉.jpg","FoW战争熔炉.jpg",".jpg","333722","9 世设\艾伯伦\封面"
"9 世设\艾伯伦\封面\MoE艾伯伦的魔法.jpg","MoE艾伯伦的魔法.jpg",".jpg","232503","9 世设\艾伯伦\封面"
"9 世设\艾伯伦\封面\PGtE艾伯伦玩家手册.jpg","PGtE艾伯伦玩家手册.jpg",".jpg","259311","9 世设\艾伯伦\封面"
"9 世设\艾伯伦\封面\RoE艾伯伦的种族.jpg","RoE艾伯伦的种族.jpg",".jpg","299904","9 世设\艾伯伦\封面"
"9 世设\艾伯伦\封面\Sharn夏恩：众塔之城.jpg","Sharn夏恩：众塔之城.jpg",".jpg","233303","9 世设\艾伯伦\封面"
"9 世设\艾伯伦\封面\SoS索隆娜的秘辛.jpg","SoS索隆娜的秘辛.jpg",".jpg","415887","9 世设\艾伯伦\封面"
"9 世设\艾伯伦\封面\SoX希恩德瑞克的秘辛.jpg","SoX希恩德瑞克的秘辛.jpg",".jpg","398899","9 世设\艾伯伦\封面"
"9 世设\艾伯伦\额外内容\冒险仓库.htm","冒险仓库.htm",".htm","11291","9 世设\艾伯伦\额外内容"
"9 世设\艾伯伦\额外内容\萨恩观察.htm","萨恩观察.htm",".htm","87415","9 世设\艾伯伦\额外内容"
"9 世设\艾伯伦\额外内容\边缘英雄.htm","边缘英雄.htm",".htm","7982","9 世设\艾伯伦\额外内容"
"9 世设\艾伯伦\额外内容\放大镜下\位面旅行.htm","位面旅行.htm",".htm","7959","9 世设\艾伯伦\额外内容\放大镜下"
"9 世设\艾伯伦\额外内容\放大镜下\医疗.htm","医疗.htm",".htm","12100","9 世设\艾伯伦\额外内容\放大镜下"
"9 世设\艾伯伦\额外内容\放大镜下\地城探索.htm","地城探索.htm",".htm","8642","9 世设\艾伯伦\额外内容\放大镜下"
"9 世设\艾伯伦\额外内容\放大镜下\地精的崛起.htm","地精的崛起.htm",".htm","8075","9 世设\艾伯伦\额外内容\放大镜下"
"9 世设\艾伯伦\额外内容\放大镜下\种族关系.htm","种族关系.htm",".htm","9578","9 世设\艾伯伦\额外内容\放大镜下"
"9 世设\艾伯伦\额外内容\放大镜下\艾伯伦的神器.htm","艾伯伦的神器.htm",".htm","9478","9 世设\艾伯伦\额外内容\放大镜下"
"9 世设\艾伯伦\额外内容\放大镜下\角色的职业与等级.htm","角色的职业与等级.htm",".htm","11274","9 世设\艾伯伦\额外内容\放大镜下"
"9 世设\艾伯伦\额外内容\放大镜下\诅咒魔法物品.htm","诅咒魔法物品.htm",".htm","10826","9 世设\艾伯伦\额外内容\放大镜下"
"9 世设\艾伯伦\额外内容\艾伯伦扩展\CPsi.HTM","CPsi.HTM",".HTM","17353","9 世设\艾伯伦\额外内容\艾伯伦扩展"
"9 世设\艾伯伦\额外内容\艾伯伦扩展\HOB.HTM","HOB.HTM",".HTM","30776","9 世设\艾伯伦\额外内容\艾伯伦扩展"
"9 世设\艾伯伦\额外内容\艾伯伦扩展\LM.HTM","LM.HTM",".HTM","27915","9 世设\艾伯伦\额外内容\艾伯伦扩展"
"9 世设\艾伯伦\额外内容\艾伯伦扩展\LOM.HTM","LOM.HTM",".HTM","15585","9 世设\艾伯伦\额外内容\艾伯伦扩展"
"9 世设\艾伯伦\额外内容\艾伯伦扩展\PHB2.HTM","PHB2.HTM",".HTM","26496","9 世设\艾伯伦\额外内容\艾伯伦扩展"
"9 世设\艾伯伦\额外内容\艾伯伦扩展\WOL.HTM","WOL.HTM",".HTM","23853","9 世设\艾伯伦\额外内容\艾伯伦扩展"
"9 世设\艾伯伦\额外内容\齿轮奇物\1.护士长套娃 Matryoshka Matron.htm","1.护士长套娃 Matryoshka Matron.htm",".htm","8973","9 世设\艾伯伦\额外内容\齿轮奇物"
"9 世设\艾伯伦\额外内容\齿轮奇物\10.分拣兽 The Sorting Beast.htm","10.分拣兽 The Sorting Beast.htm",".htm","8901","9 世设\艾伯伦\额外内容\齿轮奇物"
"9 世设\艾伯伦\额外内容\齿轮奇物\11.法术时钟 The Spell Clock.htm","11.法术时钟 The Spell Clock.htm",".htm","8578","9 世设\艾伯伦\额外内容\齿轮奇物"
"9 世设\艾伯伦\额外内容\齿轮奇物\12.自动抄写器 The Autoscribe.htm","12.自动抄写器 The Autoscribe.htm",".htm","8746","9 世设\艾伯伦\额外内容\齿轮奇物"
"9 世设\艾伯伦\额外内容\齿轮奇物\13.移动塔 The Moving Tower.htm","13.移动塔 The Moving Tower.htm",".htm","12374","9 世设\艾伯伦\额外内容\齿轮奇物"
"9 世设\艾伯伦\额外内容\齿轮奇物\2.蜘蛛窃贼The Spider Thief.htm","2.蜘蛛窃贼The Spider Thief.htm",".htm","14229","9 世设\艾伯伦\额外内容\齿轮奇物"
"9 世设\艾伯伦\额外内容\齿轮奇物\3.爬行护盾The Crawling Shield.htm","3.爬行护盾The Crawling Shield.htm",".htm","8813","9 世设\艾伯伦\额外内容\齿轮奇物"
"9 世设\艾伯伦\额外内容\齿轮奇物\4.万能钥匙.htm","4.万能钥匙.htm",".htm","14302","9 世设\艾伯伦\额外内容\齿轮奇物"
"9 世设\艾伯伦\额外内容\齿轮奇物\5.塞尔滑行靴Cyran Gliding Boots.htm","5.塞尔滑行靴Cyran Gliding Boots.htm",".htm","9353","9 世设\艾伯伦\额外内容\齿轮奇物"
"9 世设\艾伯伦\额外内容\齿轮奇物\6.刀盘梦魇 The Razordisc Nightmare.htm","6.刀盘梦魇 The Razordisc Nightmare.htm",".htm","10015","9 世设\艾伯伦\额外内容\齿轮奇物"
"9 世设\艾伯伦\额外内容\齿轮奇物\7.黄铜书 The Brass Book.htm","7.黄铜书 The Brass Book.htm",".htm","8706","9 世设\艾伯伦\额外内容\齿轮奇物"
"9 世设\艾伯伦\额外内容\齿轮奇物\8.法咒夜莺 The Spellsong Nightingale.htm","8.法咒夜莺 The Spellsong Nightingale.htm",".htm","13691","9 世设\艾伯伦\额外内容\齿轮奇物"
"9 世设\艾伯伦\额外内容\齿轮奇物\9.希恩德瑞克飞艇 The Xen drik Flying Boat.htm","9.希恩德瑞克飞艇 The Xen drik Flying Boat.htm",".htm","9640","9 世设\艾伯伦\额外内容\齿轮奇物"
"9 世设\艾伯伦\额外内容\龙杂志\330希恩德瑞克的影精灵.htm","330希恩德瑞克的影精灵.htm",".htm","23479","9 世设\艾伯伦\额外内容\龙杂志"
"9 世设\艾伯伦\额外内容\龙杂志\337永恒之恶：砂主.htm","337永恒之恶：砂主.htm",".htm","54021","9 世设\艾伯伦\额外内容\龙杂志"
"9 世设\艾伯伦\额外内容\龙杂志\351龙纹：艾伯伦的术士.htm","351龙纹：艾伯伦的术士.htm",".htm","22531","9 世设\艾伯伦\额外内容\龙杂志"
"9 世设\艾伯伦\额外内容\龙杂志\357，p76 艾伯伦专栏——咒语主宰spell sovereign.htm","357，p76 艾伯伦专栏——咒语主宰spell sovereign.htm",".htm","23363","9 世设\艾伯伦\额外内容\龙杂志"
"9 世设\艾伯伦\额外内容\龙杂志\地城122风暴之环.htm","地城122风暴之环.htm",".htm","38735","9 世设\艾伯伦\额外内容\龙杂志"
